{"type":"FeatureCollection","_source":"WA DMIRS via SLIP public API","_holders":["BHP NICKEL WEST PTY LTD","BHP MINERALS PTY LTD","BHP IRON ORE (JIMBLEBAR) PTY LTD"],"_ticker":"BHP.AX","features":[{"type":"Feature","geometry":{"type":"Polygon","coordinates":[[[120.80000000047076,-27.750000000202682],[120.78333333304882,-27.75000000027549],[120.76666666660844,-27.750000000331617],[120.76666666737952,-27.766666666539646],[120.76666666734766,-27.783333332759025],[120.78333333308322,-27.78333333259929],[120.79999999982822,-27.783333333070157],[120.79999999999016,-27.766666666985756],[120.80000000047076,-27.750000000202682]],[[120.78300037701007,-27.76944630443305],[120.78924126787157,-27.762179346121837],[120.79884487201004,-27.768782047125452],[120.79270909957084,-27.77596864715113],[120.78300037701007,-27.76944630443305]]]},"properties":{"fmt_tenid":"E 36/965","type":"EXPLORATION LICENCE","tenstatus":"LIVE","holder1":"BHP NICKEL WEST PTY LTD","holder2":" ","legal_area":4,"unit_of_me":"BL.","_colour":"#a0c4f0","_label":"Exploration Licence"}},{"type":"Feature","geometry":{"type":"Polygon","coordinates":[[[120.26355493020365,-20.534291279800062],[120.26355483003951,-20.565336809509994],[120.24232214015547,-20.554981699586897],[120.24029026009147,-20.553717149548863],[120.2385867300425,-20.552077939962903],[120.23505488991628,-20.54786694046763],[120.23428744987875,-20.546842349842855],[120.23366107984556,-20.5457781698621],[120.23160445572415,-20.544152218860127],[120.21028860666904,-20.56893619715569],[120.21094176764542,-20.570143367468845],[120.21089498357925,-20.572672018818178],[120.20868608460583,-20.570799030814076],[120.20108115539246,-20.57963849350158],[120.21953333203506,-20.678155215347164],[120.25855901789197,-20.678154637778224],[120.25855870473255,-20.6917032616266],[120.31711108427203,-20.691702485206108],[120.31711093959612,-20.672331804280308],[120.31711229801805,-20.65092061310306],[120.31666667504904,-20.650918087268316],[120.31666675977331,-20.672516958505472],[120.29677131301352,-20.680831288849973],[120.29224204895014,-20.67308845531127],[120.29264840004944,-20.650780331806374],[120.28023344024712,-20.65061971382051],[120.27001051527462,-20.650515808896404],[120.26082127902738,-20.654969113387303],[120.2608473848317,-20.622090461861298],[120.28013808011737,-20.621988816071074],[120.29316208512394,-20.62210510265641],[120.29316283067445,-20.61487771324885],[120.29316419032192,-20.600349839930004],[120.29316462691655,-20.595811225878364],[120.31280563300126,-20.59584189156349],[120.31280412747907,-20.580550124020487],[120.3128036397188,-20.575573187622286],[120.3157029669195,-20.57557370975361],[120.31569857948323,-20.566396487998997],[120.31569834138675,-20.534288344754714],[120.26355493020365,-20.534291279800062]],[[120.26947647745982,-20.60807296335904],[120.27708701458127,-20.60531684410293],[120.28248513074317,-20.60404631171851],[120.28436056016702,-20.604448191248657],[120.28040723199078,-20.60921956777195],[120.27924358546547,-20.610016738817865],[120.28122397626566,-20.614621350415582],[120.27760669595945,-20.614921676955525],[120.26759756920869,-20.610801150672028],[120.26947647745982,-20.60807296335904]]]},"properties":{"fmt_tenid":"E 45/1072-I","type":"EXPLORATION LICENCE","tenstatus":"LIVE","holder1":"BHP MINERALS PTY LTD","holder2":"ITOCHU MINERALS & ENERGY OF AUSTRALIA PTY LTD","legal_area":137.2158,"unit_of_me":"KM2","_colour":"#a0c4f0","_label":"Exploration Licence"}},{"type":"Feature","geometry":{"type":"Polygon","coordinates":[[[119.0044591262944,-22.236036463277873],[119.08327518843237,-22.251675414074484],[119.08627312181511,-22.252269731110704],[119.10308684912938,-22.255600245077083],[119.11693301460195,-22.258341581943064],[119.13671516123779,-22.26225549426599],[119.14759777894146,-22.264407899537257],[119.18149507017446,-22.271105719872992],[119.2157592898007,-22.277868644625602],[119.25191602451223,-22.284995928879287],[119.25299035188884,-22.26591284183154],[119.25445878466007,-22.239833528955188],[118.99641799214854,-22.188762920860686],[119.0044591262944,-22.236036463277873]]]},"properties":{"fmt_tenid":"E 45/1073-I","type":"EXPLORATION LICENCE","tenstatus":"LIVE","holder1":"BHP IRON ORE (JIMBLEBAR) PTY LTD","holder2":" ","legal_area":131.6,"unit_of_me":"KM2","_colour":"#a0c4f0","_label":"Exploration Licence"}},{"type":"Feature","geometry":{"type":"Polygon","coordinates":[[[118.74628732362797,-22.14996556747168],[118.74757757046963,-22.163708060077784],[118.74906604021143,-22.179552599971043],[118.7506392397921,-22.196297050341443],[118.77273322046362,-22.200312979577173],[118.79424942011569,-22.204220779871704],[118.81339687037848,-22.207695749992777],[118.83249323976125,-22.211159010036013],[118.85236729999654,-22.214760710088996],[118.8703259895172,-22.218012999714794],[118.88973139029288,-22.221524519877356],[118.90848298013992,-22.22491612973963],[118.92640115972966,-22.228154300276433],[118.94482673023035,-22.2314820701708],[118.94797767597997,-22.232050185543255],[118.96592233480318,-22.235288570263133],[118.98566709106149,-22.238849341297573],[119.00554740907147,-22.242431961575353],[118.99755629968833,-22.195456969817407],[118.97951403798716,-22.192204372231778],[118.96156857788466,-22.188967089262633],[118.9436239470754,-22.185727835989002],[118.92568013425749,-22.182486607434043],[118.90773713913264,-22.179243390775255],[118.88979497628355,-22.175998209794404],[118.87185362865709,-22.172751037682406],[118.85391310768605,-22.169501896563418],[118.8359734112626,-22.166250777738085],[118.81803454630726,-22.162997678660744],[118.80009649967538,-22.159742620401147],[118.7821592805451,-22.156485578557906],[118.76422289408468,-22.153226555411262],[118.74628732362797,-22.14996556747168]]]},"properties":{"fmt_tenid":"E 45/1074-I","type":"EXPLORATION LICENCE","tenstatus":"LIVE","holder1":"BHP IRON ORE (JIMBLEBAR) PTY LTD","holder2":" ","legal_area":132.7,"unit_of_me":"KM2","_colour":"#a0c4f0","_label":"Exploration Licence"}},{"type":"Feature","geometry":{"type":"Polygon","coordinates":[[[120.00320858084221,-23.300000138882627],[119.99999999966722,-23.299999999651497],[119.98333333323492,-23.300000000149797],[119.98333333325695,-23.283333333316005],[119.96666666689116,-23.28333333305861],[119.95000000028581,-23.283333332569196],[119.93333333341515,-23.283333332893775],[119.9166666668428,-23.283333332634918],[119.89999999980937,-23.283333332820142],[119.89999999287622,-23.296706017865155],[119.92455213241077,-23.29670353915909],[119.92455322097912,-23.303951875772622],[120.00323900199224,-23.303948842774727],[120.00320858084221,-23.300000138882627]]]},"properties":{"fmt_tenid":"E 46/1466","type":"EXPLORATION LICENCE","tenstatus":"LIVE","holder1":"BHP MINERALS PTY LTD","holder2":" ","legal_area":11,"unit_of_me":"BL.","_colour":"#a0c4f0","_label":"Exploration Licence"}},{"type":"Feature","geometry":{"type":"Polygon","coordinates":[[[118.98333333279825,-22.64999999984554],[118.98333333339589,-22.633333333303074],[118.96666666688701,-22.633333333371535],[118.94999999993865,-22.633333332994617],[118.9333333334501,-22.633333332870905],[118.9166666666204,-22.633333332518824],[118.91666666652478,-22.61666666746553],[118.93333333326481,-22.616666667197247],[118.94999999995319,-22.616666667298762],[118.94999999972411,-22.60000000039486],[118.93333333308749,-22.60000000033741],[118.93333333256865,-22.583333332699205],[118.9166666674893,-22.583333332749795],[118.90000000041607,-22.583333333066715],[118.89999999987609,-22.566666667438433],[118.88333333331597,-22.566666667323613],[118.86666666712708,-22.56666666654537],[118.85000000022416,-22.566666666563634],[118.8500000002118,-22.549999999628557],[118.83333333285562,-22.550000000393],[118.83333333306749,-22.566666667250725],[118.83333333301879,-22.58333333320975],[118.83333333257173,-22.600000000344643],[118.81666666724763,-22.59999999969233],[118.81666666738361,-22.583333333026786],[118.800000000081,-22.583333333407516],[118.80000000045746,-22.566666666790052],[118.80000000007533,-22.55000000040992],[118.79913789494145,-22.55000000919989],[118.79864284023157,-22.5510747404406],[118.79616004193323,-22.55000000447436],[118.78333333294945,-22.550000000344838],[118.78333333291323,-22.56666666659951],[118.76666666668201,-22.566666666685848],[118.76666666720423,-22.58333333291099],[118.7666666667357,-22.599999999534766],[118.76666666653723,-22.61666666674688],[118.7500000000994,-22.6166666667307],[118.73333333305654,-22.616666667321052],[118.73333333348229,-22.63333333256144],[118.7166666671579,-22.63333333319803],[118.71666666665409,-22.65000000001367],[118.71666666652784,-22.666666666977214],[118.71666666740076,-22.68333333316311],[118.71666666744328,-22.700000000487382],[118.73333333266034,-22.70000000020217],[118.73333333258158,-22.683333332647187],[118.74999999997104,-22.68333333266102],[118.74999999958308,-22.66666666720975],[118.76666666703123,-22.666666667018664],[118.7666666669563,-22.650000000469372],[118.78333333272394,-22.649999999834794],[118.78333333320978,-22.633333333344993],[118.79999999992488,-22.63333333306173],[118.81666666738445,-22.63333333256945],[118.81970366900005,-22.633333343740198],[118.8298378503631,-22.62501129002445],[118.84870242992997,-22.609515780171645],[118.8668329701089,-22.59461830968434],[118.87720339043007,-22.611992789531055],[118.89090869008827,-22.6349460901337],[118.90125947046846,-22.652275069796254],[118.89252758033324,-22.6765005402845],[118.88769743038374,-22.689897749710127],[118.9333333332372,-22.703658735709144],[118.93333333311367,-22.700000000091748],[118.94999999964325,-22.699999999679676],[118.95000000044686,-22.68333333266084],[118.96666666718521,-22.683333333046157],[118.96666666705836,-22.666666666825208],[118.98333333299253,-22.666666667265787],[118.98333333279825,-22.64999999984554]]]},"properties":{"fmt_tenid":"E 47/1222-I","type":"EXPLORATION LICENCE","tenstatus":"LIVE","holder1":"BHP MINERALS PTY LTD","holder2":"ITOCHU MINERALS & ENERGY OF AUSTRALIA PTY LTD","legal_area":70,"unit_of_me":"BL.","_colour":"#a0c4f0","_label":"Exploration Licence"}},{"type":"Feature","geometry":{"type":"MultiPolygon","coordinates":[[[[119.08588532389246,-22.650000000092593],[119.09110080419244,-22.659398301105202],[119.09206373120085,-22.661133335634933],[119.09428624204517,-22.66513774635737],[119.10017892044475,-22.680709347178645],[119.10245563983769,-22.686850541713063],[119.10337232047881,-22.69049048820563],[119.1034777207524,-22.694250328900914],[119.10291453116395,-22.69716123500911],[119.10276594132517,-22.69792957077558],[119.10206214291128,-22.700205839857666],[119.1016505831728,-22.703080416168284],[119.10965415981359,-22.705690511960473],[119.11194655509873,-22.706437995821638],[119.11073201373156,-22.709643222888495],[119.10817127823123,-22.71640060754145],[119.1090325178478,-22.716666667208827],[119.11666666716978,-22.716666667184036],[119.11666666669362,-22.699999999537862],[119.13333333300865,-22.69999999990805],[119.1333333326926,-22.683333332780155],[119.14999999957318,-22.683333332706898],[119.14999999987307,-22.666666666706586],[119.13333333278649,-22.66666666718587],[119.11666666668323,-22.666666667335676],[119.11666666749827,-22.650000000222427],[119.10000000003333,-22.64999999952036],[119.08588532389246,-22.650000000092593]]],[[[119.08333333347049,-22.708718954892436],[119.09108744668066,-22.711118083919217],[119.09495927383625,-22.70089787935359],[119.09953110238108,-22.702388891360506],[119.09963516523455,-22.702325637458515],[119.09970939836398,-22.702447363513745],[119.10016198731918,-22.702594959901894],[119.10019091823806,-22.70254847793187],[119.10110800217838,-22.700017268006903],[119.1018156095672,-22.697723973908356],[119.10192431771702,-22.697161244073527],[119.10250005020124,-22.694180372962105],[119.10239902619033,-22.69060469625163],[119.10151501472504,-22.687099263776506],[119.09925295139521,-22.681004467251974],[119.093377204569,-22.66549468116068],[119.09169181693245,-22.662460974809893],[119.08476994686792,-22.64999999955966],[119.08344442621555,-22.65000001292628],[119.0833179031903,-22.666673498241835],[119.08333382895519,-22.683333332818794],[119.08333388305853,-22.68339027679129],[119.08331926306619,-22.69999559898123],[119.08331926706786,-22.69999999998372],[119.08333333307061,-22.699999999991867],[119.08333333347049,-22.708718954892436]]]]},"properties":{"fmt_tenid":"E 47/1239-I","type":"EXPLORATION LICENCE","tenstatus":"LIVE","holder1":"BHP MINERALS PTY LTD","holder2":" ","legal_area":11,"unit_of_me":"BL.","_colour":"#a0c4f0","_label":"Exploration Licence"}},{"type":"Feature","geometry":{"type":"Polygon","coordinates":[[[118.76838619992363,-23.03583751242917],[118.76838620041285,-23.10680693683072],[118.92540212142113,-23.106806937152985],[118.9254021210846,-23.035818262675484],[118.9230334797268,-23.03582138041942],[118.82611305033807,-23.03591841958354],[118.78671322989827,-23.03582908035798],[118.76838619992363,-23.03583751242917]],[[118.81005760993996,-23.057092879881598],[118.81922385091109,-23.053995383855455],[118.82089777142156,-23.05823620396179],[118.82257181098811,-23.062477014703802],[118.8134043751315,-23.065574925773298],[118.8117309350513,-23.061333904824682],[118.81005760993996,-23.057092879881598]]]},"properties":{"fmt_tenid":"E 47/13-I","type":"EXPLORATION LICENCE","tenstatus":"LIVE","holder1":"BHP MINERALS PTY LTD","holder2":"ITOCHU MINERALS & ENERGY OF AUSTRALIA PTY LTD","legal_area":128.5,"unit_of_me":"KM2","_colour":"#a0c4f0","_label":"Exploration Licence"}},{"type":"Feature","geometry":{"type":"Polygon","coordinates":[[[118.76838620041285,-23.10680693683072],[118.76838619992363,-23.035837506429175],[118.61839702010616,-23.035826729945686],[118.61838821243289,-23.034147040078512],[118.61128765900953,-23.034147040312327],[118.61128765905782,-23.106806936654696],[118.76838620041285,-23.10680693683072]]]},"properties":{"fmt_tenid":"E 47/14-I","type":"EXPLORATION LICENCE","tenstatus":"LIVE","holder1":"BHP MINERALS PTY LTD","holder2":"ITOCHU MINERALS & ENERGY OF AUSTRALIA PTY LTD","legal_area":129.5,"unit_of_me":"KM2","_colour":"#a0c4f0","_label":"Exploration Licence"}},{"type":"Feature","geometry":{"type":"Polygon","coordinates":[[[118.68333333253739,-23.10000000014234],[118.68333333344316,-23.116666666758636],[118.69999999954842,-23.1166666674481],[118.71666666722057,-23.116666666533142],[118.73333333270227,-23.11666666680744],[118.74997488140457,-23.11666666739575],[118.74776267993809,-23.11093558044864],[118.78152531799732,-23.109767605978906],[118.78145241959254,-23.112277019262276],[118.82354022029082,-23.112387959989235],[118.82354056957209,-23.118486169764765],[118.82354098996265,-23.12543357963093],[118.82362451025632,-23.1295670302852],[118.8166666666891,-23.129630073337925],[118.81666666720315,-23.133333333164853],[118.83386826317015,-23.13333330420989],[118.84999999967356,-23.1333333325909],[118.86666666703967,-23.133333333239428],[118.8833333334329,-23.13333333326422],[118.89999999998443,-23.133333332825163],[118.91666666678299,-23.133333332507103],[118.93333333335079,-23.133333333028443],[118.93333333306978,-23.116666667438043],[118.93333333258022,-23.110889259454584],[118.928760889502,-23.110887940092482],[118.92876056021643,-23.07395758029433],[118.93333333341712,-23.07394024512964],[118.93333333280088,-23.066666666808494],[118.95000000010516,-23.06666666693242],[118.9666666669324,-23.066666666581025],[118.98333333265843,-23.06666666690947],[119.00000000039584,-23.06666666669505],[119.01666666689636,-23.066666667036323],[119.01666666654594,-23.04999999980732],[119.01666666650746,-23.03333333272949],[119.01666666544229,-23.019043609679986],[118.98333333206858,-23.019040462504513],[118.98333333282162,-23.033333333063087],[118.96666666655635,-23.033333332626],[118.95000000045488,-23.03333333297823],[118.933333333422,-23.0333333332612],[118.92302826660713,-23.033333346695677],[118.9230334797268,-23.03582138041942],[118.91666666458882,-23.035829576974848],[118.91666666660541,-23.050000000455643],[118.91666666712453,-23.06666666712248],[118.91666666670557,-23.083333333228406],[118.91666666661327,-23.10000000003663],[118.89999999950302,-23.0999999999811],[118.88333333291301,-23.1000000004054],[118.86666666746065,-23.100000000135765],[118.85000000011179,-23.09999999956046],[118.83333333314154,-23.099999999834978],[118.81666666723214,-23.09999999993749],[118.79999999976144,-23.100000000104558],[118.78333333287274,-23.09999999980631],[118.76666666708485,-23.1000000001554],[118.75000000017675,-23.099999999972315],[118.73333333250696,-23.09999999976406],[118.71666666672799,-23.099999999952875],[118.70000000000641,-23.100000000069173],[118.68333333253739,-23.10000000014234]],[[118.83706038066323,-23.118410819567064],[118.88333308676134,-23.117591545974943],[118.92825584282649,-23.116852635891437],[118.9291967517737,-23.13024550041437],[118.8804283550434,-23.130267062463506],[118.83741060904197,-23.130708263965968],[118.83706038066323,-23.118410819567064]]]},"properties":{"fmt_tenid":"E 47/1540-I","type":"EXPLORATION LICENCE","tenstatus":"LIVE","holder1":"BHP MINERALS PTY LTD","holder2":"ITOCHU MINERALS & ENERGY OF AUSTRALIA PTY LTD","legal_area":38,"unit_of_me":"BL.","_colour":"#a0c4f0","_label":"Exploration Licence"}},{"type":"Feature","geometry":{"type":"Polygon","coordinates":[[[119.69999999972016,-22.88333333257066],[119.69999999968005,-22.866666667356352],[119.70000000035391,-22.849999999851768],[119.7000000001199,-22.83333333276572],[119.68333333274214,-22.833333332529772],[119.68333333256132,-22.816666666850555],[119.66666666718083,-22.816666666614093],[119.64999999999417,-22.816666666910592],[119.6333333331035,-22.81666666710448],[119.61666666661728,-22.81666666711555],[119.59999999999299,-22.816666666598053],[119.5833333331518,-22.81666666736405],[119.56666666703818,-22.816666667274767],[119.54999999961201,-22.81666666686372],[119.53333333318874,-22.816666666901675],[119.51666666704968,-22.816666667195573],[119.5000000001772,-22.816666667364284],[119.50000000013249,-22.83333333304272],[119.51666666708314,-22.833333332930284],[119.51666666671018,-22.849999999804773],[119.53333333290065,-22.8500000002622],[119.5499999997301,-22.850000000155276],[119.56666666699856,-22.849999999904643],[119.5666666666769,-22.866666667147207],[119.58333333251345,-22.86666666749194],[119.59999999975567,-22.866666666764587],[119.61666666700438,-22.866666666876096],[119.61666666725164,-22.88333333261146],[119.63333333331886,-22.8833333332851],[119.65000000023433,-22.883333333247247],[119.66666666696906,-22.88333333251426],[119.68333333327415,-22.883333333229025],[119.69999999972016,-22.88333333257066]]]},"properties":{"fmt_tenid":"E 47/1587-I","type":"EXPLORATION LICENCE","tenstatus":"LIVE","holder1":"BHP MINERALS PTY LTD","holder2":" ","legal_area":35,"unit_of_me":"BL.","_colour":"#a0c4f0","_label":"Exploration Licence"}},{"type":"Feature","geometry":{"type":"Polygon","coordinates":[[[118.57833565889348,-23.034129941140407],[118.57833682224668,-23.098677476463273],[118.57833692177171,-23.10680693741977],[118.61128765905782,-23.106806936654696],[118.61128765900953,-23.034147040312327],[118.57833565889348,-23.034129941140407]]]},"properties":{"fmt_tenid":"E 47/15-I","type":"EXPLORATION LICENCE","tenstatus":"LIVE","holder1":"BHP MINERALS PTY LTD","holder2":"ITOCHU MINERALS & ENERGY OF AUSTRALIA PTY LTD","legal_area":27.17261,"unit_of_me":"KM2","_colour":"#a0c4f0","_label":"Exploration Licence"}},{"type":"Feature","geometry":{"type":"Polygon","coordinates":[[[117.12529361044865,-22.95322356057064],[117.19061766469532,-22.96666667178396],[117.20000000034766,-22.966666667108367],[117.19999999991167,-22.950000000481275],[117.23333333299294,-22.950000000233818],[117.23333333279889,-22.91666666710771],[117.2333331429498,-22.90101328052476],[117.2220332143495,-22.898685938830926],[117.20134373857991,-22.89868552031576],[117.2013436208354,-22.89442468075269],[117.14227275223361,-22.882258383417216],[117.13802790022811,-22.90000000281211],[117.13404021870535,-22.916666666596008],[117.13333333230922,-22.919621134347693],[117.12529361044865,-22.95322356057064]]]},"properties":{"fmt_tenid":"E 47/16-I","type":"EXPLORATION LICENCE","tenstatus":"LIVE","holder1":"BHP MINERALS PTY LTD","holder2":"ITOCHU MINERALS & ENERGY OF AUSTRALIA PTY LTD","legal_area":75.145,"unit_of_me":"KM2","_colour":"#a0c4f0","_label":"Exploration Licence"}},{"type":"Feature","geometry":{"type":"Polygon","coordinates":[[[118.68333333290639,-22.783333332654756],[118.70000000027706,-22.783333333300245],[118.71666666691526,-22.783333332703833],[118.71666666709594,-22.766666667112634],[118.7166666674546,-22.749999999750486],[118.71666666689798,-22.733333333154174],[118.71666666730532,-22.71666666705606],[118.69999999994313,-22.7166666671664],[118.6833333328224,-22.716666667441828],[118.6666666672385,-22.716666666970536],[118.64999999997076,-22.7166666674069],[118.649999999574,-22.733333332812446],[118.63333333290394,-22.733333332637258],[118.63333333296208,-22.74999999960993],[118.61666666785567,-22.750000000085016],[118.61666666841646,-22.766666666675594],[118.61666666822339,-22.783333332708448],[118.60000000022058,-22.783333332734664],[118.60000000035477,-22.800000000039276],[118.5999999996382,-22.816666666608846],[118.61666666777543,-22.816666667121655],[118.63333333284545,-22.81666666662956],[118.64999999990486,-22.816666666630297],[118.66666666700024,-22.816666667045094],[118.68333333290899,-22.8166666667842],[118.70000000022269,-22.816666666736587],[118.69999999976497,-22.800000000040107],[118.68333333318857,-22.799999999959695],[118.68333333290639,-22.783333332654756]]]},"properties":{"fmt_tenid":"E 47/3238-I","type":"EXPLORATION LICENCE","tenstatus":"LIVE","holder1":"BHP MINERALS PTY LTD","holder2":" ","legal_area":32,"unit_of_me":"BL.","_colour":"#a0c4f0","_label":"Exploration Licence"}},{"type":"Feature","geometry":{"type":"Polygon","coordinates":[[[118.75000000005731,-22.766666666684753],[118.73333333280382,-22.766666666829458],[118.71666666709594,-22.766666667112634],[118.71666666691526,-22.783333332703833],[118.71666666667588,-22.79999999986264],[118.7333333332769,-22.80000000033946],[118.75000000007009,-22.800000000442296],[118.75000000046987,-22.81666666666113],[118.7666666667057,-22.816666666562142],[118.76666666725113,-22.799999999842342],[118.7666666668071,-22.783333332875806],[118.74999999998569,-22.783333332906764],[118.75000000005731,-22.766666666684753]]]},"properties":{"fmt_tenid":"E 47/3275-I","type":"EXPLORATION LICENCE","tenstatus":"LIVE","holder1":"BHP MINERALS PTY LTD","holder2":" ","legal_area":6,"unit_of_me":"BL.","_colour":"#a0c4f0","_label":"Exploration Licence"}},{"type":"Feature","geometry":{"type":"Polygon","coordinates":[[[119.1833333345662,-22.644695750380098],[119.18333333495272,-22.650000004018494],[119.19095567092468,-22.650000004345472],[119.1833333345662,-22.644695750380098]]]},"properties":{"fmt_tenid":"E 47/4245","type":"EXPLORATION LICENCE","tenstatus":"LIVE","holder1":"BHP MINERALS PTY LTD","holder2":"ITOCHU MINERALS & ENERGY OF AUSTRALIA PTY LTD","legal_area":1,"unit_of_me":"BL.","_colour":"#a0c4f0","_label":"Exploration Licence"}},{"type":"Feature","geometry":{"type":"Polygon","coordinates":[[[119.6333333331035,-22.81666666710448],[119.64999999999417,-22.816666666910592],[119.66666666718083,-22.816666666614093],[119.68333333156136,-22.816666666850555],[119.70000000003868,-22.816666666698247],[119.7000000001759,-22.799999999827772],[119.69999999955402,-22.783333332775346],[119.68333333248812,-22.78333333298265],[119.66666666746816,-22.7833333328434],[119.64999999958806,-22.78333333329079],[119.65000000014594,-22.800000000328392],[119.63333333326025,-22.799999999842083],[119.6166666667817,-22.799999999739192],[119.61666666661728,-22.81666666711555],[119.6333333331035,-22.81666666710448]]]},"properties":{"fmt_tenid":"E 47/5178","type":"EXPLORATION LICENCE","tenstatus":"LIVE","holder1":"BHP MINERALS PTY LTD","holder2":"ITOCHU MINERALS & ENERGY OF AUSTRALIA PTY LTD","legal_area":8,"unit_of_me":"BL.","_colour":"#a0c4f0","_label":"Exploration Licence"}},{"type":"Feature","geometry":{"type":"Polygon","coordinates":[[[118.98468058574521,-22.894920939024278],[119.06106356255377,-22.886232412362993],[119.07307540982016,-22.884866070469165],[119.07307596994643,-22.888926519720414],[119.08468016233182,-22.888926729217832],[119.0846800879618,-22.88200558718339],[119.06801344537895,-22.882005664186813],[119.05134680156996,-22.88200574046181],[119.03468023157515,-22.882005945896054],[119.01801366239708,-22.88200615098425],[119.00134709112774,-22.882006356981638],[118.98468048428595,-22.882006498370046],[118.98468058574521,-22.894920939024278]]]},"properties":{"fmt_tenid":"E 47/628-I","type":"EXPLORATION LICENCE","tenstatus":"LIVE","holder1":"BHP IRON ORE (JIMBLEBAR) PTY LTD","holder2":" ","legal_area":6,"unit_of_me":"BL.","_colour":"#a0c4f0","_label":"Exploration Licence"}},{"type":"Feature","geometry":{"type":"Polygon","coordinates":[[[119.6833333317401,-23.340440242085357],[119.69203236654015,-23.340440161636717],[119.72004580666238,-23.340435910125866],[119.72004713181988,-23.320914427143737],[119.72004727287992,-23.318836158270063],[119.72004779076013,-23.31120445575143],[119.7000000001272,-23.311206485286444],[119.70000000007164,-23.31666666721279],[119.68333333347522,-23.316666666828816],[119.68333333271292,-23.333333332742274],[119.6833333317401,-23.340440242085357]],[[119.69553082425952,-23.317718214880987],[119.70005251486032,-23.31887408398842],[119.69931249473373,-23.321461820934424],[119.6988187713027,-23.323188233552447],[119.69599232984734,-23.322470502409942],[119.69425656358082,-23.322029697334788],[119.69451393631967,-23.32115889204662],[119.69553082425952,-23.317718214880987]]]},"properties":{"fmt_tenid":"E 52/2009-I","type":"EXPLORATION LICENCE","tenstatus":"LIVE","holder1":"BHP MINERALS PTY LTD","holder2":"ITOCHU MINERALS & ENERGY OF AUSTRALIA PTY LTD","legal_area":8,"unit_of_me":"BL.","_colour":"#a0c4f0","_label":"Exploration Licence"}},{"type":"Feature","geometry":{"type":"Polygon","coordinates":[[[119.21970947998105,-23.445602040860248],[119.21970948011466,-23.49887486119183],[119.25486855556156,-23.498874861192913],[119.25486874575078,-23.47359112290869],[119.25976277418414,-23.473591122881192],[119.25976277426658,-23.445600396626155],[119.21970947998105,-23.445602040860248]]]},"properties":{"fmt_tenid":"E 52/21-I","type":"EXPLORATION LICENCE","tenstatus":"LIVE","holder1":"BHP IRON ORE (JIMBLEBAR) PTY LTD","holder2":" ","legal_area":22.2,"unit_of_me":"KM2","_colour":"#a0c4f0","_label":"Exploration Licence"}},{"type":"Feature","geometry":{"type":"Polygon","coordinates":[[[119.23459201736888,-23.445601430434582],[119.25976277426658,-23.445600396626155],[119.28423039981335,-23.44559433605235],[119.28422746039354,-23.426133847704126],[119.2842274454974,-23.42573564976089],[119.28422711286123,-23.416666667054294],[119.28422650408478,-23.400000000276943],[119.28422612562973,-23.395568826243355],[119.28422577235635,-23.39142650879911],[119.25000000007108,-23.391426508763004],[119.23525622916337,-23.391426612593502],[119.23459201658858,-23.391426508714208],[119.23459201736888,-23.445601430434582]]]},"properties":{"fmt_tenid":"E 52/23-I","type":"EXPLORATION LICENCE","tenstatus":"LIVE","holder1":"BHP IRON ORE (JIMBLEBAR) PTY LTD","holder2":" ","legal_area":30,"unit_of_me":"KM2","_colour":"#a0c4f0","_label":"Exploration Licence"}},{"type":"Feature","geometry":{"type":"Polygon","coordinates":[[[119.98333333301453,-23.38333333257126],[119.98333333294327,-23.400000000355487],[119.99999999961949,-23.399999999833376],[119.9999999999102,-23.383333333051965],[120.01666666673687,-23.383333332855493],[120.01666666663091,-23.366666666822223],[120.00000000004393,-23.366666666930648],[119.98333333339919,-23.36666666726213],[119.98333333301453,-23.38333333257126]]]},"properties":{"fmt_tenid":"E 52/2591-I","type":"EXPLORATION LICENCE","tenstatus":"LIVE","holder1":"BHP IRON ORE (JIMBLEBAR) PTY LTD","holder2":" ","legal_area":3,"unit_of_me":"BL.","_colour":"#a0c4f0","_label":"Exploration Licence"}},{"type":"Feature","geometry":{"type":"Polygon","coordinates":[[[119.56802292981982,-23.431997326048773],[119.58333333324873,-23.431997808292586],[119.58333333294317,-23.42212421874961],[119.56802266089568,-23.422064902242084],[119.56802292981982,-23.431997326048773]]]},"properties":{"fmt_tenid":"E 52/3360-I","type":"EXPLORATION LICENCE","tenstatus":"LIVE","holder1":"BHP MINERALS PTY LTD","holder2":" ","legal_area":1,"unit_of_me":"BL.","_colour":"#a0c4f0","_label":"Exploration Licence"}},{"type":"Feature","geometry":{"type":"Polygon","coordinates":[[[119.66666666698067,-23.449999999959157],[119.6833333328607,-23.450000000449794],[119.68333333298507,-23.433333332973884],[119.70000000042616,-23.4333333331706],[119.7000000002099,-23.416666666757973],[119.68333333346283,-23.416666666964073],[119.6666666666654,-23.41666666661902],[119.65000000007663,-23.416666666717074],[119.64999999959059,-23.4333333328033],[119.65000000038191,-23.45000000046925],[119.66666666698067,-23.449999999959157]]]},"properties":{"fmt_tenid":"E 52/3361-I","type":"EXPLORATION LICENCE","tenstatus":"LIVE","holder1":"BHP MINERALS PTY LTD","holder2":" ","legal_area":5,"unit_of_me":"BL.","_colour":"#a0c4f0","_label":"Exploration Licence"}},{"type":"Feature","geometry":{"type":"Polygon","coordinates":[[[120.26666666701898,-23.400000000110854],[120.24999999985712,-23.39999999973097],[120.233333333418,-23.40000000049455],[120.21666666743866,-23.40000000043145],[120.20000000033357,-23.399999999813193],[120.1999999996732,-23.41666666686634],[120.21666666694168,-23.4166666667925],[120.23333333337551,-23.416666667276452],[120.25000000041314,-23.416666666605767],[120.26666666657341,-23.41666666693333],[120.28333333310935,-23.416666667023232],[120.3000000428025,-23.416666696913204],[120.30000001970167,-23.416526747811854],[120.29305579108238,-23.416526307592388],[120.29305561737725,-23.39999999723218],[120.28468769048423,-23.400000130659368],[120.28333333279723,-23.400000000215986],[120.26666666701898,-23.400000000110854]]]},"properties":{"fmt_tenid":"E 52/3456-I","type":"EXPLORATION LICENCE","tenstatus":"LIVE","holder1":"BHP IRON ORE (JIMBLEBAR) PTY LTD","holder2":" ","legal_area":6,"unit_of_me":"BL.","_colour":"#a0c4f0","_label":"Exploration Licence"}},{"type":"Feature","geometry":{"type":"Polygon","coordinates":[[[119.6833333042515,-23.391180997051148],[119.67393469227915,-23.391180680229276],[119.67059253263673,-23.39118042952245],[119.66668116869221,-23.391180044376508],[119.66666668565912,-23.39118004339079],[119.66666666717458,-23.400000000048934],[119.68333333184621,-23.399999999576217],[119.6833333042515,-23.391180997051148]]]},"properties":{"fmt_tenid":"E 52/4248","type":"EXPLORATION LICENCE","tenstatus":"LIVE","holder1":"BHP IRON ORE (JIMBLEBAR) PTY LTD","holder2":" ","legal_area":1,"unit_of_me":"BL.","_colour":"#a0c4f0","_label":"Exploration Licence"}},{"type":"Feature","geometry":{"type":"MultiPolygon","coordinates":[[[[120.43333333302704,-27.100000000471763],[120.44954399953693,-27.100000000719582],[120.45248388960897,-27.09899486002422],[120.46006608970181,-27.0964021695241],[120.46089321023213,-27.096119320194493],[120.45769249977498,-27.088644219760084],[120.47314599323904,-27.083333332536984],[120.4666666667204,-27.08333333305955],[120.46666666253199,-27.073433946451477],[120.4596561803762,-27.07582427010295],[120.44147282991517,-27.08202104993209],[120.43716995971094,-27.083486999908942],[120.43333333844329,-27.074500189800233],[120.43333333320896,-27.083333333291222],[120.43333333302704,-27.100000000471763]]],[[[120.44999999975433,-27.11666666721022],[120.4499999996551,-27.13333333271763],[120.4666666672274,-27.133333333375386],[120.46666666322848,-27.131401751971335],[120.46293726997746,-27.124135090322437],[120.45935420056726,-27.116666665300023],[120.44999999975433,-27.11666666721022]]],[[[120.47484887498965,-27.0833333350775],[120.47657215044268,-27.08735624020864],[120.47731436950166,-27.08709855976868],[120.47773644998425,-27.086959179948575],[120.48333335618503,-27.09702568917418],[120.48333333276464,-27.083333332840997],[120.47484887498965,-27.0833333350775]]]]},"properties":{"fmt_tenid":"E 53/1167","type":"EXPLORATION LICENCE","tenstatus":"LIVE","holder1":"BHP NICKEL WEST PTY LTD","holder2":" ","legal_area":6,"unit_of_me":"BL.","_colour":"#a0c4f0","_label":"Exploration Licence"}},{"type":"Feature","geometry":{"type":"MultiPolygon","coordinates":[[[[120.373747849894,-26.956460510486835],[120.36333066094974,-26.933333333120757],[120.35000000045291,-26.933333332584525],[120.34999999958156,-26.95000000019554],[120.34999999968049,-26.96666666704638],[120.366666666753,-26.966666667451687],[120.38333333331532,-26.966666667214042],[120.38333333274063,-26.9599123704713],[120.3810906601149,-26.96068331958456],[120.373747849894,-26.956460510486835]]],[[[120.34122589017767,-26.88425861030934],[120.33640743459588,-26.88694826968603],[120.33831111166941,-26.888443039531285],[120.34051758169274,-26.89047861116801],[120.34279031593175,-26.89240025694478],[120.34532387789551,-26.89409597685469],[120.34579624045139,-26.89440522966571],[120.34122589017767,-26.88425861030934]]]]},"properties":{"fmt_tenid":"E 53/1243","type":"EXPLORATION LICENCE","tenstatus":"LIVE","holder1":"BHP NICKEL WEST PTY LTD","holder2":" ","legal_area":5,"unit_of_me":"BL.","_colour":"#a0c4f0","_label":"Exploration Licence"}},{"type":"Feature","geometry":{"type":"Polygon","coordinates":[[[120.41794227156939,-26.8999999998035],[120.41801604986176,-26.915397290071404],[120.43469805025786,-26.915375459749868],[120.43468832014533,-26.931994460264246],[120.43333333334931,-26.93199495514707],[120.43333333345387,-26.933333333363997],[120.44999999965864,-26.933333333414215],[120.4499999995169,-26.916666667401138],[120.44999999978951,-26.900000000187962],[120.43333333349456,-26.899999999751945],[120.41794227156939,-26.8999999998035]]]},"properties":{"fmt_tenid":"E 53/1317","type":"EXPLORATION LICENCE","tenstatus":"LIVE","holder1":"BHP NICKEL WEST PTY LTD","holder2":" ","legal_area":3,"unit_of_me":"BL.","_colour":"#a0c4f0","_label":"Exploration Licence"}},{"type":"Feature","geometry":{"type":"Polygon","coordinates":[[[120.48333333261964,-27.07500000007218],[120.48333333303553,-27.06666666693664],[120.47731929817834,-27.066666667376285],[120.47845231408957,-27.06941545729169],[120.46666666253199,-27.073433946451477],[120.46666666656088,-27.07500000010235],[120.4666666667204,-27.08333333305955],[120.47314599323904,-27.083333332536984],[120.47463035572656,-27.082823202687937],[120.47484887498965,-27.0833333350775],[120.47499999987876,-27.08333333277051],[120.48333333276464,-27.083333332840997],[120.48333333261964,-27.07500000007218]]]},"properties":{"fmt_tenid":"E 53/2170","type":"EXPLORATION LICENCE","tenstatus":"LIVE","holder1":"BHP NICKEL WEST PTY LTD","holder2":" ","legal_area":1,"unit_of_me":"BL.","_colour":"#a0c4f0","_label":"Exploration Licence"}},{"type":"Feature","geometry":{"type":"Polygon","coordinates":[[[120.58333333323866,-27.100000000068245],[120.60000000029783,-27.10000000030549],[120.61666666740024,-27.099999999673997],[120.63333333297899,-27.10000000016544],[120.65000000009185,-27.100000000482492],[120.66666666681921,-27.100000000126354],[120.68333333295898,-27.099999999708015],[120.70000000041759,-27.100000000003323],[120.7166666666758,-27.099999999837795],[120.73333333289862,-27.100000000444403],[120.7499999995467,-27.100000000391834],[120.76666666693467,-27.09999999989889],[120.78333333301379,-27.10000000027717],[120.783333332743,-27.08333333321893],[120.78333333286531,-27.066666666747146],[120.76666666679687,-27.066666667422233],[120.75000000041547,-27.066666666656637],[120.73333333285173,-27.066666666665686],[120.71666666722236,-27.066666666649496],[120.69999999962869,-27.066666666788347],[120.68333333315391,-27.066666667240238],[120.66666666686244,-27.066666667138566],[120.64999999979949,-27.06666666658876],[120.63333333310328,-27.066666666818563],[120.61666666665994,-27.066666666726455],[120.60000000025292,-27.06666666661411],[120.5833333328064,-27.066666667256392],[120.56666666733261,-27.0666666665986],[120.56666666746018,-27.08333333318132],[120.56666666740269,-27.09999999982245],[120.58333333323866,-27.100000000068245]]]},"properties":{"fmt_tenid":"E 53/2258","type":"EXPLORATION LICENCE","tenstatus":"LIVE","holder1":"BHP NICKEL WEST PTY LTD","holder2":" ","legal_area":26,"unit_of_me":"BL.","_colour":"#a0c4f0","_label":"Exploration Licence"}},{"type":"Feature","geometry":{"type":"Polygon","coordinates":[[[120.6999999995656,-27.149999999779055],[120.69999999978403,-27.133333332587913],[120.70000000016722,-27.116666667853842],[120.70000000041759,-27.100000000003323],[120.68333333295898,-27.099999999708015],[120.66666666681921,-27.100000000126354],[120.65000000009185,-27.100000000482492],[120.63333333297899,-27.10000000016544],[120.61666666740024,-27.099999999673997],[120.60000000029783,-27.10000000030549],[120.58333333323866,-27.100000000068245],[120.56666666740269,-27.09999999982245],[120.56666666699151,-27.116666668173345],[120.56666666744746,-27.133333333421216],[120.56666666706687,-27.14999999974034],[120.58333333296873,-27.150000000068314],[120.5833333334019,-27.16666666662279],[120.58333333295715,-27.18333333257364],[120.56666666736454,-27.18333333280498],[120.56666666672274,-27.198506661743252],[120.5680810167238,-27.198513114819672],[120.56815543118368,-27.199999999861923],[120.58333333309504,-27.1999999998436],[120.59999999979105,-27.200000000198795],[120.60121863939915,-27.200000000339546],[120.60140732399877,-27.198679560464704],[120.6180737198229,-27.198679555852873],[120.61807396583252,-27.211620616071205],[120.62231929139205,-27.21165438894988],[120.62433058908745,-27.21673453224664],[120.6294631933287,-27.229693014155487],[120.63090529360203,-27.23333333348772],[120.63333333313079,-27.23333333319275],[120.63333333600107,-27.239462478254474],[120.63482278353722,-27.24322231618368],[120.6412721070724,-27.25949717963974],[120.64780569907366,-27.275981036611448],[120.65457745075611,-27.293061100803413],[120.65000000248155,-27.293063475107186],[120.64999999988034,-27.299999999633876],[120.66666666704015,-27.300000000257292],[120.68333333269368,-27.300000000238857],[120.68333333295736,-27.28333333267939],[120.68333333278368,-27.266666666940036],[120.70000000009007,-27.266666667039846],[120.70000000004038,-27.24999999957231],[120.70000000039484,-27.233333333448705],[120.70000000027834,-27.216666666557703],[120.69999999983025,-27.199999999507625],[120.6999999996155,-27.183333332730715],[120.70000000046619,-27.16666666728768],[120.6999999995656,-27.149999999779055]]]},"properties":{"fmt_tenid":"E 53/2259","type":"EXPLORATION LICENCE","tenstatus":"LIVE","holder1":"BHP NICKEL WEST PTY LTD","holder2":" ","legal_area":69,"unit_of_me":"BL.","_colour":"#a0c4f0","_label":"Exploration Licence"}},{"type":"Feature","geometry":{"type":"Polygon","coordinates":[[[120.71666666706322,-27.266666666581575],[120.73333333263103,-27.2666666673936],[120.749999999747,-27.266666666715913],[120.76666666688551,-27.266666667338043],[120.78333333335952,-27.266666667377656],[120.78333333290753,-27.250000000133127],[120.78333333301516,-27.233333332627126],[120.7999999998334,-27.233333332806488],[120.79999999953779,-27.21666666694583],[120.80000000032845,-27.199999999545586],[120.8000000001853,-27.183333332508568],[120.7999999997333,-27.16666666658618],[120.81666666703072,-27.166666667183335],[120.83333333313897,-27.16666666682011],[120.83333333281573,-27.15000000020909],[120.84999999954084,-27.149999999649815],[120.84999999956125,-27.13333333272664],[120.84999999995217,-27.116666667768573],[120.85000000038121,-27.099999999638243],[120.83333333270107,-27.09999999997141],[120.81666666739517,-27.100000000471535],[120.8000000000853,-27.099999999981062],[120.78333333301379,-27.10000000027717],[120.76666666693467,-27.09999999989889],[120.7499999995467,-27.100000000391834],[120.73333333289862,-27.100000000444403],[120.7166666666758,-27.099999999837795],[120.70000000041759,-27.100000000003323],[120.70000000016722,-27.116666667853842],[120.69999999978403,-27.133333332587913],[120.6999999995656,-27.149999999779055],[120.70000000046619,-27.16666666728768],[120.6999999996155,-27.183333332730715],[120.69999999983025,-27.199999999507625],[120.70000000027834,-27.216666666557703],[120.70000000039484,-27.233333333448705],[120.70000000004038,-27.24999999957231],[120.70000000009007,-27.266666667039846],[120.71666666706322,-27.266666666581575]]]},"properties":{"fmt_tenid":"E 53/2260","type":"EXPLORATION LICENCE","tenstatus":"LIVE","holder1":"BHP NICKEL WEST PTY LTD","holder2":" ","legal_area":69,"unit_of_me":"BL.","_colour":"#a0c4f0","_label":"Exploration Licence"}},{"type":"Feature","geometry":{"type":"Polygon","coordinates":[[[121.57343769259477,-31.07879371578348],[121.57359447131358,-31.08964128200951],[121.57950595417324,-31.089470832566036],[121.5802356665696,-31.095215487156583],[121.58347052852862,-31.095158675344848],[121.58346400426288,-31.1042019184549],[121.58838355390691,-31.104202278137144],[121.58814725165784,-31.114087228401452],[121.59400063633083,-31.114087784532998],[121.5939979150881,-31.104202472633254],[121.59399729735644,-31.102053911952734],[121.59399624716272,-31.098549083842702],[121.59399607297156,-31.09798773066488],[121.59399515199789,-31.095128821759396],[121.5939924302419,-31.086957060838802],[121.59399215307005,-31.086150195449594],[121.59398956278342,-31.078792630684923],[121.58920214376143,-31.07879318149445],[121.58088569540877,-31.078793704637754],[121.57343769259477,-31.07879371578348]]]},"properties":{"fmt_tenid":"M 15/401","type":"MINING LEASE","tenstatus":"LIVE","holder1":"BHP NICKEL WEST PTY LTD","holder2":" ","legal_area":477.15,"unit_of_me":"HA.","_colour":"#f5a520","_label":"Mining Lease"}},{"type":"Feature","geometry":{"type":"Polygon","coordinates":[[[120.6552500742115,-27.67392992347482],[120.65491381485428,-27.673033681759637],[120.65485586230884,-27.67287921598077],[120.64717282615881,-27.675350002743826],[120.64526728001134,-27.675977768941827],[120.6397525508076,-27.677794365369845],[120.64147718684048,-27.682599281399707],[120.64329499527942,-27.68766331207238],[120.64433617758537,-27.69056361503214],[120.64699454521475,-27.69766229893984],[120.63884826723863,-27.702746626037815],[120.63412433536264,-27.705694529453474],[120.63684192944956,-27.71115296016641],[120.6372551013334,-27.71198278534326],[120.63577721211816,-27.71253966537683],[120.6380918157025,-27.71678781672702],[120.6484426408285,-27.712320973108532],[120.65053278412658,-27.711418840467967],[120.65195819819321,-27.710803596627176],[120.65407638474191,-27.716373508991325],[120.65401217099858,-27.71639270705249],[120.65428274093364,-27.71686895225441],[120.65474321937519,-27.71767945363188],[120.65842460104687,-27.724158736969212],[120.65926641979684,-27.725640232081002],[120.66397610457946,-27.724122158582844],[120.65993458431471,-27.714982557236617],[120.66756275465822,-27.71240821786561],[120.66950842424632,-27.711757436489094],[120.6646622270881,-27.698845797988003],[120.65976116285356,-27.685948510996145],[120.6552500742115,-27.67392992347482]]]},"properties":{"fmt_tenid":"M 36/102","type":"MINING LEASE","tenstatus":"LIVE","holder1":"BHP NICKEL WEST PTY LTD","holder2":" ","legal_area":999.85,"unit_of_me":"HA.","_colour":"#f5a520","_label":"Mining Lease"}},{"type":"Feature","geometry":{"type":"Polygon","coordinates":[[[120.6484426408285,-27.712320973108532],[120.6380918157025,-27.71678781672702],[120.64166486457562,-27.723320828154645],[120.64522353251988,-27.729853856559178],[120.6487845799644,-27.736389502241906],[120.65234212060592,-27.742922841127534],[120.65589829655356,-27.749459351727133],[120.65945470374088,-27.75598819656086],[120.66301684946477,-27.762523834880653],[120.66657858591314,-27.7690553385244],[120.67932367912333,-27.763555306008953],[120.67648471612085,-27.75725371479277],[120.67628076147453,-27.756800969743374],[120.6758668272224,-27.755882093604548],[120.67262423576477,-27.750304657331167],[120.67219330265782,-27.749563379353432],[120.66949237973887,-27.74359586128781],[120.66940718157453,-27.743407609747738],[120.68474889165074,-27.73780012224022],[120.68609566010525,-27.73528862310141],[120.68021283946425,-27.737258065777958],[120.67845837187987,-27.7378453627716],[120.67082871211025,-27.740417174061143],[120.67048047731498,-27.739577514597567],[120.66795652207503,-27.74061434436777],[120.66605680689527,-27.73695618592054],[120.66585570142439,-27.736568913536896],[120.66536999488471,-27.73563357376283],[120.66376987904408,-27.732517540230536],[120.66268046228556,-27.73039592565237],[120.66221418862162,-27.729487847309397],[120.65926641979684,-27.725640232081002],[120.65842460104687,-27.724158736969212],[120.65474321937519,-27.71767945363188],[120.65428274093364,-27.71686895225441],[120.65401217099858,-27.71639270705249],[120.65407638474191,-27.716373508991325],[120.65195819819321,-27.710803596627176],[120.65053278412658,-27.711418840467967],[120.6484426408285,-27.712320973108532]]]},"properties":{"fmt_tenid":"M 36/103","type":"MINING LEASE","tenstatus":"LIVE","holder1":"BHP NICKEL WEST PTY LTD","holder2":" ","legal_area":989,"unit_of_me":"HA.","_colour":"#f5a520","_label":"Mining Lease"}},{"type":"Feature","geometry":{"type":"Polygon","coordinates":[[[120.63366686997121,-27.64060357395813],[120.62693305944855,-27.64165738174141],[120.62738936499825,-27.64323986596507],[120.62774678521676,-27.644473052550463],[120.62975047123902,-27.651418666356403],[120.63051418813068,-27.6540555796382],[120.62695671095165,-27.65525694489462],[120.62899312414841,-27.663879625716778],[120.63326747599618,-27.677543448458945],[120.63790348762717,-27.67568107099346],[120.63884871233941,-27.678092071432896],[120.6397525508076,-27.677794365369845],[120.64526728001134,-27.675977768941827],[120.64717282615881,-27.675350002743826],[120.65485586230884,-27.67287921598077],[120.64149463959576,-27.63755943506695],[120.6346361530351,-27.639197724060978],[120.63498287269965,-27.64039758148326],[120.63366686997121,-27.64060357395813]]]},"properties":{"fmt_tenid":"M 36/129","type":"MINING LEASE","tenstatus":"LIVE","holder1":"BHP NICKEL WEST PTY LTD","holder2":" ","legal_area":786.15,"unit_of_me":"HA.","_colour":"#f5a520","_label":"Mining Lease"}},{"type":"Feature","geometry":{"type":"Polygon","coordinates":[[[120.60869508030746,-27.682017803934343],[120.6090708022091,-27.684998204149526],[120.611947336719,-27.684104690126553],[120.61808031087656,-27.682260983598685],[120.61961268253349,-27.681800235483816],[120.61986242367051,-27.68171919314248],[120.62205306227817,-27.681008172231095],[120.61940042053938,-27.642835536955864],[120.6173597146747,-27.64332249557351],[120.60421383798624,-27.646457898718026],[120.60869508030746,-27.682017803934343]]]},"properties":{"fmt_tenid":"M 36/130","type":"MINING LEASE","tenstatus":"LIVE","holder1":"BHP NICKEL WEST PTY LTD","holder2":" ","legal_area":606.55,"unit_of_me":"HA.","_colour":"#f5a520","_label":"Mining Lease"}},{"type":"Feature","geometry":{"type":"Polygon","coordinates":[[[120.66397610457946,-27.724122158582844],[120.65926641979684,-27.725640232081002],[120.66221418862162,-27.729487847309397],[120.66268046228556,-27.73039592565237],[120.66376987904408,-27.732517540230536],[120.66536999488471,-27.73563357376283],[120.66585570142439,-27.736568913536896],[120.66605680689527,-27.73695618592054],[120.66795652207503,-27.74061434436777],[120.67048047731498,-27.739577514597567],[120.67082871211025,-27.740417174061143],[120.67845837187987,-27.7378453627716],[120.68021283946425,-27.737258065777958],[120.66950842424632,-27.711757436489094],[120.66756275465822,-27.71240821786561],[120.65993458431471,-27.714982557236617],[120.66397610457946,-27.724122158582844]]]},"properties":{"fmt_tenid":"M 36/131","type":"MINING LEASE","tenstatus":"LIVE","holder1":"BHP NICKEL WEST PTY LTD","holder2":" ","legal_area":364.7,"unit_of_me":"HA.","_colour":"#f5a520","_label":"Mining Lease"}},{"type":"Feature","geometry":{"type":"Polygon","coordinates":[[[120.65729534887002,-27.773060352860632],[120.66657858591314,-27.7690553385244],[120.66301684946477,-27.762523834880653],[120.65945470374088,-27.75598819656086],[120.65589829655356,-27.749459351727133],[120.65234212060592,-27.742922841127534],[120.6487845799644,-27.736389502241906],[120.64522353251988,-27.729853856559178],[120.64166486457562,-27.723320828154645],[120.6380918157025,-27.71678781672702],[120.63577721211816,-27.71253966537683],[120.63202107636909,-27.713954885179177],[120.63224244212276,-27.71535097518398],[120.63474691893069,-27.731143348267377],[120.6348853101671,-27.732017807552694],[120.63492598052719,-27.732273790933625],[120.65729534887002,-27.773060352860632]]]},"properties":{"fmt_tenid":"M 36/155","type":"MINING LEASE","tenstatus":"LIVE","holder1":"BHP NICKEL WEST PTY LTD","holder2":" ","legal_area":654.35,"unit_of_me":"HA.","_colour":"#f5a520","_label":"Mining Lease"}},{"type":"Feature","geometry":{"type":"Polygon","coordinates":[[[120.7758135642679,-27.931425153244692],[120.74543170850362,-27.87290638073421],[120.74547873089655,-27.876307254162217],[120.74555829930412,-27.882015333248034],[120.74557999676061,-27.883571800304477],[120.74659092614559,-27.88889394246894],[120.74648084317805,-27.896129045526305],[120.74383769133136,-27.8961571987601],[120.74387133389118,-27.897081261429072],[120.73902782512923,-27.899170514092337],[120.76002548573695,-27.937898765699313],[120.7758135642679,-27.931425153244692]]]},"properties":{"fmt_tenid":"M 36/158","type":"MINING LEASE","tenstatus":"LIVE","holder1":"BHP NICKEL WEST PTY LTD","holder2":" ","legal_area":953,"unit_of_me":"HA.","_colour":"#f5a520","_label":"Mining Lease"}},{"type":"Feature","geometry":{"type":"Polygon","coordinates":[[[120.76002548573695,-27.937898765699313],[120.76391565095308,-27.945070248478128],[120.78529248058227,-27.984461004458094],[120.80021690829388,-27.978355587271814],[120.78027816502288,-27.940014059720635],[120.7758135642679,-27.931425153244692],[120.76002548573695,-27.937898765699313]]]},"properties":{"fmt_tenid":"M 36/159","type":"MINING LEASE","tenstatus":"LIVE","holder1":"BHP NICKEL WEST PTY LTD","holder2":" ","legal_area":952.9,"unit_of_me":"HA.","_colour":"#f5a520","_label":"Mining Lease"}},{"type":"Feature","geometry":{"type":"Polygon","coordinates":[[[120.80021690829388,-27.978355587271814],[120.78529248058227,-27.984461004458094],[120.80498010655648,-28.020760514661262],[120.8075940680932,-28.02520441611067],[120.80877724470976,-28.02721576381655],[120.81218572757636,-28.033009588812828],[120.81359331520538,-28.032988937146175],[120.81538444101722,-28.032962630931777],[120.8167604376697,-28.032942398965556],[120.81670742580691,-28.03034467693082],[120.8226949191964,-28.030525770318008],[120.82738612278604,-28.030667480278048],[120.80021690829388,-27.978355587271814]]]},"properties":{"fmt_tenid":"M 36/160","type":"MINING LEASE","tenstatus":"LIVE","holder1":"BHP NICKEL WEST PTY LTD","holder2":" ","legal_area":953.2,"unit_of_me":"HA.","_colour":"#f5a520","_label":"Mining Lease"}},{"type":"Feature","geometry":{"type":"Polygon","coordinates":[[[120.60703950612366,-27.505704882622943],[120.60918100622197,-27.516538194871657],[120.61132219094802,-27.52736739308801],[120.61346560539326,-27.538201203210022],[120.61560921224753,-27.549032522064113],[120.62474503970837,-27.54759387132084],[120.622606137511,-27.536759647953303],[120.6208109870022,-27.5277041622301],[120.62045876565318,-27.525927230248314],[120.62007293917523,-27.52398068885496],[120.61831268890073,-27.51509911392494],[120.61616639211998,-27.504266269501763],[120.61402102451248,-27.49343594192046],[120.60489856082015,-27.494872204555833],[120.60703950612366,-27.505704882622943]]]},"properties":{"fmt_tenid":"M 36/216","type":"MINING LEASE","tenstatus":"LIVE","holder1":"BHP NICKEL WEST PTY LTD","holder2":" ","legal_area":558.55,"unit_of_me":"HA.","_colour":"#f5a520","_label":"Mining Lease"}},{"type":"Feature","geometry":{"type":"Polygon","coordinates":[[[120.60007555808251,-27.517972485221474],[120.6022179666053,-27.528801821262004],[120.60436180966065,-27.539636330098336],[120.60645819167955,-27.550472929682677],[120.60849947860966,-27.560751230830306],[120.60860938188831,-27.561304495488674],[120.61075757731257,-27.57211567773132],[120.6198700726746,-27.570684365851324],[120.62201663192164,-27.58150995909702],[120.63115808564869,-27.580074152214024],[120.6290196992358,-27.569244529340672],[120.62688400213763,-27.558426412522063],[120.62474503970837,-27.54759387132084],[120.61560921224753,-27.549032522064113],[120.61346560539326,-27.538201203210022],[120.61132219094802,-27.52736739308801],[120.60918100622197,-27.516538194871657],[120.60007555808251,-27.517972485221474]]]},"properties":{"fmt_tenid":"M 36/217","type":"MINING LEASE","tenstatus":"LIVE","holder1":"BHP NICKEL WEST PTY LTD","holder2":" ","legal_area":892.55,"unit_of_me":"HA.","_colour":"#f5a520","_label":"Mining Lease"}},{"type":"Feature","geometry":{"type":"Polygon","coordinates":[[[120.6016438432599,-27.573546366928362],[120.6037948419893,-27.584368649769495],[120.60595057982837,-27.595212656236914],[120.60809840100684,-27.606023053415676],[120.61720049101432,-27.604599549435406],[120.62628249456593,-27.60317855354944],[120.63543406723818,-27.601745414522025],[120.63329660633434,-27.59092218932726],[120.63115808564869,-27.580074152214024],[120.62201663192164,-27.58150995909702],[120.6198700726746,-27.570684365851324],[120.61075757731257,-27.57211567773132],[120.6016438432599,-27.573546366928362]]]},"properties":{"fmt_tenid":"M 36/218","type":"MINING LEASE","tenstatus":"LIVE","holder1":"BHP NICKEL WEST PTY LTD","holder2":" ","legal_area":891,"unit_of_me":"HA.","_colour":"#f5a520","_label":"Mining Lease"}},{"type":"Feature","geometry":{"type":"Polygon","coordinates":[[[120.59051029238461,-27.51947838875545],[120.59063403333658,-27.52012695340115],[120.5909140656381,-27.52105880429842],[120.59364748430731,-27.5301508820785],[120.59382296056003,-27.530734515646493],[120.59675258559534,-27.540466774366976],[120.59685843980026,-27.540818203306504],[120.59961802502356,-27.549979017227795],[120.59963356001411,-27.549975265226735],[120.60008135879009,-27.551476046794356],[120.60645819167955,-27.550472929682677],[120.60436180966065,-27.539636330098336],[120.6022179666053,-27.528801821262004],[120.60007555808251,-27.517972485221474],[120.59793224319849,-27.50713976689234],[120.5884438132432,-27.508634029309743],[120.59051029238461,-27.51947838875545]]]},"properties":{"fmt_tenid":"M 36/219","type":"MINING LEASE","tenstatus":"LIVE","holder1":"BHP NICKEL WEST PTY LTD","holder2":" ","legal_area":410,"unit_of_me":"HA.","_colour":"#f5a520","_label":"Mining Lease"}},{"type":"Feature","geometry":{"type":"Polygon","coordinates":[[[120.5903195709662,-27.563598056078302],[120.59255546380217,-27.574974594339825],[120.59366290210798,-27.580608518991472],[120.59421033864594,-27.583393316218853],[120.59457907345221,-27.585268975030033],[120.59468336444186,-27.58579946377146],[120.59681456080479,-27.596644768262536],[120.59709681524583,-27.59808226550063],[120.59780267811644,-27.601673538610253],[120.59893909803574,-27.60745486261689],[120.60809840100684,-27.606023053415676],[120.60595057982837,-27.595212656236914],[120.6037948419893,-27.584368649769495],[120.6016438432599,-27.573546366928362],[120.61075757731257,-27.57211567773132],[120.60860938188831,-27.561304495488674],[120.60849947860966,-27.560751230830306],[120.60645819167955,-27.550472929682677],[120.60008135879009,-27.551476046794356],[120.60259134989907,-27.559890967386558],[120.5990964367644,-27.560723916699054],[120.59264330917793,-27.5622616403061],[120.5923096503848,-27.56114871903787],[120.59002517732242,-27.562099962020675],[120.5903195709662,-27.563598056078302]]]},"properties":{"fmt_tenid":"M 36/220","type":"MINING LEASE","tenstatus":"LIVE","holder1":"BHP NICKEL WEST PTY LTD","holder2":" ","legal_area":656.5,"unit_of_me":"HA.","_colour":"#f5a520","_label":"Mining Lease"}},{"type":"Feature","geometry":{"type":"Polygon","coordinates":[[[120.65162277108095,-27.807806297680287],[120.65157270784705,-27.84873871606981],[120.68171878722097,-27.862202725543508],[120.67398798139693,-27.84677036879799],[120.67055578637488,-27.840227485477634],[120.6608176989743,-27.822864422782526],[120.6610393723232,-27.82276618884035],[120.65687953539508,-27.815351831015295],[120.65243916001167,-27.80743690011532],[120.65162277108095,-27.807806297680287]]]},"properties":{"fmt_tenid":"M 36/242","type":"MINING LEASE","tenstatus":"LIVE","holder1":"BHP NICKEL WEST PTY LTD","holder2":" ","legal_area":722.85,"unit_of_me":"HA.","_colour":"#f5a520","_label":"Mining Lease"}},{"type":"Feature","geometry":{"type":"Polygon","coordinates":[[[120.70302318642408,-27.85016287859614],[120.70301158762113,-27.850167874660464],[120.71803566211824,-27.878129597472842],[120.72234148737509,-27.8860368856695],[120.72409491075071,-27.88917464009857],[120.73405202990662,-27.889171828073444],[120.72663536218332,-27.87425962069543],[120.71260192190103,-27.846033247305137],[120.7083074344442,-27.847885145836006],[120.70302318642408,-27.85016287859614]]]},"properties":{"fmt_tenid":"M 36/243","type":"MINING LEASE","tenstatus":"LIVE","holder1":"BHP NICKEL WEST PTY LTD","holder2":" ","legal_area":488.25,"unit_of_me":"HA.","_colour":"#f5a520","_label":"Mining Lease"}},{"type":"Feature","geometry":{"type":"Polygon","coordinates":[[[120.58152442409516,-27.390794716346743],[120.57394691545367,-27.390558276267697],[120.56430436469019,-27.392386791363414],[120.56432108169162,-27.392757024369896],[120.56446603370519,-27.39456843538908],[120.56473300971356,-27.397904579386218],[120.5721431274739,-27.420469008087366],[120.5804803352613,-27.418472769817523],[120.58245433050064,-27.417999893070345],[120.58345339997751,-27.421320891295338],[120.5858878262976,-27.421406232749476],[120.58904378060339,-27.42151680505607],[120.58929029827348,-27.41596789750334],[120.58910840559768,-27.407909507807297],[120.58884944041904,-27.396763198397576],[120.58883617654669,-27.396182454603835],[120.58851083932436,-27.381934817394704],[120.5847427424594,-27.381344640234555],[120.58405534230138,-27.381236806203866],[120.58171875976306,-27.380869962096178],[120.58152442409516,-27.390794716346743]]]},"properties":{"fmt_tenid":"M 36/246","type":"MINING LEASE","tenstatus":"LIVE","holder1":"BHP NICKEL WEST PTY LTD","holder2":" ","legal_area":757.6,"unit_of_me":"HA.","_colour":"#f5a520","_label":"Mining Lease"}},{"type":"Feature","geometry":{"type":"Polygon","coordinates":[[[120.80720375241168,-28.033082537253645],[120.80725728354025,-28.03592206711484],[120.80740845266318,-28.043939576190933],[120.80746039945004,-28.046694342566663],[120.80755616307609,-28.051770668920682],[120.80755944994358,-28.051944905911103],[120.80771050706942,-28.059949632552524],[120.80771720981821,-28.060304843540205],[120.81291163124314,-28.060229288962898],[120.81589287220825,-28.06018583841477],[120.82407548636016,-28.060066246602187],[120.82394574882444,-28.053166125039915],[120.82382803624854,-28.046906111043832],[120.82381953978101,-28.046454359859666],[120.82366051903243,-28.03800722444426],[120.82356325674058,-28.03284207728533],[120.82346627427631,-28.030549081329422],[120.8226949191964,-28.030525770318008],[120.81670742580691,-28.03034467693082],[120.8167604376697,-28.032942398965556],[120.81538444101722,-28.032962630931777],[120.81359331520538,-28.032988937146175],[120.81218572757636,-28.033009588812828],[120.80720375241168,-28.033082537253645]]]},"properties":{"fmt_tenid":"M 36/247","type":"MINING LEASE","tenstatus":"LIVE","holder1":"BHP NICKEL WEST PTY LTD","holder2":" ","legal_area":503.5,"unit_of_me":"HA.","_colour":"#f5a520","_label":"Mining Lease"}},{"type":"Feature","geometry":{"type":"Polygon","coordinates":[[[120.80771720981821,-28.060304843540205],[120.80772110617016,-28.09134352453103],[120.84422894879197,-28.091347047014448],[120.84118613850079,-28.085787704336706],[120.83761085491714,-28.079256188877757],[120.8340363558617,-28.072725231708485],[120.83131888226211,-28.065876133882735],[120.8286016330697,-28.05902668094152],[120.82777479005493,-28.05692747375828],[120.82598660226112,-28.052387287259386],[120.8254775343732,-28.051094695620332],[120.82382803624854,-28.046906111043832],[120.82394574882444,-28.053166125039915],[120.82407548636016,-28.060066246602187],[120.81589287220825,-28.06018583841477],[120.81291163124314,-28.060229288962898],[120.80771720981821,-28.060304843540205]]]},"properties":{"fmt_tenid":"M 36/289","type":"MINING LEASE","tenstatus":"LIVE","holder1":"BHP NICKEL WEST PTY LTD","holder2":" ","legal_area":998.85,"unit_of_me":"HA.","_colour":"#f5a520","_label":"Mining Lease"}},{"type":"Feature","geometry":{"type":"Polygon","coordinates":[[[120.57524892529118,-27.50416202342722],[120.57812474600782,-27.51378477833756],[120.5782496931651,-27.514202533377695],[120.58100687921448,-27.523420219718545],[120.58122415972532,-27.524146555021385],[120.58390212566536,-27.533097738256178],[120.58681690908297,-27.542824336521203],[120.58968100640247,-27.552380063501605],[120.5923096503848,-27.56114871903787],[120.59264330917793,-27.5622616403061],[120.5990964367644,-27.560723916699054],[120.60259134989907,-27.559890967386558],[120.60008135879009,-27.551476046794356],[120.59963356001411,-27.549975265226735],[120.59961802502356,-27.549979017227795],[120.59685843980026,-27.540818203306504],[120.59675258559534,-27.540466774366976],[120.59382296056003,-27.530734515646493],[120.59364748430731,-27.5301508820785],[120.5909140656381,-27.52105880429842],[120.59063403333658,-27.52012695340115],[120.58802241817719,-27.511429288761708],[120.58513994832957,-27.501809063435946],[120.5771539758651,-27.50370935098729],[120.57524892529118,-27.50416202342722]]]},"properties":{"fmt_tenid":"M 36/290","type":"MINING LEASE","tenstatus":"LIVE","holder1":"BHP NICKEL WEST PTY LTD","holder2":" ","legal_area":676.05,"unit_of_me":"HA.","_colour":"#f5a520","_label":"Mining Lease"}},{"type":"Feature","geometry":{"type":"Polygon","coordinates":[[[120.57367184958619,-27.485944778073932],[120.57525241114566,-27.494009968623892],[120.57631743878729,-27.499443849985294],[120.58434703111556,-27.49826539346837],[120.58214172666254,-27.484831481490804],[120.57367184958619,-27.485944778073932]]]},"properties":{"fmt_tenid":"M 36/291","type":"MINING LEASE","tenstatus":"LIVE","holder1":"BHP NICKEL WEST PTY LTD","holder2":" ","legal_area":124.7,"unit_of_me":"HA.","_colour":"#f5a520","_label":"Mining Lease"}},{"type":"Feature","geometry":{"type":"Polygon","coordinates":[[[120.55677492220153,-27.304082858274725],[120.55705969227847,-27.314952090353582],[120.55708663600795,-27.315980282495584],[120.563093359681,-27.327545213681777],[120.5640849686303,-27.332066075121144],[120.57616106207877,-27.332035760597414],[120.57619731963894,-27.330000912611045],[120.57673849737077,-27.304389824054514],[120.55677492220153,-27.304082858274725]]]},"properties":{"fmt_tenid":"M 36/294","type":"MINING LEASE","tenstatus":"LIVE","holder1":"BHP NICKEL WEST PTY LTD","holder2":" ","legal_area":522.45,"unit_of_me":"HA.","_colour":"#f5a520","_label":"Mining Lease"}},{"type":"Feature","geometry":{"type":"Polygon","coordinates":[[[120.59465601040931,-27.698684221312007],[120.60084645761087,-27.710716954194265],[120.60141393990705,-27.71181985179646],[120.6015147527023,-27.698684131677542],[120.59465601040931,-27.698684221312007]]]},"properties":{"fmt_tenid":"M 36/306","type":"MINING LEASE","tenstatus":"LIVE","holder1":"BHP NICKEL WEST PTY LTD","holder2":" ","legal_area":49.245,"unit_of_me":"HA.","_colour":"#f5a520","_label":"Mining Lease"}},{"type":"Feature","geometry":{"type":"Polygon","coordinates":[[[120.65084406686198,-27.782119388789162],[120.63469880592413,-27.78217671709852],[120.63474734692792,-27.765508032271352],[120.61808115973356,-27.765351559688224],[120.61793597858038,-27.748684643229847],[120.608789220539,-27.748684831452387],[120.60879053604428,-27.7495956542307],[120.60879201677488,-27.75062151722716],[120.60898377896858,-27.75613580597796],[120.60952153424348,-27.75712357771241],[120.60962102196108,-27.75730632029529],[120.60984225791015,-27.75846091566811],[120.63169134798245,-27.798659396013534],[120.65141414999859,-27.79853581765344],[120.65084406686198,-27.782119388789162]]]},"properties":{"fmt_tenid":"M 36/307","type":"MINING LEASE","tenstatus":"LIVE","holder1":"BHP NICKEL WEST PTY LTD","holder2":" ","legal_area":876.35,"unit_of_me":"HA.","_colour":"#f5a520","_label":"Mining Lease"}},{"type":"Feature","geometry":{"type":"Polygon","coordinates":[[[120.63202107136902,-27.713954831179144],[120.63410073830104,-27.732394416131502],[120.63527969029597,-27.734466449503774],[120.67520425012968,-27.805689249770108],[120.65729534186998,-27.77306034386065],[120.6349259795272,-27.732273789933632],[120.6348853101671,-27.73201779955271],[120.63474690993081,-27.731143340267383],[120.6322424401228,-27.71535098018399],[120.63202107136902,-27.713954831179144]]]},"properties":{"fmt_tenid":"M 36/336","type":"MINING LEASE","tenstatus":"LIVE","holder1":"BHP NICKEL WEST PTY LTD","holder2":" ","legal_area":43.9,"unit_of_me":"HA.","_colour":"#f5a520","_label":"Mining Lease"}},{"type":"Feature","geometry":{"type":"Polygon","coordinates":[[[120.56473300971356,-27.397904579386218],[120.57110715020289,-27.420717169063177],[120.57157203832448,-27.42060581007415],[120.5721431274739,-27.420469008087366],[120.56473300971356,-27.397904579386218]]]},"properties":{"fmt_tenid":"M 36/399","type":"MINING LEASE","tenstatus":"LIVE","holder1":"BHP NICKEL WEST PTY LTD","holder2":" ","legal_area":13.815,"unit_of_me":"HA.","_colour":"#f5a520","_label":"Mining Lease"}},{"type":"Feature","geometry":{"type":"Polygon","coordinates":[[[120.78300037701007,-27.76944630443305],[120.79270909957084,-27.77596864715113],[120.79884487201004,-27.768782047125452],[120.78924126787157,-27.762179346121837],[120.78300037701007,-27.76944630443305]]]},"properties":{"fmt_tenid":"M 36/4","type":"MINING LEASE","tenstatus":"LIVE","holder1":"BHP NICKEL WEST PTY LTD","holder2":" ","legal_area":120.6,"unit_of_me":"HA.","_colour":"#f5a520","_label":"Mining Lease"}},{"type":"Feature","geometry":{"type":"Polygon","coordinates":[[[120.72877890550112,-27.83827551194879],[120.7347467578406,-27.849705242212575],[120.73474674235445,-27.848684577692246],[120.75141329682532,-27.84868429399556],[120.76612770203405,-27.848684289180344],[120.76612326225147,-27.815350615232017],[120.75141305250756,-27.815350646157828],[120.74068770230183,-27.81535102280602],[120.74240244354525,-27.82001399135001],[120.74336954464864,-27.822643653859032],[120.74494037673574,-27.826914655187863],[120.74667724015954,-27.83163738599958],[120.743596772016,-27.83279199467799],[120.73673672546191,-27.8353629182455],[120.73640500697644,-27.83548434497977],[120.72877890550112,-27.83827551194879]]]},"properties":{"fmt_tenid":"M 36/409","type":"MINING LEASE","tenstatus":"LIVE","holder1":"BHP NICKEL WEST PTY LTD","holder2":" ","legal_area":999.91,"unit_of_me":"HA.","_colour":"#f5a520","_label":"Mining Lease"}},{"type":"Feature","geometry":{"type":"Polygon","coordinates":[[[120.7132924271934,-27.783935506438258],[120.71419875612553,-27.786805757654225],[120.7168320821927,-27.795219453608244],[120.72460248318386,-27.793567630739798],[120.73225498951837,-27.792413890045335],[120.73456446237945,-27.798696670698554],[120.73479145104508,-27.799314147585225],[120.7370566886587,-27.805475857378195],[120.73732851588098,-27.80621520839092],[120.73986568445892,-27.813115611022855],[120.74024475279016,-27.814146495965073],[120.74068770230183,-27.81535102280602],[120.75141305250756,-27.815350646157828],[120.76612326225147,-27.815350615232017],[120.75909243330675,-27.79868306841532],[120.75141293097904,-27.798683822235397],[120.7514126653142,-27.782017035957804],[120.7347459948971,-27.782017220263107],[120.7132924271934,-27.783935506438258]]]},"properties":{"fmt_tenid":"M 36/440","type":"MINING LEASE","tenstatus":"LIVE","holder1":"BHP NICKEL WEST PTY LTD","holder2":" ","legal_area":999,"unit_of_me":"HA.","_colour":"#f5a520","_label":"Mining Lease"}},{"type":"Feature","geometry":{"type":"Polygon","coordinates":[[[120.59877990635792,-27.682017086829923],[120.59901964019346,-27.688123840046202],[120.5905768804879,-27.690752210006668],[120.59465601040931,-27.69868422031202],[120.60151474970225,-27.698684129677513],[120.60141386990877,-27.711828960793255],[120.60333394756734,-27.715351232105668],[120.61808079029244,-27.715351069537324],[120.63224244212276,-27.71535097518398],[120.63202107636909,-27.713954885179177],[120.63577721011809,-27.71253967037684],[120.6372551003334,-27.711982790343274],[120.63684193044955,-27.71115296016641],[120.63412433536264,-27.705694529453474],[120.62979735985991,-27.706661370400205],[120.63007876968452,-27.707353700433448],[120.629133670473,-27.70761436980664],[120.62456906003595,-27.70887270975002],[120.61808033960276,-27.697031900059706],[120.61611100049886,-27.693437339692903],[120.61808039964224,-27.69185900031848],[120.61986260049825,-27.690430760175953],[120.61986242367051,-27.68171919314248],[120.61961267953357,-27.681800240483824],[120.6180803098766,-27.682260979598674],[120.61194733971898,-27.684104690126546],[120.6090708022091,-27.684998204149526],[120.60869508030746,-27.682017803934343],[120.59877990635792,-27.682017086829923]]]},"properties":{"fmt_tenid":"M 36/452","type":"MINING LEASE","tenstatus":"LIVE","holder1":"BHP NICKEL WEST PTY LTD","holder2":" ","legal_area":906.05,"unit_of_me":"HA.","_colour":"#f5a520","_label":"Mining Lease"}},{"type":"Feature","geometry":{"type":"Polygon","coordinates":[[[120.67520425012968,-27.805689249770108],[120.66192844595268,-27.782017789565607],[120.65084406686198,-27.78211938478914],[120.65141407899958,-27.798533785652698],[120.65141420986747,-27.807854530303256],[120.65243916001167,-27.80743689011531],[120.65687953039505,-27.815351830015324],[120.65803023042191,-27.81535180002715],[120.66808050975003,-27.815351750005952],[120.69182656982896,-27.815351443427705],[120.69152229981884,-27.814794139737455],[120.68795967032159,-27.80826009996594],[120.67418608977378,-27.81419890017346],[120.67062332965524,-27.807664410409995],[120.67520425012968,-27.805689249770108]]]},"properties":{"fmt_tenid":"M 36/453","type":"MINING LEASE","tenstatus":"LIVE","holder1":"BHP NICKEL WEST PTY LTD","holder2":" ","legal_area":722.27,"unit_of_me":"HA.","_colour":"#f5a520","_label":"Mining Lease"}},{"type":"Feature","geometry":{"type":"Polygon","coordinates":[[[120.65687953039505,-27.815351830015324],[120.66103937032318,-27.82276617984035],[120.66081768997427,-27.822864419782604],[120.67055578037494,-27.84022748047768],[120.67398798139693,-27.84677036879799],[120.68171878722097,-27.862202725543508],[120.68329676262806,-27.865352311421294],[120.68474754432617,-27.865352210362133],[120.68474728073875,-27.848685339364696],[120.70218084605665,-27.848685090907765],[120.69478640981683,-27.8354867404812],[120.69191898992248,-27.836757879907275],[120.68385423979949,-27.822686520080257],[120.67794948994613,-27.825303920165272],[120.67311121041958,-27.81686104005306],[120.66177534989029,-27.821886440250122],[120.65803022842199,-27.81535180202713],[120.65687953039505,-27.815351830015324]]]},"properties":{"fmt_tenid":"M 36/454","type":"MINING LEASE","tenstatus":"LIVE","holder1":"BHP NICKEL WEST PTY LTD","holder2":" ","legal_area":864.05,"unit_of_me":"HA.","_colour":"#f5a520","_label":"Mining Lease"}},{"type":"Feature","geometry":{"type":"Polygon","coordinates":[[[120.68474728073875,-27.848685339364696],[120.68474754432617,-27.865352210362133],[120.68329676262806,-27.865352311421294],[120.68555170968386,-27.869852760387023],[120.69222894837273,-27.882019208136196],[120.72015338326685,-27.882018614709768],[120.7180356601182,-27.878129600472874],[120.70301158762113,-27.850167874660464],[120.70218084605665,-27.848685090907765],[120.68474728073875,-27.848685339364696]]]},"properties":{"fmt_tenid":"M 36/455","type":"MINING LEASE","tenstatus":"LIVE","holder1":"BHP NICKEL WEST PTY LTD","holder2":" ","legal_area":908.28,"unit_of_me":"HA.","_colour":"#f5a520","_label":"Mining Lease"}},{"type":"Feature","geometry":{"type":"Polygon","coordinates":[[[120.60333394756734,-27.715351232105668],[120.60693517989176,-27.721973295091],[120.60693523481528,-27.72624807357055],[120.60813990009237,-27.728399150377044],[120.61418970947872,-27.739200390605593],[120.60877887569815,-27.74153211589093],[120.608789219539,-27.7486848304524],[120.61793597858038,-27.748684643229847],[120.61808109035935,-27.748684670099948],[120.63474716282859,-27.748684498663692],[120.64324513629077,-27.748684666834013],[120.63527969029597,-27.734466449503774],[120.63410073830104,-27.732394416131502],[120.63217851540014,-27.715350979216986],[120.61808079029244,-27.715351069537324],[120.60333394756734,-27.715351232105668]]]},"properties":{"fmt_tenid":"M 36/456","type":"MINING LEASE","tenstatus":"LIVE","holder1":"BHP NICKEL WEST PTY LTD","holder2":" ","legal_area":998.67,"unit_of_me":"HA.","_colour":"#f5a520","_label":"Mining Lease"}},{"type":"Feature","geometry":{"type":"Polygon","coordinates":[[[120.61793596958044,-27.74868464022989],[120.61808115973356,-27.765351559688224],[120.63474733992793,-27.765508030271366],[120.63469879992417,-27.782176710098476],[120.65084405986207,-27.78211937978914],[120.66192847895258,-27.782017789565547],[120.64324513429078,-27.748684666834013],[120.61808109035935,-27.748684670099948],[120.61793596958044,-27.74868464022989]]]},"properties":{"fmt_tenid":"M 36/457","type":"MINING LEASE","tenstatus":"LIVE","holder1":"BHP NICKEL WEST PTY LTD","holder2":" ","legal_area":959.58,"unit_of_me":"HA.","_colour":"#f5a520","_label":"Mining Lease"}},{"type":"Feature","geometry":{"type":"Polygon","coordinates":[[[120.57616106207877,-27.332035760597414],[120.5640849686303,-27.332066075121144],[120.56190276218301,-27.332071276287785],[120.57049026371531,-27.360764022619055],[120.57494025913266,-27.381150417710444],[120.58171875976306,-27.380869962096178],[120.58405534230138,-27.381236806203866],[120.58474239069015,-27.332013731901288],[120.57616106207877,-27.332035760597414]]]},"properties":{"fmt_tenid":"M 36/467","type":"MINING LEASE","tenstatus":"LIVE","holder1":"BHP NICKEL WEST PTY LTD","holder2":" ","legal_area":833.35,"unit_of_me":"HA.","_colour":"#f5a520","_label":"Mining Lease"}},{"type":"Feature","geometry":{"type":"Polygon","coordinates":[[[120.71807889963432,-27.74868377175743],[120.71807911176987,-27.765350587913616],[120.73474575587431,-27.76535041942936],[120.7347459948971,-27.782017220263107],[120.7514126653142,-27.782017035957804],[120.75141239879319,-27.76535024862291],[120.7514121329754,-27.74868346236917],[120.73474551593826,-27.74868361697569],[120.71807889963432,-27.74868377175743]]]},"properties":{"fmt_tenid":"M 36/509","type":"MINING LEASE","tenstatus":"LIVE","holder1":"BHP NICKEL WEST PTY LTD","holder2":" ","legal_area":910.69,"unit_of_me":"HA.","_colour":"#f5a520","_label":"Mining Lease"}},{"type":"Feature","geometry":{"type":"Polygon","coordinates":[[[120.74543170850362,-27.87290638073421],[120.75016233631536,-27.882018085779382],[120.7514137747222,-27.88201799498394],[120.75141353601605,-27.865351144940774],[120.75141329682532,-27.84868429399556],[120.73474674235445,-27.848684577692246],[120.7347467578406,-27.849705242212575],[120.73517065479174,-27.85051711014365],[120.74084940966279,-27.861198638799436],[120.74572401298201,-27.870732550721744],[120.74663333339937,-27.87251082865804],[120.74543170850362,-27.87290638073421]]]},"properties":{"fmt_tenid":"M 36/510","type":"MINING LEASE","tenstatus":"LIVE","holder1":"BHP NICKEL WEST PTY LTD","holder2":" ","legal_area":322.22,"unit_of_me":"HA.","_colour":"#f5a520","_label":"Mining Lease"}},{"type":"Feature","geometry":{"type":"Polygon","coordinates":[[[120.56190276218301,-27.332071276287785],[120.5640849686303,-27.332066075121144],[120.563093359681,-27.327545213681777],[120.55708663600795,-27.315980282495584],[120.56190276218301,-27.332071276287785]]]},"properties":{"fmt_tenid":"M 36/517","type":"MINING LEASE","tenstatus":"LIVE","holder1":"BHP NICKEL WEST PTY LTD","holder2":" ","legal_area":27.875,"unit_of_me":"HA.","_colour":"#f5a520","_label":"Mining Lease"}},{"type":"Feature","geometry":{"type":"Polygon","coordinates":[[[120.65243915801172,-27.80743689811535],[120.65141420586752,-27.807854526303306],[120.65141423351568,-27.81535192795742],[120.65141440621069,-27.832018827091172],[120.65141457815865,-27.848685726394073],[120.65157270484713,-27.848738715069793],[120.65162277108095,-27.80780629268028],[120.65243915801172,-27.80743689811535]]]},"properties":{"fmt_tenid":"M 36/549","type":"MINING LEASE","tenstatus":"LIVE","holder1":"BHP NICKEL WEST PTY LTD","holder2":" ","legal_area":8.27,"unit_of_me":"HA.","_colour":"#f5a520","_label":"Mining Lease"}},{"type":"Feature","geometry":{"type":"Polygon","coordinates":[[[120.54806285900528,-27.332039807254702],[120.55888664659875,-27.360548884284018],[120.57049026371531,-27.360764022619055],[120.56190276218301,-27.332071276287785],[120.55708663600795,-27.315980282495584],[120.55662164684877,-27.31596150337347],[120.54882274305503,-27.315646297311797],[120.54742941661391,-27.315589936940743],[120.54102074486063,-27.31530184509918],[120.53958780080278,-27.315234092669765],[120.54035971166235,-27.31676499819729],[120.54806285900528,-27.332039807254702]]]},"properties":{"fmt_tenid":"M 36/618","type":"MINING LEASE","tenstatus":"LIVE","holder1":"BHP NICKEL WEST PTY LTD","holder2":" ","legal_area":677.35,"unit_of_me":"HA.","_colour":"#f5a520","_label":"Mining Lease"}},{"type":"Feature","geometry":{"type":"Polygon","coordinates":[[[120.57049026371531,-27.360764022619055],[120.55888664659875,-27.360548884284018],[120.56146523906705,-27.367336781352424],[120.56368823421509,-27.3758685283741],[120.56381725498228,-27.38160962635145],[120.56430436469019,-27.392386791363414],[120.57394691545367,-27.390558276267697],[120.58152442409516,-27.390794716346743],[120.58171875976306,-27.380869962096178],[120.57494025913266,-27.381150417710444],[120.57049026371531,-27.360764022619055]],[[120.57679968054742,-27.381682725790334],[120.57901417009458,-27.38130470692554],[120.58050225925442,-27.38505178681756],[120.58044486524034,-27.38506157281462],[120.57845529475388,-27.385400793714474],[120.57828709971281,-27.3854294697062],[120.57679968054742,-27.381682725790334]]]},"properties":{"fmt_tenid":"M 36/631","type":"MINING LEASE","tenstatus":"LIVE","holder1":"BHP NICKEL WEST PTY LTD","holder2":" ","legal_area":421.9,"unit_of_me":"HA.","_colour":"#f5a520","_label":"Mining Lease"}},{"type":"Feature","geometry":{"type":"Polygon","coordinates":[[[120.58533802697272,-27.30452132777297],[120.57673849737077,-27.304389824054514],[120.57619731963894,-27.330000912611045],[120.57616106207877,-27.332035760597414],[120.58474239069015,-27.332013731901288],[120.5847426038629,-27.348680470839636],[120.58588336190826,-27.34868065105251],[120.585882708797,-27.340793298912534],[120.59645730498482,-27.34079209399788],[120.59644792138117,-27.29308306967767],[120.58560213386063,-27.29305219374922],[120.58533802697272,-27.30452132777297]]]},"properties":{"fmt_tenid":"M 36/658","type":"MINING LEASE","tenstatus":"LIVE","holder1":"BHP NICKEL WEST PTY LTD","holder2":" ","legal_area":864.7,"unit_of_me":"HA.","_colour":"#f5a520","_label":"Mining Lease"}},{"type":"Feature","geometry":{"type":"Polygon","coordinates":[[[120.51667135709062,-27.28321530045653],[120.51645334729808,-27.316765190151727],[120.54035971166235,-27.31676499819729],[120.53958780080278,-27.315234092669765],[120.53544005525549,-27.307005840891822],[120.5283397252316,-27.28330584542435],[120.51667135709062,-27.28321530045653]]]},"properties":{"fmt_tenid":"M 36/676","type":"MINING LEASE","tenstatus":"LIVE","holder1":"BHP NICKEL WEST PTY LTD","holder2":" ","legal_area":627.55,"unit_of_me":"HA.","_colour":"#f5a520","_label":"Mining Lease"}},{"type":"Feature","geometry":{"type":"Polygon","coordinates":[[[120.58405534230138,-27.381236806203866],[120.5847427424594,-27.381344640234555],[120.5847426038629,-27.348680470839636],[120.58474239069015,-27.332013731901288],[120.58405534230138,-27.381236806203866]]]},"properties":{"fmt_tenid":"M 36/677","type":"MINING LEASE","tenstatus":"LIVE","holder1":"BHP NICKEL WEST PTY LTD","holder2":" ","legal_area":18.585,"unit_of_me":"HA.","_colour":"#f5a520","_label":"Mining Lease"}},{"type":"Feature","geometry":{"type":"Polygon","coordinates":[[[120.54195782465634,-27.291205191931116],[120.54087445256106,-27.29121612964294],[120.54095308926115,-27.30286023502503],[120.54102074486063,-27.31530184509918],[120.54742941661391,-27.315589936940743],[120.54882274305503,-27.315646297311797],[120.55662164684877,-27.31596150337347],[120.55708663600795,-27.315980282495584],[120.55705969227847,-27.314952090353582],[120.55677492220153,-27.304082858274725],[120.55659223081963,-27.297023580114995],[120.55649232653279,-27.293161705434375],[120.5564380048372,-27.291100673605133],[120.5501646097527,-27.291122059036276],[120.54195782465634,-27.291205191931116]]]},"properties":{"fmt_tenid":"M 36/9","type":"MINING LEASE","tenstatus":"LIVE","holder1":"BHP NICKEL WEST PTY LTD","holder2":" ","legal_area":424.9,"unit_of_me":"HA.","_colour":"#f5a520","_label":"Mining Lease"}},{"type":"Feature","geometry":{"type":"Polygon","coordinates":[[[119.14930998963244,-20.3451461606967],[119.14593232917991,-20.344481385861553],[119.14551516566743,-20.34636754672841],[119.1489005220313,-20.347034150174245],[119.14930998963244,-20.3451461606967]]]},"properties":{"fmt_tenid":"M 45/100","type":"MINING LEASE","tenstatus":"LIVE","holder1":"BHP MINERALS PTY LTD","holder2":"ITOCHU MINERALS & ENERGY OF AUSTRALIA PTY LTD","legal_area":7.695,"unit_of_me":"HA.","_colour":"#f5a520","_label":"Mining Lease"}},{"type":"Feature","geometry":{"type":"Polygon","coordinates":[[[119.15269502104043,-20.345815105359993],[119.14930998963244,-20.3451461606967],[119.1489005220313,-20.347034150174245],[119.1522776251375,-20.347701437254212],[119.15239615338237,-20.347165781726382],[119.15269502104043,-20.345815105359993]]]},"properties":{"fmt_tenid":"M 45/101","type":"MINING LEASE","tenstatus":"LIVE","holder1":"BHP MINERALS PTY LTD","holder2":"ITOCHU MINERALS & ENERGY OF AUSTRALIA PTY LTD","legal_area":7.6955,"unit_of_me":"HA.","_colour":"#f5a520","_label":"Mining Lease"}},{"type":"Feature","geometry":{"type":"Polygon","coordinates":[[[120.2608473848317,-20.622090461861298],[120.26082127902738,-20.654969113387303],[120.27001051527462,-20.650515808896404],[120.28023344024712,-20.65061971382051],[120.28013808011737,-20.621988816071074],[120.2608473848317,-20.622090461861298]]]},"properties":{"fmt_tenid":"M 45/1015-I","type":"MINING LEASE","tenstatus":"LIVE","holder1":"BHP MINERALS PTY LTD","holder2":"ITOCHU MINERALS & ENERGY OF AUSTRALIA PTY LTD","legal_area":660,"unit_of_me":"HA.","_colour":"#f5a520","_label":"Mining Lease"}},{"type":"Feature","geometry":{"type":"Polygon","coordinates":[[[120.28013808011737,-20.621988816071074],[120.28023344024712,-20.65061971382051],[120.29264840004944,-20.650780331806374],[120.31666667504904,-20.650918087268316],[120.31711229801805,-20.65092061310306],[120.317111662659,-20.6221074786805],[120.31297688893405,-20.622107304396785],[120.31315371607478,-20.630220858018756],[120.30046781666375,-20.631192993818022],[120.30250963666717,-20.636279805481646],[120.2973315632348,-20.63770999245685],[120.29369395118499,-20.63940336154511],[120.29243562766212,-20.633091793067024],[120.29864644441143,-20.6329046117373],[120.29903326403206,-20.631302862790534],[120.293763417,-20.631706370880313],[120.29451071081425,-20.62210532986339],[120.29316208512394,-20.62210510265641],[120.28013808011737,-20.621988816071074]]]},"properties":{"fmt_tenid":"M 45/1016-I","type":"MINING LEASE","tenstatus":"LIVE","holder1":"BHP MINERALS PTY LTD","holder2":"ITOCHU MINERALS & ENERGY OF AUSTRALIA PTY LTD","legal_area":976.8,"unit_of_me":"HA.","_colour":"#f5a520","_label":"Mining Lease"}},{"type":"Feature","geometry":{"type":"Polygon","coordinates":[[[120.29264840004944,-20.650780331806374],[120.29224204895014,-20.67308845531127],[120.29677131301352,-20.680831288849973],[120.31666675977331,-20.672516958505472],[120.31666667504904,-20.650918087268316],[120.29264840004944,-20.650780331806374]]]},"properties":{"fmt_tenid":"M 45/1017-I","type":"MINING LEASE","tenstatus":"LIVE","holder1":"BHP MINERALS PTY LTD","holder2":"ITOCHU MINERALS & ENERGY OF AUSTRALIA PTY LTD","legal_area":724,"unit_of_me":"HA.","_colour":"#f5a520","_label":"Mining Lease"}},{"type":"Feature","geometry":{"type":"Polygon","coordinates":[[[120.29316462691655,-20.595811225878364],[120.29316419032192,-20.600349839930004],[120.31280608548558,-20.600349400090515],[120.31280563300126,-20.59584189156349],[120.29316462691655,-20.595811225878364]]]},"properties":{"fmt_tenid":"M 45/1018-I","type":"MINING LEASE","tenstatus":"LIVE","holder1":"BHP MINERALS PTY LTD","holder2":"ITOCHU MINERALS & ENERGY OF AUSTRALIA PTY LTD","legal_area":102.55,"unit_of_me":"HA.","_colour":"#f5a520","_label":"Mining Lease"}},{"type":"Feature","geometry":{"type":"Polygon","coordinates":[[[120.23958198542576,-20.534287564427245],[120.25209628350655,-20.5441784020609],[120.25301598545386,-20.54490521251085],[120.24456094025979,-20.55439456105001],[120.23366107584549,-20.545778169862107],[120.23428745487881,-20.54684235384287],[120.2350548869163,-20.54786694346761],[120.23858672504244,-20.55207794096296],[120.2402902580915,-20.5537171535489],[120.24232214515543,-20.55498169558685],[120.26355483403958,-20.565336806510015],[120.26355493420373,-20.534291282800083],[120.23958198542576,-20.534287564427245]]]},"properties":{"fmt_tenid":"M 45/1019-I","type":"MINING LEASE","tenstatus":"LIVE","holder1":"BHP MINERALS PTY LTD","holder2":"ITOCHU MINERALS & ENERGY OF AUSTRALIA PTY LTD","legal_area":535.65,"unit_of_me":"HA.","_colour":"#f5a520","_label":"Mining Lease"}},{"type":"Feature","geometry":{"type":"Polygon","coordinates":[[[120.29451071081425,-20.62210532986339],[120.293763417,-20.631706370880313],[120.29903326403206,-20.631302862790534],[120.30046781666375,-20.631192993818022],[120.31315371607478,-20.630220858018756],[120.31297688893405,-20.622107304396785],[120.29451071081425,-20.62210532986339]]]},"properties":{"fmt_tenid":"M 45/558","type":"MINING LEASE","tenstatus":"LIVE","holder1":"BHP MINERALS PTY LTD","holder2":"ITOCHU MINERALS & ENERGY OF AUSTRALIA PTY LTD","legal_area":193.2,"unit_of_me":"HA.","_colour":"#f5a520","_label":"Mining Lease"}},{"type":"Feature","geometry":{"type":"Polygon","coordinates":[[[120.26947647745982,-20.60807296335904],[120.26759756920869,-20.610801150672028],[120.27760669595945,-20.614921676955525],[120.27845102407538,-20.609879455782263],[120.27979067830258,-20.60800649021801],[120.27815398301443,-20.606355771883383],[120.27708701458127,-20.60531684410293],[120.26947647745982,-20.60807296335904]]]},"properties":{"fmt_tenid":"M 45/573","type":"MINING LEASE","tenstatus":"LIVE","holder1":"BHP MINERALS PTY LTD","holder2":"ITOCHU MINERALS & ENERGY OF AUSTRALIA PTY LTD","legal_area":74.46,"unit_of_me":"HA.","_colour":"#f5a520","_label":"Mining Lease"}},{"type":"Feature","geometry":{"type":"Polygon","coordinates":[[[120.27708701458127,-20.60531684410293],[120.27815398301443,-20.606355771883383],[120.27979067830258,-20.60800649021801],[120.27845102407538,-20.609879455782263],[120.27760669595945,-20.614921676955525],[120.28122397626566,-20.614621350415582],[120.27924358546547,-20.610016738817865],[120.28040723199078,-20.60921956777195],[120.28436056016702,-20.604448191248657],[120.28248513074317,-20.60404631171851],[120.27708701458127,-20.60531684410293]]]},"properties":{"fmt_tenid":"M 45/592","type":"MINING LEASE","tenstatus":"LIVE","holder1":"BHP MINERALS PTY LTD","holder2":"ITOCHU MINERALS & ENERGY OF AUSTRALIA PTY LTD","legal_area":34.09,"unit_of_me":"HA.","_colour":"#f5a520","_label":"Mining Lease"}},{"type":"Feature","geometry":{"type":"Polygon","coordinates":[[[120.29243562766212,-20.633091793067024],[120.29369395118499,-20.63940336154511],[120.2973315632348,-20.63770999245685],[120.30250963666717,-20.636279805481646],[120.30046781666375,-20.631192993818022],[120.29903326403206,-20.631302862790534],[120.29864644441143,-20.6329046117373],[120.29243562766212,-20.633091793067024]]]},"properties":{"fmt_tenid":"M 45/594","type":"MINING LEASE","tenstatus":"LIVE","holder1":"BHP MINERALS PTY LTD","holder2":"ITOCHU MINERALS & ENERGY OF AUSTRALIA PTY LTD","legal_area":53.485,"unit_of_me":"HA.","_colour":"#f5a520","_label":"Mining Lease"}},{"type":"Feature","geometry":{"type":"Polygon","coordinates":[[[118.98924604975527,-22.0962040757888],[118.99690494483822,-22.107717875689747],[119.00514221958082,-22.10295890740795],[118.99748272362929,-22.091445962226498],[118.98924604975527,-22.0962040757888]]]},"properties":{"fmt_tenid":"M 45/629","type":"MINING LEASE","tenstatus":"LIVE","holder1":"BHP MINERALS PTY LTD","holder2":"ITOCHU MINERALS & ENERGY OF AUSTRALIA PTY LTD","legal_area":150,"unit_of_me":"HA.","_colour":"#f5a520","_label":"Mining Lease"}},{"type":"Feature","geometry":{"type":"Polygon","coordinates":[[[118.58993028984334,-20.440870149816096],[118.58883399999341,-20.442986969970697],[118.58988443276826,-20.4434702731634],[118.59015700248703,-20.44294405487741],[118.59068252706913,-20.44192947625868],[118.59116586490592,-20.440996328611227],[118.59011529200369,-20.440512923583164],[118.58993028984334,-20.440870149816096]]]},"properties":{"fmt_tenid":"M 45/94","type":"MINING LEASE","tenstatus":"LIVE","holder1":"BHP MINERALS PTY LTD","holder2":"ITOCHU MINERALS & ENERGY OF AUSTRALIA PTY LTD","legal_area":3.717,"unit_of_me":"HA.","_colour":"#f5a520","_label":"Mining Lease"}},{"type":"Feature","geometry":{"type":"Polygon","coordinates":[[[118.58792842882022,-20.4545195390298],[118.58679248247293,-20.454267202034416],[118.58652214452368,-20.45534814084517],[118.58625677548613,-20.456409209664237],[118.58739281011266,-20.456661566640005],[118.58792842882022,-20.4545195390298]]]},"properties":{"fmt_tenid":"M 45/95","type":"MINING LEASE","tenstatus":"LIVE","holder1":"BHP MINERALS PTY LTD","holder2":"ITOCHU MINERALS & ENERGY OF AUSTRALIA PTY LTD","legal_area":2.967,"unit_of_me":"HA.","_colour":"#f5a520","_label":"Mining Lease"}},{"type":"Feature","geometry":{"type":"Polygon","coordinates":[[[118.7080268385492,-20.419253557453736],[118.7098662652661,-20.417488514169438],[118.70799145928714,-20.41575205683976],[118.70615186757172,-20.41751722611887],[118.7080268385492,-20.419253557453736]]]},"properties":{"fmt_tenid":"M 45/96","type":"MINING LEASE","tenstatus":"LIVE","holder1":"BHP MINERALS PTY LTD","holder2":"ITOCHU MINERALS & ENERGY OF AUSTRALIA PTY LTD","legal_area":7.514,"unit_of_me":"HA.","_colour":"#f5a520","_label":"Mining Lease"}},{"type":"Feature","geometry":{"type":"Polygon","coordinates":[[[118.99451667850617,-20.346996963712282],[118.9922975811122,-20.345670083410635],[118.99089124460812,-20.347762818091216],[118.99311017813099,-20.34908942851837],[118.99451667850617,-20.346996963712282]]]},"properties":{"fmt_tenid":"M 45/97","type":"MINING LEASE","tenstatus":"LIVE","holder1":"BHP MINERALS PTY LTD","holder2":"ITOCHU MINERALS & ENERGY OF AUSTRALIA PTY LTD","legal_area":7.5255,"unit_of_me":"HA.","_colour":"#f5a520","_label":"Mining Lease"}},{"type":"Feature","geometry":{"type":"Polygon","coordinates":[[[119.2014306020903,-20.330254190775495],[119.20312527465569,-20.328360389751243],[119.20111752576886,-20.326762609170515],[119.19942326588775,-20.328656038067226],[119.2014306020903,-20.330254190775495]]]},"properties":{"fmt_tenid":"M 45/99","type":"MINING LEASE","tenstatus":"LIVE","holder1":"BHP MINERALS PTY LTD","holder2":"ITOCHU MINERALS & ENERGY OF AUSTRALIA PTY LTD","legal_area":7.5255,"unit_of_me":"HA.","_colour":"#f5a520","_label":"Mining Lease"}},{"type":"Feature","geometry":{"type":"Polygon","coordinates":[[[119.12902638317182,-22.60402582793046],[119.12924457295952,-22.60485044750071],[119.13000935076906,-22.604538090836545],[119.12978447696914,-22.603742509238145],[119.12902638317182,-22.60402582793046]]]},"properties":{"fmt_tenid":"M 47/283","type":"MINING LEASE","tenstatus":"LIVE","holder1":"BHP MINERALS PTY LTD","holder2":"ITOCHU MINERALS & ENERGY OF AUSTRALIA PTY LTD","legal_area":0.7775000000000001,"unit_of_me":"HA.","_colour":"#f5a520","_label":"Mining Lease"}},{"type":"Feature","geometry":{"type":"Polygon","coordinates":[[[119.12771400840673,-22.60676016710653],[119.12803490229587,-22.607295160871136],[119.12904942096168,-22.606634190445217],[119.12902207298335,-22.606002236798524],[119.12771400840673,-22.60676016710653]]]},"properties":{"fmt_tenid":"M 47/284","type":"MINING LEASE","tenstatus":"LIVE","holder1":"BHP MINERALS PTY LTD","holder2":"ITOCHU MINERALS & ENERGY OF AUSTRALIA PTY LTD","legal_area":0.9125000000000001,"unit_of_me":"HA.","_colour":"#f5a520","_label":"Mining Lease"}},{"type":"Feature","geometry":{"type":"Polygon","coordinates":[[[119.10003478178835,-22.61561316079964],[119.09712436689301,-22.616730200544325],[119.09732085075416,-22.61704755040924],[119.1039677791902,-22.61533942477129],[119.10356704573144,-22.614317892189305],[119.10003478178835,-22.61561316079964]]]},"properties":{"fmt_tenid":"M 47/289","type":"MINING LEASE","tenstatus":"LIVE","holder1":"BHP MINERALS PTY LTD","holder2":"ITOCHU MINERALS & ENERGY OF AUSTRALIA PTY LTD","legal_area":5.79,"unit_of_me":"HA.","_colour":"#f5a520","_label":"Mining Lease"}},{"type":"Feature","geometry":{"type":"Polygon","coordinates":[[[119.08245749271015,-22.63731579167121],[119.08343271292459,-22.637342245018306],[119.08428533397213,-22.633905952978395],[119.08351142739025,-22.633581780935927],[119.08245749271015,-22.63731579167121]]]},"properties":{"fmt_tenid":"M 47/290","type":"MINING LEASE","tenstatus":"LIVE","holder1":"BHP MINERALS PTY LTD","holder2":"ITOCHU MINERALS & ENERGY OF AUSTRALIA PTY LTD","legal_area":3.76,"unit_of_me":"HA.","_colour":"#f5a520","_label":"Mining Lease"}},{"type":"Feature","geometry":{"type":"Polygon","coordinates":[[[119.10136177382093,-22.616984650372263],[119.10147833262977,-22.61744935615901],[119.10352374746049,-22.617870953432345],[119.10341500801073,-22.616491921086656],[119.10136177382093,-22.616984650372263]]]},"properties":{"fmt_tenid":"M 47/291","type":"MINING LEASE","tenstatus":"LIVE","holder1":"BHP MINERALS PTY LTD","holder2":"ITOCHU MINERALS & ENERGY OF AUSTRALIA PTY LTD","legal_area":2.156,"unit_of_me":"HA.","_colour":"#f5a520","_label":"Mining Lease"}},{"type":"Feature","geometry":{"type":"Polygon","coordinates":[[[117.24999999969536,-22.949999999798422],[117.23333333299294,-22.950000000233818],[117.21666666748123,-22.950000000497077],[117.19999999991167,-22.950000000481275],[117.20000000034766,-22.966666667108367],[117.21666666693955,-22.96666666704171],[117.23333333279149,-22.96666666684788],[117.24999999950822,-22.9666666673598],[117.24999999969536,-22.949999999798422]]]},"properties":{"fmt_tenid":"M 47/683-I","type":"MINING LEASE","tenstatus":"LIVE","holder1":"BHP MINERALS PTY LTD","holder2":"ITOCHU MINERALS & ENERGY OF AUSTRALIA PTY LTD","legal_area":945.6869,"unit_of_me":"HA.","_colour":"#f5a520","_label":"Mining Lease"}},{"type":"Feature","geometry":{"type":"Polygon","coordinates":[[[117.24999999969536,-22.949999999798422],[117.24999999972518,-22.933333332989424],[117.25000000045493,-22.91666666679381],[117.24999999501429,-22.904446003778805],[117.23333333295065,-22.901013320523656],[117.23333333279889,-22.91666666710771],[117.23333333345423,-22.93333333317888],[117.23333333299294,-22.950000000233818],[117.24999999969536,-22.949999999798422]]]},"properties":{"fmt_tenid":"M 47/684-I","type":"MINING LEASE","tenstatus":"LIVE","holder1":"BHP MINERALS PTY LTD","holder2":"ITOCHU MINERALS & ENERGY OF AUSTRALIA PTY LTD","legal_area":886.3322,"unit_of_me":"HA.","_colour":"#f5a520","_label":"Mining Lease"}},{"type":"Feature","geometry":{"type":"Polygon","coordinates":[[[117.19061766569534,-22.966666667784004],[117.27160595239472,-22.983333333446765],[117.27849462330101,-22.984750960274084],[117.27883406430875,-22.98333333167931],[117.28081578165973,-22.975057141552526],[117.28282485961668,-22.966666666768653],[117.26666666662643,-22.966666667440993],[117.24999999950822,-22.9666666673598],[117.23333333279149,-22.96666666684788],[117.21666666693955,-22.96666666704171],[117.20000000034766,-22.966666667108367],[117.19061766569534,-22.966666667784004]]]},"properties":{"fmt_tenid":"M 47/685-I","type":"MINING LEASE","tenstatus":"LIVE","holder1":"BHP MINERALS PTY LTD","holder2":"ITOCHU MINERALS & ENERGY OF AUSTRALIA PTY LTD","legal_area":990.0802,"unit_of_me":"HA.","_colour":"#f5a520","_label":"Mining Lease"}},{"type":"Feature","geometry":{"type":"Polygon","coordinates":[[[117.24999999969536,-22.949999999798422],[117.24999999950822,-22.9666666673598],[117.26666666662643,-22.966666667440993],[117.28282485961668,-22.966666666768653],[117.28333333319104,-22.966666666961082],[117.28333332892234,-22.964543151686748],[117.28333333286434,-22.95000000008549],[117.26666666725582,-22.950000000243953],[117.24999999969536,-22.949999999798422]]]},"properties":{"fmt_tenid":"M 47/686-I","type":"MINING LEASE","tenstatus":"LIVE","holder1":"BHP MINERALS PTY LTD","holder2":"ITOCHU MINERALS & ENERGY OF AUSTRALIA PTY LTD","legal_area":630.2304,"unit_of_me":"HA.","_colour":"#f5a520","_label":"Mining Lease"}},{"type":"Feature","geometry":{"type":"Polygon","coordinates":[[[117.24999999969536,-22.949999999798422],[117.26666666725582,-22.950000000243953],[117.266666666714,-22.93333333326024],[117.26666666730314,-22.91666666712564],[117.26666666664045,-22.90787869065687],[117.24999999501429,-22.904446003778805],[117.25000000045493,-22.91666666679381],[117.24999999972518,-22.933333332989424],[117.24999999969536,-22.949999999798422]]]},"properties":{"fmt_tenid":"M 47/687-I","type":"MINING LEASE","tenstatus":"LIVE","holder1":"BHP MINERALS PTY LTD","holder2":"ITOCHU MINERALS & ENERGY OF AUSTRALIA PTY LTD","legal_area":821.6667,"unit_of_me":"HA.","_colour":"#f5a520","_label":"Mining Lease"}},{"type":"Feature","geometry":{"type":"Polygon","coordinates":[[[117.28333333286434,-22.95000000008549],[117.28333333301924,-22.933333333076153],[117.29080641189897,-22.933333441808117],[117.29112099085904,-22.93201967187483],[117.28466093236939,-22.93202065204937],[117.28467722293566,-22.9153532178428],[117.2680104300481,-22.915353001019557],[117.26801030681368,-22.90815542760283],[117.26666666664045,-22.90787869065687],[117.26666666730314,-22.91666666712564],[117.266666666714,-22.93333333326024],[117.26666666725582,-22.950000000243953],[117.28333333286434,-22.95000000008549]]]},"properties":{"fmt_tenid":"M 47/688-I","type":"MINING LEASE","tenstatus":"LIVE","holder1":"BHP MINERALS PTY LTD","holder2":"ITOCHU MINERALS & ENERGY OF AUSTRALIA PTY LTD","legal_area":703.1096,"unit_of_me":"HA.","_colour":"#f5a520","_label":"Mining Lease"}},{"type":"Feature","geometry":{"type":"Polygon","coordinates":[[[117.28333332892234,-22.964543151686748],[117.29080641189897,-22.933333441808117],[117.28333333301924,-22.933333333076153],[117.2833333368643,-22.950000000085446],[117.28333332892234,-22.964543151686748]]]},"properties":{"fmt_tenid":"M 47/689-I","type":"MINING LEASE","tenstatus":"LIVE","holder1":"BHP MINERALS PTY LTD","holder2":"ITOCHU MINERALS & ENERGY OF AUSTRALIA PTY LTD","legal_area":139.3784,"unit_of_me":"HA.","_colour":"#f5a520","_label":"Mining Lease"}},{"type":"Feature","geometry":{"type":"Polygon","coordinates":[[[117.2013436208354,-22.89442468075269],[117.20134373857991,-22.89868552031576],[117.21801026429486,-22.89868585432575],[117.2220332143495,-22.898685938830926],[117.2013436208354,-22.89442468075269]]]},"properties":{"fmt_tenid":"M 47/690-I","type":"MINING LEASE","tenstatus":"LIVE","holder1":"BHP MINERALS PTY LTD","holder2":"ITOCHU MINERALS & ENERGY OF AUSTRALIA PTY LTD","legal_area":40.1982,"unit_of_me":"HA.","_colour":"#f5a520","_label":"Mining Lease"}},{"type":"Feature","geometry":{"type":"Polygon","coordinates":[[[117.26801030681368,-22.90815542760283],[117.2680104300481,-22.915353001019557],[117.28467722293566,-22.9153532178428],[117.28467746936232,-22.93201957104056],[117.29112099085904,-22.93201967187483],[117.29548047944891,-22.913813215151475],[117.26801030681368,-22.90815542760283]]]},"properties":{"fmt_tenid":"M 47/691-I","type":"MINING LEASE","tenstatus":"LIVE","holder1":"BHP MINERALS PTY LTD","holder2":"ITOCHU MINERALS & ENERGY OF AUSTRALIA PTY LTD","legal_area":287.6415,"unit_of_me":"HA.","_colour":"#f5a520","_label":"Mining Lease"}},{"type":"Feature","geometry":{"type":"Polygon","coordinates":[[[120.34458690650982,-26.869424355809198],[120.34866711885991,-26.880104239080488],[120.34949152896463,-26.882261880198],[120.35718837426283,-26.87965822068915],[120.35783726826115,-26.88102969649977],[120.3716732242254,-26.87630275623417],[120.37454201635961,-26.88310325286387],[120.3773990074323,-26.88994094335707],[120.39152961717465,-26.885174309114912],[120.38887077834285,-26.878762307404866],[120.38869518966021,-26.878338835375974],[120.38588301254856,-26.871494308170952],[120.38466720048822,-26.868542865233113],[120.38335131547673,-26.865348418402803],[120.38309310181725,-26.864721542368994],[120.38329260223783,-26.864650589336108],[120.38063850806012,-26.858274869335954],[120.37992056856056,-26.858490871531984],[120.37195013133578,-26.860888557716276],[120.3660500932605,-26.86263034061024],[120.35261002576868,-26.86665148557233],[120.34858379300432,-26.868071579557125],[120.34804438030716,-26.868416507557946],[120.34794274836581,-26.868288842578902],[120.34458690650982,-26.869424355809198]]]},"properties":{"fmt_tenid":"M 53/100","type":"MINING LEASE","tenstatus":"LIVE","holder1":"BHP NICKEL WEST PTY LTD","holder2":" ","legal_area":847.95,"unit_of_me":"HA.","_colour":"#f5a520","_label":"Mining Lease"}},{"type":"Feature","geometry":{"type":"Polygon","coordinates":[[[120.40137847153613,-26.898632885135978],[120.40140561147611,-26.90875658434232],[120.40321290394132,-26.91273640078533],[120.40589914415357,-26.919199740596436],[120.40564064861385,-26.91928618460581],[120.40829656366544,-26.926312827539324],[120.41064210939338,-26.93202879808071],[120.41803901217206,-26.93200052925309],[120.43468832514526,-26.93199446126424],[120.43469805425794,-26.915375462749893],[120.41801605186176,-26.915397286071393],[120.41793565221319,-26.8986183612536],[120.40137847153613,-26.898632885135978]]]},"properties":{"fmt_tenid":"M 53/1086","type":"MINING LEASE","tenstatus":"LIVE","holder1":"BHP NICKEL WEST PTY LTD","holder2":" ","legal_area":794.4,"unit_of_me":"HA.","_colour":"#f5a520","_label":"Mining Lease"}},{"type":"Feature","geometry":{"type":"Polygon","coordinates":[[[120.33640743459588,-26.88694826968603],[120.33401324057236,-26.88828470930071],[120.33333333232248,-26.887386599197217],[120.33333333107545,-26.91666666432527],[120.34696293870803,-26.91666666634221],[120.35000000022232,-26.91666667431053],[120.35582347950168,-26.91666666693003],[120.34579624145138,-26.894405228665722],[120.34532387789551,-26.89409597685469],[120.34279031593175,-26.89240025694478],[120.34051758169274,-26.89047861116801],[120.33831111166941,-26.888443039531285],[120.33640743459588,-26.88694826968603]]]},"properties":{"fmt_tenid":"M 53/1114","type":"MINING LEASE","tenstatus":"LIVE","holder1":"BHP NICKEL WEST PTY LTD","holder2":" ","legal_area":488.26743,"unit_of_me":"HA.","_colour":"#f5a520","_label":"Mining Lease"}},{"type":"Feature","geometry":{"type":"Polygon","coordinates":[[[120.54804932744358,-27.198421715576952],[120.55070487487282,-27.210380962435007],[120.55428961273026,-27.228143675135335],[120.57866607937703,-27.223837390667327],[120.58829878932366,-27.222134585952713],[120.58456709997422,-27.207930512484104],[120.58412011705131,-27.206229391798498],[120.58274827636649,-27.20100813263138],[120.57260542124506,-27.200735779008227],[120.56818629978352,-27.200616775878718],[120.5680810167238,-27.198513114819672],[120.54804932744358,-27.198421715576952]]]},"properties":{"fmt_tenid":"M 53/165","type":"MINING LEASE","tenstatus":"LIVE","holder1":"BHP NICKEL WEST PTY LTD","holder2":" ","legal_area":977.5,"unit_of_me":"HA.","_colour":"#f5a520","_label":"Mining Lease"}},{"type":"Feature","geometry":{"type":"Polygon","coordinates":[[[120.5857344180336,-27.259324780988326],[120.57866607937703,-27.223837390667327],[120.55428961273026,-27.228143675135335],[120.55647847940338,-27.236901212869892],[120.56203848563128,-27.26351210972644],[120.5857344180336,-27.259324780988326]]]},"properties":{"fmt_tenid":"M 53/166","type":"MINING LEASE","tenstatus":"LIVE","holder1":"BHP NICKEL WEST PTY LTD","holder2":" ","legal_area":964,"unit_of_me":"HA.","_colour":"#f5a520","_label":"Mining Lease"}},{"type":"Feature","geometry":{"type":"Polygon","coordinates":[[[120.52136248858548,-27.26096071384969],[120.52373387179074,-27.2700231657158],[120.52379419565452,-27.270253680604217],[120.52439826375026,-27.270145762199725],[120.53734020291378,-27.26783298327058],[120.52966268064873,-27.23240345619623],[120.52199770565319,-27.19697627682324],[120.51941163471255,-27.19742864763008],[120.52057083284537,-27.206758779963863],[120.51251066670608,-27.207534124856096],[120.51416507731506,-27.22102572144593],[120.52136248858548,-27.26096071384969]]]},"properties":{"fmt_tenid":"M 53/167","type":"MINING LEASE","tenstatus":"LIVE","holder1":"BHP NICKEL WEST PTY LTD","holder2":" ","legal_area":952.95,"unit_of_me":"HA.","_colour":"#f5a520","_label":"Mining Lease"}},{"type":"Feature","geometry":{"type":"Polygon","coordinates":[[[120.59057141978754,-27.204399454371217],[120.58753358239004,-27.204449066204123],[120.58755448424164,-27.206155115818124],[120.58756560669538,-27.207063079612315],[120.59059603857911,-27.207074380156506],[120.59057141978754,-27.204399454371217]]]},"properties":{"fmt_tenid":"M 53/187","type":"MINING LEASE","tenstatus":"LIVE","holder1":"BHP NICKEL WEST PTY LTD","holder2":" ","legal_area":8.8105,"unit_of_me":"HA.","_colour":"#f5a520","_label":"Mining Lease"}},{"type":"Feature","geometry":{"type":"Polygon","coordinates":[[[120.58256316755161,-27.236443528675498],[120.58256426958927,-27.24341621884716],[120.58324685319138,-27.246843803750473],[120.59307882712292,-27.246959352783733],[120.59318270235494,-27.23986389486183],[120.59323091769376,-27.236570131667634],[120.58256316755161,-27.236443528675498]]]},"properties":{"fmt_tenid":"M 53/208","type":"MINING LEASE","tenstatus":"LIVE","holder1":"BHP NICKEL WEST PTY LTD","holder2":" ","legal_area":119.5,"unit_of_me":"HA.","_colour":"#f5a520","_label":"Mining Lease"}},{"type":"Feature","geometry":{"type":"Polygon","coordinates":[[[120.60996953357316,-27.211555838283147],[120.58542114956651,-27.211180691572704],[120.58829878932366,-27.222134585952713],[120.57866607937703,-27.223837390667327],[120.58256426958927,-27.24341621884716],[120.58256316755161,-27.236443528675498],[120.59323091769376,-27.236570131667634],[120.60947827448152,-27.236677275867134],[120.60996953357316,-27.211555838283147]]]},"properties":{"fmt_tenid":"M 53/215","type":"MINING LEASE","tenstatus":"LIVE","holder1":"BHP NICKEL WEST PTY LTD","holder2":" ","legal_area":740.95,"unit_of_me":"HA.","_colour":"#f5a520","_label":"Mining Lease"}},{"type":"Feature","geometry":{"type":"Polygon","coordinates":[[[120.59323091769376,-27.236570131667634],[120.59318270235494,-27.23986389486183],[120.59307882712292,-27.246959352783733],[120.58324685319138,-27.246843803750473],[120.5857344180336,-27.259324780988326],[120.6091483246985,-27.25943565549422],[120.60931900284581,-27.246852742187613],[120.60947827448152,-27.236677275867134],[120.59323091769376,-27.236570131667634]]]},"properties":{"fmt_tenid":"M 53/216","type":"MINING LEASE","tenstatus":"LIVE","holder1":"BHP NICKEL WEST PTY LTD","holder2":" ","legal_area":521.8,"unit_of_me":"HA.","_colour":"#f5a520","_label":"Mining Lease"}},{"type":"Feature","geometry":{"type":"Polygon","coordinates":[[[120.60882919081789,-27.280917708988994],[120.6091483246985,-27.25943565549422],[120.5857344180336,-27.259324780988326],[120.56678761544156,-27.262673160534234],[120.56647277100839,-27.280170745984208],[120.58589139545042,-27.280475546523334],[120.60882919081789,-27.280917708988994]]]},"properties":{"fmt_tenid":"M 53/217","type":"MINING LEASE","tenstatus":"LIVE","holder1":"BHP NICKEL WEST PTY LTD","holder2":" ","legal_area":948.8,"unit_of_me":"HA.","_colour":"#f5a520","_label":"Mining Lease"}},{"type":"Feature","geometry":{"type":"Polygon","coordinates":[[[120.56203848563128,-27.26351210972644],[120.55469655459058,-27.264796983468592],[120.55596687965607,-27.286381270913395],[120.56027678826312,-27.286560640949727],[120.5612122138029,-27.28957785895443],[120.56163564875088,-27.296787260485246],[120.55659223081963,-27.297023580114995],[120.55677492220153,-27.304082858274725],[120.58533802697272,-27.30452132777297],[120.58589139545042,-27.280475546523334],[120.56647277100839,-27.280170745984208],[120.56678761544156,-27.262673160534234],[120.56203848563128,-27.26351210972644]]]},"properties":{"fmt_tenid":"M 53/218","type":"MINING LEASE","tenstatus":"LIVE","holder1":"BHP NICKEL WEST PTY LTD","holder2":" ","legal_area":924.55,"unit_of_me":"HA.","_colour":"#f5a520","_label":"Mining Lease"}},{"type":"Feature","geometry":{"type":"Polygon","coordinates":[[[120.457692496775,-27.088644223760095],[120.4608932142322,-27.096119322194536],[120.46006609170179,-27.0964021745241],[120.45248389360893,-27.098994855024223],[120.44490257603546,-27.101586886433847],[120.45036437087494,-27.114452123608153],[120.4562410973475,-27.111910711792614],[120.45692968851564,-27.111613112049593],[120.45766663372756,-27.111294605349478],[120.46282792613653,-27.109063698169013],[120.46286138119119,-27.109124805178944],[120.47022492916456,-27.10594136980975],[120.47019177816911,-27.105880130898573],[120.47747600912733,-27.102731060998295],[120.48475533131437,-27.099583225093753],[120.47773644498419,-27.086959179948586],[120.47731436950166,-27.087098564768684],[120.4765721474427,-27.08735624220868],[120.47463035572656,-27.082823202687937],[120.457692496775,-27.088644223760095]]]},"properties":{"fmt_tenid":"M 53/238","type":"MINING LEASE","tenstatus":"LIVE","holder1":"BHP NICKEL WEST PTY LTD","holder2":" ","legal_area":673.15,"unit_of_me":"HA.","_colour":"#f5a520","_label":"Mining Lease"}},{"type":"Feature","geometry":{"type":"Polygon","coordinates":[[[120.48475533131437,-27.099583225093753],[120.47747600912733,-27.102731060998295],[120.47019177816911,-27.105880130898573],[120.47022492916456,-27.10594136980975],[120.46286138119119,-27.109124805178944],[120.46282792613653,-27.109063698169013],[120.45766663372756,-27.111294605349478],[120.45692968851564,-27.111613112049593],[120.46293726997746,-27.12413509232242],[120.46952699739205,-27.12129863747622],[120.47683344985471,-27.118147931115058],[120.48380250207565,-27.115141901313713],[120.4906295517024,-27.127340399961128],[120.49503893758336,-27.125287860475932],[120.4883101409318,-27.113197933343745],[120.48807635964653,-27.105671588349523],[120.48475533131437,-27.099583225093753]]]},"properties":{"fmt_tenid":"M 53/239","type":"MINING LEASE","tenstatus":"LIVE","holder1":"BHP NICKEL WEST PTY LTD","holder2":" ","legal_area":529.15,"unit_of_me":"HA.","_colour":"#f5a520","_label":"Mining Lease"}},{"type":"Feature","geometry":{"type":"Polygon","coordinates":[[[120.47584031473616,-27.14927646711432],[120.4829179685079,-27.145745547119752],[120.47622142960124,-27.133524000319873],[120.48280016573126,-27.130700731805515],[120.48348315975518,-27.1304076196441],[120.4906295517024,-27.127340399961128],[120.48380250207565,-27.115141901313713],[120.47683344985471,-27.118147931115058],[120.46952699739205,-27.12129863747622],[120.46293726997746,-27.12413509232242],[120.47584031473616,-27.14927646711432]]]},"properties":{"fmt_tenid":"M 53/240","type":"MINING LEASE","tenstatus":"LIVE","holder1":"BHP NICKEL WEST PTY LTD","holder2":" ","legal_area":470.45,"unit_of_me":"HA.","_colour":"#f5a520","_label":"Mining Lease"}},{"type":"Feature","geometry":{"type":"Polygon","coordinates":[[[120.47622142960124,-27.133524000319873],[120.4829179685079,-27.145745547119752],[120.48961363799228,-27.15795166376918],[120.49660426375556,-27.154943220052846],[120.4979375728568,-27.15729598999286],[120.50552616979037,-27.153976917679614],[120.50522106404634,-27.15342904205891],[120.51239356243416,-27.1502794349164],[120.51054046187095,-27.147032427145533],[120.50544928410022,-27.138110453633022],[120.50362082101734,-27.134901660234377],[120.49853916439002,-27.12598292363839],[120.49666261053059,-27.124531651711703],[120.49503893758336,-27.125287860475932],[120.4906295517024,-27.127340399961128],[120.48348315975518,-27.1304076196441],[120.48280016573126,-27.130700731805515],[120.47622142960124,-27.133524000319873]]]},"properties":{"fmt_tenid":"M 53/241","type":"MINING LEASE","tenstatus":"LIVE","holder1":"BHP NICKEL WEST PTY LTD","holder2":" ","legal_area":757.05,"unit_of_me":"HA.","_colour":"#f5a520","_label":"Mining Lease"}},{"type":"Feature","geometry":{"type":"Polygon","coordinates":[[[120.48839109446568,-27.16532486051188],[120.52326204237036,-27.16595797704059],[120.51476392890982,-27.15008904541296],[120.51239356243416,-27.1502794349164],[120.50522106404634,-27.15342904205891],[120.50552616979037,-27.153976917679614],[120.4979375728568,-27.15729598999286],[120.49660426375556,-27.154943220052846],[120.48961363799228,-27.15795166376918],[120.4829179685079,-27.145745547119752],[120.47584031473616,-27.14927646711432],[120.47514137003897,-27.14962610754276],[120.48839109446568,-27.16532486051188]]]},"properties":{"fmt_tenid":"M 53/242","type":"MINING LEASE","tenstatus":"LIVE","holder1":"BHP NICKEL WEST PTY LTD","holder2":" ","legal_area":519.85,"unit_of_me":"HA.","_colour":"#f5a520","_label":"Mining Lease"}},{"type":"Feature","geometry":{"type":"Polygon","coordinates":[[[120.41229823123243,-26.948845158357283],[120.42371643848728,-26.974169830899996],[120.4276047364184,-26.982791173966657],[120.43175581975484,-26.981288362559724],[120.4349737876071,-26.980123259986396],[120.44215587154713,-26.996052080300842],[120.44815811311,-27.00936339493695],[120.4525405632253,-27.00784703985749],[120.44683310615069,-26.995288032177957],[120.44109825525898,-26.982672739783936],[120.4380140225251,-26.97585339731879],[120.42983561202922,-26.97570018940179],[120.42813740671086,-26.97190716530334],[120.41707356492932,-26.947189472555973],[120.4165045950918,-26.947386229653862],[120.41396973079235,-26.948265084082166],[120.41229823123243,-26.948845158357283]]]},"properties":{"fmt_tenid":"M 53/243","type":"MINING LEASE","tenstatus":"LIVE","holder1":"BHP NICKEL WEST PTY LTD","holder2":" ","legal_area":401.75,"unit_of_me":"HA.","_colour":"#f5a520","_label":"Mining Lease"}},{"type":"Feature","geometry":{"type":"Polygon","coordinates":[[[120.61807396583252,-27.211620616071205],[120.60996953357316,-27.211555838283147],[120.60947827448152,-27.236677275867134],[120.60931900284581,-27.246852742187613],[120.62324710724094,-27.246908421805397],[120.62433058908745,-27.21673453224664],[120.62231929139205,-27.21165438894988],[120.61807396583252,-27.211620616071205]]]},"properties":{"fmt_tenid":"M 53/327","type":"MINING LEASE","tenstatus":"LIVE","holder1":"BHP NICKEL WEST PTY LTD","holder2":" ","legal_area":545.7,"unit_of_me":"HA.","_colour":"#f5a520","_label":"Mining Lease"}},{"type":"Feature","geometry":{"type":"Polygon","coordinates":[[[120.62324710724094,-27.246908421805397],[120.60931900284581,-27.246852742187613],[120.6091483246985,-27.25943565549422],[120.60882919081789,-27.280917708988994],[120.62258483615427,-27.281168194858225],[120.62324710724094,-27.246908421805397]]]},"properties":{"fmt_tenid":"M 53/328","type":"MINING LEASE","tenstatus":"LIVE","holder1":"BHP NICKEL WEST PTY LTD","holder2":" ","legal_area":518.8,"unit_of_me":"HA.","_colour":"#f5a520","_label":"Mining Lease"}},{"type":"Feature","geometry":{"type":"Polygon","coordinates":[[[120.3773990074323,-26.88994094335707],[120.38022575844607,-26.89670243145732],[120.38309431764294,-26.903584405122853],[120.36902312027654,-26.908131780413907],[120.3717996048484,-26.914737033499716],[120.37313672823996,-26.917917206243583],[120.37342602762737,-26.91860524540351],[120.37725117656477,-26.928764798136356],[120.37764525378805,-26.92863343315453],[120.39149582022324,-26.924015486789234],[120.40564064861385,-26.91928618460581],[120.40589914415357,-26.919199740596436],[120.40321290394132,-26.91273640078533],[120.40140561147611,-26.90875658434232],[120.40129456878746,-26.908512029231385],[120.40016470991706,-26.90602351417109],[120.40004896966181,-26.906058972181548],[120.39720027732317,-26.899222204895104],[120.39711731256814,-26.899023082841502],[120.39360067120711,-26.89198823173995],[120.39445625480599,-26.891686543783862],[120.3933021622869,-26.888903245524034],[120.39172838855427,-26.885107582129834],[120.39152961717465,-26.885174309114912],[120.3773990074323,-26.88994094335707]]]},"properties":{"fmt_tenid":"M 53/35","type":"MINING LEASE","tenstatus":"LIVE","holder1":"BHP NICKEL WEST PTY LTD","holder2":" ","legal_area":963.6,"unit_of_me":"HA.","_colour":"#f5a520","_label":"Mining Lease"}},{"type":"Feature","geometry":{"type":"Polygon","coordinates":[[[120.37764525378805,-26.92863343315453],[120.37725117656477,-26.928764798136356],[120.37803292412976,-26.93080848530112],[120.37982786815756,-26.9355006277128],[120.38253322477014,-26.942085222539728],[120.38308972670627,-26.941916416757113],[120.38372703057611,-26.943437874310263],[120.38610204095588,-26.94910743028362],[120.38559069746519,-26.949279227103126],[120.38803521765035,-26.955173296044755],[120.39391966588555,-26.95360821804116],[120.40276324777444,-26.951255617598868],[120.40653599716246,-26.950248948166973],[120.41396973079235,-26.948265084082166],[120.4165045950918,-26.947386229653862],[120.41341924609333,-26.939948852036217],[120.41463349692845,-26.939542625723895],[120.41197133078474,-26.933159613560154],[120.4112018327356,-26.933392816655925],[120.40829656366544,-26.926312827539324],[120.40564064861385,-26.91928618460581],[120.39149582022324,-26.924015486789234],[120.37764525378805,-26.92863343315453]]]},"properties":{"fmt_tenid":"M 53/36","type":"MINING LEASE","tenstatus":"LIVE","holder1":"BHP NICKEL WEST PTY LTD","holder2":" ","legal_area":962.95,"unit_of_me":"HA.","_colour":"#f5a520","_label":"Mining Lease"}},{"type":"Feature","geometry":{"type":"Polygon","coordinates":[[[120.44815811311,-27.00936339493695],[120.45192772597011,-27.017723345325326],[120.45376806554874,-27.02180489429303],[120.45784900421167,-27.02039307904283],[120.45254955623167,-27.007844043855652],[120.4525405632253,-27.00784703985749],[120.44815811311,-27.00936339493695]]]},"properties":{"fmt_tenid":"M 53/371","type":"MINING LEASE","tenstatus":"LIVE","holder1":"BHP NICKEL WEST PTY LTD","holder2":" ","legal_area":67.005,"unit_of_me":"HA.","_colour":"#f5a520","_label":"Mining Lease"}},{"type":"Feature","geometry":{"type":"Polygon","coordinates":[[[120.55596687965607,-27.286381270913395],[120.55616898672339,-27.289814499653588],[120.5612122138029,-27.28957785895443],[120.56027678826312,-27.286560640949727],[120.55596687965607,-27.286381270913395]]]},"properties":{"fmt_tenid":"M 53/410","type":"MINING LEASE","tenstatus":"LIVE","holder1":"BHP NICKEL WEST PTY LTD","holder2":" ","legal_area":16.565,"unit_of_me":"HA.","_colour":"#f5a520","_label":"Mining Lease"}},{"type":"Feature","geometry":{"type":"Polygon","coordinates":[[[120.43104760313689,-27.06914614456008],[120.43716996371089,-27.083487000908995],[120.44147283191515,-27.082021051932077],[120.45965618137618,-27.07582427110294],[120.47845231408957,-27.06941545729169],[120.47420900916357,-27.059120850107544],[120.47216070071622,-27.054274324154957],[120.4689388868459,-27.05544055919874],[120.4647197111155,-27.056967693910966],[120.45094042701396,-27.06195395643828],[120.4342074902146,-27.068004151379384],[120.43296196204363,-27.06845439629037],[120.43104760313689,-27.06914614456008]]]},"properties":{"fmt_tenid":"M 53/411","type":"MINING LEASE","tenstatus":"LIVE","holder1":"BHP NICKEL WEST PTY LTD","holder2":" ","legal_area":766.35,"unit_of_me":"HA.","_colour":"#f5a520","_label":"Mining Lease"}},{"type":"Feature","geometry":{"type":"Polygon","coordinates":[[[120.38335131547673,-26.865348418402803],[120.38466720048822,-26.868542865233113],[120.38588301254856,-26.871494308170952],[120.38869518966021,-26.878338835375974],[120.38887077834285,-26.878762307404866],[120.39152961717465,-26.885174309114912],[120.39172838855427,-26.885107582129834],[120.3933021622869,-26.888903245524034],[120.39445625480599,-26.891686543783862],[120.39360067120711,-26.89198823173995],[120.39711731256814,-26.899023082841502],[120.39720027732317,-26.899222204895104],[120.40004896966181,-26.906058972181548],[120.40016470991706,-26.90602351417109],[120.40129456878746,-26.908512029231385],[120.40140561147611,-26.90875658434232],[120.40137847153613,-26.898632885135978],[120.41793565221319,-26.8986183612536],[120.4180663955955,-26.88201431173385],[120.40139991120331,-26.882014680420063],[120.40135380474595,-26.86538294594503],[120.38335131547673,-26.865348418402803]]]},"properties":{"fmt_tenid":"M 53/458","type":"MINING LEASE","tenstatus":"LIVE","holder1":"BHP NICKEL WEST PTY LTD","holder2":" ","legal_area":739.95,"unit_of_me":"HA.","_colour":"#f5a520","_label":"Mining Lease"}},{"type":"Feature","geometry":{"type":"Polygon","coordinates":[[[120.49435498573598,-27.179921595739263],[120.50178269699454,-27.198096499845136],[120.50322873586462,-27.197458314796236],[120.50443302180805,-27.208321511524684],[120.50522552931331,-27.215426038873474],[120.5059185145142,-27.22163854837627],[120.5141531233204,-27.221026781454267],[120.51416507731506,-27.22102572144593],[120.51251066670608,-27.207534124856096],[120.52057083284537,-27.206758779963863],[120.51941163471255,-27.19742864763008],[120.5191253782806,-27.19512344308718],[120.51889020414542,-27.193229199423097],[120.51770560763471,-27.193342567924873],[120.5183990448149,-27.193052243187513],[120.5255710601475,-27.18997551487956],[120.53284650255156,-27.18661099181138],[120.52943745214456,-27.180574903138464],[120.5142633098031,-27.18029338103245],[120.49435498573598,-27.179921595739263]]]},"properties":{"fmt_tenid":"M 53/462","type":"MINING LEASE","tenstatus":"LIVE","holder1":"BHP NICKEL WEST PTY LTD","holder2":" ","legal_area":831.1,"unit_of_me":"HA.","_colour":"#f5a520","_label":"Mining Lease"}},{"type":"Feature","geometry":{"type":"Polygon","coordinates":[[[120.52326204237036,-27.16595797704059],[120.48839109446568,-27.16532486051188],[120.49435498573598,-27.179921595739263],[120.5142633098031,-27.18029338103245],[120.52943745214456,-27.180574903138464],[120.53373791428955,-27.18017013019528],[120.53767787439865,-27.179794451824375],[120.53162506951458,-27.169036379732177],[120.53154834125479,-27.16831365683194],[120.53030772685048,-27.166085005844973],[120.52326204237036,-27.16595797704059]]]},"properties":{"fmt_tenid":"M 53/463","type":"MINING LEASE","tenstatus":"LIVE","holder1":"BHP NICKEL WEST PTY LTD","holder2":" ","legal_area":676.55,"unit_of_me":"HA.","_colour":"#f5a520","_label":"Mining Lease"}},{"type":"Feature","geometry":{"type":"Polygon","coordinates":[[[120.62258483615427,-27.281168194858225],[120.64780569907366,-27.275981036611448],[120.6412721070724,-27.25949717963974],[120.63482278353722,-27.24322231618368],[120.6294631933287,-27.229693014155487],[120.62433058908745,-27.21673453224664],[120.62324710724094,-27.246908421805397],[120.62258483615427,-27.281168194858225]]]},"properties":{"fmt_tenid":"M 53/466","type":"MINING LEASE","tenstatus":"LIVE","holder1":"BHP NICKEL WEST PTY LTD","holder2":" ","legal_area":896.05,"unit_of_me":"HA.","_colour":"#f5a520","_label":"Mining Lease"}},{"type":"Feature","geometry":{"type":"Polygon","coordinates":[[[120.62258483615427,-27.281168194858225],[120.60882919081789,-27.280917708988994],[120.58589139545042,-27.280475546523334],[120.58560213386063,-27.29305219374922],[120.59644792138117,-27.29308306967767],[120.6166142737621,-27.293078042554818],[120.63679592254607,-27.29307032224167],[120.65457745075611,-27.293061100803413],[120.64780569907366,-27.275981036611448],[120.62258483615427,-27.281168194858225]]]},"properties":{"fmt_tenid":"M 53/467","type":"MINING LEASE","tenstatus":"LIVE","holder1":"BHP NICKEL WEST PTY LTD","holder2":" ","legal_area":959.8,"unit_of_me":"HA.","_colour":"#f5a520","_label":"Mining Lease"}},{"type":"Feature","geometry":{"type":"Polygon","coordinates":[[[120.60140732399877,-27.198679560464704],[120.60102252987112,-27.201372358197506],[120.58274827636649,-27.20100813263138],[120.58412011705131,-27.206229391798498],[120.58456709997422,-27.207930512484104],[120.58542114956651,-27.211180691572704],[120.60996953357316,-27.211555838283147],[120.61807396583252,-27.211620616071205],[120.6180737198229,-27.198679555852873],[120.60140732399877,-27.198679560464704]],[[120.58753358239004,-27.204449066204123],[120.59057141978754,-27.204399454371217],[120.59059603857911,-27.207074380156506],[120.58756560669538,-27.207063079612315],[120.58755448424164,-27.206155115818124],[120.58753358239004,-27.204449066204123]]]},"properties":{"fmt_tenid":"M 53/475","type":"MINING LEASE","tenstatus":"LIVE","holder1":"BHP NICKEL WEST PTY LTD","holder2":" ","legal_area":418.9,"unit_of_me":"HA.","_colour":"#f5a520","_label":"Mining Lease"}},{"type":"Feature","geometry":{"type":"Polygon","coordinates":[[[120.38725270971369,-26.957486939510755],[120.38729647063717,-26.957584007561522],[120.3986430282651,-26.982723377458317],[120.42371643848728,-26.974169830899996],[120.41229823123243,-26.948845158357283],[120.40949448379605,-26.94981810165495],[120.40677857172389,-26.950758991273126],[120.402766174605,-26.952148903706902],[120.38725270971369,-26.957486939510755]]]},"properties":{"fmt_tenid":"M 53/483","type":"MINING LEASE","tenstatus":"LIVE","holder1":"BHP NICKEL WEST PTY LTD","holder2":" ","legal_area":804.7,"unit_of_me":"HA.","_colour":"#f5a520","_label":"Mining Lease"}},{"type":"Feature","geometry":{"type":"Polygon","coordinates":[[[120.3986430282651,-26.982723377458317],[120.40575032261647,-26.998480917887843],[120.40470844878968,-26.99885782696019],[120.4020132548278,-26.999832793121925],[120.40596555327127,-27.00860116356922],[120.44215587154713,-26.996052080300842],[120.4349737876071,-26.980123259986396],[120.43175581975484,-26.981288362559724],[120.4276047364184,-26.982791173966657],[120.42371643848728,-26.974169830899996],[120.3986430282651,-26.982723377458317]]]},"properties":{"fmt_tenid":"M 53/484","type":"MINING LEASE","tenstatus":"LIVE","holder1":"BHP NICKEL WEST PTY LTD","holder2":" ","legal_area":971.85,"unit_of_me":"HA.","_colour":"#f5a520","_label":"Mining Lease"}},{"type":"Feature","geometry":{"type":"Polygon","coordinates":[[[120.40596555327127,-27.00860116356922],[120.41568371205717,-27.030155079820712],[120.43380731201188,-27.02394010364833],[120.45192772597011,-27.017723345325326],[120.44815811311,-27.00936339493695],[120.44215587154713,-26.996052080300842],[120.40596555327127,-27.00860116356922]]]},"properties":{"fmt_tenid":"M 53/485","type":"MINING LEASE","tenstatus":"LIVE","holder1":"BHP NICKEL WEST PTY LTD","holder2":" ","legal_area":994.65,"unit_of_me":"HA.","_colour":"#f5a520","_label":"Mining Lease"}},{"type":"Feature","geometry":{"type":"Polygon","coordinates":[[[120.43296196204363,-27.06845439629037],[120.4342074902146,-27.068004151379384],[120.45094042701396,-27.06195395643828],[120.43380731201188,-27.02394010364833],[120.41568371205717,-27.030155079820712],[120.43296196204363,-27.06845439629037]]]},"properties":{"fmt_tenid":"M 53/486","type":"MINING LEASE","tenstatus":"LIVE","holder1":"BHP NICKEL WEST PTY LTD","holder2":" ","legal_area":877.35,"unit_of_me":"HA.","_colour":"#f5a520","_label":"Mining Lease"}},{"type":"Feature","geometry":{"type":"Polygon","coordinates":[[[120.46530331836962,-27.04738202830936],[120.45192772597011,-27.017723345325326],[120.43380731201188,-27.02394010364833],[120.45094042701396,-27.06195395643828],[120.4647197111155,-27.056967693910966],[120.4689388868459,-27.05544055919874],[120.46530331836962,-27.04738202830936]]]},"properties":{"fmt_tenid":"M 53/487","type":"MINING LEASE","tenstatus":"LIVE","holder1":"BHP NICKEL WEST PTY LTD","holder2":" ","legal_area":871.25,"unit_of_me":"HA.","_colour":"#f5a520","_label":"Mining Lease"}},{"type":"Feature","geometry":{"type":"Polygon","coordinates":[[[120.51941163471255,-27.19742864763008],[120.52199770565319,-27.19697627682324],[120.5448993902914,-27.193025552461638],[120.53767787439865,-27.179794451824375],[120.53373791428955,-27.18017013019528],[120.52943745214456,-27.180574903138464],[120.53284650255156,-27.18661099181138],[120.5255710601475,-27.18997551487956],[120.5183990448149,-27.193052243187513],[120.51770560763471,-27.193342567924873],[120.51889020414542,-27.193229199423097],[120.51941163471255,-27.19742864763008]]]},"properties":{"fmt_tenid":"M 53/488","type":"MINING LEASE","tenstatus":"LIVE","holder1":"BHP NICKEL WEST PTY LTD","holder2":" ","legal_area":246.15,"unit_of_me":"HA.","_colour":"#f5a520","_label":"Mining Lease"}},{"type":"Feature","geometry":{"type":"Polygon","coordinates":[[[120.52439826375026,-27.270145762199725],[120.5283397252316,-27.28330584542435],[120.53544005525549,-27.307005840891822],[120.53958780080278,-27.315234092669765],[120.54102074486063,-27.31530184509918],[120.54095308926115,-27.30286023502503],[120.54087445256106,-27.29121612964294],[120.54195782465634,-27.291205191931116],[120.5501646097527,-27.291122059036276],[120.5564380048372,-27.291100673605133],[120.55649232653279,-27.293161705434375],[120.55659223081963,-27.297023580114995],[120.56163564875088,-27.296787260485246],[120.5612122138029,-27.28957785895443],[120.55616898672339,-27.289814499653588],[120.55596687965607,-27.286381270913395],[120.55469655459058,-27.264796983468592],[120.53734020291378,-27.26783298327058],[120.52439826375026,-27.270145762199725]]]},"properties":{"fmt_tenid":"M 53/489","type":"MINING LEASE","tenstatus":"LIVE","holder1":"BHP NICKEL WEST PTY LTD","holder2":" ","legal_area":945.15,"unit_of_me":"HA.","_colour":"#f5a520","_label":"Mining Lease"}},{"type":"Feature","geometry":{"type":"Polygon","coordinates":[[[120.34949152896463,-26.882261880198],[120.35484051776544,-26.894985132813726],[120.3602017133689,-26.907734309258977],[120.36556197322861,-26.92047814533306],[120.37091931547941,-26.933211924890013],[120.37803292412976,-26.93080848530112],[120.37725117656477,-26.928764798136356],[120.37342602762737,-26.91860524540351],[120.37313672823996,-26.917917206243583],[120.3717996048484,-26.914737033499716],[120.36902312027654,-26.908131780413907],[120.38309431764294,-26.903584405122853],[120.38022575844607,-26.89670243145732],[120.3773990074323,-26.88994094335707],[120.37454201635961,-26.88310325286387],[120.3716732242254,-26.87630275623417],[120.35783726826115,-26.88102969649977],[120.35718837426283,-26.87965822068915],[120.34949152896463,-26.882261880198]]]},"properties":{"fmt_tenid":"M 53/55","type":"MINING LEASE","tenstatus":"LIVE","holder1":"BHP NICKEL WEST PTY LTD","holder2":" ","legal_area":961.35,"unit_of_me":"HA.","_colour":"#f5a520","_label":"Mining Lease"}},{"type":"Feature","geometry":{"type":"Polygon","coordinates":[[[120.52966268064873,-27.23240345619623],[120.55428961273026,-27.228143675135335],[120.55070487487282,-27.210380962435007],[120.54804932744358,-27.198421715576952],[120.54677936411785,-27.19270150474842],[120.5448993902914,-27.193025552461638],[120.52199770565319,-27.19697627682324],[120.52966268064873,-27.23240345619623]]]},"properties":{"fmt_tenid":"M 53/56","type":"MINING LEASE","tenstatus":"LIVE","holder1":"BHP NICKEL WEST PTY LTD","holder2":" ","legal_area":1000,"unit_of_me":"HA.","_colour":"#f5a520","_label":"Mining Lease"}},{"type":"Feature","geometry":{"type":"Polygon","coordinates":[[[120.52966268064873,-27.23240345619623],[120.53734020291378,-27.26783298327058],[120.55469655459058,-27.264796983468592],[120.56203848563128,-27.26351210972644],[120.55647847940338,-27.236901212869892],[120.55428961273026,-27.228143675135335],[120.52966268064873,-27.23240345619623]]]},"properties":{"fmt_tenid":"M 53/57","type":"MINING LEASE","tenstatus":"LIVE","holder1":"BHP NICKEL WEST PTY LTD","holder2":" ","legal_area":999.75,"unit_of_me":"HA.","_colour":"#f5a520","_label":"Mining Lease"}},{"type":"Feature","geometry":{"type":"Polygon","coordinates":[[[120.41064210939338,-26.93202879808071],[120.4112018327356,-26.933392816655925],[120.41197133078474,-26.933159613560154],[120.41463349692845,-26.939542625723895],[120.41341924609333,-26.939948852036217],[120.41369607933935,-26.94061627909678],[120.41806842835348,-26.940632993473628],[120.41803901217206,-26.93200052925309],[120.41064210939338,-26.93202879808071]]]},"properties":{"fmt_tenid":"M 53/908","type":"MINING LEASE","tenstatus":"LIVE","holder1":"BHP NICKEL WEST PTY LTD","holder2":" ","legal_area":47.685,"unit_of_me":"HA.","_colour":"#f5a520","_label":"Mining Lease"}},{"type":"Feature","geometry":{"type":"Polygon","coordinates":[[[120.34122589217765,-26.884258614309356],[120.37374785489399,-26.95646050748681],[120.38109065611492,-26.960683322584586],[120.38767353502111,-26.958420364005484],[120.38729647063717,-26.957584007561522],[120.38725270971369,-26.957486939510755],[120.402766174605,-26.952148903706902],[120.40677857172389,-26.950758991273126],[120.40949448379605,-26.94981810165495],[120.41229823123243,-26.948845158357283],[120.41396973079235,-26.948265084082166],[120.40653599716246,-26.950248948166973],[120.40276324777444,-26.951255617598868],[120.39391966588555,-26.95360821804116],[120.38803521765035,-26.955173296044755],[120.38559069746519,-26.949279227103126],[120.38610204095588,-26.94910743028362],[120.38372703057611,-26.943437874310263],[120.38308972670627,-26.941916416757113],[120.38253322477014,-26.942085222539728],[120.37982786815756,-26.9355006277128],[120.37803292412976,-26.93080848530112],[120.37091931547941,-26.933211924890013],[120.36556197322861,-26.92047814533306],[120.3602017133689,-26.907734309258977],[120.35484051776544,-26.894985132813726],[120.34949152896463,-26.882261880198],[120.34866711885991,-26.880104239080488],[120.34122589217765,-26.884258614309356]]]},"properties":{"fmt_tenid":"M 53/949","type":"MINING LEASE","tenstatus":"LIVE","holder1":"BHP NICKEL WEST PTY LTD","holder2":" ","legal_area":945,"unit_of_me":"HA.","_colour":"#f5a520","_label":"Mining Lease"}}]}