{"type":"FeatureCollection","_source":"WA DMIRS via SLIP public API","_holders":["FMG PILBARA PTY LTD","FMG MAGNETITE PTY LTD"],"_ticker":"FMG.AX","features":[{"type":"Feature","geometry":{"type":"Polygon","coordinates":[[[116.6333333331441,-22.783333332609452],[116.63333333318984,-22.766666666834563],[116.6333333326308,-22.749999999998778],[116.63333333306468,-22.73333333318904],[116.65134016395558,-22.733333258276446],[116.66666666729627,-22.733333332698894],[116.66666666721515,-22.71666666681444],[116.65000000035022,-22.71666666679187],[116.63333333264399,-22.716666666649953],[116.61666666723762,-22.71666666746127],[116.61666666658486,-22.73370696543546],[116.621674936862,-22.739754566519185],[116.62884137788699,-22.75618612832626],[116.6312055041687,-22.77112168201066],[116.61893184958483,-22.770226477136386],[116.61666666737392,-22.75889415271983],[116.61666650371586,-22.783333333263993],[116.6333333331441,-22.783333332609452]]]},"properties":{"fmt_tenid":"E 08/1393-I","type":"EXPLORATION LICENCE","tenstatus":"LIVE","holder1":"FMG PILBARA PTY LTD","holder2":" ","legal_area":7,"unit_of_me":"BL.","_colour":"#a0c4f0","_label":"Exploration Licence"}},{"type":"Feature","geometry":{"type":"Polygon","coordinates":[[[116.14999999999628,-21.93333333324599],[116.14999999959319,-21.94999999983025],[116.16666666743767,-21.950000000180268],[116.1666666672177,-21.933333332628962],[116.16666666663001,-21.91666666686757],[116.18333333273658,-21.91666666659753],[116.19999999962315,-21.91666666656924],[116.21666666748713,-21.91666666724869],[116.21666666727737,-21.90000000019791],[116.21666666739016,-21.883333333215756],[116.20000000020936,-21.88333333260916],[116.19999999959148,-21.866666667059107],[116.20000000024812,-21.850000000254475],[116.18333333349418,-21.849999999887334],[116.18333333348873,-21.833333333349316],[116.18333333324655,-21.816666666509597],[116.1666666665822,-21.816666666860367],[116.16666666733714,-21.833333332925953],[116.15000000040807,-21.833333332766355],[116.14999999998292,-21.84999999966179],[116.1500000003658,-21.866666667042324],[116.15000000013913,-21.88333333260785],[116.14999999950989,-21.900000000391366],[116.14999999969541,-21.916666667107908],[116.14999999999628,-21.93333333324599]]]},"properties":{"fmt_tenid":"E 08/1440-I","type":"EXPLORATION LICENCE","tenstatus":"LIVE","holder1":"FMG PILBARA PTY LTD","holder2":" ","legal_area":19,"unit_of_me":"BL.","_colour":"#a0c4f0","_label":"Exploration Licence"}},{"type":"Feature","geometry":{"type":"Polygon","coordinates":[[[116.30000000027518,-22.550000000463402],[116.30000000030041,-22.533333333198136],[116.30000000037357,-22.516666667326643],[116.2833333330828,-22.51666666663376],[116.26666666732137,-22.516666666642994],[116.26666666673354,-22.533333333098824],[116.2499999998872,-22.53333333273092],[116.24999999953927,-22.550000000248595],[116.26666666675239,-22.549999999836686],[116.26666666678076,-22.566666666500232],[116.28333333329948,-22.566666666584826],[116.28333333303969,-22.58333333297569],[116.30000000024415,-22.583333332578402],[116.31666666661468,-22.583333333049836],[116.31666666677626,-22.566666666864027],[116.31666666707446,-22.564070762571355],[116.31200357040045,-22.564090435858684],[116.31241381969292,-22.560380233285493],[116.3166666674142,-22.560346549546644],[116.31666666686729,-22.54999999957299],[116.30000000027518,-22.550000000463402]]]},"properties":{"fmt_tenid":"E 08/2065-I","type":"EXPLORATION LICENCE","tenstatus":"LIVE","holder1":"FMG PILBARA PTY LTD","holder2":" ","legal_area":10,"unit_of_me":"BL.","_colour":"#a0c4f0","_label":"Exploration Licence"}},{"type":"Feature","geometry":{"type":"Polygon","coordinates":[[[116.7666666672036,-22.80000000000097],[116.7666666669639,-22.78333333300289],[116.75000000012922,-22.783333332764645],[116.75000000042132,-22.799999999521233],[116.7666666672036,-22.80000000000097]]]},"properties":{"fmt_tenid":"E 08/2721-I","type":"EXPLORATION LICENCE","tenstatus":"LIVE","holder1":"FMG PILBARA PTY LTD","holder2":" ","legal_area":1,"unit_of_me":"BL.","_colour":"#a0c4f0","_label":"Exploration Licence"}},{"type":"Feature","geometry":{"type":"Polygon","coordinates":[[[116.63333333303302,-22.799999999607156],[116.6333333331441,-22.783333332609452],[116.61666666671563,-22.78333333326329],[116.6166666674166,-22.799999999781768],[116.63333333303302,-22.799999999607156]]]},"properties":{"fmt_tenid":"E 08/2827-I","type":"EXPLORATION LICENCE","tenstatus":"LIVE","holder1":"FMG PILBARA PTY LTD","holder2":" ","legal_area":1,"unit_of_me":"BL.","_colour":"#a0c4f0","_label":"Exploration Licence"}},{"type":"Feature","geometry":{"type":"MultiPolygon","coordinates":[[[[119.0833333330535,-21.133333333453802],[119.06666666665744,-21.133333333269178],[119.05000000049375,-21.13333333326041],[119.0333333326516,-21.13333333339743],[119.01666666742757,-21.133333332618793],[119.01666666704284,-21.149999999796538],[119.0166666670606,-21.166666666885742],[118.99999999953286,-21.166666667096745],[119.00000000010876,-21.179037790665948],[119.0538074594678,-21.15696918899941],[119.0504667795393,-21.147364339576527],[119.05954154016189,-21.144587309556965],[119.07403534013116,-21.140150740030567],[119.07653003053049,-21.14731396770319],[119.08333333280063,-21.144514242143057],[119.0833333330535,-21.133333333453802]]],[[[119.09999999975537,-21.170636378679248],[119.10000000040026,-21.166666668042637],[119.083333360176,-21.166666709507957],[119.07693133952635,-21.170649570331843],[119.09999999975537,-21.170636378679248]]]]},"properties":{"fmt_tenid":"E 45/2510-I","type":"EXPLORATION LICENCE","tenstatus":"LIVE","holder1":"FMG MAGNETITE PTY LTD","holder2":"FORMOSA STEEL IB PTY LTD","legal_area":11,"unit_of_me":"BL.","_colour":"#a0c4f0","_label":"Exploration Licence"}},{"type":"Feature","geometry":{"type":"Polygon","coordinates":[[[118.96666666677143,-21.283333331521128],[118.96666666730587,-21.26666666711291],[118.95000000021132,-21.26666666694609],[118.94999999978405,-21.283333331936],[118.94999999973439,-21.299999999532346],[118.96179654020386,-21.30000000042027],[118.9617994331939,-21.29072240081507],[118.96373586734241,-21.290722809554772],[118.96434310501604,-21.29072292715955],[118.96666666659407,-21.29072334464718],[118.96666666677143,-21.283333331521128]]]},"properties":{"fmt_tenid":"E 45/2535-I","type":"EXPLORATION LICENCE","tenstatus":"LIVE","holder1":"FMG MAGNETITE PTY LTD","holder2":"FORMOSA STEEL IB PTY LTD","legal_area":2,"unit_of_me":"BL.","_colour":"#a0c4f0","_label":"Exploration Licence"}},{"type":"Feature","geometry":{"type":"MultiPolygon","coordinates":[[[[120.13333333309313,-21.550000000254723],[120.15000000016992,-21.549999999807724],[120.16666666731012,-21.55000000010041],[120.16666666714877,-21.533333333196552],[120.18333333283734,-21.533333333111024],[120.18333333323254,-21.5166666669149],[120.19999999970068,-21.516666666752563],[120.21666666680575,-21.51666666744854],[120.21666666722133,-21.500000000368953],[120.23333333304173,-21.499999999814623],[120.23333333300484,-21.483333333132677],[120.21666666728521,-21.483333333317056],[120.19999999973918,-21.48333333334076],[120.18333333340702,-21.483333333260674],[120.18333333252849,-21.500000000245972],[120.16666666671223,-21.50000000014631],[120.16666666708099,-21.516666666958326],[120.15000000015598,-21.516666666920674],[120.14999999995881,-21.53333333301288],[120.13333333260684,-21.533333332543396],[120.13333333309313,-21.550000000254723]]],[[[120.11666666682802,-21.566666667131106],[120.13333333314154,-21.566666666929574],[120.13333333309313,-21.550000000254723],[120.11666666682716,-21.549999999839788],[120.11666666682802,-21.566666667131106]]]]},"properties":{"fmt_tenid":"E 45/2870-I","type":"EXPLORATION LICENCE","tenstatus":"LIVE","holder1":"FMG PILBARA PTY LTD","holder2":" ","legal_area":11,"unit_of_me":"BL.","_colour":"#a0c4f0","_label":"Exploration Licence"}},{"type":"Feature","geometry":{"type":"Polygon","coordinates":[[[118.96666666730587,-21.26666666711291],[118.96666666677143,-21.283333332521117],[118.96666666659404,-21.290723378647186],[118.98040433580373,-21.290725367398128],[118.98040368920121,-21.29554156010739],[118.98151625696458,-21.293936977888908],[118.98442768658519,-21.295725797095418],[118.98147149389632,-21.30000008233642],[118.9833333329504,-21.299999999850094],[118.98333333291667,-21.316666667059025],[118.99999999988647,-21.31666666656513],[118.99999999980227,-21.333333332936814],[119.01666666679593,-21.333333333201494],[119.01666666669642,-21.35000000018393],[119.03333333333367,-21.349999999639774],[119.03333333321282,-21.366666666516696],[119.05000000034225,-21.366666666752362],[119.06666666661268,-21.36666666731649],[119.06666666683323,-21.34999999956302],[119.06666666742645,-21.33333333282324],[119.04999999955085,-21.33333333279681],[119.05000000028579,-21.31666666700415],[119.04999999746349,-21.300000001649522],[119.0333333328555,-21.299999999978457],[119.01666666683107,-21.299999999598587],[119.01584540578962,-21.30000003964102],[119.00000000033945,-21.299999999523514],[118.9999999998904,-21.283333332805242],[118.99999999969724,-21.2666666671776],[118.9833333327765,-21.266666666784584],[118.96666666730587,-21.26666666711291]],[[119.00634182979853,-21.30268364530559],[119.01212380974808,-21.30268349352699],[119.01212405780248,-21.306295859532398],[119.00634192003405,-21.30629619540481],[119.00634182979853,-21.30268364530559]],[[119.03675804987392,-21.327745760193903],[119.04106527043088,-21.325345720307215],[119.05057217993016,-21.341130229742195],[119.04639787985398,-21.343388330221515],[119.03675804987392,-21.327745760193903]]]},"properties":{"fmt_tenid":"E 45/3084-I","type":"EXPLORATION LICENCE","tenstatus":"LIVE","holder1":"FMG MAGNETITE PTY LTD","holder2":"FORMOSA STEEL IB PTY LTD","legal_area":16,"unit_of_me":"BL.","_colour":"#a0c4f0","_label":"Exploration Licence"}},{"type":"Feature","geometry":{"type":"MultiPolygon","coordinates":[[[[118.88333333282365,-20.699999999538083],[118.90000000015168,-20.69999999965198],[118.89999999974528,-20.68333333277572],[118.91247602069895,-20.68333333343816],[118.91130593746718,-20.682924915631517],[118.91380731575946,-20.67689836178398],[118.91287570805196,-20.67628486916521],[118.91199335950463,-20.67570380858021],[118.91199282650318,-20.67570345957985],[118.90799100184356,-20.672724457839088],[118.90989024549783,-20.67059842543458],[118.90722791488798,-20.66910655423674],[118.90257394496167,-20.66784031678411],[118.9017102453514,-20.66760530208238],[118.90224655423496,-20.665859540947803],[118.90800219072032,-20.667426035138035],[118.9111491004277,-20.669189140357428],[118.91666666652269,-20.663011926400845],[118.91666666661745,-20.650000000448916],[118.92515051263088,-20.650000002300313],[118.93333333258275,-20.649999999897688],[118.93333333274393,-20.633333333380737],[118.9500000004225,-20.633333333125286],[118.95000000001221,-20.616666666537544],[118.95000000012399,-20.599999999632367],[118.93333333344579,-20.599999999569533],[118.9333333328021,-20.616666666843063],[118.91666666749975,-20.61666666738338],[118.91666666732323,-20.633333333281165],[118.89999999998489,-20.633333333420197],[118.90000000047375,-20.64999999961524],[118.88333333319125,-20.650000000195636],[118.88333333286391,-20.666666666511013],[118.88333333267214,-20.683333333415945],[118.88333333282365,-20.699999999538083]]],[[[118.71666666663465,-20.73333333281723],[118.73333333269474,-20.73333333334736],[118.74999999962553,-20.733333333356786],[118.75000000000992,-20.716666666742118],[118.75000000014276,-20.69999999976699],[118.7333333334961,-20.700000000023763],[118.71666666677923,-20.700000000298726],[118.70000000020573,-20.700000000493638],[118.70000000009108,-20.716666667265052],[118.69999999957115,-20.733333332747865],[118.71666666663465,-20.73333333281723]]],[[[118.86666666689382,-20.700000000047478],[118.84999999989749,-20.69999999951195],[118.83333333250177,-20.699999999806707],[118.83333333284592,-20.716666666861496],[118.81666666703052,-20.716666667480965],[118.81666666686971,-20.733333333042964],[118.8333333330068,-20.73333333341202],[118.84999999965216,-20.7333333326522],[118.84999999985864,-20.716666667429664],[118.86666666689452,-20.716666667276737],[118.88333333284898,-20.71666666744596],[118.88333333282365,-20.699999999538083],[118.86666666689382,-20.700000000047478]]],[[[118.95000000012399,-20.599999999632367],[118.96666666673774,-20.59999999961882],[118.9666666669771,-20.583333333293687],[118.9666666672024,-20.566666666969233],[118.9499999996302,-20.56666666697569],[118.95000000002489,-20.583333333380864],[118.95000000012399,-20.599999999632367]]],[[[118.7013302502536,-20.781985254016668],[118.71666666730255,-20.781985093476944],[118.71666666689508,-20.766666667131233],[118.70000000013819,-20.766666667085403],[118.68333333257864,-20.76666666662043],[118.68333333279998,-20.781985395358145],[118.7013302502536,-20.781985254016668]]],[[[118.9666666672024,-20.566666666969233],[118.98333333338933,-20.566666667097017],[118.98333333292771,-20.550000000020795],[118.9666666669969,-20.55000000004422],[118.9666666672024,-20.566666666969233]]],[[[118.91529021861872,-20.683333333441354],[118.91666666655763,-20.68333333342116],[118.91666665933116,-20.680212118605578],[118.91529021861872,-20.683333333441354]]]]},"properties":{"fmt_tenid":"E 45/3473","type":"EXPLORATION LICENCE","tenstatus":"LIVE","holder1":"FMG PILBARA PTY LTD","holder2":" ","legal_area":26,"unit_of_me":"BL.","_colour":"#a0c4f0","_label":"Exploration Licence"}},{"type":"Feature","geometry":{"type":"MultiPolygon","coordinates":[[[[118.95000000049615,-20.533333332946942],[118.94999999956185,-20.549999999737572],[118.9666666669969,-20.55000000004422],[118.96666666721472,-20.533333333240694],[118.98333333263355,-20.53333333314774],[119.00000000004609,-20.533333332637948],[119.00000000047577,-20.516666666629355],[119.00000000008059,-20.50000000021736],[118.99999999972746,-20.48333333293046],[119.01666666682054,-20.483333332638395],[119.01666666721312,-20.46666666728344],[119.00000000004597,-20.466666666625592],[118.98333333259562,-20.46666666725291],[118.96666666710246,-20.466666667052923],[118.96666666712821,-20.449999999936143],[118.96666666725791,-20.433333333010218],[118.95000000031597,-20.43333333342527],[118.94999999953826,-20.449999999732366],[118.95000000038384,-20.46666666711669],[118.94999999967966,-20.48333333294505],[118.9500000000111,-20.50000000008108],[118.95000000042732,-20.51666666706652],[118.95000000049615,-20.533333332946942]]],[[[118.89999999976385,-20.616666666765774],[118.89999999998489,-20.633333333420197],[118.91666666732323,-20.633333333281165],[118.91666666749975,-20.61666666738338],[118.9333333328021,-20.616666666843063],[118.93333333344579,-20.599999999569533],[118.91666666748576,-20.599999999987723],[118.8999999995965,-20.59999999974572],[118.89999999976385,-20.616666666765774]]]]},"properties":{"fmt_tenid":"E 45/3545-I","type":"EXPLORATION LICENCE","tenstatus":"LIVE","holder1":"FMG PILBARA PTY LTD","holder2":" ","legal_area":19,"unit_of_me":"BL.","_colour":"#a0c4f0","_label":"Exploration Licence"}},{"type":"Feature","geometry":{"type":"MultiPolygon","coordinates":[[[[118.98333333338933,-20.566666667097017],[118.99999999959772,-20.566666667001922],[119.01666666729999,-20.56666666650874],[119.03333333335017,-20.56666666739515],[119.0333333329279,-20.550000000257842],[119.03333333343959,-20.533333332987237],[119.03333333331281,-20.516666667448515],[119.01666666670567,-20.516666666739575],[119.01666666731319,-20.49999999998133],[119.00000000008059,-20.50000000021736],[119.00000000047577,-20.516666666629355],[119.00000000004609,-20.533333332637948],[118.98333333263355,-20.53333333314774],[118.98333333292771,-20.550000000020795],[118.98333333338933,-20.566666667097017]],[[119.00865395558307,-20.53548700524639],[119.01238820607168,-20.529128443604268],[119.01753112392377,-20.53180856085346],[119.01579162965379,-20.534772090618727],[119.01390545798574,-20.533789622832515],[119.0119114801899,-20.537184658191315],[119.00865395558307,-20.53548700524639]]],[[[119.00000000029274,-20.60000000009095],[119.01666666667566,-20.600000000054727],[119.01666666672209,-20.583333333369914],[119.00000000040953,-20.58333333319343],[119.00000000029274,-20.60000000009095]]],[[[118.98333333266731,-20.599999999887643],[118.98333333286912,-20.616666666504102],[119.00000000039527,-20.61666666736678],[119.00000000029274,-20.60000000009095],[118.98333333266731,-20.599999999887643]]]]},"properties":{"fmt_tenid":"E 45/3659-I","type":"EXPLORATION LICENCE","tenstatus":"LIVE","holder1":"FMG PILBARA PTY LTD","holder2":" ","legal_area":11,"unit_of_me":"BL.","_colour":"#a0c4f0","_label":"Exploration Licence"}},{"type":"Feature","geometry":{"type":"Polygon","coordinates":[[[118.91666666694812,-21.24999999969501],[118.91666666652007,-21.26666666695351],[118.91666666718682,-21.283333333196865],[118.91666666723458,-21.29999999963841],[118.91666666707926,-21.316666667087226],[118.90000000030224,-21.316666666775202],[118.90000000049535,-21.333333332843054],[118.89999999989324,-21.349999999525146],[118.89999999997448,-21.366666666667093],[118.91666666739913,-21.366666667131355],[118.9333333331086,-21.366666667045667],[118.93333332982904,-21.372996547386492],[118.93520652920535,-21.372996835752286],[118.9398815201446,-21.372997478673682],[118.944556478129,-21.372998057460418],[118.94923145208922,-21.372998588243725],[118.95390657105004,-21.372999037026997],[118.9585814007293,-21.372999165770143],[118.96325637454387,-21.372999229722275],[118.96793135035837,-21.37299922967431],[118.972606340358,-21.37299897298477],[118.9772812979173,-21.372998604405247],[118.98195626847655,-21.37299816882578],[118.98663126253885,-21.37299767198229],[118.99130623794247,-21.372997012511735],[118.99598119634662,-21.372996162041037],[119.00065617691375,-21.372995223899398],[119.00533115559705,-21.372994133772853],[119.01000612128107,-21.372992903646622],[119.01468109896572,-21.37299154852068],[119.01935607848863,-21.37299006850114],[119.02403104299978,-21.372988448489263],[119.0287060205112,-21.372986702477416],[119.03333333318808,-21.37298484979052],[119.03333333321282,-21.366666666516696],[119.01666666728444,-21.366666666538634],[119.00000000018927,-21.366666666972638],[118.97499999977316,-21.366666046130156],[118.95000000044567,-21.366666666771167],[118.94999999987556,-21.349999999600996],[118.93333333285506,-21.350000000182167],[118.93333333270307,-21.333333332748726],[118.95000000042708,-21.333333333253396],[118.96666666673049,-21.33333333260481],[118.98333333273037,-21.333333332914048],[118.98333333291667,-21.316666667059025],[118.96666666679164,-21.31666666719485],[118.9500000000871,-21.316666667402558],[118.94999999973439,-21.299999999532346],[118.94999999978405,-21.283333332935992],[118.95000000021132,-21.26666666694609],[118.95000000010111,-21.250000000165414],[118.93333333309502,-21.25000000014675],[118.91666666694812,-21.24999999969501]]]},"properties":{"fmt_tenid":"E 45/3705-I","type":"EXPLORATION LICENCE","tenstatus":"LIVE","holder1":"FMG PILBARA PTY LTD","holder2":" ","legal_area":24,"unit_of_me":"BL.","_colour":"#a0c4f0","_label":"Exploration Licence"}},{"type":"Feature","geometry":{"type":"Polygon","coordinates":[[[119.01666666731319,-20.49999999998133],[119.01666666670567,-20.516666666739575],[119.03333333331281,-20.516666667448515],[119.03333333259151,-20.50000000005177],[119.0333333328027,-20.48333333265439],[119.05000000036398,-20.483333332638285],[119.05000000029635,-20.466666666872523],[119.0333333334374,-20.46666666678388],[119.01666666721312,-20.46666666728344],[119.01666666682054,-20.483333332638395],[118.99999999972746,-20.48333333293046],[119.00000000008059,-20.50000000021736],[119.01666666731319,-20.49999999998133]]]},"properties":{"fmt_tenid":"E 45/3816-I","type":"EXPLORATION LICENCE","tenstatus":"LIVE","holder1":"FMG PILBARA PTY LTD","holder2":" ","legal_area":5,"unit_of_me":"BL.","_colour":"#a0c4f0","_label":"Exploration Licence"}},{"type":"Feature","geometry":{"type":"Polygon","coordinates":[[[119.06260703276206,-21.46666666795066],[119.06666666735003,-21.466666667066818],[119.06666666704042,-21.4499999997116],[119.06666666739525,-21.433333333364043],[119.0666666665575,-21.416666667476452],[119.06666666711816,-21.400000000276947],[119.06666666686249,-21.38333333332815],[119.06666666661268,-21.36666666731649],[119.05000000034225,-21.366666666752362],[119.03333333321282,-21.366666666516696],[119.03333333218809,-21.37298484979052],[119.03338099921639,-21.37298482978474],[119.03805596399599,-21.372982818214137],[119.042147744428,-21.3729829857161],[119.04623952419324,-21.3729830559652],[119.05033128943496,-21.372983027837023],[119.05442306967616,-21.37298290170853],[119.05851484891612,-21.372982664579425],[119.06260661471717,-21.372982343351115],[119.06260664279137,-21.377452956608654],[119.06260665588597,-21.381923557464],[119.06260668398058,-21.38639417131936],[119.0626066994026,-21.390864771207998],[119.06260671185048,-21.39533538406575],[119.06260674029855,-21.399805983923518],[119.06260675374646,-21.404276583781307],[119.06260678202949,-21.408747170247707],[119.062606796825,-21.413217769603783],[119.06260680962045,-21.41768835595994],[119.06260683797936,-21.422158941183458],[119.06260685287067,-21.42662952726502],[119.0626068797619,-21.43110011334664],[119.06260689370689,-21.435570698640525],[119.06260690801847,-21.440041270385183],[119.06260693632996,-21.444511857129854],[119.06260694964152,-21.448982427874576],[119.06260697704059,-21.453453000111335],[119.06260699246549,-21.45792357160904],[119.06260700589044,-21.46239413010672],[119.06260703276206,-21.46666666795066]]]},"properties":{"fmt_tenid":"E 45/4024-I","type":"EXPLORATION LICENCE","tenstatus":"LIVE","holder1":"FMG PILBARA PTY LTD","holder2":" ","legal_area":7,"unit_of_me":"BL.","_colour":"#a0c4f0","_label":"Exploration Licence"}},{"type":"Feature","geometry":{"type":"Polygon","coordinates":[[[119.06666666686249,-21.38333333332815],[119.06666666711816,-21.400000000276947],[119.08333333270973,-21.400000000190317],[119.08333333305215,-21.383333333447712],[119.0833333326384,-21.36666666722606],[119.10000000046095,-21.366666666960707],[119.10000000004013,-21.350000000197838],[119.10000000033733,-21.333333333057162],[119.08333333287923,-21.33333333320319],[119.08333333299083,-21.316666666898524],[119.0833333334244,-21.299999999757716],[119.06666666653118,-21.300000000034746],[119.0500000004635,-21.299999999649494],[119.05000000028579,-21.31666666700415],[119.04999999955085,-21.33333333279681],[119.06666666742645,-21.33333333282324],[119.06666666683323,-21.34999999956302],[119.06666666661268,-21.36666666731649],[119.06666666686249,-21.38333333332815]]]},"properties":{"fmt_tenid":"E 45/4025-I","type":"EXPLORATION LICENCE","tenstatus":"LIVE","holder1":"FMG PILBARA PTY LTD","holder2":" ","legal_area":10,"unit_of_me":"BL.","_colour":"#a0c4f0","_label":"Exploration Licence"}},{"type":"Feature","geometry":{"type":"Polygon","coordinates":[[[118.93333333275619,-20.666666667481625],[118.93333333309242,-20.683333333448648],[118.94999999962552,-20.683333333295344],[118.94999999956941,-20.666666666777395],[118.95000000002891,-20.649999999987724],[118.9500000004225,-20.633333333125286],[118.93333333274393,-20.633333333380737],[118.93333333258275,-20.649999999897688],[118.91666666661745,-20.650000000448916],[118.91666666552275,-20.663011932400806],[118.91673959997216,-20.662930274872153],[118.9263145607362,-20.65349532209165],[118.93183707063538,-20.658485344240727],[118.93227719166411,-20.658882998510943],[118.9257108100577,-20.66532059282381],[118.92528833830634,-20.66579366605288],[118.92639262402973,-20.66666667834274],[118.93333333275619,-20.666666667481625]]]},"properties":{"fmt_tenid":"E 45/4545-I","type":"EXPLORATION LICENCE","tenstatus":"LIVE","holder1":"FMG PILBARA PTY LTD","holder2":" ","legal_area":4,"unit_of_me":"BL.","_colour":"#a0c4f0","_label":"Exploration Licence"}},{"type":"Feature","geometry":{"type":"Polygon","coordinates":[[[119.10000000033733,-21.333333333057162],[119.11666666734708,-21.33333333315277],[119.11666666674407,-21.316666667117854],[119.1333333332548,-21.31666666722646],[119.1333333327415,-21.299999999609366],[119.15000000004876,-21.29999999964988],[119.14999999986455,-21.283333332443878],[119.14999999958712,-21.266666666562227],[119.14999999994434,-21.249999999542545],[119.14999999981107,-21.233333332704643],[119.14999999962497,-21.21666666676735],[119.1333333333599,-21.216666667121718],[119.11666666726512,-21.21666666743393],[119.09999999965545,-21.21666666724423],[119.08333333251821,-21.216666666998947],[119.0833333333838,-21.233333333256116],[119.08333333315319,-21.249999999827207],[119.0833333333998,-21.266666667336345],[119.08333333255686,-21.283333331934735],[119.0833333334244,-21.299999999757716],[119.08333333299083,-21.316666666898524],[119.08333333287923,-21.33333333320319],[119.10000000033733,-21.333333333057162]]]},"properties":{"fmt_tenid":"E 45/4606-I","type":"EXPLORATION LICENCE","tenstatus":"LIVE","holder1":"FMG MAGNETITE PTY LTD","holder2":"FORMOSA STEEL IB PTY LTD","legal_area":25,"unit_of_me":"BL.","_colour":"#a0c4f0","_label":"Exploration Licence"}},{"type":"Feature","geometry":{"type":"Polygon","coordinates":[[[121.81666666743538,-21.899999999790623],[121.81666666680422,-21.88333333260207],[121.8166666673431,-21.866666667035073],[121.81666666742605,-21.85000000033364],[121.81666666716553,-21.833333333325307],[121.81666666713153,-21.816666667016957],[121.79999999980593,-21.81666666740464],[121.78333333335168,-21.81666666654546],[121.78333333315479,-21.83333333270974],[121.78333333343856,-21.8499999996188],[121.78333333319273,-21.86666666696058],[121.78333333333362,-21.883333332583387],[121.78333333290527,-21.899999999973303],[121.79999999973589,-21.900000000164738],[121.81666666743538,-21.899999999790623]]]},"properties":{"fmt_tenid":"E 45/5258","type":"EXPLORATION LICENCE","tenstatus":"LIVE","holder1":"FMG PILBARA PTY LTD","holder2":" ","legal_area":10,"unit_of_me":"BL.","_colour":"#a0c4f0","_label":"Exploration Licence"}},{"type":"Feature","geometry":{"type":"Polygon","coordinates":[[[118.98475083438082,-21.255966259232636],[118.95000000133275,-21.250236995312136],[118.95000000121131,-21.266666672946087],[118.96666667230595,-21.266666673112912],[118.98333332677645,-21.26666667278464],[118.99999999869722,-21.266666673177596],[118.9999999991252,-21.25000000166194],[118.98865255554271,-21.250000000138808],[118.98745033774188,-21.25641097750717],[118.98475083438082,-21.255966259232636]]]},"properties":{"fmt_tenid":"E 45/5476","type":"EXPLORATION LICENCE","tenstatus":"LIVE","holder1":"FMG PILBARA PTY LTD","holder2":" ","legal_area":3,"unit_of_me":"BL.","_colour":"#a0c4f0","_label":"Exploration Licence"}},{"type":"Feature","geometry":{"type":"Polygon","coordinates":[[[119.43601676392552,-20.366666667245358],[119.4333333328298,-20.3666666669258],[119.43333333310804,-20.35881145651465],[119.43032323511693,-20.349999993694958],[119.4166666666985,-20.349999999690088],[119.40000000007755,-20.349999999787137],[119.38333333305206,-20.34999999965427],[119.38333333328798,-20.366666666657743],[119.39999999988962,-20.366666667327447],[119.39999999978227,-20.38333333295083],[119.41666666655564,-20.383333333344922],[119.41666666662438,-20.4000000003633],[119.43333333277953,-20.40000000047285],[119.44999999966166,-20.399999999730003],[119.44999999974385,-20.388199668927044],[119.44399621093253,-20.390024906681482],[119.43601676392552,-20.366666667245358]]]},"properties":{"fmt_tenid":"E 45/5624","type":"EXPLORATION LICENCE","tenstatus":"LIVE","holder1":"FMG PILBARA PTY LTD","holder2":" ","legal_area":8,"unit_of_me":"BL.","_colour":"#a0c4f0","_label":"Exploration Licence"}},{"type":"Feature","geometry":{"type":"Polygon","coordinates":[[[119.13333333346331,-20.366666667205273],[119.1166666674109,-20.366666667228976],[119.11666666683455,-20.383333333478227],[119.1000000003009,-20.383333333425988],[119.10000000008645,-20.399999999837902],[119.11666666711336,-20.399999999605466],[119.13333333304024,-20.40000000026539],[119.15000000014327,-20.400000000252692],[119.16666666689389,-20.39999999996772],[119.16666666746204,-20.38333333323912],[119.15000000041142,-20.383333332655887],[119.1333333332538,-20.38333333266136],[119.13333333346331,-20.366666667205273]]]},"properties":{"fmt_tenid":"E 45/5678","type":"EXPLORATION LICENCE","tenstatus":"LIVE","holder1":"FMG PILBARA PTY LTD","holder2":" ","legal_area":5,"unit_of_me":"BL.","_colour":"#a0c4f0","_label":"Exploration Licence"}},{"type":"Feature","geometry":{"type":"Polygon","coordinates":[[[119.19999998257589,-20.289520548006735],[119.1950579777117,-20.28952068844264],[119.19505786599035,-20.283333505208777],[119.18333333291453,-20.283333332806937],[119.18333333304241,-20.29999999976664],[119.19999999995485,-20.300000000496524],[119.19999998257589,-20.289520548006735]]]},"properties":{"fmt_tenid":"E 45/5679","type":"EXPLORATION LICENCE","tenstatus":"LIVE","holder1":"FMG PILBARA PTY LTD","holder2":" ","legal_area":1,"unit_of_me":"BL.","_colour":"#a0c4f0","_label":"Exploration Licence"}},{"type":"Feature","geometry":{"type":"Polygon","coordinates":[[[118.98333333276943,-21.21666666722417],[118.99999999995232,-21.216666667307763],[119.00000000020152,-21.2000000004917],[118.9833333331985,-21.200000000325478],[118.96666666658034,-21.19999999965267],[118.9666666668378,-21.216666667195966],[118.98333333276943,-21.21666666722417]]]},"properties":{"fmt_tenid":"E 45/6114","type":"EXPLORATION LICENCE","tenstatus":"LIVE","holder1":"FMG PILBARA PTY LTD","holder2":" ","legal_area":2,"unit_of_me":"BL.","_colour":"#a0c4f0","_label":"Exploration Licence"}},{"type":"Feature","geometry":{"type":"Polygon","coordinates":[[[119.60000000009157,-20.28333333287754],[119.58333333284106,-20.28333333259527],[119.56666666723707,-20.28333333303039],[119.54999999964735,-20.283333332835458],[119.53333333304941,-20.28333333349049],[119.53333333265013,-20.300000000050982],[119.53333333331224,-20.316666667346176],[119.51666666705053,-20.316666666737138],[119.50000000010859,-20.316666667279527],[119.483333333106,-20.316666666516237],[119.48333333335185,-20.332230201760467],[119.52332953733719,-20.320056533791263],[119.54466669758281,-20.313557336843033],[119.55000000003068,-20.329125928943917],[119.54999999989037,-20.316666667464226],[119.56666666717963,-20.31666666660993],[119.56666666669601,-20.299999999988472],[119.5833333326914,-20.299999999626383],[119.60000000033898,-20.300000000376208],[119.60000000009157,-20.28333333287754]]]},"properties":{"fmt_tenid":"E 45/6327","type":"EXPLORATION LICENCE","tenstatus":"LIVE","holder1":"FMG PILBARA PTY LTD","holder2":" ","legal_area":10,"unit_of_me":"BL.","_colour":"#a0c4f0","_label":"Exploration Licence"}},{"type":"Feature","geometry":{"type":"Polygon","coordinates":[[[119.26666666664839,-21.199999999838184],[119.26666666675213,-21.183333332946315],[119.25000000037956,-21.18333333276062],[119.24999999967885,-21.193513586542345],[119.2573958649789,-21.19380267571986],[119.2575412444478,-21.21666666707624],[119.2666666668106,-21.21666666710379],[119.26666666664839,-21.199999999838184]]]},"properties":{"fmt_tenid":"E 45/6376","type":"EXPLORATION LICENCE","tenstatus":"LIVE","holder1":"FMG PILBARA PTY LTD","holder2":" ","legal_area":2,"unit_of_me":"BL.","_colour":"#a0c4f0","_label":"Exploration Licence"}},{"type":"Feature","geometry":{"type":"Polygon","coordinates":[[[121.8999999996896,-20.450000000146613],[121.89999999965622,-20.433333333298105],[121.88333333347352,-20.43333333304206],[121.86666666676024,-20.433333332846647],[121.84999999964508,-20.433333332581615],[121.83333333341226,-20.43333333303706],[121.83333333255305,-20.45000000049578],[121.83333333267434,-20.466666666722976],[121.84999999984005,-20.466666667213065],[121.85000000024993,-20.48333333291671],[121.86666666708574,-20.483333333419395],[121.88333333264617,-20.483333332829172],[121.88333333287066,-20.499999999634877],[121.89999999989222,-20.500000000235715],[121.91666666688852,-20.500000000130118],[121.9166666671764,-20.483333332517752],[121.91666666691667,-20.466666666874545],[121.89999999979524,-20.46666666659358],[121.8999999996896,-20.450000000146613]]]},"properties":{"fmt_tenid":"E 45/6384","type":"EXPLORATION LICENCE","tenstatus":"LIVE","holder1":"FMG PILBARA PTY LTD","holder2":" ","legal_area":14,"unit_of_me":"BL.","_colour":"#a0c4f0","_label":"Exploration Licence"}},{"type":"Feature","geometry":{"type":"Polygon","coordinates":[[[119.7333333332023,-21.333333333040787],[119.73333333266852,-21.31666666678948],[119.716666667428,-21.31666666745081],[119.71666666702161,-21.333333333213233],[119.7333333332023,-21.333333333040787]]]},"properties":{"fmt_tenid":"E 45/6565","type":"EXPLORATION LICENCE","tenstatus":"LIVE","holder1":"FMG PILBARA PTY LTD","holder2":" ","legal_area":1,"unit_of_me":"BL.","_colour":"#a0c4f0","_label":"Exploration Licence"}},{"type":"Feature","geometry":{"type":"Polygon","coordinates":[[[119.64999999979564,-20.283333332794896],[119.66666666673231,-20.283333332558946],[119.66666666741536,-20.266666667246856],[119.68333333209503,-20.26666666725806],[119.68333333208814,-20.2500000001354],[119.66666666670645,-20.25000000023459],[119.65000000016084,-20.2500000003053],[119.64999999985793,-20.266666666562276],[119.63333333308024,-20.26666666690117],[119.63333333303338,-20.283333333157486],[119.64999999979564,-20.283333332794896]]]},"properties":{"fmt_tenid":"E 45/6591","type":"EXPLORATION LICENCE","tenstatus":"LIVE","holder1":"FMG PILBARA PTY LTD","holder2":" ","legal_area":4,"unit_of_me":"BL.","_colour":"#a0c4f0","_label":"Exploration Licence"}},{"type":"Feature","geometry":{"type":"Polygon","coordinates":[[[119.69999999959877,-20.199999999531403],[119.6999999995041,-20.18333333265845],[119.6833333316041,-20.183333333153364],[119.66666666652806,-20.183333333406388],[119.66666666746495,-20.200000000174416],[119.68333333202412,-20.200000000463998],[119.68333333223248,-20.216666667795987],[119.69999999975154,-20.216666668178785],[119.69999999959877,-20.199999999531403]]]},"properties":{"fmt_tenid":"E 45/6593","type":"EXPLORATION LICENCE","tenstatus":"LIVE","holder1":"FMG PILBARA PTY LTD","holder2":" ","legal_area":3,"unit_of_me":"BL.","_colour":"#a0c4f0","_label":"Exploration Licence"}},{"type":"Feature","geometry":{"type":"Polygon","coordinates":[[[119.59999999989446,-20.233333332624145],[119.59999999971394,-20.21666666842976],[119.58333333324612,-20.216666667790093],[119.58333333343609,-20.233333332506454],[119.59999999989446,-20.233333332624145]]]},"properties":{"fmt_tenid":"E 45/6597","type":"EXPLORATION LICENCE","tenstatus":"LIVE","holder1":"FMG PILBARA PTY LTD","holder2":" ","legal_area":1,"unit_of_me":"BL.","_colour":"#a0c4f0","_label":"Exploration Licence"}},{"type":"Feature","geometry":{"type":"Polygon","coordinates":[[[120.56666666668022,-21.616666666817263],[120.56666666710811,-21.60000000010859],[120.56666666722967,-21.583333332830154],[120.58333333294975,-21.58333333288936],[120.59999999989225,-21.583333333442685],[120.61666666687522,-21.58333333347897],[120.63333333255306,-21.58333333282051],[120.6333333329986,-21.566666666981803],[120.63333333296879,-21.550000000189716],[120.65000000013687,-21.55000000021032],[120.66666666663252,-21.55000000043389],[120.68333333330544,-21.550000000337516],[120.69999999999406,-21.55000000030672],[120.71666666680532,-21.550000000334332],[120.73333333259838,-21.549999999914974],[120.7500000001052,-21.550000000321003],[120.76666666720864,-21.55000000003024],[120.76666666741069,-21.53333333334895],[120.76666666716146,-21.51666666674532],[120.75000000012558,-21.516666666641214],[120.73333333268737,-21.51666666702432],[120.7166666674958,-21.516666666788186],[120.7000000002695,-21.516666666601342],[120.68333333256246,-21.51666666735808],[120.66666666689073,-21.51666666671464],[120.65000000047566,-21.516666667127474],[120.63333333341325,-21.516666666960475],[120.61666666687644,-21.516666667038287],[120.59999999990819,-21.51666666720885],[120.58333333320854,-21.51666666683831],[120.56666666742996,-21.516666666713242],[120.54999999962699,-21.51666666741205],[120.55000000034343,-21.53333333279922],[120.55000000049978,-21.550000000460063],[120.55000000013894,-21.566666667055166],[120.54999999962544,-21.58333333265397],[120.55000000033546,-21.60000000037736],[120.54999999996909,-21.61666666729817],[120.56666666668022,-21.616666666817263]]]},"properties":{"fmt_tenid":"E 45/6638","type":"EXPLORATION LICENCE","tenstatus":"LIVE","holder1":"FMG PILBARA PTY LTD","holder2":" ","legal_area":38,"unit_of_me":"BL.","_colour":"#a0c4f0","_label":"Exploration Licence"}},{"type":"Feature","geometry":{"type":"Polygon","coordinates":[[[122.23333333314984,-20.550000000136585],[122.21666666659796,-20.549999999667154],[122.20000000002369,-20.549999999806648],[122.20000000036762,-20.566666666890697],[122.20000000000336,-20.58333333330373],[122.19999999950711,-20.59999999950691],[122.19999999978685,-20.616666667181086],[122.2000000002215,-20.633333333275672],[122.19999999972633,-20.650000000136174],[122.19999999999774,-20.666666667263012],[122.20000000000647,-20.68333333313608],[122.21666666662897,-20.683333332541253],[122.23333333250669,-20.683333333296652],[122.25000000045729,-20.683333332517744],[122.26666666689721,-20.68333333323217],[122.26666666715785,-20.69999999970465],[122.26666666746853,-20.716666666715643],[122.28333333275731,-20.716666666831173],[122.2833333334309,-20.73333333258325],[122.30000000034828,-20.733333333469517],[122.30000000029192,-20.716666667172994],[122.31666666706259,-20.716666666775236],[122.31666666673046,-20.700000000370927],[122.31666666659298,-20.683333332755097],[122.30000000047843,-20.683333332845486],[122.29999999983805,-20.66666666654661],[122.30000000044957,-20.649999999598695],[122.28333333299157,-20.649999999649122],[122.28333333305993,-20.633333332560927],[122.26666666693752,-20.633333333418314],[122.26666666731126,-20.616666667344493],[122.26666666711107,-20.60000000045574],[122.26666666676115,-20.58333333283445],[122.26666666723457,-20.566666667378364],[122.2500000000346,-20.56666666736036],[122.2333333333739,-20.56666666705513],[122.23333333314984,-20.550000000136585]]]},"properties":{"fmt_tenid":"E 45/6892","type":"EXPLORATION LICENCE","tenstatus":"LIVE","holder1":"FMG PILBARA PTY LTD","holder2":" ","legal_area":42,"unit_of_me":"BL.","_colour":"#a0c4f0","_label":"Exploration Licence"}},{"type":"Feature","geometry":{"type":"Polygon","coordinates":[[[119.63333333303338,-20.283333333157486],[119.61666666662168,-20.28333333264621],[119.60000000009157,-20.28333333287754],[119.60000000033898,-20.300000000376208],[119.5833333326914,-20.299999999626383],[119.56666666669601,-20.299999999988472],[119.56666666717963,-20.31666666660993],[119.54999999989037,-20.316666667464226],[119.55000000303065,-20.32912590794399],[119.55144133007697,-20.333333331951618],[119.5666666672296,-20.333333333258715],[119.58333333298083,-20.333333332711252],[119.59999999963013,-20.333333332986054],[119.61666666673528,-20.333333332508953],[119.61666666686047,-20.316666666882142],[119.6333333327509,-20.31666666714113],[119.63333333283555,-20.299999999534062],[119.63333333303338,-20.283333333157486]]]},"properties":{"fmt_tenid":"E 45/6922","type":"EXPLORATION LICENCE","tenstatus":"LIVE","holder1":"FMG PILBARA PTY LTD","holder2":" ","legal_area":10,"unit_of_me":"BL.","_colour":"#a0c4f0","_label":"Exploration Licence"}},{"type":"Feature","geometry":{"type":"Polygon","coordinates":[[[119.36665110908248,-22.29999999957296],[119.36165948789574,-22.300000179624266],[119.36596151161615,-22.30156935671616],[119.36665110908248,-22.29999999957296]]]},"properties":{"fmt_tenid":"E 45/6960","type":"EXPLORATION LICENCE","tenstatus":"LIVE","holder1":"FMG PILBARA PTY LTD","holder2":" ","legal_area":1,"unit_of_me":"BL.","_colour":"#a0c4f0","_label":"Exploration Licence"}},{"type":"Feature","geometry":{"type":"Polygon","coordinates":[[[119.28333333293342,-21.183333333088832],[119.28333333343942,-21.166666666813118],[119.26666666744164,-21.166666666673358],[119.26666666675213,-21.183333332946315],[119.28333333293342,-21.183333333088832]]]},"properties":{"fmt_tenid":"E 45/6961","type":"EXPLORATION LICENCE","tenstatus":"LIVE","holder1":"FMG PILBARA PTY LTD","holder2":" ","legal_area":1,"unit_of_me":"BL.","_colour":"#a0c4f0","_label":"Exploration Licence"}},{"type":"Feature","geometry":{"type":"Polygon","coordinates":[[[119.43333333286454,-22.10000000044868],[119.43333333250898,-22.08333333268404],[119.41666666743367,-22.083333333274176],[119.40000000031633,-22.08333333340755],[119.38333333309745,-22.0833333327005],[119.36666666671663,-22.083333332907596],[119.34999999953875,-22.083333333209946],[119.33333333283096,-22.083333333264715],[119.33333333331895,-22.10000000005255],[119.31666666664485,-22.099999999581375],[119.31666666724412,-22.116666667059697],[119.29999999991536,-22.116666667254105],[119.2833333331029,-22.116666666524086],[119.28333333287436,-22.099999999510217],[119.26666666737376,-22.100000000072974],[119.26666666735531,-22.116666666860706],[119.26666666723776,-22.133333333107128],[119.28333333330018,-22.133333333033292],[119.28333333306772,-22.149999999944516],[119.3000000002256,-22.149999999592037],[119.31666666730439,-22.149999999557696],[119.33333333283174,-22.150000000279938],[119.35000000023122,-22.150000000366713],[119.34999999997552,-22.166666666522406],[119.36666666737337,-22.166666666815136],[119.38333333276813,-22.16666666655535],[119.40000000029956,-22.166666667138532],[119.41666666745655,-22.166666666524797],[119.41666666664271,-22.183333333253],[119.41666666672833,-22.20000000014732],[119.43333333252356,-22.200000000110112],[119.44999999954216,-22.199999999778893],[119.46666666652307,-22.200000000166717],[119.48333333286921,-22.20000000030773],[119.49999999989265,-22.200000000410473],[119.50000000048585,-22.183333332533845],[119.50000000028922,-22.166666666881966],[119.50000000018152,-22.150000000250767],[119.48333333268631,-22.149999999516275],[119.48333333288275,-22.133333333296925],[119.48333333316859,-22.11666666737154],[119.46666666733923,-22.116666666634327],[119.45000000004043,-22.11666666688659],[119.43333333325636,-22.116666666912753],[119.43333333286454,-22.10000000044868]]]},"properties":{"fmt_tenid":"E 45/7029","type":"EXPLORATION LICENCE","tenstatus":"LIVE","holder1":"FMG PILBARA PTY LTD","holder2":" ","legal_area":58,"unit_of_me":"BL.","_colour":"#a0c4f0","_label":"Exploration Licence"}},{"type":"Feature","geometry":{"type":"Polygon","coordinates":[[[119.65000000050388,-21.540773530193224],[119.64995890144665,-21.533390891784517],[119.63333333299282,-21.53339041106068],[119.63333333287692,-21.54999999952475],[119.64999999989233,-21.54999999977584],[119.65000000050388,-21.540773530193224]]]},"properties":{"fmt_tenid":"E 45/7054","type":"EXPLORATION LICENCE","tenstatus":"LIVE","holder1":"FMG PILBARA PTY LTD","holder2":" ","legal_area":1,"unit_of_me":"BL.","_colour":"#a0c4f0","_label":"Exploration Licence"}},{"type":"Feature","geometry":{"type":"Polygon","coordinates":[[[119.63326651224719,-21.51672663954978],[119.61666666717268,-21.5167385121992],[119.61666666719992,-21.533333333175474],[119.6332701300664,-21.53333333318056],[119.63326651224719,-21.51672663954978]]]},"properties":{"fmt_tenid":"E 45/7055","type":"EXPLORATION LICENCE","tenstatus":"LIVE","holder1":"FMG PILBARA PTY LTD","holder2":" ","legal_area":1,"unit_of_me":"BL.","_colour":"#a0c4f0","_label":"Exploration Licence"}},{"type":"Feature","geometry":{"type":"MultiPolygon","coordinates":[[[[120.3666666673485,-22.266666667332778],[120.38333333292168,-22.26666666709407],[120.38333333346093,-22.283333332536817],[120.4000000002192,-22.283333332922282],[120.41666666679977,-22.28333333281775],[120.43333333318527,-22.28333333316858],[120.45000000037336,-22.28333333292813],[120.4666666672252,-22.283333332628565],[120.48333333290854,-22.283333332971804],[120.48333333309108,-22.300000000151478],[120.48333333270473,-22.316666667167336],[120.50000000023567,-22.316666666927073],[120.51666666748538,-22.316666666971187],[120.5333333326744,-22.316666666763716],[120.53333333332824,-22.300000000293824],[120.53333333285744,-22.283333333411],[120.516666667495,-22.283333333205395],[120.51666666681248,-22.26666666675225],[120.51666666701308,-22.249999999984496],[120.49999999961567,-22.249999999821004],[120.48333333276783,-22.249999999740545],[120.48333333272257,-22.23333333343546],[120.4666666674676,-22.233333332525273],[120.45000000033369,-22.2333333329609],[120.43333333292011,-22.23333333298771],[120.41666666681205,-22.233333333239223],[120.40000000033723,-22.233333332728666],[120.39999999995612,-22.216666667455993],[120.38333333346776,-22.21666666690238],[120.36666666748826,-22.21666666681919],[120.36666666710583,-22.199999999992826],[120.35000000044795,-22.200000000371997],[120.33333333263245,-22.199999999827476],[120.33333333315129,-22.216666666772266],[120.33333333293224,-22.233333333321823],[120.34999999994686,-22.2333333332917],[120.35000000049313,-22.249999999948663],[120.3666666674165,-22.24999999954849],[120.3666666673485,-22.266666667332778]]],[[[120.43333333290038,-22.150000000327598],[120.43333333348012,-22.166666667113663],[120.43333333315856,-22.183333333455895],[120.43333333298193,-22.199999999579642],[120.44999999951047,-22.199999999696697],[120.46666666702359,-22.199999999957807],[120.46666666652527,-22.216666666541066],[120.48333333318428,-22.216666666692234],[120.4833333334173,-22.199999999884014],[120.48333333335223,-22.18333333323013],[120.49999999958528,-22.183333332875783],[120.51666666742767,-22.183333332693618],[120.51666666679643,-22.20000000026752],[120.53333333273882,-22.20000000043088],[120.54999999989583,-22.20000000008109],[120.54999999978787,-22.18333333283826],[120.55000000041238,-22.166666667473017],[120.53333333299642,-22.166666667493544],[120.51666666679897,-22.16666666702792],[120.51666666683586,-22.150000000206973],[120.49999999998917,-22.150000000212085],[120.48333333260919,-22.14999999958449],[120.46666666665928,-22.149999999528198],[120.44999999985322,-22.150000000354343],[120.43333333290038,-22.150000000327598]]],[[[120.30000000038245,-22.33333333258216],[120.3166666671907,-22.333333332624402],[120.31666666696748,-22.316666666951733],[120.33333333340434,-22.316666667384684],[120.33333333261818,-22.29999999976159],[120.33333333268108,-22.28333333340749],[120.31666666720044,-22.283333332988402],[120.30000000009055,-22.283333332526453],[120.2999999996355,-22.300000000347588],[120.28333333322149,-22.299999999712217],[120.28333333322828,-22.316666666648956],[120.283333332544,-22.333333332516496],[120.30000000038245,-22.33333333258216]]],[[[120.34999999990617,-22.266666666869817],[120.34999999987508,-22.283333332888873],[120.36666666656893,-22.28333333272169],[120.3666666673485,-22.266666667332778],[120.34999999990617,-22.266666666869817]]]]},"properties":{"fmt_tenid":"E 46/1000-I","type":"EXPLORATION LICENCE","tenstatus":"LIVE","holder1":"FMG PILBARA PTY LTD","holder2":" ","legal_area":63,"unit_of_me":"BL.","_colour":"#a0c4f0","_label":"Exploration Licence"}},{"type":"Feature","geometry":{"type":"Polygon","coordinates":[[[120.81666666694426,-22.066666666729564],[120.8333333326024,-22.066666666923524],[120.83333333297729,-22.04999999980266],[120.81666666683226,-22.05000000006343],[120.8000000003392,-22.050000000307644],[120.79999999956875,-22.066666667489834],[120.81666666694426,-22.066666666729564]]]},"properties":{"fmt_tenid":"E 46/1079-I","type":"EXPLORATION LICENCE","tenstatus":"LIVE","holder1":"FMG PILBARA PTY LTD","holder2":" ","legal_area":2,"unit_of_me":"BL.","_colour":"#a0c4f0","_label":"Exploration Licence"}},{"type":"Feature","geometry":{"type":"Polygon","coordinates":[[[120.71666666732413,-22.116666667122097],[120.71666666659743,-22.100000000429983],[120.71666666669199,-22.08333333293768],[120.70000000035913,-22.083333333141614],[120.70000000044296,-22.09999999976015],[120.69999999961067,-22.116666667016716],[120.71666666732413,-22.116666667122097]]]},"properties":{"fmt_tenid":"E 46/1120-I","type":"EXPLORATION LICENCE","tenstatus":"LIVE","holder1":"FMG PILBARA PTY LTD","holder2":" ","legal_area":2,"unit_of_me":"BL.","_colour":"#a0c4f0","_label":"Exploration Licence"}},{"type":"Feature","geometry":{"type":"Polygon","coordinates":[[[120.8166666669618,-22.100000000272814],[120.83333333322265,-22.10000000023372],[120.83333333319999,-22.083333332878777],[120.8500000001445,-22.08333333344401],[120.85000000035878,-22.066666666700005],[120.84999999978915,-22.049999999531195],[120.86666666728844,-22.050000000252247],[120.86666666703421,-22.03334782065367],[120.86663528403162,-22.033347818654256],[120.8666352830306,-22.0333333326509],[120.85000000048595,-22.03333333295618],[120.83333333263053,-22.033333333269084],[120.83333333297729,-22.04999999980266],[120.8333333326024,-22.066666666923524],[120.81666666694426,-22.066666666729564],[120.79999999956875,-22.066666667489834],[120.79999999996669,-22.083333332499937],[120.800000000106,-22.100000000171914],[120.8166666669618,-22.100000000272814]]]},"properties":{"fmt_tenid":"E 46/1122-I","type":"EXPLORATION LICENCE","tenstatus":"LIVE","holder1":"FMG PILBARA PTY LTD","holder2":" ","legal_area":8,"unit_of_me":"BL.","_colour":"#a0c4f0","_label":"Exploration Licence"}},{"type":"Feature","geometry":{"type":"Polygon","coordinates":[[[120.78333333319189,-22.066666667193772],[120.78333333276417,-22.083333333385024],[120.79999999996669,-22.083333332499937],[120.79999999956875,-22.066666667489834],[120.78333333319189,-22.066666667193772]]]},"properties":{"fmt_tenid":"E 46/1125-I","type":"EXPLORATION LICENCE","tenstatus":"LIVE","holder1":"FMG PILBARA PTY LTD","holder2":" ","legal_area":1,"unit_of_me":"BL.","_colour":"#a0c4f0","_label":"Exploration Licence"}},{"type":"Feature","geometry":{"type":"MultiPolygon","coordinates":[[[[119.89999999980937,-23.283333332820142],[119.88333333278614,-23.283333333354335],[119.8666666671552,-23.283333333483476],[119.86160437282895,-23.283333332528],[119.86160458174618,-23.296702175014023],[119.89999999986448,-23.296703006862057],[119.89999999980937,-23.283333332820142]]],[[[119.99999999966722,-23.299999999651497],[120.0032086128423,-23.29999999988311],[120.00308034674178,-23.28333333298266],[119.98333333325695,-23.283333333316005],[119.98333333323492,-23.300000000149797],[119.99999999966722,-23.299999999651497]]]]},"properties":{"fmt_tenid":"E 46/1213","type":"EXPLORATION LICENCE","tenstatus":"LIVE","holder1":"FMG PILBARA PTY LTD","holder2":" ","legal_area":5,"unit_of_me":"BL.","_colour":"#a0c4f0","_label":"Exploration Licence"}},{"type":"Feature","geometry":{"type":"Polygon","coordinates":[[[120.0820325777669,-23.283333332761178],[120.08193633423485,-23.289469111364117],[120.104447716862,-23.28947337817759],[120.11666666480804,-23.289473598496862],[120.11666666722137,-23.283333333222288],[120.10000000043468,-23.283333332727658],[120.08333333281703,-23.28333333274867],[120.0820325777669,-23.283333332761178]]]},"properties":{"fmt_tenid":"E 46/1214","type":"EXPLORATION LICENCE","tenstatus":"LIVE","holder1":"FMG PILBARA PTY LTD","holder2":" ","legal_area":3,"unit_of_me":"BL.","_colour":"#a0c4f0","_label":"Exploration Licence"}},{"type":"Feature","geometry":{"type":"Polygon","coordinates":[[[120.7333333325711,-22.300000000097672],[120.7166666670553,-22.300000000242097],[120.70000000008599,-22.2999999998032],[120.70000000030184,-22.316666667434326],[120.68333333260165,-22.316666667405133],[120.66666666656451,-22.31666666675865],[120.65000000022916,-22.316666667492363],[120.63333333269291,-22.31666666655571],[120.61666666691136,-22.31666666701679],[120.59999999989543,-22.316666666891813],[120.59999999988743,-22.333333333121423],[120.58333333338088,-22.33333333324126],[120.58333333309919,-22.349999999631518],[120.59999999982894,-22.349999999850862],[120.61666666680789,-22.349999999811793],[120.633333333053,-22.349999999527707],[120.65000000033388,-22.34999999977555],[120.6666666673712,-22.350000000042048],[120.68333333309944,-22.349999999670015],[120.70000000017258,-22.349999999881344],[120.70000000040551,-22.366666667283763],[120.71666666705502,-22.36666666678641],[120.71666666666904,-22.350000000027837],[120.71666666702109,-22.33333333318415],[120.73333333342705,-22.333333333117654],[120.75000000027792,-22.33333333263347],[120.75000000033737,-22.316666666800273],[120.73333333250928,-22.316666666680604],[120.7333333325711,-22.300000000097672]]]},"properties":{"fmt_tenid":"E 46/1241","type":"EXPLORATION LICENCE","tenstatus":"LIVE","holder1":"FMG PILBARA PTY LTD","holder2":" ","legal_area":20,"unit_of_me":"BL.","_colour":"#a0c4f0","_label":"Exploration Licence"}},{"type":"Feature","geometry":{"type":"Polygon","coordinates":[[[120.36666666684398,-22.31666666732342],[120.366666667258,-22.300000000495196],[120.3833333329626,-22.300000000074377],[120.38333333346093,-22.283333332536817],[120.38333333292168,-22.26666666709407],[120.3666666673485,-22.266666667332778],[120.36666666656893,-22.28333333272169],[120.34999999987508,-22.283333332888873],[120.35000000048571,-22.299999999519454],[120.35000000028161,-22.316666666600273],[120.36666666684398,-22.31666666732342]]]},"properties":{"fmt_tenid":"E 46/1337","type":"EXPLORATION LICENCE","tenstatus":"LIVE","holder1":"FMG PILBARA PTY LTD","holder2":" ","legal_area":4,"unit_of_me":"BL.","_colour":"#a0c4f0","_label":"Exploration Licence"}},{"type":"Feature","geometry":{"type":"MultiPolygon","coordinates":[[[[120.89999999796983,-22.716666669545056],[120.88333333734742,-22.716666669577325],[120.88333333264546,-22.733333332614396],[120.89999999954564,-22.7333333326066],[120.91666666721557,-22.733333333244627],[120.91666666737918,-22.716666667145628],[120.91666666675884,-22.699999999863476],[120.89999999762505,-22.700000001323133],[120.89999999796983,-22.716666669545056]]],[[[120.81666666904681,-22.683333331851667],[120.83333332964494,-22.68333333200745],[120.84999999909085,-22.68333333198461],[120.84999999905902,-22.666666663456247],[120.83333333023786,-22.666666662946213],[120.81666666782469,-22.66666666490325],[120.81666666904681,-22.683333331851667]]],[[[120.81666666749544,-22.6499999995127],[120.83333333032239,-22.650000001581798],[120.83333332972694,-22.63333333269316],[120.81666666927116,-22.633333333420435],[120.81666666749544,-22.6499999995127]]],[[[120.81666666749544,-22.6499999995127],[120.80000000044038,-22.650000001995096],[120.79999999974137,-22.666666663069524],[120.81666666782469,-22.66666666490325],[120.81666666749544,-22.6499999995127]]],[[[120.89999999762505,-22.700000001323133],[120.89999999754902,-22.683333331954895],[120.8833333365202,-22.68333333210214],[120.88333333729418,-22.700000001401907],[120.89999999762505,-22.700000001323133]]]]},"properties":{"fmt_tenid":"E 46/1348","type":"EXPLORATION LICENCE","tenstatus":"LIVE","holder1":"FMG PILBARA PTY LTD","holder2":" ","legal_area":8,"unit_of_me":"BL.","_colour":"#a0c4f0","_label":"Exploration Licence"}},{"type":"Feature","geometry":{"type":"Polygon","coordinates":[[[120.75000000027792,-22.33333333263347],[120.73333333342705,-22.333333333117654],[120.71666666702109,-22.33333333318415],[120.71666666666904,-22.350000000027837],[120.71666666705502,-22.36666666678641],[120.73333333324474,-22.366666667408694],[120.74999999968598,-22.36666666671608],[120.75000000023846,-22.383333333315733],[120.7666666671366,-22.38333333271017],[120.76666666719927,-22.399999999783482],[120.76666666686658,-22.41666666730276],[120.7666666671567,-22.433333333245454],[120.76666666708218,-22.44999999959489],[120.76666666664944,-22.466666667339524],[120.78333333343174,-22.46666666729711],[120.78333333255775,-22.449999999564568],[120.79999999979802,-22.449999999740303],[120.7999999999384,-22.433333333236565],[120.79999999965679,-22.416666667129018],[120.79999999992002,-22.400000000432254],[120.79999999969138,-22.38333333316739],[120.79999999993103,-22.366666667361528],[120.78333333255006,-22.366666666868696],[120.76666666665643,-22.366666667109072],[120.76666666673168,-22.350000000011654],[120.75000000006986,-22.349999999742323],[120.75000000027792,-22.33333333263347]]]},"properties":{"fmt_tenid":"E 46/1351","type":"EXPLORATION LICENCE","tenstatus":"LIVE","holder1":"FMG PILBARA PTY LTD","holder2":" ","legal_area":17,"unit_of_me":"BL.","_colour":"#a0c4f0","_label":"Exploration Licence"}},{"type":"Feature","geometry":{"type":"MultiPolygon","coordinates":[[[[120.6166666669589,-22.116666666733135],[120.61666666732842,-22.099999999964965],[120.6166666671662,-22.083333333131883],[120.61666666736181,-22.066666667333315],[120.60535373102609,-22.06666685336574],[120.60535472907746,-22.10271144659329],[120.60000001475281,-22.10271159007847],[120.59999999953403,-22.11666666736374],[120.6166666669589,-22.116666666733135]]],[[[120.58597200974367,-22.099999999894084],[120.58597572687742,-22.066666780730966],[120.58333333307772,-22.066666666850235],[120.58333333338366,-22.08333333260357],[120.58333333294112,-22.100000000029336],[120.58597200974367,-22.099999999894084]]]]},"properties":{"fmt_tenid":"E 46/1472","type":"EXPLORATION LICENCE","tenstatus":"LIVE","holder1":"FMG PILBARA PTY LTD","holder2":" ","legal_area":5,"unit_of_me":"BL.","_colour":"#a0c4f0","_label":"Exploration Licence"}},{"type":"Feature","geometry":{"type":"Polygon","coordinates":[[[120.79999999956875,-22.066666667489834],[120.8000000003392,-22.050000000307644],[120.81666666683226,-22.05000000006343],[120.83333333297729,-22.04999999980266],[120.83333333263053,-22.033333333269084],[120.8333333325675,-22.016666667412476],[120.8166666673533,-22.016666666775233],[120.79999999979938,-22.01666666714866],[120.78333333286916,-22.016666666522323],[120.76666666725359,-22.016666667310158],[120.76666666656779,-22.033333333115483],[120.76666666687592,-22.050000000378716],[120.75000000045512,-22.050000000169085],[120.73333333320257,-22.050000000047472],[120.73333333342795,-22.066666667028663],[120.74999999955185,-22.06666666699388],[120.76666666683325,-22.06666666703793],[120.78333333319189,-22.066666667193772],[120.79999999956875,-22.066666667489834]]]},"properties":{"fmt_tenid":"E 46/517-I","type":"EXPLORATION LICENCE","tenstatus":"LIVE","holder1":"FMG PILBARA PTY LTD","holder2":" ","legal_area":12,"unit_of_me":"BL.","_colour":"#a0c4f0","_label":"Exploration Licence"}},{"type":"Feature","geometry":{"type":"MultiPolygon","coordinates":[[[[119.91666666652817,-23.166666667498156],[119.9000000004445,-23.166666667041532],[119.90000000040868,-23.183333333463835],[119.90000000043759,-23.200000000005133],[119.88333333287694,-23.199999999830407],[119.88333333295738,-23.216666667360055],[119.89999999989196,-23.216666667453026],[119.91666666727288,-23.216666667029216],[119.93333333275756,-23.21666666724469],[119.93333333264418,-23.23333333348293],[119.9333333330551,-23.249999999519343],[119.93333333254859,-23.266666667046863],[119.95000000007505,-23.266666667014203],[119.9666666668372,-23.266666667480912],[119.96666666689116,-23.28333333305861],[119.98333333325695,-23.283333333316005],[119.99999999981377,-23.283333332585936],[120.01666666718143,-23.283333333258845],[120.03333333341833,-23.283333333398637],[120.05000000004385,-23.283333333188807],[120.06666666677623,-23.283333332846954],[120.08333333281703,-23.28333333274867],[120.10000000043468,-23.283333332727658],[120.11666666722137,-23.283333333222288],[120.1166666667278,-23.266666667023387],[120.09999999988014,-23.266666666748147],[120.09999999953445,-23.249999999720767],[120.08333333263539,-23.249999999808118],[120.06666666661086,-23.24999999991364],[120.0666666671304,-23.266666666995032],[120.05000000037506,-23.266666666907174],[120.05000000005136,-23.25000000031387],[120.04999999950273,-23.233333332740187],[120.03333333295218,-23.233333332834757],[120.01666666666885,-23.233333333041568],[120.01666666683536,-23.24999999995558],[120.00000000020563,-23.250000000382425],[119.98333333276483,-23.2500000002655],[119.96666666666732,-23.249999999526384],[119.96666666655013,-23.23333333275908],[119.98333333299081,-23.233333333323248],[119.99999999989006,-23.23333333260047],[120.00000000007088,-23.216666666690628],[119.98333333311294,-23.216666667227983],[119.96666666700828,-23.216666667498465],[119.96666666667691,-23.200000000288927],[119.94999999976748,-23.200000000428194],[119.93333333313376,-23.200000000077004],[119.93333333306954,-23.183333332949694],[119.916666667153,-23.183333333139228],[119.91666666652817,-23.166666667498156]]],[[[119.86666666696294,-23.216666667496632],[119.85491840100052,-23.216666667476083],[119.84999999930936,-23.226876946485483],[119.84999999951833,-23.233333333432643],[119.84688988711656,-23.233333332312206],[119.84679203944911,-23.23353645857944],[119.84019578343586,-23.24722680899091],[119.83333333268246,-23.243857690717594],[119.83333333286767,-23.250000000463416],[119.85000000029744,-23.25000000029396],[119.85000000011368,-23.26666666721731],[119.86666666690046,-23.266666666610696],[119.88333333348955,-23.266666666702534],[119.89999999953314,-23.266666667155455],[119.91666666741787,-23.26666666675443],[119.91666666742262,-23.24999999999428],[119.89999999966685,-23.250000000037897],[119.90000000001747,-23.23333333343954],[119.88333333287466,-23.233333333195418],[119.86666666749565,-23.233333333390295],[119.86666666696294,-23.216666667496632]]]]},"properties":{"fmt_tenid":"E 46/621-I","type":"EXPLORATION LICENCE","tenstatus":"LIVE","holder1":"FMG PILBARA PTY LTD","holder2":" ","legal_area":43,"unit_of_me":"BL.","_colour":"#a0c4f0","_label":"Exploration Licence"}},{"type":"Feature","geometry":{"type":"Polygon","coordinates":[[[120.75000000001299,-22.09999999972277],[120.75000000041011,-22.08333333252711],[120.74999999955185,-22.06666666699388],[120.73333333342795,-22.066666667028663],[120.73333333320257,-22.050000000047472],[120.71666666720839,-22.049999999978805],[120.71666666656321,-22.06666666710436],[120.71666666669199,-22.08333333293768],[120.71666666659743,-22.100000000429983],[120.73333333316666,-22.10000000006902],[120.75000000001299,-22.09999999972277]]]},"properties":{"fmt_tenid":"E 46/711-I","type":"EXPLORATION LICENCE","tenstatus":"LIVE","holder1":"FMG PILBARA PTY LTD","holder2":" ","legal_area":5,"unit_of_me":"BL.","_colour":"#a0c4f0","_label":"Exploration Licence"}},{"type":"Feature","geometry":{"type":"Polygon","coordinates":[[[120.24999999956198,-22.483333332933515],[120.2500000004368,-22.46666666666279],[120.2499999999746,-22.449999999589977],[120.24999999977858,-22.43333333289476],[120.23333333322216,-22.433333332586145],[120.21666666735146,-22.433333332566132],[120.21666666731853,-22.450000000270617],[120.2166666665926,-22.466666667418195],[120.21666666746579,-22.483333332722225],[120.23333333323579,-22.48333333286396],[120.24999999956198,-22.483333332933515]]]},"properties":{"fmt_tenid":"E 46/741-I","type":"EXPLORATION LICENCE","tenstatus":"LIVE","holder1":"FMG PILBARA PTY LTD","holder2":" ","legal_area":6,"unit_of_me":"BL.","_colour":"#a0c4f0","_label":"Exploration Licence"}},{"type":"Feature","geometry":{"type":"Polygon","coordinates":[[[120.59999999953268,-22.216666666637632],[120.59999999977718,-22.20000000047454],[120.61666666732215,-22.199999999933897],[120.6166666667799,-22.183333332623906],[120.59999999963719,-22.183333333306997],[120.58333333308306,-22.183333333048754],[120.5833333327626,-22.19999999952028],[120.58333333316779,-22.216666666907088],[120.59999999953268,-22.216666666637632]]]},"properties":{"fmt_tenid":"E 46/859-I","type":"EXPLORATION LICENCE","tenstatus":"LIVE","holder1":"FMG PILBARA PTY LTD","holder2":" ","legal_area":3,"unit_of_me":"BL.","_colour":"#a0c4f0","_label":"Exploration Licence"}},{"type":"Feature","geometry":{"type":"Polygon","coordinates":[[[120.59999999988743,-22.333333333121423],[120.59999999989543,-22.316666666891813],[120.58333333292737,-22.316666666786535],[120.58333333338088,-22.33333333324126],[120.59999999988743,-22.333333333121423]]]},"properties":{"fmt_tenid":"E 46/965-I","type":"EXPLORATION LICENCE","tenstatus":"LIVE","holder1":"FMG PILBARA PTY LTD","holder2":" ","legal_area":1,"unit_of_me":"BL.","_colour":"#a0c4f0","_label":"Exploration Licence"}},{"type":"Feature","geometry":{"type":"Polygon","coordinates":[[[118.46800376295138,-22.098673072778574],[118.46800373112616,-22.082006189978582],[118.46800369845408,-22.065339305962322],[118.46800366457774,-22.048672421535947],[118.46800367517125,-22.032005761717013],[118.45133698362068,-22.0320061212731],[118.43467016851426,-22.032006008483638],[118.41800335272285,-22.032005896069144],[118.40133653849172,-22.03200578341775],[118.38466866632126,-22.032007974413865],[118.36800079340053,-22.032010164644845],[118.35133292082794,-22.032012356145877],[118.33466641655583,-22.03201152003123],[118.31799991283728,-22.032010685271736],[118.30133340775912,-22.03200984954913],[118.30133252361846,-22.048674937219094],[118.30133385716437,-22.06534193430395],[118.30133518981238,-22.0820089309812],[118.30133652291892,-22.098675928138288],[118.31800198446821,-22.098677912162564],[118.33466744484606,-22.098679896082288],[118.35133290556529,-22.09868188029069],[118.36800083764507,-22.098679238968064],[118.38466876928477,-22.098676599108007],[118.40133670055658,-22.098673958433658],[118.41800346934143,-22.098673739105525],[118.43467023787704,-22.09867351891924],[118.45133700573872,-22.09867329964461],[118.46800376295138,-22.098673072778574]]]},"properties":{"fmt_tenid":"E 47/1016-I","type":"EXPLORATION LICENCE","tenstatus":"LIVE","holder1":"FMG PILBARA PTY LTD","holder2":" ","legal_area":40,"unit_of_me":"BL.","_colour":"#a0c4f0","_label":"Exploration Licence"}},{"type":"Feature","geometry":{"type":"Polygon","coordinates":[[[117.82349805748571,-22.750735046609318],[117.81666666745285,-22.76151391334489],[117.81666666708458,-22.76666666718154],[117.81340097387071,-22.766666667162603],[117.80965928987715,-22.772570460495285],[117.8140297874202,-22.774941947096227],[117.81049213622113,-22.780555317907233],[117.80612145466304,-22.77818382910421],[117.80287565504037,-22.783333332599316],[117.8166666670647,-22.783333333093125],[117.83333333315434,-22.78333333341999],[117.84728531360673,-22.783333332993383],[117.84261800980556,-22.777854512309265],[117.85467623998558,-22.765078764340338],[117.86228640689015,-22.775575977270048],[117.86666666652947,-22.775202666365594],[117.86666666728485,-22.766666666699347],[117.86666666708197,-22.749999999508297],[117.849999999724,-22.75000000002747],[117.83333333299595,-22.749999999747807],[117.822141391712,-22.749999999721016],[117.82349805748571,-22.750735046609318]]]},"properties":{"fmt_tenid":"E 47/1136-I","type":"EXPLORATION LICENCE","tenstatus":"LIVE","holder1":"FMG PILBARA PTY LTD","holder2":" ","legal_area":7,"unit_of_me":"BL.","_colour":"#a0c4f0","_label":"Exploration Licence"}},{"type":"Feature","geometry":{"type":"Polygon","coordinates":[[[119.3999999995375,-22.816666666877538],[119.38333333256114,-22.816666667091166],[119.36666666743409,-22.816666666775426],[119.36666666701295,-22.833333332891424],[119.36666666743294,-22.850000000319945],[119.38333333299795,-22.850000000444496],[119.39999999960655,-22.84999999957212],[119.39999999961887,-22.86666666741879],[119.39999999999827,-22.88333333256866],[119.39999999967627,-22.899999999501457],[119.40000000040413,-22.916666666944675],[119.40000000023842,-22.933333332701853],[119.38333333302504,-22.933333333358007],[119.38333333313746,-22.950000000124074],[119.39999999982784,-22.949999999918095],[119.4166666667915,-22.94999999996677],[119.41666666664062,-22.93333333346095],[119.41666666656643,-22.916666667171196],[119.4166666670089,-22.899999999532046],[119.41666666651587,-22.883333332670585],[119.41666666720238,-22.86666666702472],[119.41666666698346,-22.850000000426977],[119.43333333345576,-22.85000000036558],[119.43333333349739,-22.83333333305002],[119.41666666688079,-22.83333333274292],[119.39999999969059,-22.833333332691033],[119.3999999995375,-22.816666666877538]]]},"properties":{"fmt_tenid":"E 47/1140-I","type":"EXPLORATION LICENCE","tenstatus":"LIVE","holder1":"FMG PILBARA PTY LTD","holder2":" ","legal_area":13,"unit_of_me":"BL.","_colour":"#a0c4f0","_label":"Exploration Licence"}},{"type":"Feature","geometry":{"type":"MultiPolygon","coordinates":[[[[116.53333333316381,-22.633333333092008],[116.55000000039243,-22.633333333265107],[116.54999999965932,-22.65000000018283],[116.56666666658548,-22.649999999871692],[116.56666666671892,-22.633333332575585],[116.56666666721723,-22.61666666667237],[116.55000000005252,-22.616666667185527],[116.53333333304988,-22.61666666675751],[116.53333333316381,-22.633333333092008]]],[[[116.51666666721282,-22.61666666673932],[116.53333333304988,-22.61666666675751],[116.53333333250508,-22.600081525423803],[116.51666666694022,-22.59999999997097],[116.51666666721282,-22.61666666673932]]]]},"properties":{"fmt_tenid":"E 47/1154-I","type":"EXPLORATION LICENCE","tenstatus":"LIVE","holder1":"FMG PILBARA PTY LTD","holder2":" ","legal_area":4,"unit_of_me":"BL.","_colour":"#a0c4f0","_label":"Exploration Licence"}},{"type":"Feature","geometry":{"type":"MultiPolygon","coordinates":[[[[119.34999999989267,-22.849999999739207],[119.36666666743294,-22.850000000319945],[119.36666666701295,-22.833333332891424],[119.36666666743409,-22.816666666775426],[119.38333333256114,-22.816666667091166],[119.3999999995375,-22.816666666877538],[119.39999999969059,-22.833333332691033],[119.41666666688079,-22.83333333274292],[119.43333333349739,-22.83333333305002],[119.43333333303735,-22.816666666677175],[119.43333333268892,-22.799999999592966],[119.41666666684698,-22.800000000231087],[119.41666666698156,-22.783333333494756],[119.39999999989183,-22.783333333023943],[119.39999999966896,-22.766666667326067],[119.38359551326297,-22.766666666932142],[119.36573057882002,-22.776782345053626],[119.36363606713662,-22.78421453646086],[119.35495786115898,-22.790401319072114],[119.35455650218272,-22.78041159641166],[119.34161689615507,-22.777519602314257],[119.3126249548534,-22.816666666724313],[119.33333333271123,-22.816666666625107],[119.34999999992489,-22.81666666679751],[119.34999999982392,-22.833333333352304],[119.34999999989267,-22.849999999739207]]],[[[119.38333333014478,-22.73333333007298],[119.37434065954993,-22.73333354995143],[119.34999999959773,-22.766200114248033],[119.3500000003996,-22.76666666661465],[119.34965447491003,-22.766666666592823],[119.3493890071685,-22.76702512188256],[119.38333333334104,-22.748103782520513],[119.38333333014478,-22.73333333007298]]]]},"properties":{"fmt_tenid":"E 47/1191-I","type":"EXPLORATION LICENCE","tenstatus":"LIVE","holder1":"FMG PILBARA PTY LTD","holder2":" ","legal_area":26,"unit_of_me":"BL.","_colour":"#a0c4f0","_label":"Exploration Licence"}},{"type":"Feature","geometry":{"type":"Polygon","coordinates":[[[119.44999999995201,-22.916666666615868],[119.44999999970973,-22.899999999543212],[119.44999999967963,-22.883333332910627],[119.4499999996602,-22.86666666720714],[119.44999999974173,-22.85000000028946],[119.4499999996741,-22.833333332680507],[119.43333333349739,-22.83333333305002],[119.43333333345576,-22.85000000036558],[119.41666666698346,-22.850000000426977],[119.41666666720238,-22.86666666702472],[119.41666666651587,-22.883333332670585],[119.4166666670089,-22.899999999532046],[119.41666666656643,-22.916666667171196],[119.4333333327781,-22.916666666577317],[119.44999999995201,-22.916666666615868]]]},"properties":{"fmt_tenid":"E 47/1192-I","type":"EXPLORATION LICENCE","tenstatus":"LIVE","holder1":"FMG PILBARA PTY LTD","holder2":" ","legal_area":9,"unit_of_me":"BL.","_colour":"#a0c4f0","_label":"Exploration Licence"}},{"type":"Feature","geometry":{"type":"Polygon","coordinates":[[[119.45000000028716,-22.950000000390457],[119.45000000035057,-22.933333333431133],[119.44999999995201,-22.916666666615868],[119.4333333327781,-22.916666666577317],[119.41666666656643,-22.916666667171196],[119.41666666664062,-22.93333333346095],[119.4166666667915,-22.94999999996677],[119.45000000028716,-22.950000000390457]]]},"properties":{"fmt_tenid":"E 47/1224-I","type":"EXPLORATION LICENCE","tenstatus":"LIVE","holder1":"FMG PILBARA PTY LTD","holder2":" ","legal_area":4,"unit_of_me":"BL.","_colour":"#a0c4f0","_label":"Exploration Licence"}},{"type":"Feature","geometry":{"type":"Polygon","coordinates":[[[119.26666666687336,-22.866666667074472],[119.28333333300559,-22.866666667427957],[119.28333333314126,-22.856218384409633],[119.28311645034955,-22.856511230013393],[119.23414629964198,-22.856497180159952],[119.2341458466679,-22.850000008204677],[119.2333333327449,-22.850000000020856],[119.23333333327453,-22.866666666593563],[119.2166666671935,-22.866666666958924],[119.21666666662583,-22.88333333313192],[119.1999999997504,-22.8833333325499],[119.20000000010752,-22.896194162635858],[119.22209510179795,-22.896194098015954],[119.22209509638533,-22.903460360091646],[119.25000000010023,-22.903458121682064],[119.25000000030786,-22.899999999595646],[119.25000000027298,-22.883333333292285],[119.26666666653692,-22.883333333245382],[119.26666666687336,-22.866666667074472]]]},"properties":{"fmt_tenid":"E 47/1235-I","type":"EXPLORATION LICENCE","tenstatus":"LIVE","holder1":"FMG PILBARA PTY LTD","holder2":" ","legal_area":11,"unit_of_me":"BL.","_colour":"#a0c4f0","_label":"Exploration Licence"}},{"type":"Feature","geometry":{"type":"Polygon","coordinates":[[[116.56666666696448,-22.466666667131157],[116.54999999974989,-22.466666666674627],[116.53333333328236,-22.46666666662855],[116.51666666702761,-22.466666666609537],[116.5166666669172,-22.48333333322462],[116.51666666670303,-22.50000000021522],[116.53333333348696,-22.499999999879616],[116.53333333310512,-22.516666666775755],[116.53333333254783,-22.5333333325988],[116.5500000004213,-22.5333333332975],[116.56666666680006,-22.533333332647402],[116.56666666719457,-22.550000000363003],[116.58333333254531,-22.550000000339544],[116.58333333278578,-22.566666666950493],[116.58333333326127,-22.58333333282194],[116.59999999975688,-22.583333333491684],[116.6000000004095,-22.59999999963131],[116.6166666673855,-22.600000000206677],[116.61666666716128,-22.583333333035167],[116.61666666711557,-22.566666666675513],[116.616666667294,-22.550000000048257],[116.61666666685865,-22.533333333243018],[116.6333333326738,-22.533333332583307],[116.6499999995981,-22.533333332960925],[116.65000000031041,-22.54999999957136],[116.66666666731777,-22.549999999832604],[116.66666666662837,-22.566666666827842],[116.68333333275977,-22.56666666734162],[116.68333333265892,-22.58333333263824],[116.69999999967801,-22.58333333349176],[116.69999999952937,-22.599999999590555],[116.71666666670481,-22.60000000004318],[116.71666666748254,-22.616666667419143],[116.73333333331145,-22.61666666737758],[116.73333333281346,-22.599999999990406],[116.7333333326051,-22.583333333214174],[116.73333333290873,-22.56666666703305],[116.73333333264827,-22.549999999784646],[116.74999999967193,-22.54999999974645],[116.74999999988508,-22.533333332586448],[116.74999999975377,-22.516666667219194],[116.7499999995901,-22.500000000034948],[116.7333333327771,-22.4999999998054],[116.7166666670665,-22.49999999975953],[116.70000000045539,-22.50000000045537],[116.68333333251378,-22.499999999548887],[116.666666667439,-22.50000000021941],[116.66666666700716,-22.483333334326822],[116.63333336573521,-22.483333331253917],[116.6333333021394,-22.466666669831483],[116.61666666739822,-22.466666671020235],[116.5999999996485,-22.466666673337954],[116.58333333317974,-22.466666670668452],[116.56666670596431,-22.46666667313129],[116.56666666696448,-22.466666667131157]]]},"properties":{"fmt_tenid":"E 47/1299-I","type":"EXPLORATION LICENCE","tenstatus":"LIVE","holder1":"FMG PILBARA PTY LTD","holder2":" ","legal_area":66,"unit_of_me":"BL.","_colour":"#a0c4f0","_label":"Exploration Licence"}},{"type":"Feature","geometry":{"type":"Polygon","coordinates":[[[116.79999999962041,-22.499999999700293],[116.78333333299896,-22.50000000043674],[116.76666666667022,-22.500000000403908],[116.7499999995901,-22.500000000034948],[116.74999999975377,-22.516666667219194],[116.74999999988508,-22.533333332586448],[116.74999999967193,-22.54999999974645],[116.73333333264827,-22.549999999784646],[116.73333333290873,-22.56666666703305],[116.7333333326051,-22.583333333214174],[116.73333333281346,-22.599999999990406],[116.73333333331145,-22.61666666737758],[116.73333333342538,-22.63333333261604],[116.74999999976053,-22.633333333239126],[116.74999999966957,-22.64999999963341],[116.74999999992376,-22.66666666735065],[116.76666666697665,-22.666666667395294],[116.78333333254234,-22.66666666737737],[116.78333333343446,-22.68333333290383],[116.79999999963546,-22.683333332660364],[116.8166666668072,-22.683333332834415],[116.81666666684544,-22.700000000069416],[116.83333333317934,-22.700000000343277],[116.83333333345244,-22.7166666671156],[116.84999999957073,-22.716666666678247],[116.84999999986785,-22.700000000068137],[116.84999999983488,-22.68333333275513],[116.84999999978348,-22.666666666730816],[116.84999999974148,-22.649999999569214],[116.84999999984448,-22.633333333130974],[116.84999999964424,-22.616666666790927],[116.84999999986057,-22.600000000425354],[116.83333333336066,-22.59999999973188],[116.8166666665046,-22.600000000402243],[116.81666666746725,-22.583333332761864],[116.81666666747037,-22.56666666696372],[116.81666666677782,-22.5500000001327],[116.8333333331006,-22.549999999724147],[116.84999999985912,-22.550000000115137],[116.84999999988807,-22.53333333339385],[116.84999999969828,-22.516741217159872],[116.84192834262856,-22.516751012494996],[116.81655532935547,-22.516777561025336],[116.81666666323372,-22.499999998333173],[116.79999999962041,-22.499999999700293]]]},"properties":{"fmt_tenid":"E 47/1300-I","type":"EXPLORATION LICENCE","tenstatus":"LIVE","holder1":"FMG PILBARA PTY LTD","holder2":" ","legal_area":64,"unit_of_me":"BL.","_colour":"#a0c4f0","_label":"Exploration Licence"}},{"type":"Feature","geometry":{"type":"MultiPolygon","coordinates":[[[[116.96666666668736,-22.64999999965705],[116.96666666729017,-22.633333332904787],[116.96666666725106,-22.61666666720562],[116.96666666666776,-22.600000000146103],[116.966666666826,-22.58333333264111],[116.96666666675166,-22.566666666849013],[116.96666666701462,-22.550015595234793],[116.94999999917596,-22.549999999903402],[116.94999999951436,-22.566666666596365],[116.94999999959299,-22.58333333318129],[116.95000000044513,-22.59999999987483],[116.93333333349915,-22.59999999977224],[116.91666666709895,-22.5999999996729],[116.89999999980803,-22.600000000302447],[116.8833333328394,-22.60000000016734],[116.86666666699023,-22.600000000145137],[116.84999999986057,-22.600000000425354],[116.84999999964424,-22.616666666790927],[116.84999999984448,-22.633333333130974],[116.84999999974148,-22.649999999569214],[116.84999999978348,-22.666666666730816],[116.86666666682237,-22.666666666642257],[116.86666666720926,-22.683333333275606],[116.86666666742124,-22.69999999963357],[116.84999999986785,-22.700000000068137],[116.84999999957073,-22.716666666678247],[116.8666666669611,-22.716666666901848],[116.88333333328175,-22.71666666709884],[116.89999999980762,-22.716666666619506],[116.91666666730673,-22.716666666670438],[116.91666666656192,-22.70000000045653],[116.90000000027501,-22.70000000046465],[116.90000000032956,-22.683333333106198],[116.90000000042457,-22.66666666706198],[116.88333333317728,-22.66666666655075],[116.88333333302425,-22.650000000176057],[116.90000000048744,-22.649999999969975],[116.91666666673068,-22.64999999997405],[116.9333333333406,-22.650000000268236],[116.94999999968334,-22.650000000345862],[116.95000000029202,-22.66666666655761],[116.94999999995295,-22.683333332711502],[116.95000000009271,-22.699999999907362],[116.96666666651782,-22.699999999764554],[116.96666666661712,-22.683333332657664],[116.96666666663376,-22.666666666780486],[116.96666666668736,-22.64999999965705]]],[[[116.86659311794418,-22.516721081552255],[116.84999999969828,-22.516741217159872],[116.84999999988807,-22.53333333339385],[116.84999999985912,-22.550000000115137],[116.86666666706448,-22.549999999789136],[116.88333333323408,-22.549999999588476],[116.90000000039042,-22.550000000487003],[116.89999999959615,-22.533360883016467],[116.88348556873595,-22.533333332731498],[116.88333333280512,-22.533333331805714],[116.88324380984577,-22.533333330849395],[116.88324330784597,-22.53333333284967],[116.86650718047996,-22.533433424791234],[116.86659311794418,-22.516721081552255]]]]},"properties":{"fmt_tenid":"E 47/1301-I","type":"EXPLORATION LICENCE","tenstatus":"LIVE","holder1":"FMG PILBARA PTY LTD","holder2":" ","legal_area":41,"unit_of_me":"BL.","_colour":"#a0c4f0","_label":"Exploration Licence"}},{"type":"Feature","geometry":{"type":"MultiPolygon","coordinates":[[[[116.96666666701462,-22.550015595234793],[116.96666666675166,-22.566666666849013],[116.966666666826,-22.58333333264111],[116.96666666666776,-22.600000000146103],[116.96666666725106,-22.61666666720562],[116.96666666729017,-22.633333332904787],[116.96666666668736,-22.64999999965705],[116.98333333341614,-22.649999999510072],[116.98333333334992,-22.633333333031768],[116.9999999996567,-22.633333333355523],[117.01666666661056,-22.63333333334388],[117.03333333274904,-22.633333332932345],[117.03333333294722,-22.616666667424536],[117.04999999965537,-22.616666666563177],[117.0666666667041,-22.616666667152796],[117.08333333268698,-22.616666667039443],[117.0999999995802,-22.616666667455217],[117.10000000020017,-22.60000000018296],[117.11666666729023,-22.6000000001263],[117.13080790931224,-22.60000011084495],[117.13080741413143,-22.566666775661727],[117.11680813821525,-22.566666669697497],[117.11680825514063,-22.56670400966614],[117.0885366313671,-22.56670940072815],[117.0665906445335,-22.56671006185173],[117.06661744950276,-22.549957139643457],[117.03336992959528,-22.550064039787078],[117.00541655970586,-22.550047320437727],[116.97803327980932,-22.550026229524633],[116.96666666701462,-22.550015595234793]]],[[[117.11666666694109,-22.53141194937648],[117.11666666676379,-22.533333332691267],[117.1166666668787,-22.548686633002955],[117.11800389187711,-22.548686603685734],[117.11800364497599,-22.536277355395715],[117.11666666694109,-22.53141194937648]]],[[[117.08467001231611,-22.516616799831542],[117.09076355005291,-22.51666687994502],[117.09999999967278,-22.51666666682634],[117.11666666711845,-22.51666666732756],[117.11666666716387,-22.527937722341246],[117.11800348413087,-22.527754947235994],[117.11800322745903,-22.51535322978325],[117.10133660404684,-22.515353568113323],[117.08466998129153,-22.515353857419605],[117.08467001231611,-22.516616799831542]]]]},"properties":{"fmt_tenid":"E 47/1302-I","type":"EXPLORATION LICENCE","tenstatus":"LIVE","holder1":"FMG PILBARA PTY LTD","holder2":" ","legal_area":44,"unit_of_me":"BL.","_colour":"#a0c4f0","_label":"Exploration Licence"}},{"type":"Feature","geometry":{"type":"Polygon","coordinates":[[[117.28333333341789,-22.083333332504235],[117.2833333325227,-22.099999999933882],[117.28333333311768,-22.116666667012503],[117.30000000035744,-22.116666667293565],[117.31666666738147,-22.116666667365884],[117.33333333300607,-22.116666666541022],[117.33333333315804,-22.133333332553633],[117.35000000036239,-22.133333332701792],[117.34999999954783,-22.150000000077956],[117.34999999985884,-22.16534141785857],[117.34999999987787,-22.183333333321997],[117.35000000023747,-22.200000000223387],[117.35000000017804,-22.21666666680437],[117.36666666726208,-22.216666667374092],[117.38333333291347,-22.216666667059645],[117.40000000039278,-22.21666666746007],[117.41666666688633,-22.216666667022103],[117.43333333283364,-22.21666666734332],[117.45000000020087,-22.21666666728972],[117.46666666741807,-22.21666666658514],[117.48333333273479,-22.216666667348438],[117.49987157041069,-22.216666667275213],[117.4998715724104,-22.216666151275497],[117.49995237526586,-22.216666158313146],[117.4857204297459,-22.209548990422068],[117.4715992299449,-22.202485239577662],[117.47200090868309,-22.18333333271635],[117.46698600574354,-22.183333333468845],[117.46664337090505,-22.18333721098319],[117.46659027530637,-22.16666667086378],[117.46258239606045,-22.16666666662153],[117.45195052007656,-22.1666704803412],[117.43142964004574,-22.1666756301815],[117.41711464011982,-22.16667769024813],[117.39999260977082,-22.166678509512032],[117.39997301689874,-22.150000000813595],[117.3833333329848,-22.14999999998501],[117.38333333303825,-22.14999202198396],[117.38328495025495,-22.149992039923497],[117.38329156801234,-22.133333334925794],[117.3745171953129,-22.13333333344652],[117.3667468603896,-22.13336076019049],[117.36674668724902,-22.13333333721155],[117.36666666674263,-22.133333333106197],[117.36666666666677,-22.120630519900313],[117.36664169054679,-22.116666667882132],[117.35000000032701,-22.11666666671039],[117.34999999883398,-22.101190037216604],[117.34999612042736,-22.100044120148965],[117.35000000040854,-22.100044088153926],[117.35000000019981,-22.100000000189947],[117.35132603038964,-22.100000061775336],[117.35133722026994,-22.098673559863972],[117.36785907004587,-22.09868009990548],[117.3827922739845,-22.098684577715716],[117.3833333328383,-22.09868468641991],[117.38333333302928,-22.083333333283903],[117.36666666660884,-22.083333333215972],[117.3500000001286,-22.08333333300042],[117.33333333280986,-22.083333332853538],[117.31666666690873,-22.083333332610554],[117.3000000004088,-22.083333333010586],[117.28333333341789,-22.083333332504235]]]},"properties":{"fmt_tenid":"E 47/1306-I","type":"EXPLORATION LICENCE","tenstatus":"LIVE","holder1":"FMG PILBARA PTY LTD","holder2":" ","legal_area":41,"unit_of_me":"BL.","_colour":"#a0c4f0","_label":"Exploration Licence"}},{"type":"Feature","geometry":{"type":"Polygon","coordinates":[[[117.88333333284179,-22.100000000137772],[117.88333333337901,-22.083333332706488],[117.88333333326375,-22.066666666840167],[117.88333333313938,-22.049999999807415],[117.88333333291006,-22.03333333335543],[117.90000000015688,-22.033333333064697],[117.89999999968835,-22.016666667001232],[117.90000000007717,-21.99999999978317],[117.88333333347454,-22.000000000467892],[117.8833333333565,-21.98333333283331],[117.8680063861343,-21.983333344782935],[117.86800640254596,-21.98824204093913],[117.86666666579525,-21.9881161430693],[117.86666666701353,-21.999999999868578],[117.84999999985433,-22.000000000197797],[117.83333333277545,-22.000000000378236],[117.83333333275766,-22.01666666713934],[117.83333333279931,-22.033333333010297],[117.83333333273967,-22.050000000299963],[117.83333333333984,-22.06666666663581],[117.83333333274904,-22.08333333290428],[117.8333333331973,-22.099999999620657],[117.85000000010841,-22.09999999986228],[117.86666666704627,-22.100000000460614],[117.88333333284179,-22.100000000137772]]]},"properties":{"fmt_tenid":"E 47/1319-I","type":"EXPLORATION LICENCE","tenstatus":"LIVE","holder1":"FMG PILBARA PTY LTD","holder2":" ","legal_area":21,"unit_of_me":"BL.","_colour":"#a0c4f0","_label":"Exploration Licence"}},{"type":"Feature","geometry":{"type":"MultiPolygon","coordinates":[[[[117.8000000002883,-22.200000000204867],[117.81205325044421,-22.184188970120637],[117.80080358019846,-22.178540159740457],[117.8034834400043,-22.17335350039876],[117.78991270016125,-22.170227450468936],[117.76591669395506,-22.163748986274552],[117.76354999929418,-22.171571725690615],[117.74488629277221,-22.166670698955105],[117.74725402162157,-22.15884794459015],[117.73333333319974,-22.155190538566192],[117.73333333253778,-22.166666667440907],[117.73333333332337,-22.18333333346929],[117.71666666749103,-22.18333333272217],[117.70000000037834,-22.18333333297553],[117.68333333286894,-22.183333332643617],[117.66666666697962,-22.183333333446548],[117.66666666660414,-22.199999999770448],[117.66666666734216,-22.216666666567747],[117.66666666713603,-22.233333332761426],[117.66666666677192,-22.24999999983983],[117.66666666714926,-22.266666667460807],[117.68333333252768,-22.26666666749766],[117.68333333286945,-22.250000000081773],[117.68333333254232,-22.233333332546135],[117.6999999999625,-22.23333333337114],[117.71666666726269,-22.233333332912423],[117.71666666749061,-22.250000000070628],[117.733333333336,-22.249999999738264],[117.75000000015025,-22.250000000077762],[117.7500010351508,-22.25000000007703],[117.75133712077897,-22.25000000013382],[117.75133711706494,-22.248673034086053],[117.76112047081804,-22.233333332975736],[117.7666666665566,-22.224637236553487],[117.7717501367058,-22.216666666859542],[117.77601895208427,-22.209973425942295],[117.78727647704027,-22.214801688057968],[117.76544847973379,-22.205438823479604],[117.76254898837372,-22.210993438205385],[117.7343878971776,-22.198466847295325],[117.74075380856293,-22.18605629882962],[117.76898062265565,-22.19861324654528],[117.77172974943588,-22.19264989781689],[117.7807626861527,-22.196524902818506],[117.77861976637901,-22.20085689925199],[117.79145220044703,-22.206361481151596],[117.79609394647039,-22.208493984745044],[117.80049682432052,-22.200000025468466],[117.8000000002883,-22.200000000204867]],[[117.69087877113917,-22.21391207682392],[117.71296751650794,-22.22644067438524],[117.71288638714601,-22.232030438626147],[117.69100051765776,-22.232006854679224],[117.69087877113917,-22.21391207682392]]],[[[117.76666666718492,-22.099999999692056],[117.74999999975924,-22.099999999592274],[117.75578086360022,-22.100000192632724],[117.76696540953571,-22.103249459966683],[117.77315381527127,-22.10484926678978],[117.77371899686376,-22.105562000699695],[117.77543901445044,-22.107941996636356],[117.77822041109292,-22.111016659682488],[117.7809491645658,-22.11135740953175],[117.79156628763837,-22.12169622354644],[117.80504150216157,-22.13481496120747],[117.81666666686232,-22.127056232522516],[117.81666666743504,-22.116666667209362],[117.81666666656426,-22.099999999611963],[117.79166666670288,-22.09999936346889],[117.76666666718492,-22.099999999692056]]],[[[117.73693283547384,-22.142399862342675],[117.73907871969443,-22.136197499793507],[117.73337320064412,-22.134465406217732],[117.73333333321956,-22.116666667458496],[117.73333333312043,-22.133333332566448],[117.73333333251124,-22.134586345159786],[117.73333333324261,-22.14645590593653],[117.73693283547384,-22.142399862342675]]],[[[117.7333333298567,-22.11272941968924],[117.73570207975379,-22.112312020572755],[117.73430510460608,-22.11123020053449],[117.73333332969266,-22.110742006320077],[117.7333333298567,-22.11272941968924]]],[[[117.73333333203747,-22.102853835635806],[117.73333333178236,-22.103064369614998],[117.73351563154583,-22.102962670049976],[117.7338188341128,-22.102552962789332],[117.734605210483,-22.10207244163277],[117.73544810833067,-22.101391021577726],[117.73614828987223,-22.10135106816553],[117.73669470711955,-22.101118694396025],[117.73723916694617,-22.10120478963009],[117.73787592579339,-22.10151869209546],[117.73864200448556,-22.10227468392205],[117.74011992913309,-22.102509950283366],[117.74049349726214,-22.102839455943986],[117.74096245004277,-22.102801835697345],[117.74092853243927,-22.10244462657963],[117.74068840405235,-22.10246457619492],[117.74070356084684,-22.10264132225004],[117.74056356961736,-22.10265256802537],[117.7402104955011,-22.102341138401428],[117.73873848005526,-22.10210679412479],[117.73799492141181,-22.101372986353432],[117.73730235340057,-22.1010315497627],[117.73666847127083,-22.100931302330476],[117.73610055493226,-22.10117282705532],[117.73537070127948,-22.101214471405296],[117.73448804524831,-22.101928008371466],[117.7336808397874,-22.10242125548115],[117.73337994323289,-22.10282783274682],[117.73333333203747,-22.102853835635806]]],[[[117.80049682432052,-22.200000025468466],[117.80058781232641,-22.20000002451676],[117.80051401433941,-22.199966855561392],[117.80049682432052,-22.200000025468466]]]]},"properties":{"fmt_tenid":"E 47/1333-I","type":"EXPLORATION LICENCE","tenstatus":"LIVE","holder1":"FMG PILBARA PTY LTD","holder2":" ","legal_area":46,"unit_of_me":"BL.","_colour":"#a0c4f0","_label":"Exploration Licence"}},{"type":"Feature","geometry":{"type":"MultiPolygon","coordinates":[[[[117.96612149994031,-22.20756604660035],[117.93788765733849,-22.207614231094517],[117.91331631672246,-22.21504496490269],[117.90133603022339,-22.232004734130353],[117.9013360202504,-22.23333333337847],[117.91666666707813,-22.233333332633258],[117.93333333326493,-22.233333332521692],[117.95000000014385,-22.23333333339911],[117.94999999754992,-22.21666666629731],[117.9660621203119,-22.216666667453364],[117.96612149994031,-22.20756604660035]]],[[[117.8793605484358,-22.10000000013229],[117.86666666704627,-22.100000000460614],[117.85000000010841,-22.09999999986228],[117.8333333331973,-22.099999999620657],[117.81666666656426,-22.099999999611963],[117.81666666743504,-22.116666667209362],[117.81666666686232,-22.127056232522516],[117.81925414009775,-22.125329329506652],[117.825345558326,-22.12538455057799],[117.825359275152,-22.114799672132524],[117.82524964097028,-22.113079240479493],[117.84474828222221,-22.112824585128752],[117.844748347436,-22.106265145883853],[117.84593997188904,-22.106527427081073],[117.85914495709989,-22.10706714727135],[117.86125221064563,-22.108123474561893],[117.86224799894917,-22.108066656761373],[117.8631537568396,-22.107755595173355],[117.86683331660564,-22.105245555852417],[117.87650841536403,-22.10515374171852],[117.87460788527834,-22.106215426324333],[117.87941941998106,-22.10622626094551],[117.8793605484358,-22.10000000013229]]],[[[117.98333333296434,-22.166666666743307],[117.9760836782643,-22.166666666815527],[117.97621219403119,-22.17032229648607],[117.97680155578372,-22.187084086669515],[117.98716959129457,-22.193807433202085],[117.98333333258692,-22.20748218639678],[117.98333333331937,-22.212959726181666],[117.9872229882108,-22.213928262552294],[117.98732823396244,-22.216666670400013],[117.99999999976218,-22.21666666655221],[117.99999999994388,-22.205870710519353],[117.99999999983923,-22.200000000400937],[117.99999999965303,-22.19920042809268],[117.99999999986818,-22.18333333294738],[117.98333333309765,-22.183333332705757],[117.98333333296434,-22.166666666743307]]]]},"properties":{"fmt_tenid":"E 47/1334-I","type":"EXPLORATION LICENCE","tenstatus":"LIVE","holder1":"FMG PILBARA PTY LTD","holder2":" ","legal_area":16,"unit_of_me":"BL.","_colour":"#a0c4f0","_label":"Exploration Licence"}},{"type":"Feature","geometry":{"type":"Polygon","coordinates":[[[117.44999999954736,-21.983333333069346],[117.44999999986969,-21.999999999530196],[117.45000000005312,-22.016666667378093],[117.44999999951983,-22.033333333462053],[117.45000000014889,-22.049999999843457],[117.46666666652565,-22.04999999954626],[117.46666666703412,-22.033333333458177],[117.46666666664488,-22.016666667362294],[117.46800418176912,-22.01666666866907],[117.49228645070643,-22.016655481458365],[117.51663121896397,-22.016640886403394],[117.51663127425712,-22.01666666843091],[117.51666666731519,-22.01666666743389],[117.51666666740252,-21.999999999605922],[117.53333333257308,-21.999999999903885],[117.54999999982763,-21.99999999997834],[117.55000000034703,-21.9833333328874],[117.53333333255421,-21.983333332503516],[117.51666666658124,-21.983333332884953],[117.50000000042616,-21.98333333259267],[117.48333333305663,-21.983333333173835],[117.46666666683679,-21.983333333476384],[117.44999999954736,-21.983333333069346]]]},"properties":{"fmt_tenid":"E 47/1349-I","type":"EXPLORATION LICENCE","tenstatus":"LIVE","holder1":"FMG PILBARA PTY LTD","holder2":" ","legal_area":12,"unit_of_me":"BL.","_colour":"#a0c4f0","_label":"Exploration Licence"}},{"type":"Feature","geometry":{"type":"MultiPolygon","coordinates":[[[[116.43333333265788,-22.350000000349485],[116.44999999999327,-22.35000000027202],[116.46666666688598,-22.34999999973721],[116.48333333325635,-22.349999999587105],[116.48333333278559,-22.33333333342448],[116.44999999966019,-22.33333161902824],[116.44999999995426,-22.316666667030496],[116.43333333292014,-22.316666667328334],[116.41666666709054,-22.316666666888317],[116.4000000004157,-22.316666666501874],[116.40000000016525,-22.33333333317657],[116.4000000002144,-22.349998284870548],[116.41666666687355,-22.34999999989135],[116.43333333265788,-22.350000000349485]]],[[[116.53333333261239,-22.43333333267617],[116.53333333286201,-22.41666666716334],[116.53333333274114,-22.40000000011927],[116.51666666728332,-22.39999999984952],[116.51666666650134,-22.416666666806027],[116.51666666716004,-22.433333333055607],[116.51666666672772,-22.45000000039881],[116.51666666702761,-22.466666666609537],[116.53333333328236,-22.46666666662855],[116.54999999974989,-22.466666666674627],[116.56666666696448,-22.466666667131157],[116.56666670596431,-22.46666667313129],[116.56666669985441,-22.4500000001023],[116.56666666685447,-22.45000000010211],[116.55000000010644,-22.449999999961666],[116.53333333309918,-22.449999999701244],[116.53333333261239,-22.43333333267617]]]]},"properties":{"fmt_tenid":"E 47/1351-I","type":"EXPLORATION LICENCE","tenstatus":"LIVE","holder1":"FMG PILBARA PTY LTD","holder2":" ","legal_area":14,"unit_of_me":"BL.","_colour":"#a0c4f0","_label":"Exploration Licence"}},{"type":"Feature","geometry":{"type":"Polygon","coordinates":[[[117.46666666695704,-22.266666666998315],[117.4666666666892,-22.283333332773207],[117.48333333313424,-22.28333333345703],[117.49999999996953,-22.28333333262472],[117.51666666717085,-22.283333333264675],[117.53333333277456,-22.28333333285962],[117.55000000033229,-22.28333333273051],[117.56666666731608,-22.28333333338008],[117.56666666722406,-22.266666667328543],[117.56666666741918,-22.25000000043874],[117.54999999968312,-22.250000000111143],[117.53338422479516,-22.250000003384017],[117.53338420971035,-22.25003662034191],[117.51832486004858,-22.25005651044042],[117.49971120046978,-22.250079150042346],[117.49971158045769,-22.250000015103677],[117.48333333272214,-22.2500000001381],[117.48333333288778,-22.266666667393228],[117.46666666695704,-22.266666666998315]]]},"properties":{"fmt_tenid":"E 47/1352-I","type":"EXPLORATION LICENCE","tenstatus":"LIVE","holder1":"FMG PILBARA PTY LTD","holder2":" ","legal_area":11,"unit_of_me":"BL.","_colour":"#a0c4f0","_label":"Exploration Licence"}},{"type":"Feature","geometry":{"type":"MultiPolygon","coordinates":[[[[117.5833333328852,-22.833333332907472],[117.56666666653443,-22.8333333329976],[117.55000000014087,-22.833333332825728],[117.53333333275809,-22.83333333346033],[117.51666666697287,-22.833333332774256],[117.50000000046478,-22.833333332624658],[117.49999999958771,-22.8499999996803],[117.4999999999498,-22.866666667189765],[117.50000000006777,-22.883333332923],[117.49999999959496,-22.90000000001363],[117.51666666675376,-22.89999999995743],[117.5333333329171,-22.89999999956457],[117.54999999984129,-22.900000000244454],[117.56666666699363,-22.89999999972505],[117.56666666725445,-22.8833333332866],[117.57380542833452,-22.883333547158642],[117.56588514650821,-22.879007513560506],[117.57782412662759,-22.860221942790822],[117.58333333310856,-22.863227998734686],[117.58333333336725,-22.850000000218408],[117.5833333328852,-22.833333332907472]]],[[[117.5999999995438,-22.900000000300007],[117.60435757701725,-22.899999999545404],[117.59999999976381,-22.897622287352014],[117.5999999995438,-22.900000000300007]]],[[[117.66666666702555,-22.76666666733409],[117.6666666666105,-22.783333332925206],[117.68333333314143,-22.78333333307125],[117.70000000030943,-22.783333332708953],[117.70831896674689,-22.783333332682226],[117.6929037803341,-22.78150239024635],[117.71013621475988,-22.750000000274962],[117.70000000005611,-22.750000000132083],[117.67500000003575,-22.749999348270222],[117.64999999990704,-22.750000000209234],[117.65000000000833,-22.766666666986854],[117.66666666702555,-22.76666666733409]]]]},"properties":{"fmt_tenid":"E 47/1355-I","type":"EXPLORATION LICENCE","tenstatus":"LIVE","holder1":"FMG PILBARA PTY LTD","holder2":" ","legal_area":27,"unit_of_me":"BL.","_colour":"#a0c4f0","_label":"Exploration Licence"}},{"type":"Feature","geometry":{"type":"Polygon","coordinates":[[[117.04999999964235,-22.30000000004414],[117.0499999995837,-22.283333332524546],[117.06666666700147,-22.283333333234363],[117.08333333346599,-22.283333333164045],[117.08333333287781,-22.266666667112517],[117.0833333333181,-22.259461881373426],[117.07916919008584,-22.258421690164827],[117.08558164982198,-22.23614535010632],[117.09118704938501,-22.216666668583827],[117.08333333285901,-22.216666667410557],[117.0833333326797,-22.23333333292549],[117.06666666723795,-22.233333333070092],[117.04999999973622,-22.233333332882975],[117.05000000025312,-22.249999999593374],[117.03333333289964,-22.249999999811592],[117.03333333281209,-22.26666666671356],[117.03333333281026,-22.283333333416753],[117.0333333330837,-22.299999999513442],[117.04999999964235,-22.30000000004414]]]},"properties":{"fmt_tenid":"E 47/1357-I","type":"EXPLORATION LICENCE","tenstatus":"LIVE","holder1":"FMG PILBARA PTY LTD","holder2":" ","legal_area":11,"unit_of_me":"BL.","_colour":"#a0c4f0","_label":"Exploration Licence"}},{"type":"Feature","geometry":{"type":"Polygon","coordinates":[[[117.53333333317966,-22.787708717975562],[117.50000000014904,-22.768397806495305],[117.49999999984544,-22.78333333333819],[117.50000000007182,-22.800000000209202],[117.50000000012751,-22.81666666684635],[117.50000000046478,-22.833333332624658],[117.51666666697287,-22.833333332774256],[117.53333333275809,-22.83333333346033],[117.55000000014087,-22.833333332825728],[117.55000000040916,-22.81666666681331],[117.54999999994574,-22.80000000023443],[117.53333333317383,-22.799999999568406],[117.53333333317966,-22.787708717975562]],[[117.50309948149378,-22.772008431565027],[117.50326805114724,-22.771845451731515],[117.50450348246659,-22.77103467548543],[117.5063248946479,-22.772090085897563],[117.50416924734613,-22.773460419631792],[117.50309948149378,-22.772008431565027]]]},"properties":{"fmt_tenid":"E 47/1370-I","type":"EXPLORATION LICENCE","tenstatus":"LIVE","holder1":"FMG PILBARA PTY LTD","holder2":" ","legal_area":10,"unit_of_me":"BL.","_colour":"#a0c4f0","_label":"Exploration Licence"}},{"type":"Feature","geometry":{"type":"MultiPolygon","coordinates":[[[[117.54820354878464,-22.134556695750042],[117.56119264795865,-22.144058607042123],[117.57426165607453,-22.15361659932068],[117.57499301926535,-22.15325887549508],[117.58248986182376,-22.14960151413508],[117.58654261158907,-22.157761134203618],[117.59681237656088,-22.178438196064388],[117.58141847057176,-22.184281487772104],[117.57894454997326,-22.17972933854192],[117.57570023217686,-22.173436861625014],[117.57074898734544,-22.175729390807142],[117.56791113851061,-22.170413628599597],[117.56280658892648,-22.19347776193229],[117.55762823330254,-22.216867883281704],[117.53339375737036,-22.21674663014708],[117.53338910550086,-22.232885628522894],[117.53338422479516,-22.25000000238403],[117.54999999968312,-22.250000000111143],[117.56666666741918,-22.25000000043874],[117.56666666722406,-22.266666667328543],[117.56666666631614,-22.283333277380002],[117.5833333328989,-22.28333333300456],[117.59999999969962,-22.28333333266385],[117.6166666667777,-22.28333333343667],[117.61666666688001,-22.266666667176306],[117.63333333337287,-22.266666666821052],[117.64999999973195,-22.26666666706655],[117.66666666714926,-22.266666667460807],[117.66666666677192,-22.24999999983983],[117.66666666713603,-22.233333332761426],[117.66666666734216,-22.216666666567747],[117.65000000042396,-22.21666666685229],[117.65000000016295,-22.199999999788965],[117.66666666660414,-22.199999999770448],[117.66666666697962,-22.183333333446548],[117.65000000039134,-22.18333333298696],[117.65000000026932,-22.166666667134628],[117.65000000006782,-22.15118055619959],[117.64392378896746,-22.150629686945962],[117.6472941170882,-22.12908243721662],[117.64988676420248,-22.12931238201821],[117.64988676485419,-22.116666668233005],[117.63333333252825,-22.116666667095316],[117.61666666675151,-22.116666666542745],[117.61666666678012,-22.133333333147085],[117.60000000041613,-22.133332481541878],[117.58333333283025,-22.133331632496628],[117.58333333270646,-22.11666666690235],[117.58333333298572,-22.10000000042453],[117.56666666746702,-22.100000000302643],[117.55133918784429,-22.099999999835145],[117.55133887384429,-22.099999999835003],[117.5513388738449,-22.100000345834992],[117.54999999966331,-22.100000113240135],[117.5500000001667,-22.116666666626152],[117.53920544951116,-22.11666666704614],[117.53920556151199,-22.116666892046055],[117.54820354878464,-22.134556695750042]],[[117.57275885999438,-22.25764328196765],[117.59701314691807,-22.25764327951827],[117.59701313901398,-22.266673943534506],[117.57275730617485,-22.266673943996246],[117.57275885999438,-22.25764328196765]]],[[[117.53333345772072,-22.131946132626144],[117.53460835920667,-22.131945609600326],[117.53464533803555,-22.116666752150152],[117.53422460708352,-22.11666666688302],[117.53333364718587,-22.11666666731719],[117.53333345772072,-22.131946132626144]]]]},"properties":{"fmt_tenid":"E 47/1372-I","type":"EXPLORATION LICENCE","tenstatus":"LIVE","holder1":"FMG PILBARA PTY LTD","holder2":" ","legal_area":63,"unit_of_me":"BL.","_colour":"#a0c4f0","_label":"Exploration Licence"}},{"type":"Feature","geometry":{"type":"MultiPolygon","coordinates":[[[[117.21666666654755,-22.500000000319208],[117.21666666706743,-22.50606969464387],[117.21203115084894,-22.509838989061038],[117.21796571755733,-22.50866816277719],[117.2479978557833,-22.504631881760567],[117.25002731131251,-22.516666667345664],[117.26666666687552,-22.516666667233583],[117.28333333346562,-22.516666667131563],[117.28333333263105,-22.5000000001818],[117.28333332249127,-22.493006792469508],[117.27513848904073,-22.496783134705467],[117.27239010138989,-22.492017427766264],[117.26871839213807,-22.485649611004018],[117.2833333329896,-22.478868141759904],[117.2833333334348,-22.466666666945518],[117.28333333313972,-22.450000000046536],[117.28333333276704,-22.433333333270888],[117.2833333332404,-22.41923476715039],[117.27365772150698,-22.41710974666067],[117.27701937388001,-22.40870418428984],[117.30789088411653,-22.41666666698985],[117.31486633255848,-22.416666666702138],[117.31553049472117,-22.41304329462609],[117.31666666698763,-22.412433302452197],[117.3166666674728,-22.39999999962221],[117.31666666695122,-22.38333333305816],[117.31666666658259,-22.366666667282153],[117.31666666734655,-22.350000000358083],[117.31666666709437,-22.333333333282255],[117.31666666732154,-22.31666666703314],[117.3107131795931,-22.316666667197683],[117.31071328288122,-22.32443624747953],[117.27188798884082,-22.32443624640903],[117.23788083056732,-22.316666666946862],[117.23333333328273,-22.316666667372896],[117.23333333270725,-22.315627705391837],[117.22242423934638,-22.313135316401514],[117.21666666742111,-22.306515224078094],[117.2166666670315,-22.31666666740645],[117.21666666696909,-22.33333333328316],[117.21666666736583,-22.35000000032043],[117.21666666671449,-22.366666666578325],[117.23333333264915,-22.36666666694613],[117.2333333330535,-22.383333332942247],[117.23333333340102,-22.400000000200684],[117.2333333326812,-22.416666667463826],[117.23333333262684,-22.433333333035023],[117.23333333328566,-22.450000000363534],[117.2166666668067,-22.450000000267046],[117.21666666726587,-22.46666666741223],[117.21666666724526,-22.483333332516356],[117.21666666654755,-22.500000000319208]],[[117.24249702171063,-22.324783221091725],[117.24398510243222,-22.321793259236614],[117.24992720563405,-22.325161019773407],[117.24838338933668,-22.328302459808235],[117.24249702171063,-22.324783221091725]]],[[[117.1999999999437,-22.30000000020979],[117.21100029896002,-22.299999999592018],[117.20134221269838,-22.28889508875383],[117.19999999955878,-22.28856089659828],[117.1999999999437,-22.30000000020979]]],[[[117.20000000008955,-22.48333333319483],[117.2000000000756,-22.485419840974494],[117.21666666724526,-22.483333332516356],[117.20000000008955,-22.48333333319483]]],[[[117.23101614563981,-22.281941344292523],[117.23218468584453,-22.283333333050724],[117.23333333319323,-22.284701625764004],[117.23333333299237,-22.273892772002934],[117.23101614563981,-22.281941344292523]]]]},"properties":{"fmt_tenid":"E 47/1373-I","type":"EXPLORATION LICENCE","tenstatus":"LIVE","holder1":"FMG PILBARA PTY LTD","holder2":" ","legal_area":61,"unit_of_me":"BL.","_colour":"#a0c4f0","_label":"Exploration Licence"}},{"type":"Feature","geometry":{"type":"Polygon","coordinates":[[[119.34999999982392,-22.833333333352304],[119.34999999992489,-22.81666666679751],[119.33333333271123,-22.816666666625107],[119.31666666676759,-22.8166666670487],[119.3126249548534,-22.816666666724313],[119.28333333314126,-22.856218384409633],[119.28333333300559,-22.866666667427957],[119.26666666687336,-22.866666667074472],[119.26666666653692,-22.883333333245382],[119.25000000027298,-22.883333333292285],[119.25000000030786,-22.899999999595646],[119.25000000010023,-22.903458121682064],[119.30836071961707,-22.90345344021595],[119.30665399333506,-22.87873277364023],[119.36193676850758,-22.878620611958407],[119.36287886901073,-22.950000000919577],[119.36666666688657,-22.95000000044674],[119.38333333313746,-22.95000000112406],[119.38333333302504,-22.933333333358007],[119.40000000023842,-22.933333332701853],[119.40000000040413,-22.916666666944675],[119.39999999967627,-22.899999999501457],[119.39999999999827,-22.88333333256866],[119.39999999961887,-22.86666666741879],[119.39999999960655,-22.84999999957212],[119.38333333299795,-22.850000000444496],[119.36666666743294,-22.850000000319945],[119.34999999989267,-22.849999999739207],[119.34999999982392,-22.833333333352304]]]},"properties":{"fmt_tenid":"E 47/1380-I","type":"EXPLORATION LICENCE","tenstatus":"LIVE","holder1":"FMG PILBARA PTY LTD","holder2":" ","legal_area":41,"unit_of_me":"BL.","_colour":"#a0c4f0","_label":"Exploration Licence"}},{"type":"Feature","geometry":{"type":"Polygon","coordinates":[[[119.13333333300865,-22.69999999990805],[119.14991674900658,-22.700000003848317],[119.14991663598457,-22.69997726684711],[119.16082738801128,-22.70000000002438],[119.16666666746568,-22.699999999577248],[119.16666666688646,-22.71666666675448],[119.18333333314739,-22.716666666959775],[119.2000000033671,-22.71666666473205],[119.20000000037517,-22.699999999559846],[119.21666666654848,-22.699999999552638],[119.233333332548,-22.69999999986385],[119.23333333285859,-22.716666666913458],[119.25000000001695,-22.71666666668181],[119.25000000007861,-22.73333333340501],[119.26666666702052,-22.73333333318448],[119.26666666687264,-22.750000000302634],[119.26666666664808,-22.752562230462548],[119.27951951746425,-22.76154416447999],[119.29603088475464,-22.773061669539565],[119.29740757802476,-22.77120374793861],[119.29488172456053,-22.760022213615684],[119.29944390113464,-22.742534212350357],[119.30322541034849,-22.728030964299762],[119.28685947281427,-22.71666666705],[119.28333333254616,-22.71666666699775],[119.28333333340811,-22.714218159673376],[119.28153669089811,-22.71297059534006],[119.25880000097432,-22.69717485321361],[119.23888568142998,-22.683333332671232],[119.23333333341532,-22.68333333302169],[119.2333333330962,-22.67947415305911],[119.23321269621937,-22.679390304068615],[119.21666666724889,-22.66788507537868],[119.21666666662374,-22.68333333298508],[119.2000000004072,-22.68333333300511],[119.18333333255619,-22.68333333263361],[119.16666666695782,-22.68333333273346],[119.16666666686989,-22.666666667425005],[119.14999999987307,-22.666666666706586],[119.14999999957318,-22.683333332706898],[119.1333333326926,-22.683333332780155],[119.13333333300865,-22.69999999990805]]]},"properties":{"fmt_tenid":"E 47/1385-I","type":"EXPLORATION LICENCE","tenstatus":"LIVE","holder1":"FMG PILBARA PTY LTD","holder2":" ","legal_area":25,"unit_of_me":"BL.","_colour":"#a0c4f0","_label":"Exploration Licence"}},{"type":"Feature","geometry":{"type":"Polygon","coordinates":[[[117.88333333267965,-22.2833333330816],[117.86666666653507,-22.28333333349692],[117.84999999972501,-22.283333333395014],[117.83333333265904,-22.28333333337249],[117.81666666690488,-22.28333333316681],[117.81666666728627,-22.299999999836896],[117.8166666666353,-22.316666666604732],[117.83333333298783,-22.316666667323332],[117.85000000021185,-22.31666666663605],[117.8666666666868,-22.316666666972658],[117.88333333266031,-22.316666667237374],[117.88333333333291,-22.333333332944317],[117.90000000031122,-22.333333332635235],[117.89999999981667,-22.3166666671427],[117.91666666693837,-22.316666666660144],[117.9166666668129,-22.33333333339254],[117.93333333262927,-22.333333333147056],[117.95000000031595,-22.333333333068023],[117.96666666697996,-22.333333332858384],[117.98333333346605,-22.333333333442827],[117.99999999971463,-22.333333333329602],[117.99999999977342,-22.316666666507846],[117.99999999909271,-22.314319773392697],[117.99999993158605,-22.293202711893258],[118.00000000858589,-22.2932027638933],[118.00000000018942,-22.28333333285205],[117.98333333283432,-22.283333332610894],[117.96666666709963,-22.283333333400744],[117.94999999965538,-22.28333333349369],[117.93333333344802,-22.28333333260793],[117.91666666747611,-22.28333333344597],[117.9000000001235,-22.28333333330421],[117.88333333267965,-22.2833333330816]]]},"properties":{"fmt_tenid":"E 47/1390-I","type":"EXPLORATION LICENCE","tenstatus":"LIVE","holder1":"FMG PILBARA PTY LTD","holder2":" ","legal_area":28,"unit_of_me":"BL.","_colour":"#a0c4f0","_label":"Exploration Licence"}},{"type":"Feature","geometry":{"type":"Polygon","coordinates":[[[118.00000000016402,-22.50000000047933],[117.99999999952702,-22.483333333151876],[117.99999999998897,-22.466666666556318],[118.00000000006665,-22.45000000023408],[118.00000000020054,-22.433333332562395],[118.00000000027629,-22.416666667282303],[118.00000000030506,-22.400000000150253],[118.00000000016657,-22.383333333318244],[117.98333333284923,-22.383333333015873],[117.98333333292162,-22.366666667019956],[117.98333333301498,-22.350000000173],[117.96666666669071,-22.349999999717777],[117.94999999981304,-22.350000000420586],[117.95000000010042,-22.366666667052716],[117.94999999979414,-22.383333332769915],[117.9499999997343,-22.39999999977197],[117.94999999964018,-22.41666666650476],[117.94999999989521,-22.433333332500073],[117.95000000029326,-22.449999999736406],[117.950000000174,-22.466666666673223],[117.95000000001791,-22.483333332872487],[117.95000000048458,-22.50000000037856],[117.96666666700443,-22.500000000340503],[117.98333333280432,-22.49999999990092],[118.00000000016402,-22.50000000047933]]]},"properties":{"fmt_tenid":"E 47/1391-I","type":"EXPLORATION LICENCE","tenstatus":"LIVE","holder1":"FMG PILBARA PTY LTD","holder2":" ","legal_area":25,"unit_of_me":"BL.","_colour":"#a0c4f0","_label":"Exploration Licence"}},{"type":"Feature","geometry":{"type":"MultiPolygon","coordinates":[[[[119.66666666715881,-23.000000000442],[119.66666666694431,-23.01666666731478],[119.68333333341488,-23.01666666734933],[119.69999999988337,-23.016666667059997],[119.69999999965471,-23.03333333269576],[119.71666666690649,-23.033333333101794],[119.73333333252104,-23.033333333217968],[119.75000000043173,-23.033333332933644],[119.75000000022148,-23.01666666719381],[119.74999999968185,-23.00000000026505],[119.7333333326236,-23.000000000424205],[119.71666666690726,-23.000000000114138],[119.69999999965752,-23.000000000447617],[119.68333333267084,-22.99999999997668],[119.66666666715881,-23.000000000442]]],[[[119.63333333279368,-23.033333333324926],[119.63333333328,-23.050000000180937],[119.63333333331904,-23.06665698492274],[119.64999686958075,-23.06666313983194],[119.64999688057645,-23.066666666836095],[119.6499999995869,-23.06666666682775],[119.6666666669795,-23.06666666702246],[119.66666666702133,-23.050000000125358],[119.66666666681587,-23.03333333342155],[119.65000000043989,-23.03333333270565],[119.63333333279368,-23.033333333324926]]],[[[119.6833333330395,-22.933333333087877],[119.66666666672401,-22.933333332753385],[119.65134760455102,-22.933333333393122],[119.65134821724914,-22.948660226040055],[119.65134995857592,-22.965332051548753],[119.65135009824301,-22.96666666976464],[119.66666666699659,-22.966666667316773],[119.6666666670044,-22.950000000010554],[119.6833333329707,-22.94999999968381],[119.6833333330395,-22.933333333087877]]]]},"properties":{"fmt_tenid":"E 47/1392-I","type":"EXPLORATION LICENCE","tenstatus":"LIVE","holder1":"FMG PILBARA PTY LTD","holder2":" ","legal_area":15,"unit_of_me":"BL.","_colour":"#a0c4f0","_label":"Exploration Licence"}},{"type":"Feature","geometry":{"type":"MultiPolygon","coordinates":[[[[119.7833333329111,-23.08333333264161],[119.78333333276048,-23.06666666707445],[119.7833333331432,-23.049999999868124],[119.76666666670899,-23.05000000022144],[119.75000000007796,-23.049999999988604],[119.75000000043173,-23.033333332933644],[119.73333333252104,-23.033333333217968],[119.71666666690649,-23.033333333101794],[119.71666666733452,-23.049999999979182],[119.73333333289726,-23.05000000047611],[119.73333333320804,-23.06666666679453],[119.74999999989178,-23.066666666725187],[119.7499999995517,-23.083333333137524],[119.76666666747157,-23.083333332629238],[119.7833333329111,-23.08333333264161]]],[[[119.8499999996482,-23.133333333040373],[119.84999999981474,-23.11666666704201],[119.86666666706984,-23.116666667324125],[119.86666666739808,-23.099999999623787],[119.84999999978443,-23.09999999973051],[119.84999999957327,-23.08333333267328],[119.83333333339066,-23.08333333260148],[119.83333333329203,-23.100000000212873],[119.81666666705036,-23.0999999999995],[119.81666666701032,-23.116666667255565],[119.80000000035595,-23.116666667281624],[119.80000000002171,-23.13333333288758],[119.81666666686657,-23.133333333234162],[119.83333333251437,-23.133333332789526],[119.8499999996482,-23.133333333040373]]]]},"properties":{"fmt_tenid":"E 47/1393-I","type":"EXPLORATION LICENCE","tenstatus":"LIVE","holder1":"FMG PILBARA PTY LTD","holder2":" ","legal_area":14,"unit_of_me":"BL.","_colour":"#a0c4f0","_label":"Exploration Licence"}},{"type":"Feature","geometry":{"type":"Polygon","coordinates":[[[116.7666666669639,-22.78333333300289],[116.7666666672036,-22.80000000000097],[116.7833333331323,-22.80000000032125],[116.78333333251659,-22.81666666682874],[116.78333333292139,-22.832029945168053],[116.78333333321453,-22.8499999999613],[116.79999999966996,-22.849999999535076],[116.8166666665676,-22.850000000298138],[116.83333333333901,-22.85000000020997],[116.85000000018721,-22.849999999505567],[116.86666666719304,-22.850000000084012],[116.88333333330345,-22.85000000040263],[116.8999999999086,-22.8499999995817],[116.91666666730113,-22.850000000097207],[116.93333333299141,-22.84999999954867],[116.9500000001612,-22.849999999553738],[116.96666666698671,-22.85000000043747],[116.9833333328613,-22.84999999979079],[116.99999999955836,-22.850000000140316],[116.99999999951876,-22.86666666723145],[117.01666666694099,-22.866666667377103],[117.03333333293882,-22.86666666729397],[117.0499999996412,-22.866666666842637],[117.05000000037992,-22.883333332972576],[117.06666666698355,-22.883333332740992],[117.06666666697765,-22.900000000290255],[117.08333333331632,-22.900000000481246],[117.09999999972624,-22.900000000484603],[117.12499999968315,-22.899999344703694],[117.1380279012281,-22.899999998812078],[117.14999999991991,-22.89999999955043],[117.15000000003161,-22.88333333299945],[117.14999999979531,-22.86666666709097],[117.13333333294113,-22.866666667071506],[117.1333333329439,-22.850000000265318],[117.11666666707222,-22.850000000003213],[117.09999999992506,-22.85000000001803],[117.08333333313126,-22.850000000417587],[117.06666666660469,-22.849999999747673],[117.04999999993063,-22.85000000034825],[117.0333333328324,-22.850000000253388],[117.03333333261297,-22.833333332702193],[117.01666666701806,-22.83333333322799],[116.99999999971764,-22.833333333194926],[116.98333333322677,-22.83333333264867],[116.96666666703659,-22.833333333255304],[116.95000000024216,-22.833333332794613],[116.94999999975161,-22.816666667129475],[116.93333333255276,-22.816666667496612],[116.91666666733997,-22.81666666651118],[116.91666666659502,-22.79999999960789],[116.90000000031378,-22.800000000467012],[116.8833333326134,-22.79999999978496],[116.86666666687228,-22.800000000137562],[116.8499999996135,-22.800000000093245],[116.85000000030551,-22.816666666918568],[116.83333333302787,-22.816666666811855],[116.81666666663938,-22.816666667283652],[116.81666666690487,-22.800000000463044],[116.81666666743912,-22.78333333279875],[116.79999999969023,-22.78333333305902],[116.80000000036183,-22.76666666733245],[116.7833333325529,-22.76666666711286],[116.78333333337376,-22.783333333306476],[116.7666666669639,-22.78333333300289]]]},"properties":{"fmt_tenid":"E 47/1396-I","type":"EXPLORATION LICENCE","tenstatus":"LIVE","holder1":"FMG PILBARA PTY LTD","holder2":" ","legal_area":54,"unit_of_me":"BL.","_colour":"#a0c4f0","_label":"Exploration Licence"}},{"type":"Feature","geometry":{"type":"Polygon","coordinates":[[[117.9760836782643,-22.166666666815527],[117.98333333296434,-22.166666666743307],[117.98333333309765,-22.183333332705757],[117.99999999986818,-22.18333333294738],[118.01666666675014,-22.18333333326899],[118.01666666679253,-22.200000000365954],[118.01666666716619,-22.216666667462007],[118.03333333343495,-22.21666666726011],[118.04999999976943,-22.216666667311426],[118.06666666720517,-22.216666667047388],[118.06666666729407,-22.199999999787817],[118.06666666691596,-22.183333333122764],[118.06666666725181,-22.166666667061516],[118.04999999978999,-22.1666666668283],[118.04999999963509,-22.1499999997425],[118.04999999989653,-22.133333333445947],[118.05000000045544,-22.11666666653819],[118.05000000017316,-22.09999999989086],[118.03333333330481,-22.099999999615346],[118.016666666799,-22.100000000282026],[118.01666666678693,-22.083333333167637],[118.01666666709738,-22.06666666696156],[118.01666666716326,-22.049999999834363],[118.01666666714141,-22.033333333252894],[118.01666666661664,-22.016666666663347],[118.01666666681226,-21.9999999998334],[118.01666666684352,-21.983333332871286],[118.01666666661713,-21.966666667192136],[117.99999999964328,-21.966666667217403],[117.98333333304984,-21.966666667106786],[117.96666666740455,-21.966666667206944],[117.966666667451,-21.983333333121543],[117.9499999998461,-21.983333333238043],[117.9333333326034,-21.983333333382845],[117.91666666684885,-21.98333333283271],[117.91666666746157,-21.999999999612896],[117.93333333306343,-22.00000000013283],[117.93333333336057,-22.016666667251222],[117.933333332832,-22.033333332637984],[117.93333333303212,-22.050000000489742],[117.93333333309057,-22.066666666524263],[117.93333333262903,-22.08333333297337],[117.94999999998078,-22.083333332672858],[117.95000000049389,-22.09999999963307],[117.9666666672467,-22.100000000268025],[117.96666666668618,-22.116666666830433],[117.96666666664579,-22.126366887816772],[117.97533357987686,-22.12997622017681],[117.97567853943403,-22.15514252264641],[117.9760836782643,-22.166666666815527]]]},"properties":{"fmt_tenid":"E 47/1398-I","type":"EXPLORATION LICENCE","tenstatus":"LIVE","holder1":"FMG PILBARA PTY LTD","holder2":" ","legal_area":69,"unit_of_me":"BL.","_colour":"#a0c4f0","_label":"Exploration Licence"}},{"type":"Feature","geometry":{"type":"Polygon","coordinates":[[[118.11021694821017,-22.181904995857007],[118.11007572181686,-22.168000151722072],[118.12788634700037,-22.163328284719313],[118.15343551832089,-22.15662243006758],[118.15358697495093,-22.17987446049414],[118.15371836328099,-22.200000000072315],[118.16666666655092,-22.19999999966724],[118.16666666742643,-22.216666666864054],[118.18333333278339,-22.216666667095677],[118.20000000017102,-22.21666666739477],[118.2166666670349,-22.216666666844148],[118.23333333264127,-22.21666666713615],[118.23333333279342,-22.20000000032771],[118.23333333316661,-22.1833333333884],[118.23333333337446,-22.16666666650261],[118.23333333258752,-22.149999999506562],[118.23333333280327,-22.133333333228837],[118.23333333337226,-22.11666666728877],[118.23333333283688,-22.10000000019205],[118.21666666688445,-22.099999999803316],[118.19999999968721,-22.099999999504853],[118.18333333319275,-22.099999999624107],[118.16666666664011,-22.099999999923295],[118.14999999989413,-22.10000000045239],[118.13333333280283,-22.10000000018531],[118.11666666709779,-22.09999999979016],[118.10000000038804,-22.099999999979083],[118.0833333330256,-22.100000000277227],[118.06666666654561,-22.10000000045032],[118.05000000017316,-22.09999999989086],[118.05000000045544,-22.11666666653819],[118.04999999989653,-22.133333333445947],[118.04999999963509,-22.1499999997425],[118.04999999978999,-22.1666666668283],[118.06666666725181,-22.166666667061516],[118.06666666691596,-22.183333333122764],[118.06666666729407,-22.199999999787817],[118.08333333341177,-22.199999999664104],[118.10000000046358,-22.200000000072777],[118.11040123122118,-22.199999999926657],[118.11021694821017,-22.181904995857007]]]},"properties":{"fmt_tenid":"E 47/1399-I","type":"EXPLORATION LICENCE","tenstatus":"LIVE","holder1":"FMG PILBARA PTY LTD","holder2":" ","legal_area":64,"unit_of_me":"BL.","_colour":"#a0c4f0","_label":"Exploration Licence"}},{"type":"Feature","geometry":{"type":"Polygon","coordinates":[[[117.70000000030943,-22.783333332708953],[117.68333333314143,-22.78333333307125],[117.6666666666105,-22.783333332925206],[117.66666666746002,-22.800000000125994],[117.68333333257608,-22.799999999544745],[117.70000000037682,-22.80000000004342],[117.71666666676097,-22.79999999989397],[117.71666666694682,-22.78432815736807],[117.70829916356035,-22.783333550609544],[117.70000000030943,-22.783333332708953]]]},"properties":{"fmt_tenid":"E 47/1420-I","type":"EXPLORATION LICENCE","tenstatus":"LIVE","holder1":"FMG PILBARA PTY LTD","holder2":" ","legal_area":3,"unit_of_me":"BL.","_colour":"#a0c4f0","_label":"Exploration Licence"}},{"type":"Feature","geometry":{"type":"Polygon","coordinates":[[[118.89999999956801,-23.166666667013704],[118.90000000000319,-23.16862894239207],[118.9139785602705,-23.168245680422963],[118.91507275006836,-23.180683330343616],[118.95594721950174,-23.180683330084726],[119.034560813093,-23.180683228985338],[119.03479100256556,-23.17008816386383],[119.0500000003851,-23.17014359600788],[119.04999999960087,-23.16666666731682],[119.03333333286173,-23.16666666698452],[119.01666666719093,-23.166666666624785],[119.01041066082415,-23.166666667171278],[119.0051917035577,-23.16666666457452],[119.00000000025088,-23.16666666694961],[118.99904885476074,-23.16666666662041],[118.98333333303789,-23.166666666632317],[118.96731910678275,-23.166666665677816],[118.96666666695815,-23.166666667486354],[118.94999999988835,-23.166666667267574],[118.93333333292405,-23.166666667084456],[118.91666666707114,-23.166666666784124],[118.89999999956801,-23.166666667013704]]]},"properties":{"fmt_tenid":"E 47/1423-I","type":"EXPLORATION LICENCE","tenstatus":"LIVE","holder1":"FMG PILBARA PTY LTD","holder2":" ","legal_area":9,"unit_of_me":"BL.","_colour":"#a0c4f0","_label":"Exploration Licence"}},{"type":"Feature","geometry":{"type":"Polygon","coordinates":[[[118.40000000004264,-22.116666666749673],[118.41666666710118,-22.11666666741811],[118.43333333320294,-22.116666666718533],[118.43333333278872,-22.100000000032654],[118.41666666696896,-22.09999999950323],[118.40000000018166,-22.099999999648034],[118.38333333321813,-22.100000000361806],[118.36666666679403,-22.10000000032183],[118.36666666716316,-22.116666666786514],[118.38333333282255,-22.11666666712168],[118.40000000004264,-22.116666666749673]]]},"properties":{"fmt_tenid":"E 47/1436-I","type":"EXPLORATION LICENCE","tenstatus":"LIVE","holder1":"FMG PILBARA PTY LTD","holder2":" ","legal_area":4,"unit_of_me":"BL.","_colour":"#a0c4f0","_label":"Exploration Licence"}},{"type":"Feature","geometry":{"type":"Polygon","coordinates":[[[118.00000000028537,-23.216666667271802],[118.00000000030101,-23.199999999548616],[118.00000000017985,-23.183333332842302],[117.98333333298136,-23.183333332617195],[117.96666666745696,-23.18333333269201],[117.95000000022705,-23.183333332593577],[117.93333333308497,-23.183333332637957],[117.91666666666352,-23.183333332710568],[117.91666666675316,-23.199999999888444],[117.91666666700849,-23.21666666715741],[117.9166666667132,-23.23333333271694],[117.93333333314803,-23.233333332691675],[117.94999999999155,-23.23333333279727],[117.9499999995408,-23.250000000155826],[117.96666666745307,-23.250000000121297],[117.98333333274519,-23.24999999970531],[117.9833333326871,-23.26666666696463],[117.9999999996475,-23.266666667157583],[118.00000000034385,-23.283333333389226],[118.01666666726128,-23.283333333482993],[118.01666666708924,-23.300000000049383],[118.03333333335142,-23.300000000441724],[118.05000000020267,-23.299999999888477],[118.04999999997919,-23.283333332638033],[118.03333333282946,-23.283333333010564],[118.03333333269852,-23.2666666666906],[118.03333333342061,-23.25000000012201],[118.03333333288424,-23.23333333348237],[118.01666666703227,-23.233333332561827],[118.00000000028048,-23.23333333279481],[118.00000000028537,-23.216666667271802]]]},"properties":{"fmt_tenid":"E 47/1446-I","type":"EXPLORATION LICENCE","tenstatus":"LIVE","holder1":"FMG PILBARA PTY LTD","holder2":" ","legal_area":27,"unit_of_me":"BL.","_colour":"#a0c4f0","_label":"Exploration Licence"}},{"type":"Feature","geometry":{"type":"Polygon","coordinates":[[[117.86666666716853,-21.966666667457897],[117.86666666740634,-21.983333333091096],[117.8833333333565,-21.98333333283331],[117.88333333347454,-22.000000000467892],[117.90000000007717,-21.99999999978317],[117.89999999968835,-22.016666667001232],[117.90000000015688,-22.033333333064697],[117.88333333291006,-22.03333333335543],[117.88333333313938,-22.049999999807415],[117.88333333326375,-22.066666666840167],[117.88333333337901,-22.083333332706488],[117.88333333336006,-22.099197141929704],[117.90503760832162,-22.09908998214974],[117.92437577452706,-22.100661084436002],[117.93585874948468,-22.103551511020033],[117.93591037958453,-22.109065850434902],[117.95179644978369,-22.114138560352327],[117.94956501036863,-22.119244910051385],[117.96666666664579,-22.126366887816772],[117.96666666668618,-22.116666666830433],[117.9666666672467,-22.100000000268025],[117.95000000049389,-22.09999999963307],[117.94999999998078,-22.083333332672858],[117.93333333262903,-22.08333333297337],[117.93333333309057,-22.066666666524263],[117.93333333303212,-22.050000000489742],[117.933333332832,-22.033333332637984],[117.93333333336057,-22.016666667251222],[117.93333333306343,-22.00000000013283],[117.91666666746157,-21.999999999612896],[117.91666666684885,-21.98333333283271],[117.91666666677125,-21.966666667382796],[117.89999999975733,-21.966666666731623],[117.88333333280549,-21.96666666749171],[117.86666666716853,-21.966666667457897]]]},"properties":{"fmt_tenid":"E 47/1447-I","type":"EXPLORATION LICENCE","tenstatus":"LIVE","holder1":"FMG PILBARA PTY LTD","holder2":" ","legal_area":28,"unit_of_me":"BL.","_colour":"#a0c4f0","_label":"Exploration Licence"}},{"type":"Feature","geometry":{"type":"Polygon","coordinates":[[[116.88333333338295,-22.249999999567716],[116.86666666731317,-22.24999994395927],[116.86666666720379,-22.266666666868424],[116.86666666706267,-22.28333333344716],[116.8666666668396,-22.30000000008708],[116.86666666687879,-22.316666667295195],[116.86666666711035,-22.3333333329937],[116.85432294921554,-22.333333334946534],[116.93197044585543,-22.348688889476964],[116.95133496303116,-22.34868918191638],[116.96493630071511,-22.34868873041413],[116.98203388799129,-22.333333345417543],[116.96666666692448,-22.33333333306826],[116.9666666673645,-22.31666666653216],[116.94999999977172,-22.316666667472962],[116.94999999998292,-22.299999999723365],[116.9500000004664,-22.283333332521075],[116.95000000032475,-22.26666666707479],[116.95000000019874,-22.24999999990801],[116.93333333296445,-22.250000000486104],[116.91666666732442,-22.249999999640256],[116.9000000002335,-22.249999999905274],[116.88333333338295,-22.249999999567716]]]},"properties":{"fmt_tenid":"E 47/1448-I","type":"EXPLORATION LICENCE","tenstatus":"LIVE","holder1":"FMG PILBARA PTY LTD","holder2":" ","legal_area":34,"unit_of_me":"BL.","_colour":"#a0c4f0","_label":"Exploration Licence"}},{"type":"Feature","geometry":{"type":"Polygon","coordinates":[[[116.43333333275042,-22.10000000028739],[116.43333333301143,-22.116666666777345],[116.43333333282739,-22.133333332693887],[116.43333333298176,-22.15000000019348],[116.43333333294986,-22.166666667395813],[116.41666666675697,-22.166666667486098],[116.39999999980803,-22.166666667247267],[116.39999999971165,-22.183333333250115],[116.40000000010713,-22.199999999529275],[116.41666666678721,-22.200000000009958],[116.41666666679535,-22.216666666847686],[116.4333333327957,-22.216666666739684],[116.44999999987164,-22.216666666581858],[116.46666666715748,-22.21666666704263],[116.48333333277562,-22.21666666725709],[116.48333333296016,-22.20000000003521],[116.48333333308656,-22.18333333274115],[116.50000000001248,-22.1833333328447],[116.50000000010944,-22.166666666782834],[116.51666666664048,-22.166666666965007],[116.53333333284395,-22.166666667165053],[116.5500000000173,-22.16666666685249],[116.56666666674577,-22.16666666676916],[116.56666666687903,-22.183333332796977],[116.58333333262632,-22.183333332806736],[116.60000000009411,-22.18333333260197],[116.61666666680746,-22.183333332552877],[116.61666666715752,-22.199999999573915],[116.6333333326778,-22.199999999736487],[116.64999999994822,-22.2000000003015],[116.66666666747643,-22.19999999982038],[116.66666666695623,-22.183333333005425],[116.66666666740262,-22.166666666856674],[116.68333332896003,-22.16666666803129],[116.68333333431558,-22.165351491685342],[116.6833333329057,-22.14999999994046],[116.66666666679173,-22.14999999951383],[116.6499999996912,-22.150000000417975],[116.63333333348368,-22.15000000032123],[116.6166666667803,-22.14999999956166],[116.59999999988351,-22.149999999946942],[116.58333333343121,-22.14999999990236],[116.56666666673199,-22.149999999705038],[116.55000000000092,-22.149999999763025],[116.53333333284269,-22.150000000411747],[116.51666666692309,-22.150000000469813],[116.51666666697096,-22.13333333262441],[116.51666666707331,-22.116666666642363],[116.5166666667929,-22.099999999583932],[116.50000000016956,-22.09999999973016],[116.48333333272399,-22.09999999971036],[116.46666666675408,-22.099999999965345],[116.45000000049757,-22.099999999512203],[116.43333333275042,-22.10000000028739]]]},"properties":{"fmt_tenid":"E 47/1449-I","type":"EXPLORATION LICENCE","tenstatus":"LIVE","holder1":"FMG PILBARA PTY LTD","holder2":" ","legal_area":54,"unit_of_me":"BL.","_colour":"#a0c4f0","_label":"Exploration Licence"}},{"type":"Feature","geometry":{"type":"Polygon","coordinates":[[[118.79999999992488,-22.63333333306173],[118.78333333320978,-22.633333333344993],[118.78333333272394,-22.649999999834794],[118.7666666669563,-22.650000000469372],[118.76666666703123,-22.666666667018664],[118.74999999958308,-22.66666666720975],[118.74999999997104,-22.68333333266102],[118.76666666689981,-22.68333333318616],[118.78333333320853,-22.68333333257647],[118.78333333323329,-22.666666667192644],[118.79999999966816,-22.666666667388693],[118.79999999991342,-22.650000000146036],[118.81666666705405,-22.649999999820338],[118.81666666748491,-22.644200825212348],[118.81219715096645,-22.63949652774679],[118.81666666667363,-22.635826493330832],[118.81666666738445,-22.63333333256945],[118.79999999992488,-22.63333333306173]]]},"properties":{"fmt_tenid":"E 47/1453-I","type":"EXPLORATION LICENCE","tenstatus":"LIVE","holder1":"FMG PILBARA PTY LTD","holder2":" ","legal_area":6,"unit_of_me":"BL.","_colour":"#a0c4f0","_label":"Exploration Licence"}},{"type":"Feature","geometry":{"type":"Polygon","coordinates":[[[118.00000000006006,-22.516666666636365],[118.00000000016402,-22.50000000047933],[117.98333333280432,-22.49999999990092],[117.96666666700443,-22.500000000340503],[117.96666666674247,-22.516666667284102],[117.98333333295439,-22.516666666866765],[117.98333333311001,-22.533333332549173],[117.99999999973447,-22.533333333192967],[118.00000000047572,-22.549999999891504],[118.01666666711647,-22.54999999956917],[118.01666666657233,-22.56666666668445],[118.03333333302785,-22.566666667204068],[118.03333333308207,-22.550000000313858],[118.03333333287526,-22.533333333056355],[118.03333333304157,-22.520552479916173],[118.03082700414812,-22.520552335960772],[118.02662468732704,-22.520551981682186],[118.02242237005272,-22.520551516140824],[118.01822006923246,-22.52055095406418],[118.01401775341243,-22.52055027898746],[118.00981545153525,-22.520549476321342],[118.00561311940714,-22.520548591592956],[118.00304375627218,-22.520547994038576],[118.00303234483796,-22.51666679832168],[118.00000000006006,-22.516666666636365]]]},"properties":{"fmt_tenid":"E 47/1455-I","type":"EXPLORATION LICENCE","tenstatus":"LIVE","holder1":"FMG PILBARA PTY LTD","holder2":" ","legal_area":8,"unit_of_me":"BL.","_colour":"#a0c4f0","_label":"Exploration Licence"}},{"type":"Feature","geometry":{"type":"Polygon","coordinates":[[[117.78333333274495,-23.36666666731219],[117.80000000021202,-23.36666666724161],[117.81666666667074,-23.36666666689242],[117.83333333348916,-23.36666666659271],[117.84999999995705,-23.366666666919443],[117.86666666664483,-23.36666666676945],[117.883333333239,-23.36666666720004],[117.89999999985086,-23.366666666799],[117.90000000011896,-23.350000000190864],[117.89999999996301,-23.33333333296593],[117.89999999996355,-23.316666667193346],[117.91666666664634,-23.316666666653266],[117.93333333294882,-23.316666666857174],[117.94999999978243,-23.316666667112717],[117.950000000021,-23.29999999954723],[117.95000000021706,-23.283333332817108],[117.93333333285514,-23.2833333334685],[117.9166666673366,-23.283333333003977],[117.89999999982201,-23.28333333312564],[117.88333333310561,-23.28333333272172],[117.86666666663143,-23.28333333301488],[117.86666666618164,-23.294667213545342],[117.88432002593689,-23.300416462224142],[117.87483274555605,-23.33218384492084],[117.82833090024535,-23.318296759510563],[117.82166658996005,-23.3324971395865],[117.78333333323131,-23.317154797430025],[117.78333333347263,-23.333333333380963],[117.78333333310536,-23.349999999692606],[117.78333333274495,-23.36666666731219]],[[117.89181751228762,-23.29599149987947],[117.90109070931479,-23.288544629056236],[117.91547589447417,-23.303829916967494],[117.90620342516225,-23.311276749189712],[117.89181751228762,-23.29599149987947]]]},"properties":{"fmt_tenid":"E 47/1461-I","type":"EXPLORATION LICENCE","tenstatus":"LIVE","holder1":"FMG PILBARA PTY LTD","holder2":" ","legal_area":31,"unit_of_me":"BL.","_colour":"#a0c4f0","_label":"Exploration Licence"}},{"type":"Feature","geometry":{"type":"MultiPolygon","coordinates":[[[[117.29999999976998,-22.216666667410404],[117.28333333321716,-22.216666666704267],[117.26666666684085,-22.216666667070804],[117.25000000040141,-22.21666666672652],[117.23333333314031,-22.216666667310793],[117.21666666709112,-22.216666666580373],[117.19999999961313,-22.216666667436133],[117.18333333319323,-22.216666667015296],[117.16666666690085,-22.216666667399917],[117.15301298571634,-22.216666677454498],[117.179904239965,-22.223373359827512],[117.20305654973487,-22.22914342973497],[117.22782098038368,-22.235311100203297],[117.2433278299931,-22.239170929752976],[117.23882572155027,-22.25481354699461],[117.25135472585728,-22.269394843619597],[117.30000000007786,-22.277097350425603],[117.29999999952345,-22.266666667258878],[117.29999999983922,-22.250000000411003],[117.3000000001863,-22.233333332781033],[117.29999999976998,-22.216666667410404]]],[[[117.24467954203189,-22.27914069308025],[117.23485555341938,-22.268605457501323],[117.23333333299237,-22.273892772002934],[117.23333333318752,-22.283333333440382],[117.23333333319323,-22.284701625764004],[117.23430140518597,-22.28585481405241],[117.24613298869687,-22.299726280738817],[117.26391164024197,-22.299772915613673],[117.27823709742053,-22.28874786422919],[117.28272488345506,-22.28529339221714],[117.24467954203189,-22.27914069308025]]]]},"properties":{"fmt_tenid":"E 47/1523-I","type":"EXPLORATION LICENCE","tenstatus":"LIVE","holder1":"FMG PILBARA PTY LTD","holder2":" ","legal_area":25,"unit_of_me":"BL.","_colour":"#a0c4f0","_label":"Exploration Licence"}},{"type":"Feature","geometry":{"type":"MultiPolygon","coordinates":[[[[117.49978401021379,-22.234911889691283],[117.49987156741072,-22.216666673275203],[117.48333333273479,-22.216666667348438],[117.46666666741807,-22.21666666658514],[117.45000000020087,-22.21666666728972],[117.43333333283364,-22.21666666734332],[117.41666666688633,-22.216666667022103],[117.41666666671192,-22.2333333329332],[117.40000000049245,-22.23333333290496],[117.3833333329744,-22.233333332794764],[117.36666666714683,-22.233333333364236],[117.35000000032294,-22.23333333256419],[117.33333333315234,-22.23333333325377],[117.3166666669368,-22.23333333311237],[117.3000000001863,-22.233333332781033],[117.29999999983922,-22.250000000411003],[117.29999999952345,-22.266666667258878],[117.30000000007335,-22.27709803342624],[117.30431255037833,-22.2777802004127],[117.33342185000649,-22.27777234981822],[117.36280654456687,-22.282009498402285],[117.36280656182883,-22.283333454178315],[117.36360044242977,-22.28333346216505],[117.36362275026572,-22.28276128985984],[117.36644220001682,-22.28291200046077],[117.3664263879487,-22.28333332068006],[117.38333333276174,-22.28333333269449],[117.39999999965448,-22.283333332829145],[117.41666666724001,-22.283333333484887],[117.43333333349713,-22.283333333275465],[117.45000000038398,-22.28333333325484],[117.4666666666892,-22.283333332773207],[117.46666666695704,-22.266666666998315],[117.48333333288778,-22.266666667393228],[117.48333333272214,-22.2500000001381],[117.4997115784577,-22.250000015103677],[117.49978401021379,-22.234911889691283]]],[[[117.31666666732154,-22.31666666703314],[117.33333333310638,-22.31666666712162],[117.34731134271134,-22.316666667374893],[117.34730206586968,-22.31147999513113],[117.31071311421547,-22.311479999072276],[117.31071317959078,-22.316666863198094],[117.31666666732154,-22.31666666703314]]]]},"properties":{"fmt_tenid":"E 47/1524-I","type":"EXPLORATION LICENCE","tenstatus":"LIVE","holder1":"FMG PILBARA PTY LTD","holder2":" ","legal_area":41,"unit_of_me":"BL.","_colour":"#a0c4f0","_label":"Exploration Licence"}},{"type":"Feature","geometry":{"type":"Polygon","coordinates":[[[117.23131075029967,-22.533509478298683],[117.13333333319264,-22.55410500499885],[117.28645741553022,-22.554100834737454],[117.28645737269194,-22.56535021244347],[117.29938685839267,-22.565349944104447],[117.29854203926776,-22.566666678550064],[117.29999999954337,-22.56666666735985],[117.31666666681664,-22.56666666703191],[117.31666666734449,-22.550000000307442],[117.33333333324376,-22.549999999764818],[117.33333333345007,-22.56666666677432],[117.35000000011954,-22.566666667280003],[117.35560520766768,-22.566666678547026],[117.35868052985089,-22.564563000311917],[117.360899230463,-22.566666679410655],[117.36666666650632,-22.56666666660728],[117.37773854521477,-22.566666679096656],[117.37187890153733,-22.55721184011099],[117.40000000010966,-22.541161616180563],[117.40000000004478,-22.533333332692685],[117.41666666723721,-22.53333333269891],[117.41666666703857,-22.516666666816114],[117.40000000036042,-22.516666666854196],[117.40000000019015,-22.50000000010367],[117.38333333286133,-22.49999999973045],[117.38333333262403,-22.483333333279425],[117.38333333259742,-22.466666667147656],[117.366666667332,-22.46666666666101],[117.35000000003292,-22.46666666730568],[117.33333333348429,-22.466666667458817],[117.33333333297723,-22.483333333059228],[117.31666666722907,-22.48333333287868],[117.30000000012629,-22.483333333281244],[117.30000000011555,-22.499999999798355],[117.28333333263105,-22.5000000001818],[117.28333333346562,-22.516666667131563],[117.26666666687552,-22.516666667233583],[117.2500273103125,-22.516666667345664],[117.25018168907683,-22.51758205435366],[117.2274331638315,-22.52052043695686],[117.23131075029967,-22.533509478298683]]]},"properties":{"fmt_tenid":"E 47/1533-I","type":"EXPLORATION LICENCE","tenstatus":"LIVE","holder1":"FMG PILBARA PTY LTD","holder2":" ","legal_area":56,"unit_of_me":"BL.","_colour":"#a0c4f0","_label":"Exploration Licence"}},{"type":"Feature","geometry":{"type":"Polygon","coordinates":[[[117.61666666678012,-22.133333333147085],[117.61666666675151,-22.116666666542745],[117.61666666690029,-22.10000000015501],[117.5999999999554,-22.099999999921693],[117.58333333298572,-22.10000000042453],[117.58333333270646,-22.11666666690235],[117.58333333283198,-22.13333333349677],[117.60000000041765,-22.133333332542037],[117.61666666678012,-22.133333333147085]],[[117.58658700244789,-22.1002504711213],[117.59918519084809,-22.100250467117775],[117.59918519731654,-22.113796728788827],[117.58658579426668,-22.113796722671907],[117.58658700244789,-22.1002504711213]]]},"properties":{"fmt_tenid":"E 47/1579-I","type":"EXPLORATION LICENCE","tenstatus":"LIVE","holder1":"FMG PILBARA PTY LTD","holder2":" ","legal_area":4,"unit_of_me":"BL.","_colour":"#a0c4f0","_label":"Exploration Licence"}},{"type":"Feature","geometry":{"type":"MultiPolygon","coordinates":[[[[118.66801291796784,-22.63333339781925],[118.68333333257945,-22.633333333112425],[118.69999999953207,-22.633333333100044],[118.69999999970285,-22.616666666593318],[118.71666666743548,-22.616666667000622],[118.73333333305654,-22.616666667321052],[118.7500000000994,-22.6166666667307],[118.76666666653723,-22.61666666674688],[118.7666666667357,-22.599999999534766],[118.74999999989656,-22.599999999745084],[118.7333333325381,-22.600000000118918],[118.71666666716004,-22.59999999988567],[118.71666666703922,-22.583333332878414],[118.71666666738084,-22.56666666723926],[118.71666666703169,-22.55000000003134],[118.73333333314307,-22.55000000032901],[118.73333333283531,-22.53333333322455],[118.73333333258377,-22.52278584717908],[118.72738835611668,-22.52020887692413],[118.7273878748901,-22.506829538055573],[118.72549501005113,-22.509791588252146],[118.72223635605437,-22.509791614716384],[118.68467773046102,-22.509794638650988],[118.68467787365793,-22.51533844329533],[118.68467830778931,-22.53200531440803],[118.68467868384586,-22.546422045362338],[118.67560044047481,-22.546422105644282],[118.66801180333671,-22.543136617604866],[118.66801191917303,-22.548672296038973],[118.66801217802984,-22.56533911018538],[118.66801243644245,-22.582005923731003],[118.66801269473648,-22.598672737807203],[118.66801280228827,-22.615339527552436],[118.66801291796784,-22.63333339781925]]],[[[118.83333333299566,-22.516666666895066],[118.83333333265152,-22.53333333255732],[118.83333333285562,-22.550000000393],[118.8500000002118,-22.549999999628557],[118.8500000004461,-22.533333333278144],[118.84999999971203,-22.516666667488558],[118.83333333299566,-22.516666666895066]]]]},"properties":{"fmt_tenid":"E 47/1702-I","type":"EXPLORATION LICENCE","tenstatus":"LIVE","holder1":"FMG PILBARA PTY LTD","holder2":" ","legal_area":30,"unit_of_me":"BL.","_colour":"#a0c4f0","_label":"Exploration Licence"}},{"type":"Feature","geometry":{"type":"Polygon","coordinates":[[[116.68333333277937,-22.68333333313372],[116.6833333328698,-22.699999999904318],[116.7000000003949,-22.70000000016355],[116.70000000047119,-22.683333333449312],[116.69999999983602,-22.666666666766037],[116.68333333327683,-22.66666666683573],[116.66666666706227,-22.666666666553215],[116.66666666731517,-22.64999999994153],[116.65000000047057,-22.650000000196506],[116.633333332522,-22.649999999669593],[116.63333333250513,-22.666666666824653],[116.65000000027645,-22.666666667369874],[116.65000000016634,-22.683333332594362],[116.66666666714715,-22.683333332667136],[116.68333333277937,-22.68333333313372]]]},"properties":{"fmt_tenid":"E 47/1728-I","type":"EXPLORATION LICENCE","tenstatus":"LIVE","holder1":"FMG PILBARA PTY LTD","holder2":" ","legal_area":6,"unit_of_me":"BL.","_colour":"#a0c4f0","_label":"Exploration Licence"}},{"type":"Feature","geometry":{"type":"Polygon","coordinates":[[[117.93333333321767,-22.39999999986607],[117.9333333334747,-22.41666666731117],[117.94999999964018,-22.41666666650476],[117.9499999997343,-22.39999999977197],[117.94999999979414,-22.383333332769915],[117.95000000010042,-22.366666667052716],[117.94999999981304,-22.350000000420586],[117.93333333294005,-22.350000000178724],[117.9333333325824,-22.366666666573554],[117.93333333312675,-22.383333333144268],[117.93333333321767,-22.39999999986607]]]},"properties":{"fmt_tenid":"E 47/1761-I","type":"EXPLORATION LICENCE","tenstatus":"LIVE","holder1":"FMG PILBARA PTY LTD","holder2":" ","legal_area":4,"unit_of_me":"BL.","_colour":"#a0c4f0","_label":"Exploration Licence"}},{"type":"Feature","geometry":{"type":"MultiPolygon","coordinates":[[[[117.38333333286133,-22.49999999973045],[117.40000000019015,-22.50000000010367],[117.40000000010977,-22.483333333252425],[117.40804288662596,-22.483333547813565],[117.40925616472286,-22.48183387457744],[117.42489544245359,-22.49293094373025],[117.43079329534221,-22.4857538620821],[117.43333333324568,-22.48755643181035],[117.4333333326482,-22.46666666703409],[117.45000000022199,-22.466666666897623],[117.45000000013017,-22.450000000283346],[117.43333333319103,-22.44999999956195],[117.41666666650947,-22.449999999564803],[117.40000000027989,-22.449999999998557],[117.38333333284902,-22.450000000114088],[117.38333333259742,-22.466666667147656],[117.38333333262403,-22.483333333279425],[117.38333333286133,-22.49999999973045]]],[[[117.48333333275352,-22.40000000013941],[117.50000000040976,-22.39999999990887],[117.51666666742035,-22.39999999975063],[117.53333333286422,-22.399999999875288],[117.55000000003747,-22.400000000374],[117.54999999959334,-22.383333333446487],[117.53333333288732,-22.38333333316866],[117.53333333323866,-22.366666666674735],[117.51666666712933,-22.36666666680431],[117.51666666565242,-22.37357833228961],[117.52038918727149,-22.373565798887192],[117.52040582965142,-22.37718162959861],[117.51666666560442,-22.377192938543477],[117.51666666693121,-22.38333333295758],[117.49999999950998,-22.383333333497085],[117.48333333346346,-22.38333333278542],[117.48333333275352,-22.40000000013941]]],[[[117.31666666716106,-22.46666666651093],[117.33333333348429,-22.466666667458817],[117.35000000003292,-22.46666666730568],[117.35000000014615,-22.44717699751688],[117.31666666652997,-22.44717478904326],[117.31666666716106,-22.46666666651093]]],[[[117.28333333263105,-22.5000000001818],[117.30000000011555,-22.499999999798355],[117.30000000012629,-22.483333333281244],[117.29333746460763,-22.483333540475194],[117.28974599844865,-22.490051691902764],[117.28333333349138,-22.493007025469414],[117.28333333263105,-22.5000000001818]]],[[[117.36666666669517,-22.4500000004386],[117.38333333284902,-22.450000000114088],[117.38333333053983,-22.43722050947407],[117.37604346644885,-22.447173933633366],[117.36666666694448,-22.447175520525604],[117.36666666669517,-22.4500000004386]]],[[[117.42684595833887,-22.500000204884998],[117.43333333304844,-22.49999999983322],[117.43333333320946,-22.489843026182065],[117.42814149932512,-22.495233814974355],[117.42978495724822,-22.496399691127458],[117.42684595833887,-22.500000204884998]]]]},"properties":{"fmt_tenid":"E 47/1762-I","type":"EXPLORATION LICENCE","tenstatus":"LIVE","holder1":"FMG PILBARA PTY LTD","holder2":" ","legal_area":22,"unit_of_me":"BL.","_colour":"#a0c4f0","_label":"Exploration Licence"}},{"type":"Feature","geometry":{"type":"MultiPolygon","coordinates":[[[[117.56666666731608,-22.28333333338008],[117.56666666732787,-22.299999999563955],[117.58333333250731,-22.30000000017021],[117.59999999998337,-22.299999999852467],[117.61666666737814,-22.300000000078413],[117.6166666666861,-22.316666666671075],[117.63333333330975,-22.31666666663752],[117.65000000016713,-22.316666667181178],[117.66666666662152,-22.3166666670901],[117.68333333291773,-22.316666666532015],[117.68333333285774,-22.29999999973505],[117.6846713559143,-22.30000006327261],[117.70000000044249,-22.299999999853593],[117.7166666673044,-22.299999999915944],[117.71666666688593,-22.283333332971495],[117.71800440366216,-22.283333396171653],[117.73333333291825,-22.283333332686638],[117.73333333276055,-22.26666666712277],[117.71666666743695,-22.266666666961505],[117.69999999961976,-22.266666667138306],[117.68333333252768,-22.26666666749766],[117.66666666714926,-22.266666667460807],[117.64999999973195,-22.26666666706655],[117.63333333337287,-22.266666666821052],[117.61666666688001,-22.266666667176306],[117.6166666667777,-22.28333333343667],[117.59999999969962,-22.28333333266385],[117.5833333328989,-22.28333333300456],[117.56666666731608,-22.28333333338008]]],[[[117.54999999950772,-22.43333333275529],[117.56666666669892,-22.433333332588028],[117.56666666727102,-22.416666666643728],[117.58333333329782,-22.416666667217385],[117.5833333328877,-22.39999999956963],[117.5666666670349,-22.400000000142434],[117.55000000003747,-22.400000000374],[117.5500000000613,-22.416666667014233],[117.54999999950772,-22.43333333275529]]],[[[117.56666666745666,-22.349999999539186],[117.58333333307439,-22.34999999969455],[117.59999999966465,-22.34999999992214],[117.60000000044475,-22.33333333310957],[117.58333333306628,-22.333333333062996],[117.56666666668198,-22.333333332770746],[117.56666666745666,-22.349999999539186]]],[[[117.5499999998745,-22.350000000496017],[117.54999999965916,-22.36666666682488],[117.56666666713853,-22.36666666695913],[117.56666666745666,-22.349999999539186],[117.5499999998745,-22.350000000496017]]],[[[117.68333333277674,-22.34999999959248],[117.70000000012979,-22.349999999925544],[117.70000000049376,-22.333333333333773],[117.68333333289907,-22.333333333135396],[117.68333333277674,-22.34999999959248]]]]},"properties":{"fmt_tenid":"E 47/1763-I","type":"EXPLORATION LICENCE","tenstatus":"LIVE","holder1":"FMG PILBARA PTY LTD","holder2":" ","legal_area":27,"unit_of_me":"BL.","_colour":"#a0c4f0","_label":"Exploration Licence"}},{"type":"Feature","geometry":{"type":"Polygon","coordinates":[[[117.89999999981667,-22.3166666671427],[117.90000000031122,-22.333333332635235],[117.9166666668129,-22.33333333339254],[117.91666666693837,-22.316666666660144],[117.89999999981667,-22.3166666671427]]]},"properties":{"fmt_tenid":"E 47/1764-I","type":"EXPLORATION LICENCE","tenstatus":"LIVE","holder1":"FMG PILBARA PTY LTD","holder2":" ","legal_area":1,"unit_of_me":"BL.","_colour":"#a0c4f0","_label":"Exploration Licence"}},{"type":"Feature","geometry":{"type":"MultiPolygon","coordinates":[[[[117.61666666730814,-22.933333332829577],[117.6166666674519,-22.91666666681657],[117.61666666723379,-22.89999999974492],[117.5999999995438,-22.900000000300007],[117.59999999985371,-22.88333333284417],[117.5833333328495,-22.883333333232997],[117.56666666725445,-22.8833333332866],[117.56666666699363,-22.89999999972505],[117.56666666723598,-22.916666666745297],[117.56666666680592,-22.933333333220602],[117.5833333327248,-22.933333333113225],[117.59999999989711,-22.933333332592174],[117.61666666730814,-22.933333332829577]]],[[[117.63333333287218,-22.89999999983872],[117.63333333298752,-22.916666667005902],[117.65000000035172,-22.91666666664412],[117.64999999983411,-22.900000000410586],[117.63333333287218,-22.89999999983872]]]]},"properties":{"fmt_tenid":"E 47/1772-I","type":"EXPLORATION LICENCE","tenstatus":"LIVE","holder1":"FMG PILBARA PTY LTD","holder2":" ","legal_area":9,"unit_of_me":"BL.","_colour":"#a0c4f0","_label":"Exploration Licence"}},{"type":"Feature","geometry":{"type":"Polygon","coordinates":[[[116.6833333329057,-22.14999999994046],[116.68333333277423,-22.133333332986737],[116.70000000047524,-22.133333333403556],[116.71666666710586,-22.133333333401524],[116.73333333280358,-22.133333332978797],[116.74999999989427,-22.133333333213127],[116.7666666673644,-22.133333332721925],[116.7666666667964,-22.116666667016695],[116.74999999966755,-22.116666667388845],[116.73333333341927,-22.116666666847674],[116.71666666718905,-22.1166666674934],[116.71666666725729,-22.099999999849427],[116.69999999966815,-22.09999999995832],[116.68333333296243,-22.10000000025146],[116.68333333322187,-22.08333333253708],[116.66666666742753,-22.083333333155732],[116.66666666693332,-22.06666666703336],[116.65000000006559,-22.066666666724092],[116.63333333268739,-22.06666666741132],[116.63333333314107,-22.08333333309589],[116.6333333329714,-22.099999999795703],[116.63333333268601,-22.116666667099654],[116.6333333333277,-22.13333333268435],[116.63333333348368,-22.15000000032123],[116.6499999996912,-22.150000000417975],[116.66666666679173,-22.14999999951383],[116.6833333329057,-22.14999999994046]]]},"properties":{"fmt_tenid":"E 47/1809-I","type":"EXPLORATION LICENCE","tenstatus":"LIVE","holder1":"FMG PILBARA PTY LTD","holder2":" ","legal_area":21,"unit_of_me":"BL.","_colour":"#a0c4f0","_label":"Exploration Licence"}},{"type":"Feature","geometry":{"type":"Polygon","coordinates":[[[117.71666666743607,-22.116666667354025],[117.6999999996758,-22.11666666713346],[117.68333333316998,-22.116666666922843],[117.68333333323302,-22.118138477592638],[117.70935941360452,-22.139557448445075],[117.709359412393,-22.154130952952926],[117.70133885268002,-22.166852581144173],[117.6996715628757,-22.166666683352293],[117.68333333325133,-22.166666666960225],[117.6666666674467,-22.16666666688132],[117.65000000026932,-22.166666667134628],[117.65000000039134,-22.18333333298696],[117.66666666697962,-22.183333333446548],[117.68333333286894,-22.183333332643617],[117.70000000037834,-22.18333333297553],[117.71666666749103,-22.18333333272217],[117.73333333332337,-22.18333333346929],[117.73333333253778,-22.166666667440907],[117.7333333331296,-22.15000000030872],[117.71666666725577,-22.149999999590918],[117.71666666725376,-22.1333333332796],[117.71666666743607,-22.116666667354025]]]},"properties":{"fmt_tenid":"E 47/1821-I","type":"EXPLORATION LICENCE","tenstatus":"LIVE","holder1":"FMG PILBARA PTY LTD","holder2":" ","legal_area":10,"unit_of_me":"BL.","_colour":"#a0c4f0","_label":"Exploration Licence"}},{"type":"Feature","geometry":{"type":"Polygon","coordinates":[[[116.66666666700905,-22.299999999525355],[116.68333333342581,-22.300000000289142],[116.6833333332873,-22.283333332895985],[116.68333333347934,-22.266666667470602],[116.68333333290623,-22.25000000011216],[116.66666666724515,-22.250000000341473],[116.65000000009867,-22.25000000016302],[116.64999999960729,-22.233333333205643],[116.6333333325577,-22.2333333326571],[116.61666666651652,-22.233333332805135],[116.61666666688659,-22.216666667328415],[116.60000000030561,-22.216666666510914],[116.58333333335361,-22.216666667184644],[116.56666666734115,-22.216666667142327],[116.56666666741411,-22.199999999934487],[116.54999999962044,-22.199999999998038],[116.53333333341683,-22.200000000029252],[116.53333333304744,-22.216666667350292],[116.53333333294763,-22.233333332991744],[116.51666666660978,-22.233333333406847],[116.5166666665277,-22.25000000020049],[116.51666666677467,-22.26666666672069],[116.51666666710287,-22.28333333262527],[116.53333333294962,-22.283333333207157],[116.54999999987659,-22.283333333468125],[116.56666666714258,-22.283333332876147],[116.5833333326735,-22.28333333289836],[116.58333333293974,-22.266666666704573],[116.59484030227429,-22.26666684859165],[116.6000000000546,-22.266666666703305],[116.61666666728031,-22.26666666660217],[116.62904490113834,-22.266666830443384],[116.63333333253446,-22.266666666946684],[116.63333333328403,-22.283333333105727],[116.65000000011027,-22.283333333094898],[116.66666666707752,-22.28333333345947],[116.66666666700905,-22.299999999525355]]]},"properties":{"fmt_tenid":"E 47/1832-I","type":"EXPLORATION LICENCE","tenstatus":"LIVE","holder1":"FMG PILBARA PTY LTD","holder2":" ","legal_area":33,"unit_of_me":"BL.","_colour":"#a0c4f0","_label":"Exploration Licence"}},{"type":"Feature","geometry":{"type":"Polygon","coordinates":[[[118.6833333328224,-22.716666667441828],[118.69999999994313,-22.7166666671664],[118.71666666730532,-22.71666666705606],[118.71666666744328,-22.700000000487382],[118.7000000002864,-22.699999999789224],[118.68333333274143,-22.70000000025628],[118.66666666694287,-22.700000000230666],[118.64999999960597,-22.700000000293485],[118.63333333289138,-22.699999999950293],[118.63333333250549,-22.71666666705023],[118.64999999997076,-22.7166666674069],[118.6666666672385,-22.716666666970536],[118.6833333328224,-22.716666667441828]]]},"properties":{"fmt_tenid":"E 47/1927-I","type":"EXPLORATION LICENCE","tenstatus":"LIVE","holder1":"FMG PILBARA PTY LTD","holder2":" ","legal_area":5,"unit_of_me":"BL.","_colour":"#a0c4f0","_label":"Exploration Licence"}},{"type":"Feature","geometry":{"type":"Polygon","coordinates":[[[116.55000000006292,-22.33333333250311],[116.54999999961558,-22.316666666980684],[116.54999999986777,-22.300000000433236],[116.54999999987659,-22.283333333468125],[116.53333333294962,-22.283333333207157],[116.51666666710287,-22.28333333262527],[116.51666666677467,-22.26666666672069],[116.5166666665277,-22.25000000020049],[116.51666666660978,-22.233333333406847],[116.51666666739388,-22.21666666673669],[116.49999999995332,-22.21666666693265],[116.48333333277562,-22.21666666725709],[116.46666666715748,-22.21666666704263],[116.44999999987164,-22.216666666581858],[116.4333333327957,-22.216666666739684],[116.41666666679535,-22.216666666847686],[116.4166666674083,-22.23333333285537],[116.40000000007853,-22.23333333278518],[116.39999999973185,-22.249999999733564],[116.41666666736646,-22.25000000010852],[116.41666666665765,-22.26666666733615],[116.43333333261229,-22.266666666972604],[116.43333333308485,-22.28333333326374],[116.44999999968542,-22.28333333264757],[116.45000000039238,-22.29999999955038],[116.44999999995426,-22.316666667030496],[116.449999999633,-22.333333333029433],[116.46666666709572,-22.33333333343374],[116.48333333278559,-22.33333333342448],[116.50000000015147,-22.33333333307096],[116.51666666721987,-22.33333333275308],[116.53333333343431,-22.333333332934327],[116.55000000006292,-22.33333333250311]]]},"properties":{"fmt_tenid":"E 47/1988-I","type":"EXPLORATION LICENCE","tenstatus":"LIVE","holder1":"FMG PILBARA PTY LTD","holder2":" ","legal_area":42,"unit_of_me":"BL.","_colour":"#a0c4f0","_label":"Exploration Licence"}},{"type":"Feature","geometry":{"type":"Polygon","coordinates":[[[119.81666666712167,-23.083333332606536],[119.81666666705036,-23.0999999999995],[119.83333333329203,-23.100000000212873],[119.83333333339066,-23.08333333260148],[119.81666666712167,-23.083333332606536]]]},"properties":{"fmt_tenid":"E 47/2085-I","type":"EXPLORATION LICENCE","tenstatus":"LIVE","holder1":"FMG PILBARA PTY LTD","holder2":" ","legal_area":1,"unit_of_me":"BL.","_colour":"#a0c4f0","_label":"Exploration Licence"}},{"type":"Feature","geometry":{"type":"MultiPolygon","coordinates":[[[[119.6499999995869,-23.06666666682775],[119.65000000039132,-23.067649500996644],[119.65004958742685,-23.083272894707957],[119.66671526489466,-23.083308173473227],[119.66672126939514,-23.09471943420682],[119.67068329046317,-23.09635080962888],[119.69289614903656,-23.10549362468879],[119.69368994644749,-23.103843939779686],[119.70000000025698,-23.106443114731707],[119.70000000002588,-23.099999999598445],[119.69999999976943,-23.083333333147646],[119.68333333316713,-23.083333333494238],[119.68333333300062,-23.066666666782154],[119.6666666669795,-23.06666666702246],[119.6499999995869,-23.06666666682775]]],[[[119.59999999971166,-23.04999999955254],[119.59999999959616,-23.066666667251763],[119.61669189331558,-23.066666664980307],[119.6166919751688,-23.066649408090097],[119.63015647998607,-23.066655810755787],[119.63333333331904,-23.06665698492274],[119.63333333328,-23.050000000180937],[119.61666666738783,-23.05000000043469],[119.59999999971166,-23.04999999955254]]]]},"properties":{"fmt_tenid":"E 47/2119-I","type":"EXPLORATION LICENCE","tenstatus":"LIVE","holder1":"FMG PILBARA PTY LTD","holder2":" ","legal_area":8,"unit_of_me":"BL.","_colour":"#a0c4f0","_label":"Exploration Licence"}},{"type":"Feature","geometry":{"type":"Polygon","coordinates":[[[119.66666666731837,-23.233333332996096],[119.6666666671328,-23.216666666980494],[119.666666667439,-23.199999999698658],[119.65000000029623,-23.199999999740815],[119.633333333001,-23.200000000142076],[119.61666666652621,-23.200000000310116],[119.60000000029646,-23.199999999821365],[119.58333333313627,-23.200000000358674],[119.58333333264764,-23.21666666670959],[119.58333333265756,-23.233333332711098],[119.59999999972032,-23.23333333341989],[119.6166666665415,-23.23333333251682],[119.63333333327759,-23.233333332707762],[119.64999999982744,-23.233333333158818],[119.66666666731837,-23.233333332996096]]]},"properties":{"fmt_tenid":"E 47/2173-I","type":"EXPLORATION LICENCE","tenstatus":"LIVE","holder1":"FMG PILBARA PTY LTD","holder2":" ","legal_area":10,"unit_of_me":"BL.","_colour":"#a0c4f0","_label":"Exploration Licence"}},{"type":"Feature","geometry":{"type":"Polygon","coordinates":[[[117.6999999997751,-23.21666666692482],[117.68333333282655,-23.2166666674571],[117.66666666724058,-23.216666667454867],[117.64999999990087,-23.21666666660339],[117.64999999237543,-23.230418895378097],[117.6606395304403,-23.233872710293276],[117.69999999961654,-23.248546793531276],[117.70000000004175,-23.233333333312906],[117.6999999997751,-23.21666666692482]]]},"properties":{"fmt_tenid":"E 47/2239-I","type":"EXPLORATION LICENCE","tenstatus":"LIVE","holder1":"FMG PILBARA PTY LTD","holder2":" ","legal_area":6,"unit_of_me":"BL.","_colour":"#a0c4f0","_label":"Exploration Licence"}},{"type":"Feature","geometry":{"type":"Polygon","coordinates":[[[117.71666666737057,-23.21666666651785],[117.6999999997751,-23.21666666692482],[117.70000000004175,-23.233333333312906],[117.69999999961654,-23.248546793531276],[117.7331359832866,-23.26090031006545],[117.74861809377096,-23.266666667442745],[117.74999999959475,-23.266666666904392],[117.74999999989477,-23.249999999628045],[117.73333333305006,-23.249999999536524],[117.73333333282928,-23.233333333211522],[117.7166666668574,-23.233333333340987],[117.71666666737057,-23.21666666651785]]]},"properties":{"fmt_tenid":"E 47/2240-I","type":"EXPLORATION LICENCE","tenstatus":"LIVE","holder1":"FMG PILBARA PTY LTD","holder2":" ","legal_area":6,"unit_of_me":"BL.","_colour":"#a0c4f0","_label":"Exploration Licence"}},{"type":"Feature","geometry":{"type":"Polygon","coordinates":[[[116.68333333290623,-22.25000000011216],[116.68333333299256,-22.233333332985858],[116.68333333311732,-22.216666666960396],[116.6666666672085,-22.216666666949674],[116.65000000039596,-22.216666667352623],[116.64999999960729,-22.233333333205643],[116.65000000009867,-22.25000000016302],[116.66666666724515,-22.250000000341473],[116.68333333290623,-22.25000000011216]]]},"properties":{"fmt_tenid":"E 47/2285-I","type":"EXPLORATION LICENCE","tenstatus":"LIVE","holder1":"FMG PILBARA PTY LTD","holder2":" ","legal_area":4,"unit_of_me":"BL.","_colour":"#a0c4f0","_label":"Exploration Licence"}},{"type":"Feature","geometry":{"type":"Polygon","coordinates":[[[116.38333333273452,-22.58333333261309],[116.35000000257502,-22.583333335245428],[116.34999999997136,-22.5986957682072],[116.36666667000186,-22.598695802597955],[116.36666666739424,-22.600000000067027],[116.3833333328335,-22.599999999691057],[116.38333333273452,-22.58333333261309]]]},"properties":{"fmt_tenid":"E 47/2292-I","type":"EXPLORATION LICENCE","tenstatus":"LIVE","holder1":"FMG PILBARA PTY LTD","holder2":" ","legal_area":2,"unit_of_me":"BL.","_colour":"#a0c4f0","_label":"Exploration Licence"}},{"type":"Feature","geometry":{"type":"Polygon","coordinates":[[[117.3680054811722,-22.58333334528721],[117.36800537924245,-22.598682553024847],[117.36666666564747,-22.598682633803964],[117.36666666654253,-22.599999999808603],[117.3833333327984,-22.6000000001744],[117.39999999962686,-22.600000000306657],[117.40000000012078,-22.583333333354336],[117.4166666666538,-22.583333332584004],[117.41666666663471,-22.566666667477982],[117.43333333270495,-22.56666666719382],[117.4333333330118,-22.550000000183484],[117.43333333293265,-22.533333333419332],[117.41666666723721,-22.53333333269891],[117.41666666651928,-22.549999999817125],[117.40736113449252,-22.5500000104301],[117.40938491231603,-22.553021132123387],[117.40000000007534,-22.55906708027679],[117.40000000006043,-22.566666666712585],[117.38820104208412,-22.566666673922658],[117.38333333336604,-22.569801421062202],[117.38333333297349,-22.583333333092998],[117.3680054811722,-22.58333334528721]]]},"properties":{"fmt_tenid":"E 47/2331-I","type":"EXPLORATION LICENCE","tenstatus":"LIVE","holder1":"FMG PILBARA PTY LTD","holder2":" ","legal_area":7,"unit_of_me":"BL.","_colour":"#a0c4f0","_label":"Exploration Licence"}},{"type":"Feature","geometry":{"type":"Polygon","coordinates":[[[116.91666666726626,-22.383333332943568],[116.9166666670227,-22.36666666668321],[116.93333333328157,-22.36666666719839],[116.9333333332704,-22.35000000035145],[116.91666666658105,-22.350000000435443],[116.89999999999833,-22.349999999987386],[116.90000000037362,-22.3666666670198],[116.90000000023701,-22.38333333327016],[116.91666666726626,-22.383333332943568]]]},"properties":{"fmt_tenid":"E 47/2333-I","type":"EXPLORATION LICENCE","tenstatus":"LIVE","holder1":"FMG PILBARA PTY LTD","holder2":" ","legal_area":3,"unit_of_me":"BL.","_colour":"#a0c4f0","_label":"Exploration Licence"}},{"type":"Feature","geometry":{"type":"Polygon","coordinates":[[[116.64999999960729,-22.233333333205643],[116.65000000039596,-22.216666667352623],[116.6666666672085,-22.216666666949674],[116.66666666747643,-22.19999999982038],[116.64999999994822,-22.2000000003015],[116.6333333326778,-22.199999999736487],[116.63333333252992,-22.216666667173495],[116.61666666688659,-22.216666667328415],[116.61666666651652,-22.233333332805135],[116.6333333325577,-22.2333333326571],[116.64999999960729,-22.233333333205643]]]},"properties":{"fmt_tenid":"E 47/2465-I","type":"EXPLORATION LICENCE","tenstatus":"LIVE","holder1":"FMG PILBARA PTY LTD","holder2":" ","legal_area":4,"unit_of_me":"BL.","_colour":"#a0c4f0","_label":"Exploration Licence"}},{"type":"Feature","geometry":{"type":"MultiPolygon","coordinates":[[[[119.84999999957327,-23.08333333267328],[119.84999999978443,-23.09999999973051],[119.86666666739808,-23.099999999623787],[119.88333333317757,-23.099999999935232],[119.88333333230155,-23.092511935090243],[119.88211900975207,-23.089267169891457],[119.88160625001586,-23.087932410109595],[119.88099079995521,-23.086617319583386],[119.88013185984882,-23.08521643965183],[119.87908676987371,-23.083864340060117],[119.87859326694233,-23.083333340064105],[119.86666666697788,-23.083333333006202],[119.84999999957327,-23.08333333267328]]],[[[119.8833333323383,-23.090291257136265],[119.88333333340196,-23.08333333266496],[119.87962894421868,-23.08333333879199],[119.87970509997592,-23.083415280478977],[119.88079458023776,-23.08482479045717],[119.88169468968738,-23.086292809984485],[119.88233738032592,-23.087666110457842],[119.88286006992129,-23.08902666022973],[119.8833333323383,-23.090291257136265]]]]},"properties":{"fmt_tenid":"E 47/2666-I","type":"EXPLORATION LICENCE","tenstatus":"LIVE","holder1":"FMG PILBARA PTY LTD","holder2":" ","legal_area":2,"unit_of_me":"BL.","_colour":"#a0c4f0","_label":"Exploration Licence"}},{"type":"Feature","geometry":{"type":"Polygon","coordinates":[[[116.99999999998681,-22.266666666828534],[117.00000000039466,-22.283333333009974],[117.01666666664497,-22.283333333311106],[117.01666666667367,-22.266666667494082],[116.99999999998681,-22.266666666828534]]]},"properties":{"fmt_tenid":"E 47/2729-I","type":"EXPLORATION LICENCE","tenstatus":"LIVE","holder1":"FMG PILBARA PTY LTD","holder2":" ","legal_area":1,"unit_of_me":"BL.","_colour":"#a0c4f0","_label":"Exploration Licence"}},{"type":"Feature","geometry":{"type":"Polygon","coordinates":[[[116.8666666668396,-22.30000000008708],[116.86666666706267,-22.28333333344716],[116.86666666720379,-22.266666666868424],[116.86666666731291,-22.249999999959428],[116.8499999995496,-22.249999999862403],[116.84999999964495,-22.266666666624715],[116.83333333304559,-22.266666666883772],[116.8166666669222,-22.266666666960855],[116.81666666695031,-22.283333333413747],[116.81666666652411,-22.299999999521003],[116.83333333331932,-22.299999999626817],[116.85000000006352,-22.300000000152476],[116.8666666668396,-22.30000000008708]]]},"properties":{"fmt_tenid":"E 47/2774-I","type":"EXPLORATION LICENCE","tenstatus":"LIVE","holder1":"FMG PILBARA PTY LTD","holder2":" ","legal_area":7,"unit_of_me":"BL.","_colour":"#a0c4f0","_label":"Exploration Licence"}},{"type":"Feature","geometry":{"type":"Polygon","coordinates":[[[117.31666666741238,-22.149999999670662],[117.33333333302456,-22.150000000294394],[117.34999999954783,-22.150000000077956],[117.35000000036239,-22.133333332701792],[117.33333333315804,-22.133333332553633],[117.31666666740757,-22.133333332752702],[117.29999999982961,-22.133333333151857],[117.28333333307484,-22.133333332583277],[117.26666666714901,-22.13333333303955],[117.25000000016145,-22.133333332971073],[117.2499999995775,-22.11666666714442],[117.25000000034845,-22.10000000008263],[117.23333333277641,-22.100000000097417],[117.23333333294572,-22.08333333293621],[117.21666666684263,-22.08333333256327],[117.2166666668538,-22.099999999994694],[117.21666666660762,-22.11666666701968],[117.2333333330148,-22.116666667453558],[117.23333333315959,-22.133333333249077],[117.23333333266748,-22.149999999901205],[117.24999999987111,-22.150000000248607],[117.26666666710679,-22.15000000040096],[117.28333333272826,-22.150000000181084],[117.30000000039139,-22.14999999964093],[117.31666666741238,-22.149999999670662]]]},"properties":{"fmt_tenid":"E 47/2879-I","type":"EXPLORATION LICENCE","tenstatus":"LIVE","holder1":"FMG PILBARA PTY LTD","holder2":" ","legal_area":11,"unit_of_me":"BL.","_colour":"#a0c4f0","_label":"Exploration Licence"}},{"type":"Feature","geometry":{"type":"Polygon","coordinates":[[[117.81666666708458,-22.76666666718154],[117.81666666646352,-22.761514940350235],[117.81340148087172,-22.766666676161826],[117.81666666708458,-22.76666666718154]]]},"properties":{"fmt_tenid":"E 47/2986-I","type":"EXPLORATION LICENCE","tenstatus":"LIVE","holder1":"FMG PILBARA PTY LTD","holder2":" ","legal_area":1,"unit_of_me":"BL.","_colour":"#a0c4f0","_label":"Exploration Licence"}},{"type":"Feature","geometry":{"type":"Polygon","coordinates":[[[117.71666666726269,-22.233333332912423],[117.6999999999625,-22.23333333337114],[117.70000000026015,-22.25000000022247],[117.69999999961976,-22.266666667138306],[117.71666666743695,-22.266666666961505],[117.73333333276055,-22.26666666712277],[117.73333333291825,-22.283333332686638],[117.74999999993632,-22.283333332786867],[117.76666666663044,-22.28333333272995],[117.76666666676155,-22.26666666656757],[117.74999999997026,-22.26666666679638],[117.75000000015025,-22.250000000077762],[117.733333333336,-22.249999999738264],[117.71666666749061,-22.250000000070628],[117.71666666726269,-22.233333332912423]]]},"properties":{"fmt_tenid":"E 47/3094-I","type":"EXPLORATION LICENCE","tenstatus":"LIVE","holder1":"FMG PILBARA PTY LTD","holder2":" ","legal_area":6,"unit_of_me":"BL.","_colour":"#a0c4f0","_label":"Exploration Licence"}},{"type":"Feature","geometry":{"type":"MultiPolygon","coordinates":[[[[116.63333333328403,-22.283333333105727],[116.63333333253446,-22.266666666946684],[116.61666666728031,-22.26666666660217],[116.6000000000546,-22.266666666703305],[116.58333333293974,-22.266666666704573],[116.5833333326735,-22.28333333289836],[116.60000000008594,-22.28333333331343],[116.61666666712775,-22.28333333332003],[116.63333333328403,-22.283333333105727]]],[[[116.63333333349225,-22.300000000380635],[116.65000000009118,-22.30000000003812],[116.66666666700905,-22.299999999525355],[116.66666666707752,-22.28333333345947],[116.65000000011027,-22.283333333094898],[116.63333333328403,-22.283333333105727],[116.63333333349225,-22.300000000380635]]]]},"properties":{"fmt_tenid":"E 47/3150-I","type":"EXPLORATION LICENCE","tenstatus":"LIVE","holder1":"FMG PILBARA PTY LTD","holder2":" ","legal_area":5,"unit_of_me":"BL.","_colour":"#a0c4f0","_label":"Exploration Licence"}},{"type":"Feature","geometry":{"type":"MultiPolygon","coordinates":[[[[116.81666666693731,-21.98333333346248],[116.83333333276742,-21.983333333368357],[116.84999999975841,-21.98333333323772],[116.84999999987602,-21.974643923024146],[116.8343116138121,-21.980651921587054],[116.79999999975175,-21.97066772547422],[116.80000000020921,-21.972026675346935],[116.80183063156403,-21.975993979966166],[116.80000000043961,-21.976608053615834],[116.79999999977007,-21.983333333225342],[116.81666666693731,-21.98333333346248]]],[[[116.83728765257257,-21.96992597529297],[116.84535210266357,-21.96666666706552],[116.83333333271793,-21.96666666680232],[116.82600154235976,-21.966666666875312],[116.83728765257257,-21.96992597529297]]]]},"properties":{"fmt_tenid":"E 47/3163-I","type":"EXPLORATION LICENCE","tenstatus":"LIVE","holder1":"FMG PILBARA PTY LTD","holder2":" ","legal_area":3,"unit_of_me":"BL.","_colour":"#a0c4f0","_label":"Exploration Licence"}},{"type":"Feature","geometry":{"type":"Polygon","coordinates":[[[119.70000000023967,-22.95000000023078],[119.6833333329707,-22.94999999968381],[119.6666666670044,-22.950000000010554],[119.66666666699659,-22.966666667316773],[119.68333333276048,-22.966666667157902],[119.68333333326134,-22.983333333390682],[119.69999999995021,-22.983333332662124],[119.7166666665839,-22.9833333333669],[119.73333333304258,-22.98333333317956],[119.73333333292291,-22.966666667402087],[119.71666666655184,-22.966666666638925],[119.69999999978108,-22.966666666834314],[119.70000000023967,-22.95000000023078]]]},"properties":{"fmt_tenid":"E 47/3194-I","type":"EXPLORATION LICENCE","tenstatus":"LIVE","holder1":"FMG PILBARA PTY LTD","holder2":" ","legal_area":5,"unit_of_me":"BL.","_colour":"#a0c4f0","_label":"Exploration Licence"}},{"type":"Feature","geometry":{"type":"MultiPolygon","coordinates":[[[[117.66666666579628,-22.035046925903632],[117.6666666673596,-22.050000000304635],[117.68104672126249,-22.050000013119664],[117.67797318983787,-22.046804370277567],[117.66666666579628,-22.035046925903632]]],[[[117.68333333305759,-22.052377338819632],[117.68333333284724,-22.06666666741147],[117.69707973556183,-22.066666677604285],[117.68333333305759,-22.052377338819632]]],[[[117.64999999980286,-22.025640962554366],[117.65000000031404,-22.03333333320945],[117.66501902872503,-22.03333334596058],[117.66194232968539,-22.03013334984458],[117.66181420574983,-22.030003725840828],[117.661506621905,-22.029719421831885],[117.66118050006997,-22.02945368482244],[117.66083712624355,-22.029207563812506],[117.66047785542487,-22.02898202980217],[117.66010410561236,-22.02877797379134],[117.65971735280424,-22.028596198780104],[117.6593191229987,-22.02843742476841],[117.6589120701931,-22.028302599756294],[117.64999999980286,-22.025640962554366]]],[[[117.70000000017163,-22.069701806105112],[117.69999999954197,-22.083333333254487],[117.70733484743768,-22.083333343346435],[117.706319670411,-22.08101580005823],[117.70364469991685,-22.074908710473526],[117.70324484832186,-22.07406510911967],[117.7027441633843,-22.073159561612822],[117.70218346926073,-22.072285102981795],[117.70156497895209,-22.07144518122531],[117.70089113446181,-22.070643111343575],[117.70048864998286,-22.070209659792912],[117.70000000017163,-22.069701806105112]]],[[[117.66666666686413,-22.02079662494394],[117.66666666748716,-22.01666666749608],[117.65423633868436,-22.01666682718787],[117.6568620853503,-22.017451129526545],[117.6519621463211,-22.01892378479824],[117.65063303446492,-22.02246028770946],[117.65197891521322,-22.02284350072095],[117.65256428978564,-22.021673119777194],[117.65695411040352,-22.020178869892],[117.66050721394838,-22.02171230691564],[117.66173502509432,-22.0192356553596],[117.66666666686413,-22.02079662494394]]],[[[117.65000000047803,-22.0000000001557],[117.64575930537501,-22.000000000597154],[117.64579728269783,-22.009563350494616],[117.6499999997778,-22.014723644048743],[117.65000000047803,-22.0000000001557]]],[[[117.63529204931093,-22.000000012750274],[117.63333333276172,-22.000000000353168],[117.63333333272396,-22.01666666727217],[117.63845798185429,-22.016666676206114],[117.63721173982447,-22.015137289731193],[117.63711551389123,-22.015017073693944],[117.63678670816427,-22.014569948560673],[117.63648866248744,-22.014104455429816],[117.63622255186158,-22.01362242830186],[117.63598942728785,-22.013125771177457],[117.63579020776734,-22.0126164450571],[117.63562568130152,-22.01209645794129],[117.63549649289202,-22.011567864830596],[117.63540315554022,-22.011032750725523],[117.63534603624794,-22.010493226626583],[117.63532532003133,-22.00994131953254],[117.63529204931093,-22.000000012750274]]],[[[117.71112924053284,-22.066666854816898],[117.71150391442822,-22.06705611607292],[117.71529344318105,-22.075708806735253],[117.71658107669978,-22.07864879744651],[117.71666666716017,-22.078844220574744],[117.71666666703237,-22.066666666770388],[117.71112924053284,-22.066666854816898]]],[[[117.6950898319529,-22.050000176428004],[117.69999999962315,-22.05510295700151],[117.69999999980845,-22.050000000236565],[117.6950898319529,-22.050000176428004]]],[[[117.67905572277262,-22.033333494529895],[117.68333333349116,-22.03778040316912],[117.68333333312866,-22.033333332690994],[117.67905572277262,-22.033333494529895]]]]},"properties":{"fmt_tenid":"E 47/3205-I","type":"EXPLORATION LICENCE","tenstatus":"LIVE","holder1":"FMG PILBARA PTY LTD","holder2":" ","legal_area":5,"unit_of_me":"BL.","_colour":"#a0c4f0","_label":"Exploration Licence"}},{"type":"Feature","geometry":{"type":"Polygon","coordinates":[[[117.26666666653959,-22.083333333009268],[117.26666666694626,-22.06666666701924],[117.26666666679803,-22.04999999995164],[117.2500000003734,-22.050000000413377],[117.24999999989721,-22.066666667406338],[117.25000000023465,-22.08333333335971],[117.25000000034845,-22.10000000008263],[117.2499999995775,-22.11666666714442],[117.250000000159,-22.133333055970777],[117.29999999982914,-22.133333222151894],[117.30000000035744,-22.116666667293565],[117.28333333311768,-22.116666667012503],[117.2833333325227,-22.099999999933882],[117.26666666672202,-22.10000000039108],[117.26666666653959,-22.083333333009268]]]},"properties":{"fmt_tenid":"E 47/3211-I","type":"EXPLORATION LICENCE","tenstatus":"LIVE","holder1":"FMG PILBARA PTY LTD","holder2":" ","legal_area":8,"unit_of_me":"BL.","_colour":"#a0c4f0","_label":"Exploration Licence"}},{"type":"Feature","geometry":{"type":"MultiPolygon","coordinates":[[[[117.93333333259525,-23.350000000295083],[117.9500000002721,-23.350000000277223],[117.96666666705413,-23.35000000011494],[117.98333333269407,-23.350000000036278],[117.98333333292165,-23.340527144342524],[117.981308463475,-23.339655780915017],[117.97510161070271,-23.33698273890659],[117.97694407845196,-23.333333346626006],[117.96666666713074,-23.33333333264325],[117.9499999997045,-23.333333333181635],[117.93333333329441,-23.333333332740125],[117.93333333259525,-23.350000000295083]]],[[[117.91666666710296,-23.350000000282677],[117.90000000011896,-23.350000000190864],[117.89999999958273,-23.352789837172384],[117.89999999985086,-23.366666666799],[117.91666666720026,-23.366666667203052],[117.93333333329393,-23.36666666712663],[117.93333333259525,-23.350000000295083],[117.91666666710296,-23.350000000282677]]]]},"properties":{"fmt_tenid":"E 47/3227-I","type":"EXPLORATION LICENCE","tenstatus":"LIVE","holder1":"FMG PILBARA PTY LTD","holder2":" ","legal_area":5,"unit_of_me":"BL.","_colour":"#a0c4f0","_label":"Exploration Licence"}},{"type":"Feature","geometry":{"type":"Polygon","coordinates":[[[117.63333333256834,-22.633333333402398],[117.65000000002604,-22.633333333060776],[117.66666666676107,-22.633333332990443],[117.6833333334418,-22.633333333395544],[117.6833333334966,-22.616666667368946],[117.6666666672358,-22.61666666687513],[117.64999999994156,-22.6166666666806],[117.63333333306922,-22.616666666685173],[117.61666666742833,-22.61666666741376],[117.61666666709775,-22.633333333487027],[117.63333333256834,-22.633333333402398]]]},"properties":{"fmt_tenid":"E 47/3277-I","type":"EXPLORATION LICENCE","tenstatus":"LIVE","holder1":"FMG PILBARA PTY LTD","holder2":" ","legal_area":4,"unit_of_me":"BL.","_colour":"#a0c4f0","_label":"Exploration Licence"}},{"type":"Feature","geometry":{"type":"Polygon","coordinates":[[[117.6833333334418,-22.633333333395544],[117.68333333343256,-22.638164724579937],[117.70856673122492,-22.650000002619723],[117.7166666667199,-22.650000000103834],[117.71666666720719,-22.633333332664822],[117.7000000003232,-22.633333333015045],[117.6833333334418,-22.633333333395544]]]},"properties":{"fmt_tenid":"E 47/3278-I","type":"EXPLORATION LICENCE","tenstatus":"LIVE","holder1":"FMG PILBARA PTY LTD","holder2":" ","legal_area":2,"unit_of_me":"BL.","_colour":"#a0c4f0","_label":"Exploration Licence"}},{"type":"Feature","geometry":{"type":"Polygon","coordinates":[[[117.7166666667199,-22.650000000103834],[117.7166666662635,-22.655030598167155],[117.72872076066419,-22.66666667171694],[117.73333333339224,-22.6666666668446],[117.73333333335374,-22.65000000016521],[117.7166666667199,-22.650000000103834]]]},"properties":{"fmt_tenid":"E 47/3279-I","type":"EXPLORATION LICENCE","tenstatus":"LIVE","holder1":"FMG PILBARA PTY LTD","holder2":" ","legal_area":1,"unit_of_me":"BL.","_colour":"#a0c4f0","_label":"Exploration Licence"}},{"type":"Feature","geometry":{"type":"MultiPolygon","coordinates":[[[[118.81666666737864,-22.73333333300872],[118.83333333275667,-22.733333333363788],[118.85000000048625,-22.73333333287874],[118.8500000003713,-22.71666666722481],[118.85000000022644,-22.700000000253812],[118.8333333332644,-22.699999999778598],[118.83333333260661,-22.716666667134085],[118.81666666665073,-22.716666667374984],[118.81666666737864,-22.73333333300872]]],[[[118.8000000000365,-22.683333332964605],[118.81666666687826,-22.683333333374723],[118.81666666667242,-22.666666666561422],[118.79999999966816,-22.666666667388693],[118.8000000000365,-22.683333332964605]]],[[[118.81666666687826,-22.683333333374723],[118.81666666704719,-22.699999999600873],[118.8333333332644,-22.699999999778598],[118.83333333272451,-22.68333333333453],[118.81666666687826,-22.683333333374723]]]]},"properties":{"fmt_tenid":"E 47/3280-I","type":"EXPLORATION LICENCE","tenstatus":"LIVE","holder1":"FMG PILBARA PTY LTD","holder2":" ","legal_area":5,"unit_of_me":"BL.","_colour":"#a0c4f0","_label":"Exploration Licence"}},{"type":"Feature","geometry":{"type":"MultiPolygon","coordinates":[[[[116.93333333338698,-22.383333332774225],[116.95000000003142,-22.38333333261795],[116.9500000002875,-22.366666667325926],[116.93333333328157,-22.36666666719839],[116.9166666670227,-22.36666666668321],[116.91666666726626,-22.383333332943568],[116.93333333338698,-22.383333332774225]]],[[[117.00000000038587,-22.433333332663977],[117.00000000029414,-22.416666666549716],[116.98343419599989,-22.416666666893814],[116.9834333301195,-22.42455191903012],[116.98343063837054,-22.449929414936523],[116.99999999972187,-22.449930896313553],[117.00000000038587,-22.433333332663977]]],[[[116.9833333329189,-22.366666666530847],[116.98333333278627,-22.349999999996506],[116.96666666715306,-22.350000000188825],[116.96666666679616,-22.366666667041727],[116.9833333329189,-22.366666666530847]]]]},"properties":{"fmt_tenid":"E 47/3291-I","type":"EXPLORATION LICENCE","tenstatus":"LIVE","holder1":"FMG PILBARA PTY LTD","holder2":" ","legal_area":5,"unit_of_me":"BL.","_colour":"#a0c4f0","_label":"Exploration Licence"}},{"type":"Feature","geometry":{"type":"MultiPolygon","coordinates":[[[[119.61666666679699,-23.0166666666338],[119.63333333296109,-23.01666666711223],[119.64999999950707,-23.016666667241683],[119.64999999990353,-22.99999999983537],[119.63333333331573,-23.00000000023072],[119.61666666694428,-23.000000000327752],[119.60000000039572,-23.000000000315264],[119.60000000036784,-23.016666666578825],[119.61666666679699,-23.0166666666338]]],[[[119.60000000023133,-22.94999999998787],[119.5833333327441,-22.94999999957754],[119.5782071851193,-22.949999999686714],[119.57820723791093,-22.951636408654092],[119.57820723818176,-22.952196239300793],[119.57820724027765,-22.956528702566835],[119.5782072392777,-22.956528739566814],[119.57820723837351,-22.960861200832884],[119.5802700922008,-22.96086153321579],[119.58272796499487,-22.960861934671975],[119.5872487025042,-22.960862578305825],[119.59176942590032,-22.960863095732233],[119.59629016329637,-22.960863487158758],[119.59999999980069,-22.96086370350882],[119.60000000023133,-22.94999999998787]]]]},"properties":{"fmt_tenid":"E 47/3315-I","type":"EXPLORATION LICENCE","tenstatus":"LIVE","holder1":"FMG PILBARA PTY LTD","holder2":" ","legal_area":5,"unit_of_me":"BL.","_colour":"#a0c4f0","_label":"Exploration Licence"}},{"type":"Feature","geometry":{"type":"Polygon","coordinates":[[[118.04999999997523,-22.53333333321242],[118.03333333287526,-22.533333333056355],[118.03333333308207,-22.550000000313858],[118.03333333302785,-22.566666667204068],[118.03333333331157,-22.583333332747838],[118.04999999977322,-22.58333333303389],[118.05000000037536,-22.599999999950104],[118.06666666736258,-22.600000000016482],[118.08333333261942,-22.599999999933573],[118.08333333345269,-22.58333333307588],[118.08333333294443,-22.566666667386762],[118.08333333274075,-22.549999999579665],[118.066666667168,-22.550000000049927],[118.05000000004524,-22.550000000497832],[118.04999999997523,-22.53333333321242]]]},"properties":{"fmt_tenid":"E 47/3350-I","type":"EXPLORATION LICENCE","tenstatus":"LIVE","holder1":"FMG PILBARA PTY LTD","holder2":" ","legal_area":9,"unit_of_me":"BL.","_colour":"#a0c4f0","_label":"Exploration Licence"}},{"type":"Feature","geometry":{"type":"Polygon","coordinates":[[[118.38333333263512,-23.233333332674352],[118.40000000008565,-23.233333332607113],[118.40000000018662,-23.2166666666139],[118.41666666667513,-23.216666666724652],[118.43333333278076,-23.216666667226033],[118.43333333275369,-23.199999999827128],[118.45000000018794,-23.20000000048912],[118.44999999982643,-23.183333332595836],[118.45000000036022,-23.177148592973033],[118.44920699351397,-23.1771483385892],[118.44457244447622,-23.177146732539814],[118.43993789353028,-23.177144999558674],[118.4353033295833,-23.17714312757411],[118.43066877963484,-23.177141116585958],[118.42603421594755,-23.177138979165406],[118.42121610293935,-23.177136366512595],[118.4163979749296,-23.17713362886835],[118.41157986154252,-23.17713072276944],[118.40676173400172,-23.17712769170849],[118.40194360746102,-23.177124492647575],[118.39712549301915,-23.177121153614873],[118.39230736564433,-23.17711767460125],[118.38748925226935,-23.17711404258768],[118.3826711249793,-23.17711025660029],[118.3778530107802,-23.17710633164101],[118.37303488358097,-23.177102252681788],[118.36821676956305,-23.177098033619785],[118.36666666746534,-23.177096643221812],[118.36666666687735,-23.18333333263494],[118.36666666746466,-23.20000000028815],[118.36666666674755,-23.216666667012838],[118.3666666666879,-23.233333333147744],[118.36666666678688,-23.249999999729003],[118.36666666673734,-23.26666666686485],[118.3833333330563,-23.266666667483086],[118.39999999984202,-23.266666667189565],[118.40000000037547,-23.24999999958869],[118.38333333284285,-23.249999999620357],[118.38333333263512,-23.233333332674352]]]},"properties":{"fmt_tenid":"E 47/3372-I","type":"EXPLORATION LICENCE","tenstatus":"LIVE","holder1":"FMG PILBARA PTY LTD","holder2":" ","legal_area":19,"unit_of_me":"BL.","_colour":"#a0c4f0","_label":"Exploration Licence"}},{"type":"Feature","geometry":{"type":"MultiPolygon","coordinates":[[[[118.36666666716975,-22.033333332954204],[118.38333333309971,-22.033333332831983],[118.3999999996065,-22.033333332641],[118.41666666654446,-22.033333333253566],[118.43333333309009,-22.033333332725114],[118.44999999995815,-22.033333332545098],[118.46666666674909,-22.033333333015932],[118.4833333330081,-22.033333332945602],[118.49999999981434,-22.033333333256355],[118.49999999986593,-22.01666666673518],[118.48333333321023,-22.016666667045964],[118.46666666686876,-22.01666666703262],[118.45000000000672,-22.016666666617883],[118.43333333323955,-22.016666666687215],[118.41666666664048,-22.016666667060328],[118.39999999965575,-22.0166666668679],[118.38333333338123,-22.01666666677181],[118.36666666675048,-22.016666666582324],[118.34999999958114,-22.01666666725386],[118.35000000046473,-22.033333332945777],[118.36666666716975,-22.033333332954204]]],[[[118.16666666745039,-22.033333332896152],[118.1833333330707,-22.033333333312417],[118.1999999999687,-22.033333333334344],[118.21666666735184,-22.033333332534397],[118.23333333301865,-22.033333332574802],[118.24999999997335,-22.03333333312223],[118.26666666673069,-22.033333332909322],[118.26666666740782,-22.016666667098097],[118.25000000024559,-22.016666666616125],[118.23333333294902,-22.01666666667961],[118.21666666744036,-22.016666666872858],[118.20000000044736,-22.01666666658807],[118.18333333328859,-22.016666666640955],[118.16666666691007,-22.01666666703612],[118.15000000022519,-22.016666666756574],[118.1500000002269,-22.033333332848752],[118.16666666745039,-22.033333332896152]]]]},"properties":{"fmt_tenid":"E 47/3397-I","type":"EXPLORATION LICENCE","tenstatus":"LIVE","holder1":"FMG PILBARA PTY LTD","holder2":" ","legal_area":16,"unit_of_me":"BL.","_colour":"#a0c4f0","_label":"Exploration Licence"}},{"type":"Feature","geometry":{"type":"Polygon","coordinates":[[[117.38333333331141,-22.329639932326057],[117.38333333284075,-22.32876153700019],[117.38333333288634,-22.31666666737885],[117.36666666686341,-22.31666666684415],[117.35000000021279,-22.31666666720756],[117.33333333310638,-22.31666666712162],[117.31666666732154,-22.31666666703314],[117.31666666709437,-22.333333333282255],[117.31666666734655,-22.350000000358083],[117.3333333330027,-22.34999999978883],[117.34999999979853,-22.350000000297808],[117.34999999991739,-22.36666666734892],[117.36666666740172,-22.366666666843443],[117.36666666721607,-22.35000000024664],[117.38333333264673,-22.349999999510548],[117.39999999965714,-22.349999999820124],[117.41666666657784,-22.349999999746984],[117.43333333326518,-22.350000000079298],[117.43333333271507,-22.33333333308542],[117.4166666672497,-22.333333332665518],[117.40000000032737,-22.333333333185774],[117.38333333326719,-22.333333332696114],[117.38333333331141,-22.329639932326057]]]},"properties":{"fmt_tenid":"E 47/3402-I","type":"EXPLORATION LICENCE","tenstatus":"LIVE","holder1":"FMG PILBARA PTY LTD","holder2":" ","legal_area":12,"unit_of_me":"BL.","_colour":"#a0c4f0","_label":"Exploration Licence"}},{"type":"Feature","geometry":{"type":"MultiPolygon","coordinates":[[[[119.61666666738783,-23.05000000043469],[119.63333333328,-23.050000000180937],[119.63333333279368,-23.033333333324926],[119.63333333296109,-23.01666666711223],[119.61666666679699,-23.0166666666338],[119.61666666709363,-23.033333332505304],[119.5999999999348,-23.03333333320866],[119.59999999971166,-23.04999999955254],[119.61666666738783,-23.05000000043469]]],[[[119.5999999996585,-23.100000000269],[119.6166666669091,-23.099999999650446],[119.61666666722593,-23.088922280523338],[119.6031016003161,-23.083333333487925],[119.59999999950678,-23.08333333291493],[119.58333333291948,-23.08333333271262],[119.58333333347694,-23.100000000228672],[119.5999999996585,-23.100000000269]]]]},"properties":{"fmt_tenid":"E 47/3403-I","type":"EXPLORATION LICENCE","tenstatus":"LIVE","holder1":"FMG PILBARA PTY LTD","holder2":" ","legal_area":5,"unit_of_me":"BL.","_colour":"#a0c4f0","_label":"Exploration Licence"}},{"type":"Feature","geometry":{"type":"MultiPolygon","coordinates":[[[[117.95000000021706,-23.283333332817108],[117.94999999990691,-23.26666666718101],[117.93333333286122,-23.26666666708122],[117.91666666683656,-23.26666666651685],[117.91666666701607,-23.24999999955757],[117.90000000041627,-23.249999999830766],[117.89999999963418,-23.233333333035436],[117.90000000026387,-23.216666667074726],[117.8833333332245,-23.21666666674441],[117.88333333260682,-23.19999999951766],[117.8833333330796,-23.183333333469136],[117.88333333312328,-23.17320475172832],[117.87064167357047,-23.171973604078758],[117.86666666714505,-23.206935534092533],[117.86666666681906,-23.216666666584388],[117.8655602828799,-23.21666666696711],[117.86383298590242,-23.23185900201765],[117.82063134958845,-23.227663915797706],[117.82188152271956,-23.21666666714487],[117.81666666662481,-23.216666667432047],[117.81666666708622,-23.233333333217097],[117.80000000028306,-23.23333333308675],[117.79999999978695,-23.250000000128964],[117.78333333308524,-23.249999999655024],[117.78333333252635,-23.266666666844507],[117.76666666677612,-23.266666666821802],[117.76666666739347,-23.273851565693892],[117.79034219661223,-23.283333332717188],[117.7999999996495,-23.28333333343756],[117.80288490547181,-23.283333333168176],[117.80688363839036,-23.27519741098872],[117.83184920726437,-23.28333333326252],[117.83333333302387,-23.283333332887793],[117.83333333339235,-23.283816829915995],[117.86666666618164,-23.294667213545342],[117.86666666663143,-23.28333333301488],[117.88333333310561,-23.28333333272172],[117.89999999982201,-23.28333333312564],[117.9166666673366,-23.283333333003977],[117.93333333285514,-23.2833333334685],[117.95000000021706,-23.283333332817108]]],[[[117.950000000021,-23.29999999954723],[117.94999999978243,-23.316666667112717],[117.93333333294882,-23.316666666857174],[117.91666666664634,-23.316666666653266],[117.89999999996355,-23.316666667193346],[117.89999999996301,-23.33333333296593],[117.91666666668407,-23.333333332753405],[117.93333333329441,-23.333333332740125],[117.9499999997045,-23.333333333181635],[117.96666666713074,-23.33333333264325],[117.96666666669854,-23.316666666724185],[117.96666666654984,-23.300000000253906],[117.96666666691101,-23.283333333253317],[117.95000000021706,-23.283333332817108],[117.950000000021,-23.29999999954723]]],[[[117.9499999995408,-23.250000000155826],[117.94999999999155,-23.23333333279727],[117.93333333314803,-23.233333332691675],[117.93333333282628,-23.250000000194152],[117.9499999995408,-23.250000000155826]]]]},"properties":{"fmt_tenid":"E 47/3406-I","type":"EXPLORATION LICENCE","tenstatus":"LIVE","holder1":"FMG PILBARA PTY LTD","holder2":" ","legal_area":42,"unit_of_me":"BL.","_colour":"#a0c4f0","_label":"Exploration Licence"}},{"type":"Feature","geometry":{"type":"Polygon","coordinates":[[[119.78333333343897,-23.100000000286826],[119.79999999962104,-23.10000000037432],[119.81666666705036,-23.0999999999995],[119.81666666712167,-23.083333332606536],[119.83333333339066,-23.08333333260148],[119.83333333335146,-23.06666666715416],[119.81666666721986,-23.066666666914823],[119.80000000023583,-23.066666667390802],[119.79999999983532,-23.08333333284893],[119.7833333329111,-23.08333333264161],[119.76666666747157,-23.083333332629238],[119.76666666732032,-23.100000000018508],[119.78333333343897,-23.100000000286826]]]},"properties":{"fmt_tenid":"E 47/3454-I","type":"EXPLORATION LICENCE","tenstatus":"LIVE","holder1":"FMG PILBARA PTY LTD","holder2":" ","legal_area":5,"unit_of_me":"BL.","_colour":"#a0c4f0","_label":"Exploration Licence"}},{"type":"Feature","geometry":{"type":"Polygon","coordinates":[[[117.95169880769772,-22.266666679059274],[117.95480627340163,-22.256867542327914],[117.95563561319685,-22.255184330946356],[117.95586568365293,-22.254951754075744],[117.95611617542792,-22.254363988305627],[117.95636897802454,-22.254089785463346],[117.95674249735082,-22.253256059822007],[117.95697687397909,-22.253027256974203],[117.95722736402628,-22.25243947623999],[117.95733660833191,-22.252349944309987],[117.95947976900229,-22.248192882673873],[117.97059333636955,-22.242588433626036],[117.97313602552053,-22.240045728046233],[117.974500019037,-22.23740290430994],[117.97500442231245,-22.22206860902367],[118.00328662087566,-22.22206910740681],[118.0166666671959,-22.22206931636053],[118.01666666716619,-22.216666667462007],[118.01666666679253,-22.200000000365954],[118.01666666610879,-22.185070580515383],[118.01664377317854,-22.185058828499503],[118.01666663375033,-22.183333381269097],[118.01328313041026,-22.183333498202465],[117.99999999986818,-22.18333333294738],[117.99999999983923,-22.200000000400937],[117.99999999994388,-22.205870710519353],[117.99999999976218,-22.21666666655221],[117.99871164871121,-22.216666678172135],[117.9833333330434,-22.21666666673665],[117.96666666693996,-22.216666667135364],[117.94999999954993,-22.216666667297297],[117.95000000014385,-22.23333333339911],[117.93333333326493,-22.233333332521692],[117.93333333259967,-22.249999999572182],[117.95000000019479,-22.250000000497977],[117.94999999979427,-22.266666667270705],[117.95169880769772,-22.266666679059274]]]},"properties":{"fmt_tenid":"E 47/3464-I","type":"EXPLORATION LICENCE","tenstatus":"LIVE","holder1":"FMG PILBARA PTY LTD","holder2":" ","legal_area":10,"unit_of_me":"BL.","_colour":"#a0c4f0","_label":"Exploration Licence"}},{"type":"Feature","geometry":{"type":"Polygon","coordinates":[[[119.6833333330395,-22.933333333087877],[119.68333333301034,-22.916666666552132],[119.68333333290597,-22.900000000376444],[119.68333333327415,-22.883333333229025],[119.66666666696906,-22.88333333251426],[119.65000000023433,-22.883333333247247],[119.63333333331886,-22.8833333332851],[119.61666666725164,-22.88333333261146],[119.61666666686716,-22.900000000202503],[119.63333333273097,-22.90000000027171],[119.65000000046636,-22.90000000030564],[119.65000000017501,-22.916666667461648],[119.64999999822042,-22.93199321227893],[119.65134755196485,-22.931993241656077],[119.65134759655112,-22.93333334539311],[119.66666666672401,-22.933333332753385],[119.6833333330395,-22.933333333087877]]]},"properties":{"fmt_tenid":"E 47/3498-I","type":"EXPLORATION LICENCE","tenstatus":"LIVE","holder1":"FMG PILBARA PTY LTD","holder2":" ","legal_area":8,"unit_of_me":"BL.","_colour":"#a0c4f0","_label":"Exploration Licence"}},{"type":"Feature","geometry":{"type":"Polygon","coordinates":[[[119.51666666703548,-22.933333333196508],[119.51666666749023,-22.950000000044454],[119.5333333330594,-22.949999999733723],[119.5333333331753,-22.933333333297778],[119.5333333327154,-22.916666667184572],[119.51666666695459,-22.916666666543943],[119.50000000025571,-22.916666666798566],[119.49999999954213,-22.933333332928456],[119.51666666703548,-22.933333333196508]]]},"properties":{"fmt_tenid":"E 47/3499-I","type":"EXPLORATION LICENCE","tenstatus":"LIVE","holder1":"FMG PILBARA PTY LTD","holder2":" ","legal_area":3,"unit_of_me":"BL.","_colour":"#a0c4f0","_label":"Exploration Licence"}},{"type":"Feature","geometry":{"type":"Polygon","coordinates":[[[116.36666666701993,-22.566666666873868],[116.36666666742617,-22.583333332682983],[116.38333333273452,-22.58333333261309],[116.3833333328335,-22.599999999691057],[116.40000000034819,-22.59999999997532],[116.40000000022293,-22.583485465658583],[116.39994944361892,-22.583485836652834],[116.3999249978089,-22.566666670634827],[116.38333333347826,-22.566666667134754],[116.36666666701993,-22.566666666873868]]]},"properties":{"fmt_tenid":"E 47/3506-I","type":"EXPLORATION LICENCE","tenstatus":"LIVE","holder1":"FMG PILBARA PTY LTD","holder2":" ","legal_area":3,"unit_of_me":"BL.","_colour":"#a0c4f0","_label":"Exploration Licence"}},{"type":"Feature","geometry":{"type":"Polygon","coordinates":[[[116.59999999988351,-22.149999999946942],[116.6166666667803,-22.14999999956166],[116.63333333348368,-22.15000000032123],[116.6333333333277,-22.13333333268435],[116.63333333268601,-22.116666667099654],[116.6333333329714,-22.099999999795703],[116.61666666705358,-22.100000000408865],[116.6000000001703,-22.100000000239834],[116.59999999988023,-22.116666667413394],[116.60000000016969,-22.133333333359396],[116.58333333309791,-22.133333333112397],[116.58333333343121,-22.14999999990236],[116.59999999988351,-22.149999999946942]]]},"properties":{"fmt_tenid":"E 47/3511-I","type":"EXPLORATION LICENCE","tenstatus":"LIVE","holder1":"FMG PILBARA PTY LTD","holder2":" ","legal_area":7,"unit_of_me":"BL.","_colour":"#a0c4f0","_label":"Exploration Licence"}},{"type":"Feature","geometry":{"type":"Polygon","coordinates":[[[119.73333333251023,-23.08333333302415],[119.7333333332003,-23.09999999962551],[119.74999999971226,-23.10000000009315],[119.76666666732032,-23.100000000018508],[119.76666666747157,-23.083333332629238],[119.7499999995517,-23.083333333137524],[119.74999999989178,-23.066666666725187],[119.73333333320804,-23.06666666679453],[119.71666666729048,-23.066666666694893],[119.71666666682815,-23.083333332779542],[119.73333333251023,-23.08333333302415]]]},"properties":{"fmt_tenid":"E 47/3512-I","type":"EXPLORATION LICENCE","tenstatus":"LIVE","holder1":"FMG PILBARA PTY LTD","holder2":" ","legal_area":4,"unit_of_me":"BL.","_colour":"#a0c4f0","_label":"Exploration Licence"}},{"type":"Feature","geometry":{"type":"Polygon","coordinates":[[[117.9513345588687,-22.27951351542286],[117.95133480031262,-22.267814463820823],[117.95169880769775,-22.26666667105925],[117.94999999979427,-22.266666667270705],[117.94999999965538,-22.28333333349369],[117.96666666709963,-22.283333333400744],[117.98333333283432,-22.283333332610894],[118.00000000018942,-22.28333333285205],[118.00000000858589,-22.2932027638933],[118.01004758734311,-22.30000000719091],[118.01666666665865,-22.30000000020944],[118.01666666722944,-22.283333333269184],[118.01666666716514,-22.279507011744695],[118.01600999614237,-22.27950721684424],[117.9578876327278,-22.27951404468162],[117.9513345588687,-22.27951351542286]]]},"properties":{"fmt_tenid":"E 47/3517-I","type":"EXPLORATION LICENCE","tenstatus":"LIVE","holder1":"FMG PILBARA PTY LTD","holder2":" ","legal_area":5,"unit_of_me":"BL.","_colour":"#a0c4f0","_label":"Exploration Licence"}},{"type":"Feature","geometry":{"type":"Polygon","coordinates":[[[119.46666666712775,-22.933333333401645],[119.48333333334365,-22.933333332899327],[119.49999999954213,-22.933333332928456],[119.50000000025571,-22.916666666798566],[119.4833333328642,-22.91666666722096],[119.48333333314575,-22.900000000245917],[119.46666666718309,-22.90000000021068],[119.46666666654059,-22.883333332883584],[119.44999999967963,-22.883333332910627],[119.44999999970973,-22.899999999543212],[119.44999999995201,-22.916666666615868],[119.45000000035057,-22.933333333431133],[119.46666666712775,-22.933333333401645]]]},"properties":{"fmt_tenid":"E 47/3585-I","type":"EXPLORATION LICENCE","tenstatus":"LIVE","holder1":"FMG PILBARA PTY LTD","holder2":" ","legal_area":6,"unit_of_me":"BL.","_colour":"#a0c4f0","_label":"Exploration Licence"}},{"type":"Feature","geometry":{"type":"Polygon","coordinates":[[[119.66666666715881,-23.000000000442],[119.64999999990353,-22.99999999983537],[119.64999999950707,-23.016666667241683],[119.63333333296109,-23.01666666711223],[119.63333333279368,-23.033333333324926],[119.65000000043989,-23.03333333270565],[119.66666666681587,-23.03333333342155],[119.68333333312665,-23.033333332809395],[119.69999999965471,-23.03333333269576],[119.69999999988337,-23.016666667059997],[119.68333333341488,-23.01666666734933],[119.66666666694431,-23.01666666731478],[119.66666666715881,-23.000000000442]]]},"properties":{"fmt_tenid":"E 47/3628","type":"EXPLORATION LICENCE","tenstatus":"LIVE","holder1":"FMG PILBARA PTY LTD","holder2":" ","legal_area":5,"unit_of_me":"BL.","_colour":"#a0c4f0","_label":"Exploration Licence"}},{"type":"Feature","geometry":{"type":"Polygon","coordinates":[[[116.73333333331145,-22.61666666737758],[116.71666666748254,-22.616666667419143],[116.71666666692256,-22.63333333320335],[116.71666666698681,-22.65000000007535],[116.73333333337958,-22.650000000360198],[116.74999999966957,-22.64999999963341],[116.74999999976053,-22.633333333239126],[116.73333333342538,-22.63333333261604],[116.73333333331145,-22.61666666737758]]]},"properties":{"fmt_tenid":"E 47/3658","type":"EXPLORATION LICENCE","tenstatus":"LIVE","holder1":"FMG PILBARA PTY LTD","holder2":" ","legal_area":3,"unit_of_me":"BL.","_colour":"#a0c4f0","_label":"Exploration Licence"}},{"type":"Feature","geometry":{"type":"Polygon","coordinates":[[[116.66666666731777,-22.549999999832604],[116.65000000031041,-22.54999999957136],[116.64999999952998,-22.566666666762966],[116.63333333335689,-22.566666666718366],[116.63333333290122,-22.583333332525477],[116.6499999995584,-22.58333333319064],[116.66666666661733,-22.583333332768074],[116.68333333265892,-22.58333333263824],[116.68333333275977,-22.56666666734162],[116.66666666662837,-22.566666666827842],[116.66666666731777,-22.549999999832604]]]},"properties":{"fmt_tenid":"E 47/3689","type":"EXPLORATION LICENCE","tenstatus":"LIVE","holder1":"FMG PILBARA PTY LTD","holder2":" ","legal_area":4,"unit_of_me":"BL.","_colour":"#a0c4f0","_label":"Exploration Licence"}},{"type":"Feature","geometry":{"type":"MultiPolygon","coordinates":[[[[116.53333333284269,-22.150000000411747],[116.55000000000092,-22.149999999763025],[116.56666666673199,-22.149999999705038],[116.56666666699982,-22.133333332893212],[116.58333333309791,-22.133333333112397],[116.60000000016969,-22.133333333359396],[116.59999999988023,-22.116666667413394],[116.6000000001703,-22.100000000239834],[116.59999999990143,-22.083333333010327],[116.5833333332265,-22.0833333334129],[116.58333333330549,-22.09999999975867],[116.56666666703623,-22.0999999999373],[116.56666666700521,-22.11666666749336],[116.54999999974471,-22.116666667007003],[116.53333333332033,-22.11666666690178],[116.53333333293988,-22.133333333460094],[116.51666666697096,-22.13333333262441],[116.51666666692309,-22.150000000469813],[116.53333333284269,-22.150000000411747]]],[[[116.63333333314107,-22.08333333309589],[116.63333333268739,-22.06666666741132],[116.61666666745835,-22.066666667445258],[116.61666666675951,-22.083333333323335],[116.63333333314107,-22.08333333309589]]]]},"properties":{"fmt_tenid":"E 47/3741","type":"EXPLORATION LICENCE","tenstatus":"LIVE","holder1":"FMG PILBARA PTY LTD","holder2":" ","legal_area":11,"unit_of_me":"BL.","_colour":"#a0c4f0","_label":"Exploration Licence"}},{"type":"Feature","geometry":{"type":"Polygon","coordinates":[[[116.78333333335794,-22.21666666747417],[116.78333333250332,-22.20000000009993],[116.76666666700298,-22.200000000469522],[116.74999999964456,-22.19999999972171],[116.73333333259333,-22.200000000071377],[116.71666666744409,-22.20000000012269],[116.71666666658382,-22.21666666726629],[116.71666666724747,-22.233333332900646],[116.73333333275829,-22.233333333391517],[116.7333333333321,-22.21666666677505],[116.74999999972793,-22.216666666705304],[116.76666666688764,-22.216666666912353],[116.76666666654822,-22.23333333275685],[116.78333333258074,-22.2333333326303],[116.78333333335794,-22.21666666747417]]]},"properties":{"fmt_tenid":"E 47/4019","type":"EXPLORATION LICENCE","tenstatus":"LIVE","holder1":"FMG PILBARA PTY LTD","holder2":" ","legal_area":6,"unit_of_me":"BL.","_colour":"#a0c4f0","_label":"Exploration Licence"}},{"type":"Feature","geometry":{"type":"Polygon","coordinates":[[[116.68333333259297,-22.18333333292337],[116.70000000013147,-22.183333332831467],[116.71666666670929,-22.183333333017558],[116.73333333274817,-22.183333332514344],[116.7500000000753,-22.183333332699462],[116.7666666668135,-22.18333333340873],[116.76666666680305,-22.16666666742022],[116.76666666698716,-22.149999999836343],[116.74999999986743,-22.150000000308466],[116.73333333323579,-22.149999999809136],[116.71666666672097,-22.149999999686603],[116.69999999987246,-22.150000000097688],[116.6833333329057,-22.14999999994046],[116.68333333295995,-22.16666666703132],[116.66666666740262,-22.166666666856674],[116.66666666695623,-22.183333333005425],[116.68333333259297,-22.18333333292337]]]},"properties":{"fmt_tenid":"E 47/4021","type":"EXPLORATION LICENCE","tenstatus":"LIVE","holder1":"FMG PILBARA PTY LTD","holder2":" ","legal_area":11,"unit_of_me":"BL.","_colour":"#a0c4f0","_label":"Exploration Licence"}},{"type":"Feature","geometry":{"type":"Polygon","coordinates":[[[116.90000000015254,-22.56666666663517],[116.91666666674037,-22.56666666696736],[116.93333333318773,-22.566666667137667],[116.94999999951436,-22.566666666596365],[116.95000000017595,-22.5499999999034],[116.93333333335218,-22.549999999626213],[116.9166666674064,-22.54999999982365],[116.90000000039042,-22.550000000487003],[116.88333333323408,-22.549999999588476],[116.88333333325946,-22.56666666682371],[116.90000000015254,-22.56666666663517]]]},"properties":{"fmt_tenid":"E 47/4258","type":"EXPLORATION LICENCE","tenstatus":"LIVE","holder1":"FMG PILBARA PTY LTD","holder2":" ","legal_area":4,"unit_of_me":"BL.","_colour":"#a0c4f0","_label":"Exploration Licence"}},{"type":"Feature","geometry":{"type":"Polygon","coordinates":[[[116.9000000002315,-22.583333333321736],[116.91666666724778,-22.583333333124944],[116.9333333331933,-22.5833333329967],[116.94999999959299,-22.58333333318129],[116.94999999951436,-22.566666666596365],[116.93333333318773,-22.566666667137667],[116.91666666674037,-22.56666666696736],[116.90000000015254,-22.56666666663517],[116.88333333325946,-22.56666666682371],[116.88333333338254,-22.583333333287964],[116.9000000002315,-22.583333333321736]]]},"properties":{"fmt_tenid":"E 47/4320","type":"EXPLORATION LICENCE","tenstatus":"LIVE","holder1":"FMG PILBARA PTY LTD","holder2":" ","legal_area":4,"unit_of_me":"BL.","_colour":"#a0c4f0","_label":"Exploration Licence"}},{"type":"Feature","geometry":{"type":"Polygon","coordinates":[[[116.9166666664064,-22.54999999282368],[116.93333333835227,-22.54999999262618],[116.94999999317594,-22.549999992903427],[116.94999999329774,-22.53343435603411],[116.92774447164484,-22.53340394360865],[116.9060288424426,-22.533370946858536],[116.89999999959615,-22.533360883016467],[116.89999999539039,-22.54999999348703],[116.9166666664064,-22.54999999282368]]]},"properties":{"fmt_tenid":"E 47/4321","type":"EXPLORATION LICENCE","tenstatus":"LIVE","holder1":"FMG PILBARA PTY LTD","holder2":" ","legal_area":3,"unit_of_me":"BL.","_colour":"#a0c4f0","_label":"Exploration Licence"}},{"type":"Feature","geometry":{"type":"Polygon","coordinates":[[[117.29999999301316,-22.033333326980387],[117.28333333831408,-22.03333332702624],[117.26666666714641,-22.033333326933963],[117.25133454589675,-22.03333338934041],[117.24999999921177,-22.033333332900472],[117.2500000003734,-22.050000000413377],[117.25133481403125,-22.05000000981303],[117.26666666679803,-22.049999998951648],[117.26666666694607,-22.066666670019195],[117.2666666665396,-22.083333341009237],[117.28333333841798,-22.08333334050421],[117.28333333753211,-22.066666669869765],[117.2833333378847,-22.049999998581267],[117.29999999292171,-22.04999999911105],[117.29999999301316,-22.033333326980387]]]},"properties":{"fmt_tenid":"E 47/4322","type":"EXPLORATION LICENCE","tenstatus":"LIVE","holder1":"FMG PILBARA PTY LTD","holder2":" ","legal_area":5,"unit_of_me":"BL.","_colour":"#a0c4f0","_label":"Exploration Licence"}},{"type":"Feature","geometry":{"type":"Polygon","coordinates":[[[116.53333333309918,-22.449999999701244],[116.55000000010644,-22.449999999961666],[116.56666666685447,-22.45000000010211],[116.56666666737785,-22.448692897428568],[116.58333333330539,-22.448692810706937],[116.58333333342044,-22.433333332625235],[116.56666666745525,-22.433333327311153],[116.54999999612741,-22.433333326569638],[116.54999999821639,-22.42499999991764],[116.54999999558422,-22.41666666896165],[116.54999999842416,-22.40833333343938],[116.54999999515148,-22.399999998651733],[116.53467017985308,-22.400000062317154],[116.53333333274114,-22.40000000011927],[116.53333333329526,-22.403994361098654],[116.53333333286201,-22.41666666716334],[116.53333333261239,-22.43333333267617],[116.53333333309918,-22.449999999701244]]]},"properties":{"fmt_tenid":"E 47/4330","type":"EXPLORATION LICENCE","tenstatus":"LIVE","holder1":"FMG PILBARA PTY LTD","holder2":" ","legal_area":5,"unit_of_me":"BL.","_colour":"#a0c4f0","_label":"Exploration Licence"}},{"type":"Feature","geometry":{"type":"Polygon","coordinates":[[[116.78333333303128,-22.716666666671355],[116.78333333314461,-22.700000000161765],[116.78333333343446,-22.68333333290383],[116.78333333254234,-22.66666666737737],[116.76666666697665,-22.666666667395294],[116.74999999992376,-22.66666666735065],[116.7333333329305,-22.666666666923682],[116.73333333337958,-22.650000000360198],[116.71666666698681,-22.65000000007535],[116.71666666692256,-22.63333333320335],[116.71666666748254,-22.616666667419143],[116.71666666670481,-22.60000000004318],[116.69999999952937,-22.599999999590555],[116.69999999967801,-22.58333333349176],[116.68333333265892,-22.58333333263824],[116.68333333310488,-22.5999999995009],[116.68333333318004,-22.616666667379953],[116.68333333252278,-22.63333333318097],[116.68333333304231,-22.65000000000106],[116.70000000047631,-22.65000000027279],[116.69999999983602,-22.666666666766037],[116.70000000047119,-22.683333333449312],[116.7000000003949,-22.70000000016355],[116.70133972264169,-22.700000000273036],[116.71666666676607,-22.699999999865756],[116.73333333292312,-22.699999999688135],[116.7499999998859,-22.70000000007577],[116.76666666746239,-22.699999999864968],[116.76666667322776,-22.715361109606274],[116.76666666719524,-22.71666666692235],[116.78333333303128,-22.716666666671355]]]},"properties":{"fmt_tenid":"E 47/4378","type":"EXPLORATION LICENCE","tenstatus":"LIVE","holder1":"FMG PILBARA PTY LTD","holder2":" ","legal_area":20,"unit_of_me":"BL.","_colour":"#a0c4f0","_label":"Exploration Licence"}},{"type":"Feature","geometry":{"type":"Polygon","coordinates":[[[119.46666666694918,-22.833333333389945],[119.4499999996741,-22.833333332680507],[119.44999999974173,-22.85000000028946],[119.4499999996602,-22.86666666720714],[119.44999999967963,-22.883333332910627],[119.46666666654059,-22.883333332883584],[119.46666666718309,-22.90000000021068],[119.48333333314575,-22.900000000245917],[119.4833333328642,-22.91666666722096],[119.50000000025571,-22.916666666798566],[119.51666666695459,-22.916666666543943],[119.5333333327154,-22.916666667184572],[119.5333333327953,-22.900000000390538],[119.53333333330129,-22.883333332633363],[119.51666666684064,-22.88333333275579],[119.49999999957846,-22.883333333309608],[119.4999999999271,-22.86666666697085],[119.48333333278313,-22.866666666554003],[119.48333333279037,-22.849999999850954],[119.46666666704604,-22.85000000037684],[119.46666666694918,-22.833333333389945]]]},"properties":{"fmt_tenid":"E 47/4465","type":"EXPLORATION LICENCE","tenstatus":"LIVE","holder1":"FMG PILBARA PTY LTD","holder2":" ","legal_area":13,"unit_of_me":"BL.","_colour":"#a0c4f0","_label":"Exploration Licence"}},{"type":"Feature","geometry":{"type":"Polygon","coordinates":[[[118.04999999997919,-23.283333332638033],[118.05000000012306,-23.26666666744832],[118.03333333269852,-23.2666666666906],[118.03333333282946,-23.283333333010564],[118.04999999997919,-23.283333332638033]]]},"properties":{"fmt_tenid":"E 47/4470","type":"EXPLORATION LICENCE","tenstatus":"LIVE","holder1":"FMG PILBARA PTY LTD","holder2":" ","legal_area":1,"unit_of_me":"BL.","_colour":"#a0c4f0","_label":"Exploration Licence"}},{"type":"Feature","geometry":{"type":"Polygon","coordinates":[[[117.44999999968725,-22.733333332700337],[117.46666666736476,-22.73333333314687],[117.4666666665815,-22.71666666662185],[117.4500000001203,-22.716666666940753],[117.43333333251775,-22.716666667109276],[117.43333333344525,-22.733333333311215],[117.44999999968725,-22.733333332700337]]]},"properties":{"fmt_tenid":"E 47/4499","type":"EXPLORATION LICENCE","tenstatus":"LIVE","holder1":"FMG PILBARA PTY LTD","holder2":" ","legal_area":2,"unit_of_me":"BL.","_colour":"#a0c4f0","_label":"Exploration Licence"}},{"type":"Feature","geometry":{"type":"Polygon","coordinates":[[[117.98333333522226,-23.320678094771225],[117.98535857486193,-23.316666793788567],[117.98333333314156,-23.316666667315523],[117.98333333522226,-23.320678094771225]]]},"properties":{"fmt_tenid":"E 47/4589","type":"EXPLORATION LICENCE","tenstatus":"LIVE","holder1":"FMG PILBARA PTY LTD","holder2":" ","legal_area":1,"unit_of_me":"BL.","_colour":"#a0c4f0","_label":"Exploration Licence"}},{"type":"Feature","geometry":{"type":"Polygon","coordinates":[[[118.3499999995784,-21.149999999854543],[118.36666666665533,-21.149999999559917],[118.38333333343103,-21.149999999640755],[118.40000000000335,-21.15000000023039],[118.41666666699047,-21.149999999595032],[118.41666666698377,-21.133333332659195],[118.41666666719978,-21.11666666705751],[118.40000000015885,-21.116666666727106],[118.39999999976747,-21.13333333277462],[118.38333333344809,-21.133333333087325],[118.3666666668435,-21.13333333252637],[118.35000000029781,-21.133333333036823],[118.33333333281689,-21.13333333335861],[118.33333333311488,-21.15000000048984],[118.3499999995784,-21.149999999854543]]]},"properties":{"fmt_tenid":"E 47/4627","type":"EXPLORATION LICENCE","tenstatus":"LIVE","holder1":"FMG PILBARA PTY LTD","holder2":" ","legal_area":6,"unit_of_me":"BL.","_colour":"#a0c4f0","_label":"Exploration Licence"}},{"type":"Feature","geometry":{"type":"Polygon","coordinates":[[[118.4500000004241,-21.10000000010823],[118.4333333327096,-21.100000000203995],[118.41666666708349,-21.09999999972595],[118.41666666719978,-21.11666666705751],[118.41666666698377,-21.133333332659195],[118.41666666699047,-21.149999999595032],[118.43333333282902,-21.1499999997171],[118.44999999956349,-21.150000000075686],[118.44999999983106,-21.13333333264153],[118.46666666727462,-21.133333332956703],[118.46666666675932,-21.116666667323475],[118.45000000039896,-21.11666666721231],[118.4500000004241,-21.10000000010823]]]},"properties":{"fmt_tenid":"E 47/4659","type":"EXPLORATION LICENCE","tenstatus":"LIVE","holder1":"FMG PILBARA PTY LTD","holder2":" ","legal_area":7,"unit_of_me":"BL.","_colour":"#a0c4f0","_label":"Exploration Licence"}},{"type":"Feature","geometry":{"type":"Polygon","coordinates":[[[117.38333333258399,-21.849999999536852],[117.36666666684857,-21.849999999524353],[117.34999999982904,-21.85000000043785],[117.33333333305343,-21.85000000015877],[117.3166666668873,-21.849999999721042],[117.31666666745564,-21.86666666658438],[117.33333333297217,-21.86666666682014],[117.3499999998936,-21.86666666688957],[117.36666666725098,-21.866666667263804],[117.36666666661807,-21.883333333157655],[117.38333333276447,-21.883333333219763],[117.39999999995112,-21.883333333109377],[117.41666666668479,-21.883333333107462],[117.41666666715703,-21.86666666701414],[117.4000000001065,-21.866666667080796],[117.38333333342835,-21.86666666733135],[117.38333333258399,-21.849999999536852]]]},"properties":{"fmt_tenid":"E 47/4707","type":"EXPLORATION LICENCE","tenstatus":"LIVE","holder1":"FMG PILBARA PTY LTD","holder2":" ","legal_area":7,"unit_of_me":"BL.","_colour":"#a0c4f0","_label":"Exploration Licence"}},{"type":"Feature","geometry":{"type":"Polygon","coordinates":[[[116.71666666719095,-22.716666667451836],[116.73333333347458,-22.716666667167864],[116.75000000016415,-22.716666666762148],[116.76666666719524,-22.71666666692235],[116.76666666746239,-22.699999999864968],[116.7499999998859,-22.70000000007577],[116.73333333292312,-22.699999999688135],[116.71666666676607,-22.699999999865756],[116.7000000003949,-22.70000000016355],[116.70000000011026,-22.71666666702006],[116.71666666719095,-22.716666667451836]]]},"properties":{"fmt_tenid":"E 47/4781","type":"EXPLORATION LICENCE","tenstatus":"LIVE","holder1":"FMG PILBARA PTY LTD","holder2":" ","legal_area":4,"unit_of_me":"BL.","_colour":"#a0c4f0","_label":"Exploration Licence"}},{"type":"Feature","geometry":{"type":"Polygon","coordinates":[[[117.73333333335374,-22.65000000016521],[117.73333333318409,-22.633333333448682],[117.71666666720719,-22.633333332664822],[117.7166666667199,-22.650000000103834],[117.73333333335374,-22.65000000016521]]]},"properties":{"fmt_tenid":"E 47/4790","type":"EXPLORATION LICENCE","tenstatus":"LIVE","holder1":"FMG PILBARA PTY LTD","holder2":" ","legal_area":1,"unit_of_me":"BL.","_colour":"#a0c4f0","_label":"Exploration Licence"}},{"type":"Feature","geometry":{"type":"Polygon","coordinates":[[[117.5999999996921,-22.63333333258822],[117.61666666709775,-22.633333333487027],[117.61666666742833,-22.61666666741376],[117.60000000028039,-22.61666666718608],[117.58333333255031,-22.616666666694556],[117.58333333318251,-22.63333333250737],[117.5999999996921,-22.63333333258822]]]},"properties":{"fmt_tenid":"E 47/4796","type":"EXPLORATION LICENCE","tenstatus":"LIVE","holder1":"FMG PILBARA PTY LTD","holder2":" ","legal_area":2,"unit_of_me":"BL.","_colour":"#a0c4f0","_label":"Exploration Licence"}},{"type":"Feature","geometry":{"type":"Polygon","coordinates":[[[117.43333333307216,-21.883333332546854],[117.41666666668479,-21.883333333107462],[117.39999999995112,-21.883333333109377],[117.3999999998896,-21.900000000273543],[117.41666666715703,-21.899999999786466],[117.41666666659351,-21.91666666666717],[117.43333333306447,-21.91666666714201],[117.4500000004915,-21.916666666504987],[117.44999999964553,-21.90000000042269],[117.43333333329402,-21.900000000300157],[117.43333333307216,-21.883333332546854]]]},"properties":{"fmt_tenid":"E 47/4995","type":"EXPLORATION LICENCE","tenstatus":"LIVE","holder1":"FMG PILBARA PTY LTD","holder2":" ","legal_area":4,"unit_of_me":"BL.","_colour":"#a0c4f0","_label":"Exploration Licence"}},{"type":"Feature","geometry":{"type":"Polygon","coordinates":[[[117.1166666668883,-22.61666666740524],[117.11666666729023,-22.6000000001263],[117.10000000020017,-22.60000000018296],[117.0999999995802,-22.616666667455217],[117.1166666668883,-22.61666666740524]]]},"properties":{"fmt_tenid":"E 47/5277","type":"EXPLORATION LICENCE","tenstatus":"LIVE","holder1":"FMG PILBARA PTY LTD","holder2":" ","legal_area":1,"unit_of_me":"BL.","_colour":"#a0c4f0","_label":"Exploration Licence"}},{"type":"Feature","geometry":{"type":"Polygon","coordinates":[[[118.566666666962,-23.499999999618275],[118.56666666747937,-23.48333333272931],[118.58333333341248,-23.483333332527227],[118.60000000049112,-23.483333333052524],[118.61666666797126,-23.48333333302298],[118.63333333335895,-23.483333332647966],[118.65000000008638,-23.483333333486833],[118.66666666692991,-23.48333333320962],[118.6833333327654,-23.4833333331855],[118.68333333337851,-23.466666667485352],[118.66666666719078,-23.46666666678895],[118.64999999998705,-23.466666666683285],[118.6333333332591,-23.46666666656002],[118.61666666777717,-23.466666667346082],[118.59999999950902,-23.466666666699815],[118.58333333263185,-23.46666666706943],[118.56666666734874,-23.466666667153202],[118.54999999984523,-23.466666667384768],[118.55000000025144,-23.483333333076544],[118.54999999973853,-23.500000000406104],[118.566666666962,-23.499999999618275]]]},"properties":{"fmt_tenid":"E 52/1763-I","type":"EXPLORATION LICENCE","tenstatus":"LIVE","holder1":"FMG PILBARA PTY LTD","holder2":" ","legal_area":9,"unit_of_me":"BL.","_colour":"#a0c4f0","_label":"Exploration Licence"}},{"type":"Feature","geometry":{"type":"Polygon","coordinates":[[[119.03333333288889,-23.466666666860167],[119.03333333307049,-23.45000000028126],[119.03333333285181,-23.433333333273985],[119.03333333281553,-23.41666666695643],[119.0166666665267,-23.416666666685675],[118.99999999969884,-23.416666666898497],[119.000000000295,-23.4333333330689],[118.98333333263506,-23.433333332949857],[118.96666666693099,-23.43333333275942],[118.9666666667949,-23.45000000040736],[118.98333333342762,-23.450000000300793],[118.99999999961602,-23.44999999966352],[118.99999999995903,-23.46666666690966],[119.01666666731482,-23.46666666691961],[119.03333333288889,-23.466666666860167]]]},"properties":{"fmt_tenid":"E 52/1779-I","type":"EXPLORATION LICENCE","tenstatus":"LIVE","holder1":"FMG PILBARA PTY LTD","holder2":" ","legal_area":8,"unit_of_me":"BL.","_colour":"#a0c4f0","_label":"Exploration Licence"}},{"type":"Feature","geometry":{"type":"MultiPolygon","coordinates":[[[[118.41666666670895,-23.266666667205186],[118.39999999984202,-23.266666667189565],[118.3833333330563,-23.266666667483086],[118.36666666673734,-23.26666666686485],[118.36666666672114,-23.28333333272235],[118.38333333334754,-23.283333333041952],[118.38333333305772,-23.299999999951407],[118.39999999979595,-23.30000000010738],[118.4166666674952,-23.300000000378468],[118.41666666718446,-23.316666666758096],[118.43333333318812,-23.31666666700313],[118.43333333296015,-23.333333332953544],[118.43333333340722,-23.349999999855747],[118.45000000017924,-23.349999999726247],[118.46666666667164,-23.34999999987591],[118.4666666667825,-23.333333333420512],[118.4666666673867,-23.31666666690875],[118.45000000009804,-23.31666666655443],[118.44999999965654,-23.299999999817437],[118.43333333313059,-23.299999999948415],[118.43333333283738,-23.28333333273623],[118.416666666534,-23.283333332860803],[118.41666666670895,-23.266666667205186]]],[[[118.48333333348664,-23.266666667363147],[118.4666666670055,-23.266666667203502],[118.4666666672507,-23.28333333337755],[118.46666666678675,-23.3000000002547],[118.48333333287042,-23.299999999734762],[118.50000000040478,-23.300000000072327],[118.50000000038972,-23.283333332887892],[118.48333333306859,-23.283333332743656],[118.48333333348664,-23.266666667363147]]]]},"properties":{"fmt_tenid":"E 52/1788-I","type":"EXPLORATION LICENCE","tenstatus":"LIVE","holder1":"FMG PILBARA PTY LTD","holder2":" ","legal_area":15,"unit_of_me":"BL.","_colour":"#a0c4f0","_label":"Exploration Licence"}},{"type":"Feature","geometry":{"type":"Polygon","coordinates":[[[118.29999999988524,-23.333333333216434],[118.31666666678338,-23.333333333216125],[118.31666666748725,-23.31666666654792],[118.31666666662613,-23.299999999690332],[118.31666666712427,-23.28333333282233],[118.29999999994602,-23.28333333282178],[118.2833333327688,-23.283333332705947],[118.26666666688806,-23.283333332728837],[118.26666666677501,-23.300000000416034],[118.26666666735623,-23.316666667167308],[118.26666666666141,-23.333333332988826],[118.28333333250174,-23.333333332818277],[118.28333333250121,-23.35000000046197],[118.29999999974433,-23.350000000184725],[118.29999999988524,-23.333333333216434]]]},"properties":{"fmt_tenid":"E 52/1789-I","type":"EXPLORATION LICENCE","tenstatus":"LIVE","holder1":"FMG PILBARA PTY LTD","holder2":" ","legal_area":10,"unit_of_me":"BL.","_colour":"#a0c4f0","_label":"Exploration Licence"}},{"type":"Feature","geometry":{"type":"MultiPolygon","coordinates":[[[[118.48333333340163,-23.33333333294612],[118.4666666667825,-23.333333333420512],[118.46666666667164,-23.34999999987591],[118.45000000017924,-23.349999999726247],[118.43333333340722,-23.349999999855747],[118.43333333250293,-23.366666666765227],[118.41666666723133,-23.36666666657292],[118.39999999997997,-23.366666666692396],[118.40000000003268,-23.38333333332427],[118.41666666717796,-23.383333332881268],[118.43333333348386,-23.383333332715534],[118.45000000006985,-23.38333333316016],[118.46666666662712,-23.38333333310168],[118.48333333287681,-23.383333332743536],[118.50000000005748,-23.383333332564632],[118.50000000016531,-23.39999999976455],[118.49999999955779,-23.416666666845593],[118.51666666664202,-23.416666666848357],[118.53333333339287,-23.416666667492205],[118.55000000002707,-23.416666667184032],[118.54999999964863,-23.400000000349007],[118.56666666743426,-23.400000000265113],[118.58333333274358,-23.40000000045205],[118.58333333295103,-23.383333333442927],[118.58333333346675,-23.366666666556224],[118.56666666664022,-23.366666666954],[118.55000000017658,-23.36666666729887],[118.55000000025959,-23.349999999896806],[118.5333333328708,-23.35000000005339],[118.51666666720165,-23.350000000317984],[118.49999999992451,-23.349999999679657],[118.48333333340102,-23.35000000040757],[118.48333333340163,-23.33333333294612]]],[[[118.48333333348661,-23.31666666743275],[118.50000000031206,-23.316666667035733],[118.50000000040478,-23.300000000072327],[118.48333333287042,-23.299999999734762],[118.46666666678675,-23.3000000002547],[118.4666666673867,-23.31666666690875],[118.48333333348661,-23.31666666743275]]]]},"properties":{"fmt_tenid":"E 52/1790-I","type":"EXPLORATION LICENCE","tenstatus":"LIVE","holder1":"FMG PILBARA PTY LTD","holder2":" ","legal_area":29,"unit_of_me":"BL.","_colour":"#a0c4f0","_label":"Exploration Licence"}},{"type":"Feature","geometry":{"type":"Polygon","coordinates":[[[120.36666666727021,-23.399999999761636],[120.383333333398,-23.40000000004113],[120.39999999988427,-23.400000000312804],[120.4166666668232,-23.4000000004599],[120.41666666693165,-23.398218039342588],[120.40267830022944,-23.39686235571291],[120.38338063467562,-23.39499003860803],[120.36666666665425,-23.39332970406138],[120.36666666727021,-23.399999999761636]]]},"properties":{"fmt_tenid":"E 52/1937-I","type":"EXPLORATION LICENCE","tenstatus":"LIVE","holder1":"FMG PILBARA PTY LTD","holder2":" ","legal_area":3,"unit_of_me":"BL.","_colour":"#a0c4f0","_label":"Exploration Licence"}},{"type":"Feature","geometry":{"type":"Polygon","coordinates":[[[118.73333333286419,-23.48333333321544],[118.74999999968894,-23.483333333426607],[118.76666666743294,-23.48333333262514],[118.76666666724168,-23.466666667312662],[118.75000000035678,-23.466666666831877],[118.73333333338383,-23.466666667322837],[118.71666666740613,-23.466666666794193],[118.70000000028723,-23.466666667396485],[118.68333333337851,-23.466666667485352],[118.6833333327654,-23.4833333331855],[118.70000000044013,-23.48333333296893],[118.71666666724622,-23.48333333260964],[118.73333333286419,-23.48333333321544]]]},"properties":{"fmt_tenid":"E 52/2034-I","type":"EXPLORATION LICENCE","tenstatus":"LIVE","holder1":"FMG PILBARA PTY LTD","holder2":" ","legal_area":5,"unit_of_me":"BL.","_colour":"#a0c4f0","_label":"Exploration Licence"}},{"type":"Feature","geometry":{"type":"MultiPolygon","coordinates":[[[[118.96666666748945,-23.46666666748935],[118.98333333343874,-23.46666666703472],[118.99999999995903,-23.46666666690966],[118.99999999961602,-23.44999999966352],[118.98333333342762,-23.450000000300793],[118.9666666667949,-23.45000000040736],[118.96666666693099,-23.43333333275942],[118.9500000003402,-23.433333333093355],[118.95000000043741,-23.450000000344925],[118.95000000024129,-23.46666666665043],[118.96666666748945,-23.46666666748935]]],[[[119.01666666731482,-23.46666666691961],[119.01666666715892,-23.483333333037574],[119.03333333317337,-23.483333332675226],[119.03333333288889,-23.466666666860167],[119.01666666731482,-23.46666666691961]]]]},"properties":{"fmt_tenid":"E 52/2035-I","type":"EXPLORATION LICENCE","tenstatus":"LIVE","holder1":"FMG PILBARA PTY LTD","holder2":" ","legal_area":5,"unit_of_me":"BL.","_colour":"#a0c4f0","_label":"Exploration Licence"}},{"type":"Feature","geometry":{"type":"Polygon","coordinates":[[[120.29999999950375,-23.333333333242955],[120.29999999967616,-23.349999999577744],[120.31666666722981,-23.349999999724496],[120.3166666667422,-23.333333332551916],[120.31666666737425,-23.316666667488633],[120.30000000026523,-23.31666666704471],[120.28333333321234,-23.316666666519534],[120.26666666729432,-23.316666666514404],[120.24999999991284,-23.316666667077804],[120.23333333289614,-23.316666667178136],[120.21666666655761,-23.316666667148695],[120.21666666698364,-23.333333333366202],[120.23333333304764,-23.33333333253989],[120.2499999997212,-23.333333332718972],[120.26666666694666,-23.333333332773],[120.28333333253138,-23.33333333282439],[120.29999999950375,-23.333333333242955]]]},"properties":{"fmt_tenid":"E 52/2311-I","type":"EXPLORATION LICENCE","tenstatus":"LIVE","holder1":"FMG PILBARA PTY LTD","holder2":" ","legal_area":7,"unit_of_me":"BL.","_colour":"#a0c4f0","_label":"Exploration Licence"}},{"type":"Feature","geometry":{"type":"MultiPolygon","coordinates":[[[[118.50000000005748,-23.383333332564632],[118.48333333287681,-23.383333332743536],[118.46666666662712,-23.38333333310168],[118.45000000006985,-23.38333333316016],[118.43333333348386,-23.383333332715534],[118.43333333267249,-23.39999999966664],[118.43333333344677,-23.416666666803714],[118.44999999996652,-23.416666666932244],[118.44999999975376,-23.433333333305804],[118.46666666657124,-23.433333333082906],[118.46666666671503,-23.449999999500413],[118.48333333295159,-23.449999999668876],[118.49999999991266,-23.449999999986904],[118.51666666749092,-23.449999999887222],[118.53333333264078,-23.450000000179266],[118.55000000029851,-23.45000000011742],[118.55000000023801,-23.433333332673122],[118.56666666738414,-23.433333333104375],[118.58333333279559,-23.43333333262064],[118.5999999999783,-23.433333333471356],[118.59999999992812,-23.440149276993836],[118.61666666718021,-23.410292129379446],[118.61666666693087,-23.39999999999372],[118.60000000045764,-23.4000000003514],[118.58333333274358,-23.40000000045205],[118.56666666743426,-23.400000000265113],[118.54999999964863,-23.400000000349007],[118.55000000002707,-23.416666667184032],[118.53333333339287,-23.416666667492205],[118.51666666664202,-23.416666666848357],[118.49999999955779,-23.416666666845593],[118.50000000016531,-23.39999999976455],[118.50000000005748,-23.383333332564632]]],[[[118.59999999950902,-23.466666666699815],[118.61666666677718,-23.466666667346082],[118.61666666678029,-23.450000000051265],[118.61666666713363,-23.43333333250179],[118.61666666715973,-23.430553167616825],[118.60447552254776,-23.451827585562988],[118.59229585972751,-23.465166829281326],[118.5906046211342,-23.466666885867394],[118.59999999950902,-23.466666666699815]]],[[[118.58333333299889,-23.45000000027316],[118.56666666683135,-23.449999999925225],[118.56666666734874,-23.466666667153202],[118.57648043867447,-23.466666881558275],[118.58514128278063,-23.458986076625823],[118.59334685315095,-23.45000021254444],[118.58333333299889,-23.45000000027316]]]]},"properties":{"fmt_tenid":"E 52/2521-I","type":"EXPLORATION LICENCE","tenstatus":"LIVE","holder1":"FMG PILBARA PTY LTD","holder2":" ","legal_area":31,"unit_of_me":"BL.","_colour":"#a0c4f0","_label":"Exploration Licence"}},{"type":"Feature","geometry":{"type":"Polygon","coordinates":[[[118.78333333288336,-23.41666666732092],[118.766666667224,-23.41666666678046],[118.76666666699948,-23.433333333444917],[118.7666666670477,-23.450000000202085],[118.78333333294204,-23.45000000046463],[118.78333333274776,-23.433333333395606],[118.79999999955469,-23.433333333125773],[118.81666666671669,-23.43333333306495],[118.81666666697303,-23.416664888928167],[118.78333333288336,-23.41666666732092]]]},"properties":{"fmt_tenid":"E 52/2594-I","type":"EXPLORATION LICENCE","tenstatus":"LIVE","holder1":"FMG PILBARA PTY LTD","holder2":" ","legal_area":4,"unit_of_me":"BL.","_colour":"#a0c4f0","_label":"Exploration Licence"}},{"type":"Feature","geometry":{"type":"Polygon","coordinates":[[[118.55000000025144,-23.483333333076544],[118.54999999984523,-23.466666667384768],[118.55000000029851,-23.45000000011742],[118.53333333264078,-23.450000000179266],[118.51666666749092,-23.449999999887222],[118.49999999991266,-23.449999999986904],[118.48333333295159,-23.449999999668876],[118.46666666671503,-23.449999999500413],[118.45000000035014,-23.449999999563154],[118.4333333334114,-23.45000000032555],[118.41666666685589,-23.450000000276933],[118.39999999968379,-23.450000000407364],[118.39999999993749,-23.46666666680392],[118.40000000006499,-23.483333332682104],[118.41666666668813,-23.483333333178198],[118.43333333261657,-23.483333332730794],[118.44999999985949,-23.483333333356732],[118.46666666664987,-23.483333332603024],[118.4833333326691,-23.48333333294937],[118.50000000034221,-23.483333333363184],[118.49999999994112,-23.50000000028056],[118.51666666654432,-23.500000000405812],[118.53333333260116,-23.499999999781263],[118.54999999973853,-23.500000000406104],[118.55000000025144,-23.483333333076544]]]},"properties":{"fmt_tenid":"E 52/2745-I","type":"EXPLORATION LICENCE","tenstatus":"LIVE","holder1":"FMG PILBARA PTY LTD","holder2":" ","legal_area":21,"unit_of_me":"BL.","_colour":"#a0c4f0","_label":"Exploration Licence"}},{"type":"Feature","geometry":{"type":"Polygon","coordinates":[[[119.48333333296672,-23.33333333341333],[119.50000000015788,-23.33333333281363],[119.51666666671112,-23.333333333175222],[119.5166666673476,-23.316666666567126],[119.49999999959914,-23.31666666668018],[119.4833333334351,-23.316666666666723],[119.4666666666381,-23.316666666950898],[119.46666666745205,-23.33333333303838],[119.48333333296672,-23.33333333341333]]]},"properties":{"fmt_tenid":"E 52/3160-I","type":"EXPLORATION LICENCE","tenstatus":"LIVE","holder1":"FMG PILBARA PTY LTD","holder2":" ","legal_area":3,"unit_of_me":"BL.","_colour":"#a0c4f0","_label":"Exploration Licence"}},{"type":"Feature","geometry":{"type":"Polygon","coordinates":[[[119.06666666748731,-23.416666667260944],[119.06666666651833,-23.40000000016692],[119.05000000017348,-23.400000000089143],[119.03333333295092,-23.399999999638986],[119.01666666690642,-23.399999999623716],[118.99999999973323,-23.399999999871266],[118.99999999969884,-23.416666666898497],[119.0166666665267,-23.416666666685675],[119.03333333281553,-23.41666666695643],[119.03333333285181,-23.433333333273985],[119.03333333307049,-23.45000000028126],[119.03333333288889,-23.466666666860167],[119.05000000007001,-23.466666667266033],[119.05000000018246,-23.450000000139063],[119.04999999988132,-23.43333333262528],[119.06666666673664,-23.433333332874042],[119.06666666748731,-23.416666667260944]]]},"properties":{"fmt_tenid":"E 52/3294-I","type":"EXPLORATION LICENCE","tenstatus":"LIVE","holder1":"FMG PILBARA PTY LTD","holder2":" ","legal_area":8,"unit_of_me":"BL.","_colour":"#a0c4f0","_label":"Exploration Licence"}},{"type":"Feature","geometry":{"type":"MultiPolygon","coordinates":[[[[118.01666666726128,-23.283333333482993],[118.00000000034385,-23.283333333389226],[117.98333333262168,-23.28333333342473],[117.96666666691101,-23.283333333253317],[117.96666666654984,-23.300000000253906],[117.96666666669854,-23.316666666724185],[117.96666666713074,-23.33333333264325],[117.97694408445186,-23.333333332626076],[117.98333333222229,-23.320678094771246],[117.98333333314156,-23.316666667315523],[117.98535857486256,-23.31666666778793],[117.9884020695343,-23.31063838668698],[118.01201661448333,-23.320808442056506],[117.99871609915004,-23.34715063629022],[117.98333333292165,-23.340527144342524],[117.98333333269407,-23.350000000036278],[118.00000000016779,-23.34999999953309],[118.01666666685213,-23.349999999980263],[118.03333333328624,-23.349999999587876],[118.03333333258023,-23.36666666707044],[118.04999999998662,-23.366666667282026],[118.0500000000061,-23.383333332882277],[118.06666666654587,-23.383333332809762],[118.06666666726872,-23.40000000047014],[118.08333333299892,-23.400000000348584],[118.08333333255437,-23.416666667403504],[118.10000000033803,-23.416666666543367],[118.11666666721499,-23.41666666696866],[118.11666666725033,-23.433333332723144],[118.13333333335686,-23.433333333224653],[118.14999999965441,-23.43333333285303],[118.14999999969741,-23.416666667181936],[118.15000000014147,-23.400000000261127],[118.13333333283958,-23.39999999964307],[118.13333333337302,-23.38333333272634],[118.1166666669115,-23.383333332789306],[118.11666666701726,-23.366666666610435],[118.09999999961073,-23.36666666743784],[118.08333333284445,-23.366666667364797],[118.06666666744462,-23.36666666731103],[118.06666666733767,-23.35000000031259],[118.05000000044808,-23.349999999979033],[118.04999999992019,-23.333333333353437],[118.04999999970669,-23.3166666671362],[118.05000000020267,-23.299999999888477],[118.03333333335142,-23.300000000441724],[118.01666666708924,-23.300000000049383],[118.01666666726128,-23.283333333482993]]],[[[118.14999999966075,-23.483333332510455],[118.1666666667585,-23.483333332754043],[118.16666666736953,-23.466666666622142],[118.14999999979464,-23.466666666867795],[118.13333333340297,-23.466666666944338],[118.13333333340361,-23.48333333259135],[118.14999999966075,-23.483333332510455]]]]},"properties":{"fmt_tenid":"E 52/3369-I","type":"EXPLORATION LICENCE","tenstatus":"LIVE","holder1":"FMG PILBARA PTY LTD","holder2":" ","legal_area":34,"unit_of_me":"BL.","_colour":"#a0c4f0","_label":"Exploration Licence"}},{"type":"Feature","geometry":{"type":"Polygon","coordinates":[[[119.43333333277998,-23.316666667321105],[119.44999999953268,-23.316666667333255],[119.4666666666381,-23.316666666950898],[119.4833333334351,-23.316666666666723],[119.49999999959914,-23.31666666668018],[119.5166666673476,-23.316666666567126],[119.51666666728245,-23.300000000191964],[119.4999999995411,-23.300000000348508],[119.48333333341598,-23.29999999961768],[119.46666666733769,-23.29999999980438],[119.4500000000431,-23.299999999874977],[119.4333333326294,-23.30000000045951],[119.41666666711205,-23.299999999639976],[119.4166666672402,-23.31666666682265],[119.43333333277998,-23.316666667321105]]]},"properties":{"fmt_tenid":"E 52/3371-I","type":"EXPLORATION LICENCE","tenstatus":"LIVE","holder1":"FMG PILBARA PTY LTD","holder2":" ","legal_area":6,"unit_of_me":"BL.","_colour":"#a0c4f0","_label":"Exploration Licence"}},{"type":"Feature","geometry":{"type":"Polygon","coordinates":[[[120.19999999997565,-23.350000000207373],[120.21666666704499,-23.35000000046165],[120.21666666711826,-23.362081379564778],[120.23221125372281,-23.36206911242421],[120.25000000132673,-23.362053020895214],[120.25000000036658,-23.350000000081582],[120.26666666706684,-23.35000000007233],[120.28333333293138,-23.34999999968554],[120.29999999967616,-23.349999999577744],[120.29999999950375,-23.333333333242955],[120.28333333253138,-23.33333333282439],[120.26666666694666,-23.333333332773],[120.2499999997212,-23.333333332718972],[120.23333333304764,-23.33333333253989],[120.21666666698364,-23.333333333366202],[120.20000000005884,-23.333333332520798],[120.19999999997565,-23.350000000207373]]]},"properties":{"fmt_tenid":"E 52/3441-I","type":"EXPLORATION LICENCE","tenstatus":"LIVE","holder1":"FMG PILBARA PTY LTD","holder2":" ","legal_area":8,"unit_of_me":"BL.","_colour":"#a0c4f0","_label":"Exploration Licence"}},{"type":"Feature","geometry":{"type":"Polygon","coordinates":[[[119.21666666098272,-23.31666666290286],[119.20000000598397,-23.316666662561804],[119.18333333536343,-23.316666662955857],[119.16666666325551,-23.316666663281847],[119.14999999193978,-23.31666666258022],[119.1333333369282,-23.31666666250038],[119.11666666547795,-23.316666663452434],[119.09999999392048,-23.316666662925435],[119.083333339095,-23.316666663197534],[119.06666666842663,-23.316666663247556],[119.04999999600231,-23.316666662578957],[119.03333334072495,-23.316666662789718],[119.01666667008307,-23.316666662510322],[118.99999999828843,-23.316666662588133],[118.98333332881249,-23.316666663931862],[118.98333333008969,-23.324999999801825],[118.98333332918646,-23.33333333430598],[118.96666667075354,-23.333333333347625],[118.95000000137115,-23.3333333331146],[118.93333333104316,-23.333333332591092],[118.93333333033303,-23.350000005316975],[118.95000000083728,-23.350000004598286],[118.96666667182245,-23.350000004720638],[118.98333332659696,-23.35000000531895],[118.99999999921651,-23.350000005434627],[119.01666666991339,-23.35000000478372],[119.03333334101617,-23.350000005073483],[119.04999999647347,-23.350000004962748],[119.04999999568706,-23.366666660602842],[119.06666666795032,-23.366666661134193],[119.066666668141,-23.383333332342097],[119.08333333873706,-23.38333333198316],[119.09999999384696,-23.38333333206917],[119.11666666524461,-23.383333331543657],[119.11666666493178,-23.40000000300981],[119.13333333672381,-23.40000000302025],[119.14999999228564,-23.400000002536864],[119.1666666626939,-23.400000003010646],[119.18333333479008,-23.40000000265315],[119.18333333507863,-23.3833333322165],[119.20000000551657,-23.383333331670546],[119.20000000595053,-23.400000002950854],[119.21666666123888,-23.400000002626616],[119.23333333200249,-23.400000003281033],[119.23333333213526,-23.38333333232552],[119.2333333317293,-23.366666661487788],[119.21666666136801,-23.366666661018805],[119.21666666085737,-23.350000005082528],[119.21666666131827,-23.333333334316897],[119.21666666098272,-23.31666666290286]]]},"properties":{"fmt_tenid":"E 52/3615","type":"EXPLORATION LICENCE","tenstatus":"LIVE","holder1":"FMG PILBARA PTY LTD","holder2":" ","legal_area":57,"unit_of_me":"BL.","_colour":"#a0c4f0","_label":"Exploration Licence"}},{"type":"Feature","geometry":{"type":"Polygon","coordinates":[[[119.1666666626939,-23.400000003010646],[119.14999999228564,-23.400000002536864],[119.13333333672381,-23.40000000302025],[119.11666666493178,-23.40000000300981],[119.11666666524461,-23.383333331543657],[119.09999999384696,-23.38333333206917],[119.08333333873706,-23.38333333198316],[119.066666668141,-23.383333332342097],[119.06666666795032,-23.366666661134193],[119.04999999568706,-23.366666660602842],[119.03333334134038,-23.366666661482416],[119.03333334089236,-23.383333332338808],[119.03333334095097,-23.40000000263901],[119.04999999617341,-23.40000000308911],[119.06666666751832,-23.400000003166944],[119.08333333872133,-23.400000002550268],[119.0999999938914,-23.40000000341143],[119.09999999377312,-23.416666675388793],[119.11666666470579,-23.416666674939712],[119.1333333369824,-23.41666667489438],[119.14999999209155,-23.41666667542096],[119.1666666629232,-23.41666667532171],[119.16666666256866,-23.433333329664134],[119.14999999247907,-23.433333329866358],[119.14999999241839,-23.450000001333517],[119.14999999193611,-23.466666672449733],[119.16666666305402,-23.466666671753472],[119.18333333512686,-23.46666667233243],[119.18333333494265,-23.45000000126862],[119.20000000629501,-23.450000001372892],[119.21666666086591,-23.450000001066208],[119.21970940675509,-23.45000000099498],[119.21970947998105,-23.445602040860248],[119.2206011369411,-23.445602118827033],[119.23333331802402,-23.44560263559586],[119.23333333201279,-23.433333329785626],[119.23333333193844,-23.416666674898245],[119.23333333200249,-23.400000003281033],[119.21666666123888,-23.400000002626616],[119.20000000595053,-23.400000002950854],[119.20000000551657,-23.383333331670546],[119.18333333507863,-23.3833333322165],[119.18333333479008,-23.40000000265315],[119.1666666626939,-23.400000003010646]]]},"properties":{"fmt_tenid":"E 52/3748","type":"EXPLORATION LICENCE","tenstatus":"LIVE","holder1":"FMG PILBARA PTY LTD","holder2":" ","legal_area":27,"unit_of_me":"BL.","_colour":"#a0c4f0","_label":"Exploration Licence"}},{"type":"Feature","geometry":{"type":"Polygon","coordinates":[[[118.13333333340297,-23.466666666944338],[118.11666666699995,-23.4666666674626],[118.11666666660899,-23.483333332990746],[118.11666666708575,-23.500000000230468],[118.13333333276829,-23.49999999980767],[118.14999999971538,-23.49999999993832],[118.16666666705333,-23.4999999997483],[118.1666666667585,-23.483333332754043],[118.14999999966075,-23.483333332510455],[118.13333333340361,-23.48333333259135],[118.13333333340297,-23.466666666944338]]]},"properties":{"fmt_tenid":"E 52/3791","type":"EXPLORATION LICENCE","tenstatus":"LIVE","holder1":"FMG PILBARA PTY LTD","holder2":" ","legal_area":4,"unit_of_me":"BL.","_colour":"#a0c4f0","_label":"Exploration Licence"}},{"type":"Feature","geometry":{"type":"Polygon","coordinates":[[[116.54987684590185,-22.800032629180624],[116.57571857388365,-22.80003235706048],[116.59546407335586,-22.800029928368815],[116.61666642875545,-22.800024109760066],[116.61666650371642,-22.783333378263993],[116.59039881208072,-22.78333350347703],[116.58333333199083,-22.783333492542358],[116.58333333953446,-22.77981159207144],[116.56263740255964,-22.779864704883117],[116.5499384490894,-22.779896116641627],[116.54987684590185,-22.800032629180624]]]},"properties":{"fmt_tenid":"M 08/502-I","type":"MINING LEASE","tenstatus":"LIVE","holder1":"FMG PILBARA PTY LTD","holder2":" ","legal_area":1400,"unit_of_me":"HA.","_colour":"#f5a520","_label":"Mining Lease"}},{"type":"Feature","geometry":{"type":"Polygon","coordinates":[[[119.275332353457,-22.180210001874226],[119.27416543072852,-22.182685685739884],[119.27452034454038,-22.18449860494705],[119.27667263501681,-22.184956729520515],[119.27691837483728,-22.18616842070309],[119.27808171112244,-22.18620534999495],[119.27702118403148,-22.179802441274465],[119.275332353457,-22.180210001874226]]]},"properties":{"fmt_tenid":"M 45/1177","type":"MINING LEASE","tenstatus":"LIVE","holder1":"FMG PILBARA PTY LTD","holder2":" ","legal_area":17.28,"unit_of_me":"HA.","_colour":"#f5a520","_label":"Mining Lease"}},{"type":"Feature","geometry":{"type":"Polygon","coordinates":[[[119.00000000010876,-21.179037790665948],[119.0000000000721,-21.18333333348928],[119.00000000020152,-21.2000000004917],[118.99999999995232,-21.216666667307763],[118.98333333276943,-21.21666666722417],[118.9666666668378,-21.216666667195966],[118.96666666138161,-21.231110535732583],[118.98013094179713,-21.233333332644484],[118.98333333338363,-21.233333332733025],[118.98333333281171,-21.233862010888945],[118.9914282199672,-21.235198382922434],[118.98865255554271,-21.250000000138808],[118.99166666740044,-21.250000000340204],[118.99583333326278,-21.250000000001084],[119.00000000012518,-21.249999999661966],[118.99999999969724,-21.2666666671776],[119.01666666726969,-21.266666666981855],[119.03333333291687,-21.26666666656473],[119.0499999998826,-21.266666667307494],[119.06666666698572,-21.26666666739736],[119.0833333333998,-21.266666667336345],[119.08333333315319,-21.249999999827207],[119.0833333333838,-21.233333333256116],[119.08333333251821,-21.216666666998947],[119.09999999965545,-21.21666666724423],[119.09999999647621,-21.20261792581464],[119.08333333618336,-21.202625206900375],[119.07694714562781,-21.20262778018353],[119.07694289019048,-21.193994919907492],[119.07693133952635,-21.170649570331843],[119.08333335517607,-21.166666709507954],[119.08333346380084,-21.144514189143116],[119.07653003053049,-21.14731396770319],[119.07936152038316,-21.15544431027215],[119.05578822969483,-21.162664150060092],[119.0538074594678,-21.15696918899941],[119.00000000010876,-21.179037790665948]]]},"properties":{"fmt_tenid":"M 45/1226-I","type":"MINING LEASE","tenstatus":"LIVE","holder1":"FMG MAGNETITE PTY LTD","holder2":"FORMOSA STEEL IB PTY LTD","legal_area":10675,"unit_of_me":"HA.","_colour":"#f5a520","_label":"Mining Lease"}},{"type":"Feature","geometry":{"type":"Polygon","coordinates":[[[118.99999999969724,-21.2666666671776],[118.9999999998904,-21.283333332805242],[118.9999999994587,-21.297233299929825],[119.01584542851059,-21.298793594064353],[119.01584540578962,-21.300000038641027],[119.01666666683107,-21.299999999598587],[119.0333333328555,-21.299999999978457],[119.0500000004635,-21.299999999649494],[119.06666666653118,-21.300000000034746],[119.0833333334244,-21.299999999757716],[119.08333333255686,-21.283333332934724],[119.0833333333998,-21.266666667336345],[119.06666666698572,-21.26666666739736],[119.0499999998826,-21.266666667307494],[119.03333333291687,-21.26666666656473],[119.01666666726969,-21.266666666981855],[118.99999999969724,-21.2666666671776]]]},"properties":{"fmt_tenid":"M 45/1244-I","type":"MINING LEASE","tenstatus":"LIVE","holder1":"FMG MAGNETITE PTY LTD","holder2":"FORMOSA STEEL IB PTY LTD","legal_area":3193,"unit_of_me":"HA.","_colour":"#f5a520","_label":"Mining Lease"}},{"type":"Feature","geometry":{"type":"Polygon","coordinates":[[[117.48572042474596,-22.20954899442208],[117.49995237526586,-22.216666158313146],[117.51666642478475,-22.216666313637138],[117.51666633932027,-22.191191162252057],[117.51666634839164,-22.16661673214095],[117.50125125745865,-22.16657712626175],[117.5012510228631,-22.181939359639404],[117.49993647459671,-22.18192347894153],[117.49993716131583,-22.18325007447901],[117.4828636166363,-22.183266829984017],[117.47200209962024,-22.18327655971013],[117.47159922694492,-22.202485244577666],[117.48572042474596,-22.20954899442208]]]},"properties":{"fmt_tenid":"M 47/1407-I","type":"MINING LEASE","tenstatus":"LIVE","holder1":"FMG PILBARA PTY LTD","holder2":" ","legal_area":1780.5,"unit_of_me":"HA.","_colour":"#f5a520","_label":"Mining Lease"}},{"type":"Feature","geometry":{"type":"Polygon","coordinates":[[[117.53460835920667,-22.131945609600326],[117.53333345772072,-22.131946132626144],[117.53333344673123,-22.132005251635345],[117.53333324896808,-22.13333335184176],[117.51800515845513,-22.13333277741818],[117.51784146652588,-22.133332772283413],[117.51788476423538,-22.14641806441888],[117.51794732220789,-22.16530574693608],[117.51666635627475,-22.165264603918853],[117.51666634839164,-22.16661673214095],[117.51666633932027,-22.191191162252057],[117.51666642478475,-22.216666313637138],[117.49995237526586,-22.216666158313146],[117.4998715724104,-22.21666615327547],[117.4997840072138,-22.234911884691282],[117.49971119846981,-22.250079154042357],[117.51832485504868,-22.25005650644041],[117.53338421371028,-22.25003662334193],[117.53338910550086,-22.232885628522894],[117.53339375737036,-22.21674663014708],[117.55762823330254,-22.216867883281704],[117.56280658892648,-22.19347776193229],[117.56791113851061,-22.170413628599597],[117.56211694323996,-22.159556138100648],[117.57426165607453,-22.15361659932068],[117.56119264795865,-22.144058607042123],[117.54820354878464,-22.134556695750042],[117.53920556151199,-22.116666892046055],[117.53467202103246,-22.11666674616711],[117.53464533803555,-22.116666752150152],[117.53460835920667,-22.131945609600326]]]},"properties":{"fmt_tenid":"M 47/1408-I","type":"MINING LEASE","tenstatus":"LIVE","holder1":"FMG PILBARA PTY LTD","holder2":" ","legal_area":5809,"unit_of_me":"HA.","_colour":"#f5a520","_label":"Mining Lease"}},{"type":"Feature","geometry":{"type":"Polygon","coordinates":[[[117.94900558467465,-22.17914099541925],[117.93465431535734,-22.17503752894268],[117.9242644419479,-22.165665428818983],[117.90495637070654,-22.14824368708468],[117.88844228232487,-22.133337140080656],[117.88331098191924,-22.1333696427519],[117.88329483275297,-22.128709035895046],[117.86461654914447,-22.11179622429618],[117.84770507915088,-22.120278824502268],[117.83730711057822,-22.12549297698811],[117.81925413709783,-22.125329334506652],[117.81942579448875,-22.143260057962202],[117.82660646478567,-22.143333480084458],[117.82670714543387,-22.164422089686045],[117.83902389485229,-22.164406126729784],[117.85867173715067,-22.164406171832866],[117.88099696745633,-22.169904567689333],[117.89591166574522,-22.173575852343884],[117.90299637037081,-22.19607010986754],[117.93048519327641,-22.19605021655318],[117.93788765733849,-22.207614231094517],[117.96612149994031,-22.20756604660035],[117.96606212031197,-22.21666663845332],[117.98732823296248,-22.216666631399985],[117.9872229882108,-22.213928262552294],[117.9818970161915,-22.212602081215415],[117.98716959129457,-22.193807433202085],[117.97680155578372,-22.187084086669515],[117.96666651601852,-22.184188508959323],[117.94900558467465,-22.17914099541925]]]},"properties":{"fmt_tenid":"M 47/1409-I","type":"MINING LEASE","tenstatus":"LIVE","holder1":"FMG PILBARA PTY LTD","holder2":" ","legal_area":6865.5,"unit_of_me":"HA.","_colour":"#f5a520","_label":"Mining Lease"}},{"type":"Feature","geometry":{"type":"Polygon","coordinates":[[[117.73333332485672,-22.112729418689238],[117.73333333621957,-22.116666667458507],[117.73337319964413,-22.13446541221773],[117.74453216931943,-22.13785284469562],[117.74464300357204,-22.110736532918835],[117.73333332485672,-22.112729418689238]]]},"properties":{"fmt_tenid":"M 47/1410-I","type":"MINING LEASE","tenstatus":"LIVE","holder1":"FMG PILBARA PTY LTD","holder2":" ","legal_area":313.65,"unit_of_me":"HA.","_colour":"#f5a520","_label":"Mining Lease"}},{"type":"Feature","geometry":{"type":"Polygon","coordinates":[[[117.74464300357204,-22.110736532918835],[117.74453216931943,-22.13785284469562],[117.76878108838946,-22.14492264676918],[117.78081078261626,-22.159329528062408],[117.78991270016125,-22.1702274534689],[117.80348343800435,-22.173353503398783],[117.80598211065602,-22.168517142095276],[117.80980962868513,-22.17047924273739],[117.81328607902347,-22.1642918530557],[117.82670714543387,-22.164422089686045],[117.82660646478567,-22.143333480084458],[117.81942579448875,-22.14326005896219],[117.81925413709783,-22.125329334506652],[117.80504150216157,-22.13481496120747],[117.79156628763837,-22.12169622354644],[117.7809491645658,-22.11135740953175],[117.75642923551933,-22.10829551080337],[117.74464300357204,-22.110736532918835]]]},"properties":{"fmt_tenid":"M 47/1411-I","type":"MINING LEASE","tenstatus":"LIVE","holder1":"FMG PILBARA PTY LTD","holder2":" ","legal_area":3512.5,"unit_of_me":"HA.","_colour":"#f5a520","_label":"Mining Lease"}},{"type":"Feature","geometry":{"type":"Polygon","coordinates":[[[117.93591037658452,-22.1090658464349],[117.90699843235974,-22.107541513681692],[117.88225062358427,-22.106232636252674],[117.88225233434527,-22.11683395737804],[117.90654928261628,-22.12078577577383],[117.92675003549422,-22.12406842310711],[117.9469153697014,-22.125717009225184],[117.94956500736866,-22.11924490705143],[117.95179645078368,-22.114138562352302],[117.93591037658452,-22.1090658464349]]]},"properties":{"fmt_tenid":"M 47/1413-I","type":"MINING LEASE","tenstatus":"LIVE","holder1":"FMG PILBARA PTY LTD","holder2":" ","legal_area":1044.5,"unit_of_me":"HA.","_colour":"#f5a520","_label":"Mining Lease"}},{"type":"Feature","geometry":{"type":"Polygon","coordinates":[[[117.71296751650794,-22.22644067438524],[117.69087877113917,-22.21391207682392],[117.69100051765776,-22.232006854679224],[117.71288638714601,-22.232030438626147],[117.71296751650794,-22.22644067438524]]]},"properties":{"fmt_tenid":"M 47/1417-I","type":"MINING LEASE","tenstatus":"LIVE","holder1":"FMG PILBARA PTY LTD","holder2":" ","legal_area":297.167,"unit_of_me":"HA.","_colour":"#f5a520","_label":"Mining Lease"}},{"type":"Feature","geometry":{"type":"Polygon","coordinates":[[[117.95179836359011,-22.155116272349993],[117.95699290385998,-22.155122435554272],[117.96666654824227,-22.155133100837787],[117.97567853943403,-22.15514252264641],[117.97533357987686,-22.129976221176857],[117.94956500736866,-22.11924490705143],[117.9469153697014,-22.125717009225184],[117.92675003549422,-22.12406842310711],[117.90654928261628,-22.12078577577383],[117.88225233434527,-22.11683395737804],[117.88225062358427,-22.106232636252674],[117.87460788527834,-22.106215426324333],[117.86461654914447,-22.11179622429618],[117.88329483275297,-22.128709035895046],[117.88331098191924,-22.1333696427519],[117.88844228232487,-22.133337140080656],[117.91043108749687,-22.143598705767992],[117.93507949926195,-22.155096221455445],[117.95179836359011,-22.155116272349993]]]},"properties":{"fmt_tenid":"M 47/1431-I","type":"MINING LEASE","tenstatus":"LIVE","holder1":"FMG PILBARA PTY LTD","holder2":" ","legal_area":2961.5,"unit_of_me":"HA.","_colour":"#f5a520","_label":"Mining Lease"}},{"type":"Feature","geometry":{"type":"Polygon","coordinates":[[[118.45000000254363,-22.10000000482306],[118.46666666735831,-22.10000000508044],[118.46666666699758,-22.09867309091434],[118.45133699773868,-22.098673300644602],[118.43467023287708,-22.098673526919217],[118.41800346534136,-22.098673735105514],[118.40133669755666,-22.09867395943365],[118.38466876828468,-22.098676594108007],[118.36800084264516,-22.098679240968103],[118.35133290056523,-22.098681879290705],[118.33466744884616,-22.098679891082288],[118.31800198346825,-22.098677918162558],[118.30133652291892,-22.0986759271383],[118.30133651785424,-22.099999999510825],[118.31666666887013,-22.10000000205608],[118.33338179934263,-22.099999602539082],[118.35000000917586,-22.100000001290923],[118.36666666379409,-22.10000000532183],[118.38333332921819,-22.099999993361823],[118.40000000318172,-22.10000000064808],[118.41666667296901,-22.09999999750325],[118.43333333178876,-22.099999992032682],[118.45000000254363,-22.10000000482306]]]},"properties":{"fmt_tenid":"M 47/1433-I","type":"MINING LEASE","tenstatus":"LIVE","holder1":"FMG PILBARA PTY LTD","holder2":" ","legal_area":250.064,"unit_of_me":"HA.","_colour":"#f5a520","_label":"Mining Lease"}},{"type":"Feature","geometry":{"type":"Polygon","coordinates":[[[118.30133385616438,-22.065341941303934],[118.30133251761842,-22.048674941219055],[118.30133333784643,-22.03333333253612],[118.30000000021586,-22.033333333360137],[118.30000000316096,-22.050000004925153],[118.30000000196395,-22.06666666744097],[118.29999999052455,-22.08333333396507],[118.30000000426858,-22.10000000576397],[118.30133651785424,-22.099999999510825],[118.30133651891896,-22.098675925138267],[118.30133519181236,-22.082008928981224],[118.30133385616438,-22.065341941303934]]]},"properties":{"fmt_tenid":"M 47/1434-I","type":"MINING LEASE","tenstatus":"LIVE","holder1":"FMG PILBARA PTY LTD","holder2":" ","legal_area":101.672,"unit_of_me":"HA.","_colour":"#f5a520","_label":"Mining Lease"}},{"type":"Feature","geometry":{"type":"Polygon","coordinates":[[[117.91043108749687,-22.143598705767992],[117.88844228232487,-22.133337140080656],[117.90495637070654,-22.14824368708468],[117.9242644419479,-22.165665428818983],[117.93465431535734,-22.17503752894268],[117.95179836359011,-22.155116272349993],[117.93507949926195,-22.155096221455445],[117.91043108749687,-22.143598705767992]]]},"properties":{"fmt_tenid":"M 47/1453-I","type":"MINING LEASE","tenstatus":"LIVE","holder1":"FMG PILBARA PTY LTD","holder2":" ","legal_area":727.05,"unit_of_me":"HA.","_colour":"#f5a520","_label":"Mining Lease"}},{"type":"Feature","geometry":{"type":"Polygon","coordinates":[[[117.87941941998106,-22.10622626094551],[117.8822506195842,-22.106232640252685],[117.90699843035966,-22.107541509681692],[117.93591037958453,-22.109065850434902],[117.93585874948468,-22.103551511020033],[117.92437577452706,-22.100661084436002],[117.90503760832162,-22.09908998214974],[117.88333333336006,-22.099197141929704],[117.88333333284179,-22.100000000137772],[117.87936054543562,-22.10000015413216],[117.87941941998106,-22.10622626094551]]]},"properties":{"fmt_tenid":"M 47/1473-I","type":"MINING LEASE","tenstatus":"LIVE","holder1":"FMG PILBARA PTY LTD","holder2":" ","legal_area":472,"unit_of_me":"HA.","_colour":"#f5a520","_label":"Mining Lease"}},{"type":"Feature","geometry":{"type":"Polygon","coordinates":[[[117.85867173715067,-22.164406171832866],[117.86794816595821,-22.169909746976014],[117.86124825435478,-22.17590721776275],[117.87402810606902,-22.195823537888042],[117.87402817079922,-22.208118043899656],[117.87191903231879,-22.222189097684353],[117.87208602673971,-22.229413746135084],[117.8721483042634,-22.23333859285323],[117.90133601625016,-22.233333455378325],[117.90133603022339,-22.232004734130353],[117.91331631672246,-22.21504496490269],[117.93788765733849,-22.207614231094517],[117.93048519327641,-22.19605021655318],[117.90299637037081,-22.19607010986754],[117.89591166574522,-22.173575852343884],[117.88099696745633,-22.169904567689333],[117.85867173715067,-22.164406171832866]]]},"properties":{"fmt_tenid":"M 47/1474-I","type":"MINING LEASE","tenstatus":"LIVE","holder1":"FMG PILBARA PTY LTD","holder2":" ","legal_area":2924.5,"unit_of_me":"HA.","_colour":"#f5a520","_label":"Mining Lease"}},{"type":"Feature","geometry":{"type":"Polygon","coordinates":[[[117.86683331660564,-22.105245555852417],[117.8631537568396,-22.107755595173355],[117.86224799894917,-22.108066656761373],[117.86125221064563,-22.108123474561893],[117.85914495709989,-22.10706714727135],[117.84593997188904,-22.106527427081073],[117.844748347436,-22.106265145883853],[117.84474828218595,-22.112807777156995],[117.84429290045182,-22.112830560435945],[117.82524963997028,-22.113079240479493],[117.82535927515194,-22.114799685132496],[117.825345558326,-22.12538455057799],[117.83730710957823,-22.12549297998813],[117.84770508015087,-22.120278819502275],[117.86461655014443,-22.111796220296174],[117.87650841536403,-22.10515374171852],[117.86683331660564,-22.105245555852417]]]},"properties":{"fmt_tenid":"M 47/1475-I","type":"MINING LEASE","tenstatus":"LIVE","holder1":"FMG PILBARA PTY LTD","holder2":" ","legal_area":525.2705,"unit_of_me":"HA.","_colour":"#f5a520","_label":"Mining Lease"}},{"type":"Feature","geometry":{"type":"Polygon","coordinates":[[[118.12788634700037,-22.163328284719313],[118.11007572181686,-22.168000151722072],[118.11021694821017,-22.181904995857007],[118.11040123322154,-22.200000174926952],[118.13532375780481,-22.200001759615546],[118.15371836328114,-22.200000051072454],[118.15358697495093,-22.17987446049414],[118.15343551832089,-22.15662243006758],[118.12788634700037,-22.163328284719313]]]},"properties":{"fmt_tenid":"M 47/1481-I","type":"MINING LEASE","tenstatus":"LIVE","holder1":"FMG PILBARA PTY LTD","holder2":" ","legal_area":1867.5,"unit_of_me":"HA.","_colour":"#f5a520","_label":"Mining Lease"}},{"type":"Feature","geometry":{"type":"Polygon","coordinates":[[[118.71666666716004,-22.59999999988567],[118.7333333325381,-22.600000000118918],[118.74999999989656,-22.599999999745084],[118.7666666667357,-22.599999999534766],[118.76666666720423,-22.58333333291099],[118.76666666668201,-22.566666666685848],[118.78333333291323,-22.56666666659951],[118.78333333294945,-22.550000000344838],[118.78333333258364,-22.54444678699266],[118.77511767895228,-22.540889116745973],[118.7508266805711,-22.530366857338468],[118.73333333258377,-22.52278584717908],[118.73333333283531,-22.53333333322455],[118.73333333314307,-22.55000000032901],[118.71666666703169,-22.55000000003134],[118.71666666738084,-22.56666666723926],[118.71666666703922,-22.583333332878414],[118.71666666716004,-22.59999999988567]]]},"properties":{"fmt_tenid":"M 47/1492-I","type":"MINING LEASE","tenstatus":"LIVE","holder1":"FMG PILBARA PTY LTD","holder2":" ","legal_area":4265,"unit_of_me":"HA.","_colour":"#f5a520","_label":"Mining Lease"}},{"type":"Feature","geometry":{"type":"Polygon","coordinates":[[[117.03336993059524,-22.550064043787085],[117.06661745050278,-22.549957136643435],[117.0665906445335,-22.56671006185173],[117.0885366313671,-22.56670940072815],[117.11680825514063,-22.56670400966614],[117.11675100194161,-22.548686799982868],[117.10084367037996,-22.548687026439012],[117.08467059442405,-22.548687417238256],[117.08467024907492,-22.530195197468217],[117.08266720027869,-22.527953508656314],[117.08467021550231,-22.52672697312422],[117.08466996831616,-22.51661680083161],[117.08337099044168,-22.516606096446367],[117.08337524615779,-22.499896815219884],[117.06087645020278,-22.49990377756548],[117.03326942378962,-22.499908374480437],[117.03336993059524,-22.550064043787085]]]},"properties":{"fmt_tenid":"M 47/1509-I","type":"MINING LEASE","tenstatus":"LIVE","holder1":"FMG PILBARA PTY LTD","holder2":" ","legal_area":3906,"unit_of_me":"HA.","_colour":"#f5a520","_label":"Mining Lease"}},{"type":"Feature","geometry":{"type":"Polygon","coordinates":[[[117.33342185000649,-22.27777234981822],[117.33342185035673,-22.299700189769887],[117.34877758004636,-22.301708626634746],[117.34730206586968,-22.31147999513113],[117.34731134271134,-22.316666667374893],[117.35000000021279,-22.31666666720756],[117.36666666686341,-22.31666666684415],[117.36666666702718,-22.31534435916795],[117.36280696815344,-22.31534452705866],[117.36280654456687,-22.282009498402285],[117.33342185000649,-22.27777234981822]],[[117.35845743987673,-22.308129190385095],[117.35999720007003,-22.309009999576194],[117.3590679198831,-22.31000258010286],[117.35733408009904,-22.30931176980943],[117.35845743987673,-22.308129190385095]]]},"properties":{"fmt_tenid":"M 47/1510","type":"MINING LEASE","tenstatus":"LIVE","holder1":"FMG PILBARA PTY LTD","holder2":" ","legal_area":972.46315,"unit_of_me":"HA.","_colour":"#f5a520","_label":"Mining Lease"}},{"type":"Feature","geometry":{"type":"Polygon","coordinates":[[[119.6166919751688,-23.066649408090097],[119.61665646025203,-23.074093403153785],[119.63049575130957,-23.079797368683103],[119.6497504541893,-23.08773002453946],[119.66672126939514,-23.09471943420682],[119.66671526489466,-23.083308173473227],[119.65004958742685,-23.083272894707957],[119.64999686958075,-23.06666313983194],[119.63015647998607,-23.066655810755787],[119.6166919751688,-23.066649408090097]]]},"properties":{"fmt_tenid":"M 47/1518-I","type":"MINING LEASE","tenstatus":"LIVE","holder1":"FMG PILBARA PTY LTD","holder2":" ","legal_area":693.2,"unit_of_me":"HA.","_colour":"#f5a520","_label":"Mining Lease"}},{"type":"Feature","geometry":{"type":"Polygon","coordinates":[[[117.85467623998558,-22.765078764340338],[117.84261800980556,-22.777854512309265],[117.85009132426939,-22.786627231092243],[117.85957813159297,-22.78664179594811],[117.88231771963378,-22.78667412119116],[117.9000176000573,-22.777676458938217],[117.9000189214654,-22.76618537624841],[117.87795707915836,-22.77424043216045],[117.86228640689015,-22.775575977270048],[117.85467623998558,-22.765078764340338]]]},"properties":{"fmt_tenid":"M 47/1520-I","type":"MINING LEASE","tenstatus":"LIVE","holder1":"FMG PILBARA PTY LTD","holder2":" ","legal_area":843.75,"unit_of_me":"HA.","_colour":"#f5a520","_label":"Mining Lease"}},{"type":"Feature","geometry":{"type":"Polygon","coordinates":[[[116.96655501165823,-22.399996657476553],[116.94999952481717,-22.399991645459618],[116.95000009174404,-22.426591931223964],[116.95000001130954,-22.453423808949445],[116.95000032930656,-22.4799247623616],[116.95000000571207,-22.50690692299441],[116.94999999229772,-22.53343436003412],[116.94999999817587,-22.550000000903445],[116.97803327680941,-22.550026228524647],[117.00541655870585,-22.550047322437702],[117.03336993059524,-22.550064043787085],[117.03326942378962,-22.499908374480437],[117.03332992926251,-22.475272891242447],[117.03339220263975,-22.449930144640547],[117.00835670797703,-22.44993164031899],[116.98343063837054,-22.449929414936523],[116.9834333301195,-22.42455191903012],[116.98343602704871,-22.399999963293677],[116.96655501165823,-22.399996657476553]]]},"properties":{"fmt_tenid":"M 47/1522-I","type":"MINING LEASE","tenstatus":"LIVE","holder1":"FMG PILBARA PTY LTD","holder2":" ","legal_area":11409,"unit_of_me":"HA.","_colour":"#f5a520","_label":"Mining Lease"}},{"type":"Feature","geometry":{"type":"Polygon","coordinates":[[[116.94999952481717,-22.399991645459618],[116.92724104309994,-22.399991072809566],[116.90832328131916,-22.39998092099205],[116.88333344770834,-22.399964567980238],[116.88332637550883,-22.426504568834396],[116.88331849292528,-22.453341901204297],[116.8833112177736,-22.479454192095364],[116.88330375755015,-22.50641505092887],[116.88329614982217,-22.533333016824916],[116.9060288424426,-22.533370940858497],[116.92774446764489,-22.53340394460864],[116.94999999229772,-22.53343436003412],[116.95000000571207,-22.50690692299441],[116.95000032930656,-22.4799247623616],[116.95000001130954,-22.453423808949445],[116.95000009174404,-22.426591931223964],[116.94999952481717,-22.399991645459618]]]},"properties":{"fmt_tenid":"M 47/1523-I","type":"MINING LEASE","tenstatus":"LIVE","holder1":"FMG PILBARA PTY LTD","holder2":" ","legal_area":10140,"unit_of_me":"HA.","_colour":"#f5a520","_label":"Mining Lease"}},{"type":"Feature","geometry":{"type":"Polygon","coordinates":[[[116.85754640858097,-22.399929567715944],[116.83611022302021,-22.39989680366163],[116.81037074673684,-22.39985468208895],[116.78344735946723,-22.399805661049687],[116.78340987394226,-22.42179748160166],[116.78336917795485,-22.44572230431027],[116.78333333790722,-22.466666663020778],[116.7846710765956,-22.46666667424913],[116.78467036009769,-22.479638751829683],[116.78998887664719,-22.48084900402218],[116.78929152845062,-22.482024916018148],[116.81800366318097,-22.482024640663525],[116.8180038216181,-22.49869151436153],[116.81666666624947,-22.49869154343861],[116.81666666323372,-22.499999998333173],[116.81655532935547,-22.516777561025336],[116.84192834262856,-22.516751012494996],[116.86659311794418,-22.516721081552255],[116.86650718047996,-22.533433424791234],[116.88329614982217,-22.533333016824916],[116.88330375755015,-22.50641505092887],[116.8833112177736,-22.479454192095364],[116.88331849292528,-22.453341901204297],[116.88332637550883,-22.426504568834396],[116.88333344770834,-22.399964567980238],[116.85754640858097,-22.399929567715944]]]},"properties":{"fmt_tenid":"M 47/1524-I","type":"MINING LEASE","tenstatus":"LIVE","holder1":"FMG PILBARA PTY LTD","holder2":" ","legal_area":12255,"unit_of_me":"HA.","_colour":"#f5a520","_label":"Mining Lease"}},{"type":"Feature","geometry":{"type":"Polygon","coordinates":[[[117.23131075029967,-22.533509478298683],[117.22743316083152,-22.52052042995688],[117.21409405013195,-22.522241875573904],[117.16303277807343,-22.533265542057915],[117.15320294235714,-22.53382530612155],[117.11824260061361,-22.537146922032807],[117.11800364497599,-22.536277355395715],[117.11800389187711,-22.548686603685734],[117.1166666668787,-22.548686633002955],[117.11666666687852,-22.548686801002926],[117.11675100094146,-22.548686797982896],[117.11680813821525,-22.566666669697497],[117.13080742813139,-22.566666775661716],[117.13080723474631,-22.55410384537009],[117.13333332919267,-22.554105001998888],[117.23131075029967,-22.533509478298683]]]},"properties":{"fmt_tenid":"M 47/1525-I","type":"MINING LEASE","tenstatus":"LIVE","holder1":"FMG PILBARA PTY LTD","holder2":" ","legal_area":2183.77003,"unit_of_me":"HA.","_colour":"#f5a520","_label":"Mining Lease"}},{"type":"Feature","geometry":{"type":"Polygon","coordinates":[[[117.0833709884417,-22.516606100446385],[117.08467001231611,-22.516616799831542],[117.08466998129153,-22.515353857419605],[117.10133660404684,-22.515353568113323],[117.11800322745903,-22.51535322978325],[117.11800348413087,-22.527754946235948],[117.15250479102188,-22.523033769941634],[117.15714784435633,-22.5206668651151],[117.17749994070181,-22.516652029250363],[117.17750000185968,-22.494125054342362],[117.17282348704593,-22.49412621428726],[117.16814698488712,-22.49412723325228],[117.16347047029788,-22.49412811372378],[117.15879396870943,-22.4941288541949],[117.1541174528032,-22.49412946881193],[117.14944093752923,-22.49412994405779],[117.1447644372546,-22.494130279303914],[117.1400879219794,-22.494130487550205],[117.13541142006666,-22.49413055789623],[117.13073490548656,-22.494130488186748],[117.13039386953814,-22.494130477135016],[117.08337522099477,-22.49999477650795],[117.0833709884417,-22.516606100446385]]]},"properties":{"fmt_tenid":"M 47/1526-I","type":"MINING LEASE","tenstatus":"LIVE","holder1":"FMG PILBARA PTY LTD","holder2":" ","legal_area":2624.55667,"unit_of_me":"HA.","_colour":"#f5a520","_label":"Mining Lease"}},{"type":"Feature","geometry":{"type":"Polygon","coordinates":[[[116.55000000006292,-22.33333333250311],[116.56666666747113,-22.333333333274254],[116.56666666742152,-22.349999999574717],[116.58333333313078,-22.35000000041208],[116.59999999976183,-22.349999999573352],[116.6166666674136,-22.350000000234136],[116.63333333263122,-22.3499999997227],[116.64999999964441,-22.350000000499605],[116.65000000020908,-22.33333333267128],[116.63333333329523,-22.333333332559945],[116.63333333334984,-22.316666666518955],[116.63333333349225,-22.300000000380635],[116.61666666719032,-22.300000000478086],[116.60000000018333,-22.29999999968648],[116.60000000008594,-22.28333333331343],[116.5833333326735,-22.28333333289836],[116.56666666714258,-22.283333332876147],[116.54999999987659,-22.283333333468125],[116.54999999986777,-22.300000000433236],[116.54999999961558,-22.316666666980684],[116.55000000006292,-22.33333333250311]]]},"properties":{"fmt_tenid":"M 47/1530-I","type":"MINING LEASE","tenstatus":"LIVE","holder1":"FMG PILBARA PTY LTD","holder2":" ","legal_area":5700.13858,"unit_of_me":"HA.","_colour":"#f5a520","_label":"Mining Lease"}},{"type":"Feature","geometry":{"type":"Polygon","coordinates":[[[116.7573722207495,-22.39983142373433],[116.73419931251647,-22.39985061366326],[116.70865937717176,-22.399868288667843],[116.68326201813267,-22.399881656602066],[116.68329821728099,-22.424453237765746],[116.68333343437963,-22.44869231989963],[116.66790050571592,-22.44861106849146],[116.66800351262232,-22.449999997883168],[116.68333333138699,-22.449999995986374],[116.70000174059052,-22.449999992161302],[116.71666666983022,-22.4500000040989],[116.71666791349013,-22.46666630031215],[116.73788221416075,-22.466666670169264],[116.73912283100185,-22.465611235654546],[116.74031467675479,-22.466666675121182],[116.75825871271414,-22.46666666644366],[116.78333333790722,-22.466666663020778],[116.78336917795485,-22.44572230431027],[116.78340987394226,-22.42179748160166],[116.78344735946723,-22.399805661049687],[116.7573722207495,-22.39983142373433]]]},"properties":{"fmt_tenid":"M 47/1537","type":"MINING LEASE","tenstatus":"LIVE","holder1":"FMG PILBARA PTY LTD","holder2":" ","legal_area":7013.5,"unit_of_me":"HA.","_colour":"#f5a520","_label":"Mining Lease"}},{"type":"Feature","geometry":{"type":"Polygon","coordinates":[[[116.39990055189573,-22.549890943479657],[116.39992097028329,-22.56389529877755],[116.39994944361892,-22.583485836652834],[116.41653971704983,-22.583363158093956],[116.44015296834738,-22.583384792779775],[116.46660154082615,-22.583404687922872],[116.46657666187234,-22.600093876314254],[116.48914918152082,-22.600053139241712],[116.51666679993944,-22.599999868971448],[116.53467257190565,-22.600088085793693],[116.53467257533916,-22.59869648131079],[116.5463789275637,-22.598696741686595],[116.54414952587489,-22.602905231329224],[116.5564805085998,-22.610800695882883],[116.56054786142722,-22.603522619699095],[116.55249717358237,-22.598696651425687],[116.56672508301487,-22.59869662142571],[116.56674893319592,-22.583249004857578],[116.55167869797572,-22.583271259780414],[116.53345687389047,-22.58329593827023],[116.53344509726257,-22.56663689118953],[116.51666651934771,-22.56663179122322],[116.50007940847415,-22.566631189434915],[116.50005424933718,-22.549979173324488],[116.47892754750879,-22.549954597003342],[116.46665387782429,-22.549939369791527],[116.44529817949724,-22.54993055744118],[116.41662407094125,-22.549914034985957],[116.39990055189573,-22.549890943479657]]]},"properties":{"fmt_tenid":"M 47/1567","type":"MINING LEASE","tenstatus":"LIVE","holder1":"FMG PILBARA PTY LTD","holder2":" ","legal_area":6434.672,"unit_of_me":"HA.","_colour":"#f5a520","_label":"Mining Lease"}},{"type":"Feature","geometry":{"type":"Polygon","coordinates":[[[117.95699290385998,-22.155122435554272],[117.95179836359011,-22.155116272349993],[117.93465431535734,-22.17503752894268],[117.94900558467465,-22.17914099541925],[117.96666651601852,-22.184188508959323],[117.97680155578372,-22.187084086669515],[117.97621219403119,-22.17032229648607],[117.97567853943403,-22.15514252264641],[117.96666654824227,-22.155133100837787],[117.95699290385998,-22.155122435554272]]]},"properties":{"fmt_tenid":"M 47/1570","type":"MINING LEASE","tenstatus":"LIVE","holder1":"FMG PILBARA PTY LTD","holder2":" ","legal_area":1033,"unit_of_me":"HA.","_colour":"#f5a520","_label":"Mining Lease"}},{"type":"Feature","geometry":{"type":"Polygon","coordinates":[[[117.73333333319974,-22.155190538566192],[117.74725402162157,-22.15884794459015],[117.76591669395506,-22.163748986274552],[117.78991270016125,-22.170227450468936],[117.78081077961629,-22.159329530062436],[117.76878109038957,-22.14492264976921],[117.74453217031945,-22.137852839695615],[117.73907871969443,-22.136197499793507],[117.73693283547384,-22.142399862342675],[117.73333333324261,-22.14645590593653],[117.7333333331296,-22.15000000030872],[117.73333333319974,-22.155190538566192]]]},"properties":{"fmt_tenid":"M 47/1573","type":"MINING LEASE","tenstatus":"LIVE","holder1":"FMG PILBARA PTY LTD","holder2":" ","legal_area":1003.0705800000001,"unit_of_me":"HA.","_colour":"#f5a520","_label":"Mining Lease"}},{"type":"Feature","geometry":{"type":"Polygon","coordinates":[[[117.75578086360022,-22.100000192632724],[117.74999999975924,-22.099999999592274],[117.7333333334957,-22.09999999991813],[117.73333333203747,-22.102853835635806],[117.73337994323289,-22.10282783274682],[117.7336808397874,-22.10242125548115],[117.73448804524831,-22.101928008371466],[117.73537070127948,-22.101214471405296],[117.73610055493226,-22.10117282705532],[117.73666847127083,-22.100931302330476],[117.73730235340057,-22.1010315497627],[117.73799492141181,-22.101372986353432],[117.73873848005526,-22.10210679412479],[117.7402104955011,-22.102341138401428],[117.74056356961736,-22.10265256802537],[117.74070356084684,-22.10264132225004],[117.74068840405235,-22.10246457619492],[117.74092853243927,-22.10244462657963],[117.74096245004277,-22.102801835697345],[117.74049349726214,-22.102839455943986],[117.74011992913309,-22.102509950283366],[117.73864200448556,-22.10227468392205],[117.73787592579339,-22.10151869209546],[117.73723916694617,-22.10120478963009],[117.73669470711955,-22.101118694396025],[117.73614828987223,-22.10135106816553],[117.73544810833067,-22.101391021577726],[117.734605210483,-22.10207244163277],[117.7338188341128,-22.102552962789332],[117.73351563154583,-22.102962670049976],[117.73333333178236,-22.103064369614998],[117.73333333069266,-22.110742006320077],[117.73430510460608,-22.11123020053449],[117.73570212075383,-22.1123120125729],[117.7446429995721,-22.110736529918803],[117.7564292395193,-22.108295509803384],[117.77822041109292,-22.111016659682488],[117.77543901445044,-22.107941996636356],[117.77371899686376,-22.105562000699695],[117.77315381527127,-22.10484926678978],[117.76696540953571,-22.103249459966683],[117.75578086360022,-22.100000192632724]]]},"properties":{"fmt_tenid":"M 47/1577","type":"MINING LEASE","tenstatus":"LIVE","holder1":"FMG PILBARA PTY LTD","holder2":" ","legal_area":418.96720999999997,"unit_of_me":"HA.","_colour":"#f5a520","_label":"Mining Lease"}},{"type":"Feature","geometry":{"type":"Polygon","coordinates":[[[116.48333333278559,-22.33333333342448],[116.48333333325635,-22.349999999587105],[116.49999999988846,-22.350000000057552],[116.51666666687423,-22.35000000037238],[116.5166666674721,-22.366666667200622],[116.51666666682331,-22.383333332821966],[116.51666666728332,-22.39999999984952],[116.53333333274114,-22.40000000011927],[116.55000000015153,-22.39999999965174],[116.56666666668212,-22.39999999950451],[116.58333333298896,-22.399999999709056],[116.60000000016721,-22.400000000254877],[116.61666666731621,-22.40000000033961],[116.63333333312917,-22.399999999705127],[116.64999999982656,-22.399999999523544],[116.66666666677891,-22.399999999756332],[116.68326219360831,-22.400000004340274],[116.68326202013262,-22.399881659602116],[116.69999999958338,-22.39987329696171],[116.7000000000182,-22.38333333309409],[116.69999999959458,-22.366666666980883],[116.69999999984425,-22.34999999987415],[116.68333333272766,-22.350000000109834],[116.66666666652787,-22.350000000309496],[116.64999999964441,-22.350000000499605],[116.63333333263122,-22.3499999997227],[116.6166666674136,-22.350000000234136],[116.59999999976183,-22.349999999573352],[116.58333333313078,-22.35000000041208],[116.56666666742152,-22.349999999574717],[116.56666666747113,-22.333333333274254],[116.55000000006292,-22.33333333250311],[116.53333333343431,-22.333333332934327],[116.51666666721987,-22.33333333275308],[116.50000000015147,-22.33333333307096],[116.48333333278559,-22.33333333342448]],[[116.53462728309168,-22.347992593118924],[116.55057519774395,-22.359781453143707],[116.56389203146388,-22.372717107914813],[116.57577350880193,-22.383852080941548],[116.58348683211085,-22.390449252541213],[116.57998510389731,-22.393227459912524],[116.56113807266539,-22.378733561362317],[116.547320057597,-22.363598683979863],[116.5316757876877,-22.351486149328377],[116.53462728309168,-22.347992593118924]]]},"properties":{"fmt_tenid":"M 47/1585","type":"MINING LEASE","tenstatus":"LIVE","holder1":"FMG PILBARA PTY LTD","holder2":" ","legal_area":11645.33387,"unit_of_me":"HA.","_colour":"#f5a520","_label":"Mining Lease"}},{"type":"Feature","geometry":{"type":"Polygon","coordinates":[[[116.79693959433317,-22.489484460977707],[116.81283530102813,-22.49442870187076],[116.81579571177012,-22.490057982059657],[116.79945698472962,-22.485101824039674],[116.79693959433317,-22.489484460977707]]]},"properties":{"fmt_tenid":"M 47/1586","type":"MINING LEASE","tenstatus":"LIVE","holder1":"FMG PILBARA PTY LTD","holder2":" ","legal_area":95.75586999999999,"unit_of_me":"HA.","_colour":"#f5a520","_label":"Mining Lease"}},{"type":"Feature","geometry":{"type":"Polygon","coordinates":[[[116.74363983165594,-22.47544338958942],[116.75886866915205,-22.47805847491376],[116.75964945318775,-22.47365688315349],[116.74439999951807,-22.47040831013768],[116.74363983165594,-22.47544338958942]]]},"properties":{"fmt_tenid":"M 47/1587","type":"MINING LEASE","tenstatus":"LIVE","holder1":"FMG PILBARA PTY LTD","holder2":" ","legal_area":84.4527,"unit_of_me":"HA.","_colour":"#f5a520","_label":"Mining Lease"}},{"type":"Feature","geometry":{"type":"Polygon","coordinates":[[[116.68469538686682,-22.47110451375454],[116.67556215907763,-22.47196512618457],[116.6767967811627,-22.478909229720827],[116.685669198743,-22.47786819038464],[116.68469538686682,-22.47110451375454]]]},"properties":{"fmt_tenid":"M 47/1588","type":"MINING LEASE","tenstatus":"LIVE","holder1":"FMG PILBARA PTY LTD","holder2":" ","legal_area":71.46226,"unit_of_me":"HA.","_colour":"#f5a520","_label":"Mining Lease"}},{"type":"Feature","geometry":{"type":"Polygon","coordinates":[[[116.71143100491423,-22.469721233501513],[116.69789913939634,-22.466667786296117],[116.6856047756716,-22.46300512713516],[116.68469538686682,-22.47110451375454],[116.69556025354721,-22.473334109803194],[116.70982221190845,-22.477847973032738],[116.71143100491423,-22.469721233501513]]]},"properties":{"fmt_tenid":"M 47/1589","type":"MINING LEASE","tenstatus":"LIVE","holder1":"FMG PILBARA PTY LTD","holder2":" ","legal_area":228.36621,"unit_of_me":"HA.","_colour":"#f5a520","_label":"Mining Lease"}},{"type":"Feature","geometry":{"type":"Polygon","coordinates":[[[117.04706529756187,-22.66262170676088],[117.05386182357171,-22.6596269610626],[117.06666666795061,-22.653983633312954],[117.07771858005651,-22.649111657607765],[117.07720536841971,-22.648688259972793],[117.07525084764023,-22.64707572936685],[117.07407948306444,-22.645039685014865],[117.05168608028266,-22.653798583845706],[117.04848144493455,-22.643457536919843],[117.03909860913028,-22.645115648698606],[117.04706529756187,-22.66262170676088]]]},"properties":{"fmt_tenid":"M 47/1597","type":"MINING LEASE","tenstatus":"LIVE","holder1":"FMG PILBARA PTY LTD","holder2":" ","legal_area":330.96002999999996,"unit_of_me":"HA.","_colour":"#f5a520","_label":"Mining Lease"}},{"type":"Feature","geometry":{"type":"Polygon","coordinates":[[[117.01671963507006,-22.690397541112407],[117.01259812750946,-22.69485336802439],[117.02324785457215,-22.700818911336256],[117.02605179501455,-22.697381078370643],[117.01671963507006,-22.690397541112407]]]},"properties":{"fmt_tenid":"M 47/1598","type":"MINING LEASE","tenstatus":"LIVE","holder1":"FMG PILBARA PTY LTD","holder2":" ","legal_area":70.32285,"unit_of_me":"HA.","_colour":"#f5a520","_label":"Mining Lease"}},{"type":"Feature","geometry":{"type":"Polygon","coordinates":[[[117.04369789212527,-22.709797924045176],[117.04895220508035,-22.706428445858744],[117.04272861387196,-22.698050339948846],[117.03924523641695,-22.7000144126765],[117.04369789212527,-22.709797924045176]]]},"properties":{"fmt_tenid":"M 47/1599","type":"MINING LEASE","tenstatus":"LIVE","holder1":"FMG PILBARA PTY LTD","holder2":" ","legal_area":61.287479999999995,"unit_of_me":"HA.","_colour":"#f5a520","_label":"Mining Lease"}},{"type":"Feature","geometry":{"type":"Polygon","coordinates":[[[117.21202935885104,-22.50984044606085],[117.21666666706743,-22.50606969464387],[117.21666666654755,-22.500000000319208],[117.21666666724526,-22.483333332516356],[117.1304209244547,-22.494130477139116],[117.13073490548656,-22.494130488186748],[117.13541142006666,-22.49413055789623],[117.1400879219794,-22.494130487550205],[117.1447644372546,-22.494130279303914],[117.14944093752923,-22.49412994405779],[117.1541174528032,-22.49412946881193],[117.15879396870943,-22.4941288541949],[117.16347047029788,-22.49412811372378],[117.16814698488712,-22.49412723325228],[117.17282348704593,-22.49412621428726],[117.17750000185968,-22.494125054342362],[117.17749994070181,-22.516652029250363],[117.21202935885104,-22.50984044606085]]]},"properties":{"fmt_tenid":"M 47/1601","type":"MINING LEASE","tenstatus":"LIVE","holder1":"FMG PILBARA PTY LTD","holder2":" ","legal_area":1354.16841,"unit_of_me":"HA.","_colour":"#f5a520","_label":"Mining Lease"}},{"type":"Feature","geometry":{"type":"Polygon","coordinates":[[[116.68329822028105,-22.424453239765782],[116.6832621936085,-22.399999967340356],[116.59999996116754,-22.399999992254738],[116.60000001289482,-22.415359166909518],[116.58467025297671,-22.41535925064388],[116.58467025233428,-22.416666732680614],[116.58333336886315,-22.41666672430923],[116.58333338930488,-22.448692863706842],[116.58333333730474,-22.44869286270632],[116.56800411871524,-22.448692891082917],[116.56666670037674,-22.448692961428105],[116.56666670596414,-22.466666685131123],[116.63333330213938,-22.466666672831487],[116.63333336573521,-22.483333331253917],[116.66666670700704,-22.48333333432706],[116.66666667651896,-22.480097225164343],[116.66611330564993,-22.480162102345027],[116.66461999596919,-22.472995496281452],[116.66800388071746,-22.472676932693375],[116.66800346462544,-22.44999938888739],[116.66790050971585,-22.448611070491467],[116.68333343037959,-22.44869231989961],[116.68329822028105,-22.424453239765782]],[[116.63467021942908,-22.433333332895],[116.6499999998434,-22.433333332772843],[116.64999999984134,-22.44583333344395],[116.64999999964573,-22.44869245926306],[116.63467035358897,-22.4486924965563],[116.63467021942908,-22.433333332895]]]},"properties":{"fmt_tenid":"M 47/1608","type":"MINING LEASE","tenstatus":"LIVE","holder1":"FMG PILBARA PTY LTD","holder2":" ","legal_area":7687.771409999999,"unit_of_me":"HA.","_colour":"#f5a520","_label":"Mining Lease"}},{"type":"Feature","geometry":{"type":"Polygon","coordinates":[[[119.59999999980069,-22.96086370350882],[119.59629016329637,-22.960863487158758],[119.59176942590032,-22.960863095732233],[119.5872487025042,-22.960862578305825],[119.58272796499487,-22.960861934671975],[119.5802700922008,-22.96086153321579],[119.57820723837351,-22.960861200832884],[119.5782072392777,-22.956528739566814],[119.57820724027765,-22.956528702566835],[119.57820723818176,-22.952196239300793],[119.57820723791093,-22.951636408654092],[119.5782071851193,-22.949999999686714],[119.56666666695584,-22.950000000013866],[119.54999999968132,-22.950000000417358],[119.5333333330594,-22.949999999733723],[119.51666666749023,-22.950000000044454],[119.51666666703548,-22.933333333196508],[119.49999999954213,-22.933333332928456],[119.48333333334365,-22.933333332899327],[119.46666666712775,-22.933333333401645],[119.45000000035057,-22.933333333431133],[119.45000000028716,-22.950000000390457],[119.44999999992471,-22.96666666672765],[119.44999999956042,-22.983333332910696],[119.44999999971122,-23.00000000005895],[119.46666666686488,-22.999999999992212],[119.46666666688,-23.016666666736693],[119.46666666655688,-23.033333333456508],[119.48333333315938,-23.033333333208777],[119.4999999998658,-23.033333332682624],[119.51666666659588,-23.0333333328613],[119.53333333298391,-23.033333332501225],[119.54999999990612,-23.03333333309431],[119.56666666660773,-23.033333333361433],[119.58333333335092,-23.033333332917337],[119.5999999999348,-23.03333333320866],[119.60000000039572,-23.000000000315264],[119.58333333287041,-23.00000000028968],[119.58333333283822,-22.98333333267785],[119.58468255770067,-22.98333333296409],[119.58468244556465,-22.981999080286897],[119.60000000030787,-22.982002895393475],[119.59999999980069,-22.96086370350882]]]},"properties":{"fmt_tenid":"M 47/1634","type":"MINING LEASE","tenstatus":"LIVE","holder1":"FMG PILBARA PTY LTD","holder2":" ","legal_area":14229.09575,"unit_of_me":"HA.","_colour":"#f5a520","_label":"Mining Lease"}},{"type":"Feature","geometry":{"type":"Polygon","coordinates":[[[117.83990514632977,-22.195718399143512],[117.8398812560372,-22.19377527697617],[117.83987786756323,-22.19349971651985],[117.83985531012945,-22.176665109982363],[117.83902389485229,-22.164406126729784],[117.82670714543387,-22.164422089686045],[117.81328607902347,-22.1642918530557],[117.80980962868513,-22.17047924273739],[117.81774081565344,-22.174544547959755],[117.81205325044421,-22.184188970120637],[117.8000000002883,-22.200000000204867],[117.80049682432052,-22.200000025468466],[117.80051401433941,-22.199966855561392],[117.81544389464646,-22.206677193331117],[117.81459465964521,-22.208348859870505],[117.80483417239388,-22.227347897164645],[117.78981869596483,-22.220600093915255],[117.7960939454704,-22.208493983744997],[117.79145220044703,-22.206361482151586],[117.78727647704027,-22.214801688057968],[117.77601895208427,-22.209973425942295],[117.7717501367058,-22.216666666859542],[117.7666666665566,-22.224637236553487],[117.76112047081804,-22.233333332975736],[117.75133711706494,-22.248673034086053],[117.75133712077897,-22.25000000013382],[117.75000000015025,-22.250000000077762],[117.74999999997026,-22.26666666679638],[117.76666666676155,-22.26666666656757],[117.78333333349573,-22.26666666721668],[117.80000000039294,-22.266666667097756],[117.81666666734095,-22.26666666716225],[117.83333333291857,-22.26666666709225],[117.8500000003213,-22.26666666677911],[117.86666666697707,-22.266666666730913],[117.86666666678018,-22.265338157583056],[117.86800208918316,-22.265338154541606],[117.8680019088796,-22.250000000430568],[117.883333332981,-22.250000000463753],[117.90000000026825,-22.250000000449297],[117.90000000269674,-22.24867147116878],[117.90133589105253,-22.24867147194026],[117.90133601625016,-22.233333455378325],[117.89999999962065,-22.233333690056476],[117.8721483042634,-22.23333859285323],[117.87208602673971,-22.229413746135084],[117.87208596273926,-22.229410981141438],[117.85810335816713,-22.230016668999166],[117.85270330581784,-22.230163496400245],[117.8525278286226,-22.222574845508266],[117.87191903231879,-22.222189097684353],[117.87402817079922,-22.208118043899656],[117.83990514632977,-22.195718399143512]]]},"properties":{"fmt_tenid":"M 47/1639","type":"MINING LEASE","tenstatus":"LIVE","holder1":"FMG PILBARA PTY LTD","holder2":" ","legal_area":9143.2312,"unit_of_me":"HA.","_colour":"#f5a520","_label":"Mining Lease"}},{"type":"Feature","geometry":{"type":"Polygon","coordinates":[[[119.3628788720107,-22.95000000091958],[119.36346407685124,-22.99433849908156],[119.35809525932365,-23.033207256535057],[119.385120526591,-23.047050136959417],[119.39676751602687,-23.028522862315423],[119.46666666709582,-23.066145585220863],[119.46666666286494,-23.000000000992195],[119.45000000071121,-22.999999999058968],[119.45000000028716,-22.950000000390457],[119.3628788720107,-22.95000000091958]]]},"properties":{"fmt_tenid":"M 47/1647","type":"MINING LEASE","tenstatus":"LIVE","holder1":"FMG PILBARA PTY LTD","holder2":" ","legal_area":10338.106240000001,"unit_of_me":"HA.","_colour":"#f5a520","_label":"Mining Lease"}},{"type":"Feature","geometry":{"type":"Polygon","coordinates":[[[119.38467802492926,-22.748668785904453],[119.38467800701969,-22.747353976272258],[119.38333333334104,-22.748103782520513],[119.3493890071685,-22.76702512188256],[119.34161689615507,-22.777519602314257],[119.35455650218272,-22.78041159641166],[119.35495786115898,-22.790401319072114],[119.36363606713662,-22.78421453646086],[119.36573057882002,-22.776782345053626],[119.38467819141985,-22.766053620912242],[119.38467818436126,-22.765335546186503],[119.38467802492926,-22.748668785904453]]]},"properties":{"fmt_tenid":"M 47/580-I","type":"MINING LEASE","tenstatus":"LIVE","holder1":"FMG PILBARA PTY LTD","holder2":" ","legal_area":860,"unit_of_me":"HA.","_colour":"#f5a520","_label":"Mining Lease"}}]}