{"type":"FeatureCollection","_source":"Multi-state Australian tenement registry","_holders":["LAVERTON GOLD PTY LTD","GENESIS MINERALS (LAVERTON) PTY LTD","GENESIS MINERALS (LEONORA) PTY LTD"],"_ticker":"GMD.AX","features":[{"type":"Feature","geometry":{"type":"Polygon","coordinates":[[[122.64999999960737,-28.750000000421128],[122.63333333282205,-28.750000000147775],[122.61666666732951,-28.749999999586617],[122.61666666731053,-28.76666666728753],[122.61666666714801,-28.78333333336006],[122.63333333267819,-28.783333333223865],[122.63333333252382,-28.80000000020509],[122.63807864330218,-28.80000000754029],[122.64448891214737,-28.80000022767943],[122.64999999995983,-28.799999999779356],[122.65000000029005,-28.79768084298408],[122.64367460029257,-28.797680439574496],[122.64305806956627,-28.7948851204502],[122.64581236009215,-28.79205554954023],[122.64425727963649,-28.790880960327122],[122.64145226046134,-28.788762150319872],[122.64012233028753,-28.783612200281745],[122.6382939195617,-28.77673241047043],[122.64023815959659,-28.775743180080443],[122.6396679396102,-28.774873260067064],[122.63939399951289,-28.774455319852887],[122.6382794295699,-28.772754849946793],[122.63810779960241,-28.772492989766352],[122.63751804981808,-28.771593199518374],[122.63732381035173,-28.771296839847682],[122.63652720286207,-28.77008139861086],[122.63639867776158,-28.769589936637686],[122.6363241606047,-28.769309500398933],[122.6358362693697,-28.76747298047486],[122.6349161969374,-28.764009464418073],[122.63453190611635,-28.76256279088996],[122.64083519006377,-28.761262389927104],[122.64102526041881,-28.761504419575488],[122.64172183039766,-28.761079619506948],[122.64196916907488,-28.76092877881179],[122.64201499876194,-28.76101915234691],[122.64254811966954,-28.760909189857706],[122.64999999990087,-28.75937191514846],[122.64999999960737,-28.750000000421128]],[[122.64804364633126,-28.75507439532855],[122.64927919351523,-28.75506734194251],[122.64959568472293,-28.75688207305229],[122.64835881731794,-28.756888335800063],[122.64804364633126,-28.75507439532855]],[[122.63416602178745,-28.757853420052335],[122.6352203197624,-28.756736642185412],[122.6375960414146,-28.758478223769806],[122.63654118450506,-28.759595992786373],[122.63416602178745,-28.757853420052335]]]},"properties":{"fmt_tenid":"E 38/1642","type":"EXPLORATION LICENCE","tenstatus":"LIVE","holder1":"LAVERTON GOLD PTY LTD","holder2":" ","legal_area":5,"unit_of_me":"BL.","_colour":"#a0c4f0","_label":"Exploration Licence"}},{"type":"Feature","geometry":{"type":"MultiPolygon","coordinates":[[[[122.58333333441813,-28.721934061573474],[122.58333333309903,-28.716666667338124],[122.5666666673853,-28.716666667301375],[122.55000000036827,-28.716666667024775],[122.53333333288808,-28.71666666725289],[122.53333333270567,-28.733333333322033],[122.54999999986286,-28.733333333104103],[122.55000000013375,-28.75000000038521],[122.55141580666107,-28.7499999997284],[122.56666666673897,-28.750000000213994],[122.5666666672862,-28.748676010999954],[122.56666666651903,-28.733333332524097],[122.56808202531931,-28.733333333434224],[122.5680819977444,-28.732009084337655],[122.57916317379416,-28.732009173067183],[122.57916666074651,-28.73333333639966],[122.58333333272799,-28.7333333328215],[122.58333333441813,-28.721934061573474]]],[[[122.53333333275725,-28.833333333393373],[122.51666666726479,-28.83333333273083],[122.51666666745322,-28.850000000348487],[122.52206951485613,-28.850000014252796],[122.52209883577946,-28.842824950259164],[122.53333333315204,-28.842858852262594],[122.53333333275725,-28.833333333393373]]]]},"properties":{"fmt_tenid":"E 38/1725","type":"EXPLORATION LICENCE","tenstatus":"LIVE","holder1":"LAVERTON GOLD PTY LTD","holder2":" ","legal_area":5,"unit_of_me":"BL.","_colour":"#a0c4f0","_label":"Exploration Licence"}},{"type":"Feature","geometry":{"type":"Polygon","coordinates":[[[122.49999999964437,-28.466666667196826],[122.48333333300289,-28.466666667024466],[122.46666666698215,-28.46666666700848],[122.46666666673012,-28.483333333416315],[122.46666666653525,-28.49867494004679],[122.46808034540595,-28.49867484825884],[122.46808036219412,-28.500000079035456],[122.4833333334074,-28.500000000190074],[122.48333333313724,-28.516666666837168],[122.48333333267979,-28.533333332731473],[122.48333333606178,-28.54770100555823],[122.48421388868377,-28.5499999997347],[122.50000000039901,-28.549999999985967],[122.49999999969567,-28.56666666658645],[122.49999999963842,-28.58333333342937],[122.50000000002133,-28.600000001158115],[122.49999999950941,-28.60718651678034],[122.50457421615543,-28.607203790104194],[122.50449335805529,-28.620734966450495],[122.50448425603234,-28.622315099204187],[122.51611224220612,-28.622421028096728],[122.51604616958944,-28.64091290996962],[122.52876911071353,-28.64090972029587],[122.52878412089547,-28.665357410496714],[122.51807026950527,-28.66535532039227],[122.5166666680687,-28.665354569628832],[122.51666666755034,-28.666666667029293],[122.53333333356305,-28.666666666855125],[122.54999999987976,-28.6666666672404],[122.56666666733938,-28.666666666575424],[122.56666666717591,-28.650000000304924],[122.56666666660365,-28.633333332821504],[122.5499999999879,-28.63333333273857],[122.54999999991517,-28.616666666973963],[122.54999999956831,-28.600000000340916],[122.53333333377327,-28.599999999612535],[122.53333333406084,-28.58333333272551],[122.53333333380665,-28.566666666728903],[122.53333333365765,-28.549999999685753],[122.53333333357864,-28.53333333290781],[122.53333333331695,-28.516666666293105],[122.5166666671671,-28.516666667012753],[122.51666666716315,-28.500000000069253],[122.51666666678948,-28.483333332858653],[122.51666666736648,-28.466666667304537],[122.49999999964437,-28.466666667196826]]]},"properties":{"fmt_tenid":"E 38/1864","type":"EXPLORATION LICENCE","tenstatus":"LIVE","holder1":"LAVERTON GOLD PTY LTD","holder2":" ","legal_area":33,"unit_of_me":"BL.","_colour":"#a0c4f0","_label":"Exploration Licence"}},{"type":"Feature","geometry":{"type":"Polygon","coordinates":[[[122.54999999987976,-28.6666666672404],[122.53333333256306,-28.666666666855125],[122.51666666655035,-28.666666667029308],[122.50146633924749,-28.66666666611685],[122.5014729086356,-28.669156260163234],[122.50148530956324,-28.67390114022026],[122.5044576080271,-28.673895404784403],[122.50434358027857,-28.680282630157745],[122.50425659391514,-28.685154690859484],[122.50956623374682,-28.685522823452718],[122.5093592346,-28.69439037316999],[122.51144204113517,-28.694390407100926],[122.51666666707601,-28.69438985905126],[122.52271856029951,-28.694389220731942],[122.52270221670227,-28.700000000466506],[122.53333333297283,-28.69999999986945],[122.53333333288808,-28.71666666625289],[122.54999999936827,-28.71666666802477],[122.54999999989039,-28.699999999831764],[122.54999999993154,-28.683333333100148],[122.54999999987976,-28.6666666672404]]]},"properties":{"fmt_tenid":"E 38/1869","type":"EXPLORATION LICENCE","tenstatus":"LIVE","holder1":"LAVERTON GOLD PTY LTD","holder2":" ","legal_area":7,"unit_of_me":"BL.","_colour":"#a0c4f0","_label":"Exploration Licence"}},{"type":"Feature","geometry":{"type":"MultiPolygon","coordinates":[[[[122.6344557775009,-28.84867574887716],[122.65000000049358,-28.848675559308333],[122.65141653355228,-28.848675542668797],[122.65141656485375,-28.850000000279174],[122.66666666690324,-28.85000000011222],[122.66666666687196,-28.83333333331379],[122.6833333334865,-28.83333333257322],[122.6833333325017,-28.816666667253642],[122.66666666666545,-28.81666666699667],[122.66666666664909,-28.800000000317493],[122.66666666707768,-28.783333332902057],[122.66666666723803,-28.766666666983685],[122.65981409224838,-28.76666657687613],[122.66026961502192,-28.768380222142067],[122.66096837464804,-28.771008945376],[122.66306071405116,-28.778878657877076],[122.65851561661046,-28.77981693351699],[122.66036941014195,-28.787032193451957],[122.65708141030126,-28.787652840686572],[122.66042603597857,-28.801732662645673],[122.6526816128966,-28.803384641122886],[122.65266893055566,-28.797681013397984],[122.64999999429001,-28.7976808429842],[122.64999999995983,-28.799999999779356],[122.6500000141849,-28.8073518975645],[122.65066071702289,-28.807407531724497],[122.65079808043801,-28.8113680960282],[122.65000001748618,-28.811300791864852],[122.650000149084,-28.814016276766413],[122.64999999975825,-28.81666666738979],[122.63333333263706,-28.816666667061842],[122.61666666743032,-28.816666666976683],[122.61666666694491,-28.834766215441636],[122.61839307206093,-28.834766214281778],[122.61839050274799,-28.825831326320664],[122.62182759777141,-28.82583133087182],[122.62030180372516,-28.83076564951803],[122.61776803614256,-28.83895869917366],[122.62569166575257,-28.84093156973319],[122.63362190531838,-28.842905242362647],[122.63332241248278,-28.84387379755834],[122.63604679246994,-28.844607128883972],[122.6344557775009,-28.84867574887716]],[[122.64306196178485,-28.83527428073128],[122.64540347144828,-28.8359735309781],[122.64774528201693,-28.836672821455352],[122.64965423142854,-28.837242816607464],[122.65008767236141,-28.837372233665928],[122.6487632673991,-28.840810806121432],[122.6461184768216,-28.847676777407855],[122.64377674529857,-28.846983989406013],[122.64143038086051,-28.846289778252128],[122.63908777424172,-28.845590380244342],[122.63953753093197,-28.84442306882009],[122.64041247675732,-28.842152128270488],[122.64173727849698,-28.838713172206297],[122.64306196178485,-28.83527428073128]]],[[[122.61776802657866,-28.84867591553472],[122.61666666734908,-28.84867594761538],[122.61666666715892,-28.849999999508622],[122.63393791350241,-28.850000004471955],[122.6344557775009,-28.84867574887716],[122.61776802657866,-28.84867591553472]]]]},"properties":{"fmt_tenid":"E 38/2032","type":"EXPLORATION LICENCE","tenstatus":"LIVE","holder1":"LAVERTON GOLD PTY LTD","holder2":" ","legal_area":10,"unit_of_me":"BL.","_colour":"#a0c4f0","_label":"Exploration Licence"}},{"type":"Feature","geometry":{"type":"Polygon","coordinates":[[[122.52270221670227,-28.700000000466506],[122.52269292720364,-28.70318884139195],[122.52267119952687,-28.71064589996133],[122.51666666713501,-28.710638669797355],[122.51666666732206,-28.716666667496177],[122.51666666704907,-28.722921420688326],[122.51741053059318,-28.723037006850195],[122.51741066749294,-28.73205977775334],[122.51666666650928,-28.732059812430265],[122.51666666688894,-28.733333333196587],[122.53333333270567,-28.733333333322033],[122.53333333288808,-28.71666666725289],[122.5333333336781,-28.70318878406608],[122.53333333297283,-28.69999999986945],[122.52270221670227,-28.700000000466506]]]},"properties":{"fmt_tenid":"E 38/2862","type":"EXPLORATION LICENCE","tenstatus":"LIVE","holder1":"LAVERTON GOLD PTY LTD","holder2":" ","legal_area":2,"unit_of_me":"BL.","_colour":"#a0c4f0","_label":"Exploration Licence"}},{"type":"Feature","geometry":{"type":"Polygon","coordinates":[[[122.38333333327635,-28.96666666725816],[122.3833333334479,-28.983333332591915],[122.40000000009101,-28.983333332967163],[122.39999999982109,-28.96666666730298],[122.41666666743883,-28.96666666718749],[122.43333333280306,-28.966666667424967],[122.43333333309246,-28.949999999967545],[122.43333333268647,-28.933333332707353],[122.43333333344628,-28.916666666667485],[122.43333333265613,-28.900000000016444],[122.41666666700333,-28.89999999969458],[122.4166666670988,-28.916666666683284],[122.40000000027456,-28.916666666992427],[122.39999999961937,-28.933333332907857],[122.3999999995715,-28.95000000029233],[122.38333333330372,-28.949999999577958],[122.38333333327635,-28.96666666725816]]]},"properties":{"fmt_tenid":"E 38/2873","type":"EXPLORATION LICENCE","tenstatus":"LIVE","holder1":"LAVERTON GOLD PTY LTD","holder2":" ","legal_area":9,"unit_of_me":"BL.","_colour":"#a0c4f0","_label":"Exploration Licence"}},{"type":"Feature","geometry":{"type":"MultiPolygon","coordinates":[[[[122.28333333282484,-28.800000000134652],[122.28485016082018,-28.80000000012624],[122.28484926744603,-28.766666669006952],[122.26733757780146,-28.76666666736385],[122.27644304979724,-28.77932886005358],[122.27660701282855,-28.77955680150342],[122.27660107207203,-28.807068341659907],[122.26802497163317,-28.79665776994523],[122.26762440198529,-28.814352700289977],[122.26846979788232,-28.815350268861323],[122.28333332671271,-28.815364419269773],[122.28333333282484,-28.800000000134652]]],[[[122.33486601786004,-28.80000000016642],[122.33486337412148,-28.798764114859676],[122.3499999995823,-28.79868435146065],[122.35000000011131,-28.798317565994147],[122.34999999636177,-28.78389769211246],[122.34999992140789,-28.78333324711744],[122.35000000046756,-28.766666666840752],[122.34372288931826,-28.76666666688423],[122.34465707241435,-28.769345373503405],[122.34465719332219,-28.77973253316741],[122.33442687709073,-28.779734913221624],[122.33479663085656,-28.785923585623582],[122.33333333278217,-28.78592360282897],[122.333333332731,-28.79999999981178],[122.33486601786004,-28.80000000016642]]],[[[122.349999999757,-28.750000000059813],[122.34999999993433,-28.737630253544257],[122.34471444096074,-28.73763031012932],[122.34471439324425,-28.733333334114928],[122.33333333313172,-28.733333332914693],[122.33333333322972,-28.7499999998935],[122.349999999757,-28.750000000059813]]]]},"properties":{"fmt_tenid":"E 38/2951","type":"EXPLORATION LICENCE","tenstatus":"LIVE","holder1":"GENESIS MINERALS (LAVERTON) PTY LTD","holder2":" ","legal_area":8,"unit_of_me":"BL.","_colour":"#a0c4f0","_label":"Exploration Licence"}},{"type":"Feature","geometry":{"type":"Polygon","coordinates":[[[122.66666666723803,-28.766666666983685],[122.6666666670547,-28.776600404634856],[122.66666666701845,-28.780141252277623],[122.66666666707768,-28.783333332902057],[122.66666666664909,-28.800000000317493],[122.66666666666545,-28.81666666699667],[122.6833333325017,-28.816666667253642],[122.68333333321111,-28.800000000161923],[122.68333333329264,-28.783333332812266],[122.68333332876648,-28.77809713988069],[122.67626543311549,-28.777946464736452],[122.67601563643825,-28.76666666282049],[122.66666666723803,-28.766666666983685]]]},"properties":{"fmt_tenid":"E 38/3050","type":"EXPLORATION LICENCE","tenstatus":"LIVE","holder1":"LAVERTON GOLD PTY LTD","holder2":" ","legal_area":3,"unit_of_me":"BL.","_colour":"#a0c4f0","_label":"Exploration Licence"}},{"type":"Feature","geometry":{"type":"Polygon","coordinates":[[[122.61666666714801,-28.78333333336006],[122.61666666679831,-28.800000000385573],[122.59999999997291,-28.80000000021367],[122.59999999979907,-28.8166666665813],[122.59999999981886,-28.83333333332391],[122.61666666664784,-28.833333333280706],[122.61666666743032,-28.816666666976683],[122.63333333263706,-28.816666667061842],[122.64999999975825,-28.81666666738979],[122.65000000008129,-28.81401630176691],[122.65000000048595,-28.811300796864995],[122.64852208028869,-28.811176150496436],[122.64838515956426,-28.807215920251164],[122.65000000018483,-28.8073518995647],[122.64999999995983,-28.799999999779356],[122.63333333352378,-28.80000000020507],[122.63333333267819,-28.783333333223865],[122.61666666714801,-28.78333333336006]]]},"properties":{"fmt_tenid":"E 38/3051","type":"EXPLORATION LICENCE","tenstatus":"LIVE","holder1":"LAVERTON GOLD PTY LTD","holder2":" ","legal_area":5,"unit_of_me":"BL.","_colour":"#a0c4f0","_label":"Exploration Licence"}},{"type":"Feature","geometry":{"type":"Polygon","coordinates":[[[122.61666666679831,-28.800000000385573],[122.61666666714801,-28.78333333336006],[122.59999999955794,-28.783333332614696],[122.59999999997291,-28.80000000021367],[122.61666666679831,-28.800000000385573]]]},"properties":{"fmt_tenid":"E 38/3088","type":"EXPLORATION LICENCE","tenstatus":"LIVE","holder1":"LAVERTON GOLD PTY LTD","holder2":" ","legal_area":1,"unit_of_me":"BL.","_colour":"#a0c4f0","_label":"Exploration Licence"}},{"type":"Feature","geometry":{"type":"Polygon","coordinates":[[[122.41666666654694,-28.483333332891235],[122.41666666739027,-28.466666667407196],[122.41666666743771,-28.450000000120816],[122.39999999951624,-28.449999999777592],[122.39999999963743,-28.466666667247544],[122.39999999974886,-28.483333333025755],[122.41666666654694,-28.483333332891235]]]},"properties":{"fmt_tenid":"E 38/3186","type":"EXPLORATION LICENCE","tenstatus":"LIVE","holder1":"LAVERTON GOLD PTY LTD","holder2":" ","legal_area":2,"unit_of_me":"BL.","_colour":"#a0c4f0","_label":"Exploration Licence"}},{"type":"Feature","geometry":{"type":"MultiPolygon","coordinates":[[[[122.29658232793692,-28.75000000021099],[122.30000000023931,-28.750000000286363],[122.3166666665069,-28.75000000036799],[122.316666663966,-28.748678209903844],[122.31666666680074,-28.733333332614468],[122.31666666716075,-28.71666666744524],[122.31583269260052,-28.71666666674066],[122.3135401895098,-28.729975820012374],[122.31422225964094,-28.743332369821776],[122.30644334998455,-28.74229992048764],[122.29808643981343,-28.741190230354114],[122.29709967993067,-28.746970080241013],[122.29658232793692,-28.75000000021099]]],[[[122.28366292533906,-28.750000000465377],[122.28793709008715,-28.745696860046593],[122.29093705022345,-28.733591960244876],[122.29543849033585,-28.73470083971863],[122.29791232952965,-28.735310179524646],[122.2978538065813,-28.733333333273066],[122.28333333255085,-28.733333332735786],[122.2833333333896,-28.750000000440423],[122.28366292533906,-28.750000000465377]]]]},"properties":{"fmt_tenid":"E 38/3211","type":"EXPLORATION LICENCE","tenstatus":"LIVE","holder1":"GENESIS MINERALS (LAVERTON) PTY LTD","holder2":"VOX ROYALTY AUSTRALIA PTY LTD","legal_area":3,"unit_of_me":"BL.","_colour":"#a0c4f0","_label":"Exploration Licence"}},{"type":"Feature","geometry":{"type":"Polygon","coordinates":[[[122.59999999981886,-28.83333333332391],[122.60000000010649,-28.850000000186355],[122.61666666715892,-28.849999999508622],[122.61666666734908,-28.84867594761538],[122.60814673073196,-28.848676044346625],[122.60814648403127,-28.834766213814994],[122.61666666694491,-28.834766215441636],[122.61666666664784,-28.833333333280706],[122.59999999981886,-28.83333333332391]]]},"properties":{"fmt_tenid":"E 38/3217","type":"EXPLORATION LICENCE","tenstatus":"LIVE","holder1":"LAVERTON GOLD PTY LTD","holder2":" ","legal_area":1,"unit_of_me":"BL.","_colour":"#a0c4f0","_label":"Exploration Licence"}},{"type":"Feature","geometry":{"type":"Polygon","coordinates":[[[122.45000000014711,-28.500000000483087],[122.44999999977603,-28.516666666578782],[122.45000000033586,-28.533333332628263],[122.45538110627993,-28.53333333331623],[122.45166017087689,-28.524305174747816],[122.46377049471644,-28.52441093436224],[122.46666666719148,-28.523608999514753],[122.46666666723318,-28.516666667240045],[122.46666666737231,-28.499999999836696],[122.45000000014711,-28.500000000483087]]]},"properties":{"fmt_tenid":"E 38/3232","type":"EXPLORATION LICENCE","tenstatus":"LIVE","holder1":"LAVERTON GOLD PTY LTD","holder2":" ","legal_area":2,"unit_of_me":"BL.","_colour":"#a0c4f0","_label":"Exploration Licence"}},{"type":"Feature","geometry":{"type":"Polygon","coordinates":[[[122.50000000022894,-28.721909372673007],[122.50000000049228,-28.733333332550774],[122.51666666688894,-28.733333333196587],[122.51666666732206,-28.716666667496177],[122.51666666713501,-28.710638669797355],[122.50734208071205,-28.71062744515107],[122.50732542735535,-28.721473624597238],[122.50000000022894,-28.721909372673007]]]},"properties":{"fmt_tenid":"E 38/3238","type":"EXPLORATION LICENCE","tenstatus":"LIVE","holder1":"LAVERTON GOLD PTY LTD","holder2":" ","legal_area":2,"unit_of_me":"BL.","_colour":"#a0c4f0","_label":"Exploration Licence"}},{"type":"Feature","geometry":{"type":"MultiPolygon","coordinates":[[[[122.22955994749344,-28.749999999948862],[122.22875175963507,-28.749020847106266],[122.23475109089685,-28.749020964102144],[122.23475109310273,-28.748666643835573],[122.23475367310292,-28.74866665483304],[122.24012391048998,-28.748689310559307],[122.24053040427688,-28.74904350482031],[122.2462591926612,-28.75403480741052],[122.24912811541566,-28.75147724803046],[122.24999999973777,-28.75209683744899],[122.24999949917019,-28.74999972074731],[122.24999941861893,-28.733333525965577],[122.24999999956523,-28.716666667151458],[122.23333314297395,-28.716667414303227],[122.21666666692416,-28.716666666501858],[122.2166666672586,-28.732012568416728],[122.21808432549396,-28.732012471703325],[122.21808481589623,-28.740425479300182],[122.21808638098177,-28.740668518390315],[122.21815006480603,-28.748720112386543],[122.2166666674514,-28.748706908750854],[122.21666666694985,-28.750000000177575],[122.22955994749344,-28.749999999948862]]],[[[122.2347511687207,-28.75628938458234],[122.23475508681545,-28.765338595476123],[122.24221787525347,-28.765335617346285],[122.2347511687207,-28.75628938458234]]]]},"properties":{"fmt_tenid":"E 38/3272","type":"EXPLORATION LICENCE","tenstatus":"LIVE","holder1":"GENESIS MINERALS (LAVERTON) PTY LTD","holder2":"VOX ROYALTY AUSTRALIA PTY LTD","legal_area":5,"unit_of_me":"BL.","_colour":"#a0c4f0","_label":"Exploration Licence"}},{"type":"Feature","geometry":{"type":"Polygon","coordinates":[[[122.34999999955866,-28.629355001396984],[122.35334516218303,-28.62927731617625],[122.35440181206407,-28.62925272037528],[122.35593911689072,-28.629216994124377],[122.3558304189425,-28.625583569100513],[122.35571280600155,-28.621651814030834],[122.35569567501037,-28.62107909701687],[122.35561372798892,-28.618339393564604],[122.35714702577705,-28.61830366785739],[122.35738345874435,-28.618298157210578],[122.35827602562122,-28.618277350542957],[122.36486849651729,-28.618123490856746],[122.36572465236632,-28.618103486148975],[122.36589640233599,-28.618099472207064],[122.36607574644152,-28.624079575041023],[122.36666666734764,-28.624095518436746],[122.36666666729097,-28.61666666703691],[122.36484336558404,-28.616666739652914],[122.35403920115172,-28.61666682889567],[122.3499999996867,-28.61666666697506],[122.34999999955866,-28.629355001396984]]]},"properties":{"fmt_tenid":"E 38/3424","type":"EXPLORATION LICENCE","tenstatus":"LIVE","holder1":"LAVERTON GOLD PTY LTD","holder2":" ","legal_area":1,"unit_of_me":"BL.","_colour":"#a0c4f0","_label":"Exploration Licence"}},{"type":"Feature","geometry":{"type":"Polygon","coordinates":[[[122.5666666673853,-28.716666667301375],[122.58333333309903,-28.716666667338124],[122.58333333289464,-28.69999999977959],[122.58333333317506,-28.683333332896623],[122.58333333279452,-28.666666666698617],[122.56666666733938,-28.666666666575424],[122.54999999987976,-28.6666666672404],[122.54999999993154,-28.683333333100148],[122.54999999989039,-28.699999999831764],[122.55000000036827,-28.716666667024775],[122.5666666673853,-28.716666667301375]]]},"properties":{"fmt_tenid":"E 38/3565","type":"EXPLORATION LICENCE","tenstatus":"LIVE","holder1":"LAVERTON GOLD PTY LTD","holder2":" ","legal_area":6,"unit_of_me":"BL.","_colour":"#a0c4f0","_label":"Exploration Licence"}},{"type":"Feature","geometry":{"type":"Polygon","coordinates":[[[122.30346099127675,-28.683333332006132],[122.30346100244958,-28.683182369921337],[122.31164644101624,-28.683182369733125],[122.31606055812672,-28.672438878318005],[122.30838275425886,-28.67003727726975],[122.30976319646909,-28.666666667236754],[122.30000000017208,-28.66666666697421],[122.30000000041579,-28.683333332570562],[122.30346099127675,-28.683333332006132]]]},"properties":{"fmt_tenid":"E 38/3639","type":"EXPLORATION LICENCE","tenstatus":"LIVE","holder1":"LAVERTON GOLD PTY LTD","holder2":" ","legal_area":1,"unit_of_me":"BL.","_colour":"#a0c4f0","_label":"Exploration Licence"}},{"type":"Feature","geometry":{"type":"Polygon","coordinates":[[[122.26666666683326,-28.86666666727758],[122.266666666184,-28.849999999871994],[122.25240143533125,-28.850000000111045],[122.25240143464835,-28.85637307385092],[122.25240142910607,-28.874494514246965],[122.25240143535146,-28.888028294301474],[122.25000000010239,-28.888028291653935],[122.25000000049985,-28.900000000382114],[122.26666666735477,-28.90000000044163],[122.28333333287726,-28.899999999592037],[122.28333333324099,-28.883333332895138],[122.2666666672201,-28.883333333151008],[122.26666666683326,-28.86666666727758]]]},"properties":{"fmt_tenid":"E 38/3649","type":"EXPLORATION LICENCE","tenstatus":"LIVE","holder1":"GENESIS MINERALS (LAVERTON) PTY LTD","holder2":" ","legal_area":4,"unit_of_me":"BL.","_colour":"#a0c4f0","_label":"Exploration Licence"}},{"type":"Feature","geometry":{"type":"Polygon","coordinates":[[[122.59999999981886,-28.83333333332391],[122.59999999979907,-28.8166666665813],[122.59999999997291,-28.80000000021367],[122.59999999956065,-28.783334360627205],[122.58333333313253,-28.78333333334679],[122.5833333334931,-28.799999999740862],[122.56666666731005,-28.800000000467186],[122.56666666686917,-28.81666666730439],[122.55000000043931,-28.816666667059902],[122.54999999963015,-28.83333333268122],[122.53333333275725,-28.833333333393373],[122.53333333715018,-28.842859451263003],[122.54771177376384,-28.84290224203603],[122.57332755097981,-28.84297436172542],[122.57320073034722,-28.879060559223973],[122.56666666966743,-28.879042355161722],[122.56666666659383,-28.883333332845584],[122.58333333335673,-28.88333333317603],[122.58333333309005,-28.866666667166687],[122.60000000044502,-28.866666667085234],[122.5999999997981,-28.88333333326453],[122.60000000071597,-28.883951062584394],[122.6036987393222,-28.883950668388643],[122.60356979724962,-28.884360749869444],[122.60136120878926,-28.89137447233634],[122.60000000346783,-28.895696690324495],[122.59999999955514,-28.900000000139514],[122.59864463118389,-28.900000076656802],[122.59723816730674,-28.904465329735245],[122.58333333453953,-28.904471707044248],[122.58333333322801,-28.91666666721856],[122.60000000037488,-28.916666667106313],[122.6166666672288,-28.916666667014393],[122.61666666741365,-28.90000000024921],[122.61666666745266,-28.88333333250271],[122.61666666726073,-28.866666666544603],[122.61666666715892,-28.849999999508622],[122.60000000010649,-28.850000000186355],[122.59999999981886,-28.83333333332391]]]},"properties":{"fmt_tenid":"E 38/3659","type":"EXPLORATION LICENCE","tenstatus":"LIVE","holder1":"LAVERTON GOLD PTY LTD","holder2":" ","legal_area":18,"unit_of_me":"BL.","_colour":"#a0c4f0","_label":"Exploration Licence"}},{"type":"Feature","geometry":{"type":"MultiPolygon","coordinates":[[[[122.49999999963842,-28.58333333342937],[122.49999999969567,-28.56666666658645],[122.50000000039901,-28.549999999985967],[122.48421388868377,-28.5499999997347],[122.4868098744479,-28.556777733288534],[122.49624484996802,-28.58148726287516],[122.49695003929155,-28.58333333257579],[122.49999999963842,-28.58333333342937]]],[[[122.47069235166543,-28.559559606065395],[122.46666666744238,-28.553692620726157],[122.46666666690412,-28.566666666661526],[122.46666666651024,-28.583333333006816],[122.48227148509052,-28.583333333005108],[122.47206058852133,-28.56232096743911],[122.47089608787797,-28.559899149916635],[122.47089631474613,-28.56275885949633],[122.47076601065581,-28.562807824609166],[122.47069235166543,-28.559559606065395]]]]},"properties":{"fmt_tenid":"E 38/3661","type":"EXPLORATION LICENCE","tenstatus":"LIVE","holder1":"LAVERTON GOLD PTY LTD","holder2":" ","legal_area":4,"unit_of_me":"BL.","_colour":"#a0c4f0","_label":"Exploration Licence"}},{"type":"Feature","geometry":{"type":"MultiPolygon","coordinates":[[[[122.48821156783849,-28.607126890610164],[122.48821680744307,-28.606264972407647],[122.48822848460084,-28.60446042336529],[122.48825733441372,-28.59999999981308],[122.48333333300643,-28.600000000300113],[122.46666666660863,-28.599999999616397],[122.4499999995715,-28.59999999966046],[122.4500000000258,-28.61666666686689],[122.46666666695025,-28.616666666810325],[122.48333333300721,-28.616666666515677],[122.48333333273773,-28.633333332914585],[122.48643661084513,-28.633333333253063],[122.48641990181511,-28.62876904554898],[122.4863901799903,-28.62064934467811],[122.48637489481415,-28.617044767554688],[122.48814988347648,-28.617063865421013],[122.48821156783849,-28.607126890610164]]],[[[122.50000000002133,-28.600000000158126],[122.4964364447144,-28.59999999986716],[122.49639058921028,-28.60717288801078],[122.49999999950941,-28.60718651678034],[122.50000000002133,-28.600000000158126]]]]},"properties":{"fmt_tenid":"E 38/3691","type":"EXPLORATION LICENCE","tenstatus":"LIVE","holder1":"LAVERTON GOLD PTY LTD","holder2":" ","legal_area":4,"unit_of_me":"BL.","_colour":"#a0c4f0","_label":"Exploration Licence"}},{"type":"Feature","geometry":{"type":"MultiPolygon","coordinates":[[[[122.3120302475017,-28.599999999764975],[122.29999999990318,-28.600000000306206],[122.300000000418,-28.6166666673757],[122.31666666686127,-28.616666667330303],[122.31666666727617,-28.599999999918815],[122.3120302475017,-28.599999999764975]]],[[[122.31666666727617,-28.599999999918815],[122.33333333300209,-28.600000000311088],[122.33333333424433,-28.592139424491172],[122.33074093242546,-28.59213984848847],[122.32251598418844,-28.592140874320343],[122.32251432824812,-28.58333333303558],[122.31666666665947,-28.58333333336397],[122.31666666727617,-28.599999999918815]]]]},"properties":{"fmt_tenid":"E 38/3821","type":"EXPLORATION LICENCE","tenstatus":"LIVE","holder1":"LAVERTON GOLD PTY LTD","holder2":" ","legal_area":2,"unit_of_me":"BL.","_colour":"#a0c4f0","_label":"Exploration Licence"}},{"type":"Feature","geometry":{"type":"Polygon","coordinates":[[[122.48653121404554,-28.66666666667364],[122.48651864987114,-28.6617899518581],[122.48333333591447,-28.66179637661883],[122.48333333304656,-28.66666666673903],[122.48653121404554,-28.66666666667364]]]},"properties":{"fmt_tenid":"E 38/3824","type":"EXPLORATION LICENCE","tenstatus":"LIVE","holder1":"LAVERTON GOLD PTY LTD","holder2":" ","legal_area":1,"unit_of_me":"BL.","_colour":"#a0c4f0","_label":"Exploration Licence"}},{"type":"Feature","geometry":{"type":"Polygon","coordinates":[[[122.30000000041579,-28.683333332570562],[122.30000000017208,-28.66666666697421],[122.28333333330126,-28.666666666766574],[122.2833333330372,-28.68333333279539],[122.30000000041579,-28.683333332570562]]]},"properties":{"fmt_tenid":"E 38/3830","type":"EXPLORATION LICENCE","tenstatus":"LIVE","holder1":"LAVERTON GOLD PTY LTD","holder2":" ","legal_area":1,"unit_of_me":"BL.","_colour":"#a0c4f0","_label":"Exploration Licence"}},{"type":"Feature","geometry":{"type":"MultiPolygon","coordinates":[[[[122.31428893529109,-28.61935775698822],[122.31666666712913,-28.61935761509719],[122.31666666686127,-28.616666667330303],[122.300000000418,-28.6166666673757],[122.29999999998165,-28.633333332994233],[122.3000000002941,-28.649999999604713],[122.30000000017208,-28.66666666697421],[122.30976319646909,-28.666666667236754],[122.31194315836566,-28.661343879123518],[122.31066254742818,-28.66133732994702],[122.31073969780226,-28.649513586320396],[122.30905146671064,-28.64950511997642],[122.30906624953634,-28.6472485759866],[122.31395372197026,-28.64727353605855],[122.3139625346219,-28.632361196919334],[122.31428694092972,-28.63236796620307],[122.31428893529109,-28.61935775698822]]],[[[122.33333333309676,-28.65000000005964],[122.33333333346869,-28.63333333264107],[122.33082700758227,-28.633333333469174],[122.33090439205066,-28.64400432552668],[122.33053122868013,-28.649999999935737],[122.33333333309676,-28.65000000005964]]]]},"properties":{"fmt_tenid":"E 38/3832","type":"EXPLORATION LICENCE","tenstatus":"LIVE","holder1":"LAVERTON GOLD PTY LTD","holder2":" ","legal_area":4,"unit_of_me":"BL.","_colour":"#a0c4f0","_label":"Exploration Licence"}},{"type":"Feature","geometry":{"type":"MultiPolygon","coordinates":[[[[122.13333333291365,-28.700000000491887],[122.11666666670745,-28.700000000016235],[122.11666666681296,-28.701377686169312],[122.1166666671557,-28.710403507063802],[122.11666658985607,-28.719423820422065],[122.14521600027872,-28.72006829973437],[122.16666666705814,-28.720068155366302],[122.16666666669956,-28.71666666551363],[122.15000000014018,-28.716666666315522],[122.15000000030608,-28.699999999552332],[122.13333333291365,-28.700000000491887]]],[[[122.20928437532037,-28.744157855876303],[122.21461230898926,-28.76666666659898],[122.21666666713686,-28.76666666737981],[122.2166666674514,-28.748706892750842],[122.2137224707447,-28.74868065547761],[122.20928437532037,-28.744157855876303]]],[[[122.20141744413496,-28.733333332946085],[122.20141758290355,-28.7406649937142],[122.2166666673529,-28.74066821809832],[122.21666666724732,-28.733333332989005],[122.20141744413496,-28.733333332946085]]]]},"properties":{"fmt_tenid":"E 39/1310","type":"EXPLORATION LICENCE","tenstatus":"LIVE","holder1":"GENESIS MINERALS (LAVERTON) PTY LTD","holder2":" ","legal_area":7,"unit_of_me":"BL.","_colour":"#a0c4f0","_label":"Exploration Licence"}},{"type":"Feature","geometry":{"type":"Polygon","coordinates":[[[122.15000000019732,-28.683333333086203],[122.15000000012786,-28.666666667351002],[122.13333333324944,-28.66666666674728],[122.12036155201723,-28.66666666891448],[122.11666666723221,-28.66666666742678],[122.11666666716609,-28.671098036656918],[122.11666666670745,-28.700000000016235],[122.15000000030608,-28.699999999552332],[122.14999999961498,-28.69104492829984],[122.15000000019732,-28.683333333086203]]]},"properties":{"fmt_tenid":"E 39/1713","type":"EXPLORATION LICENCE","tenstatus":"LIVE","holder1":"GENESIS MINERALS (LAVERTON) PTY LTD","holder2":" ","legal_area":4,"unit_of_me":"BL.","_colour":"#a0c4f0","_label":"Exploration Licence"}},{"type":"Feature","geometry":{"type":"Polygon","coordinates":[[[122.21666666692416,-28.716666666501858],[122.21666666672621,-28.69999999976828],[122.20000000009853,-28.69999999996759],[122.18333333344567,-28.70000000044181],[122.16666666743055,-28.700000000052412],[122.16666666726208,-28.68333333329417],[122.15000000019732,-28.683333333086203],[122.15000000030608,-28.699999999552332],[122.15000000014018,-28.716666667315515],[122.16666666669956,-28.71666666651362],[122.16666666705814,-28.720068155366302],[122.17417186749928,-28.72006810595404],[122.18130193253141,-28.732013074804936],[122.20141741940296,-28.732012952045963],[122.20141744413496,-28.733333332946085],[122.21666666724732,-28.733333332989005],[122.21666666692416,-28.716666666501858]]]},"properties":{"fmt_tenid":"E 39/1787","type":"EXPLORATION LICENCE","tenstatus":"LIVE","holder1":"GENESIS MINERALS (LAVERTON) PTY LTD","holder2":" ","legal_area":8,"unit_of_me":"BL.","_colour":"#a0c4f0","_label":"Exploration Licence"}},{"type":"Feature","geometry":{"type":"Polygon","coordinates":[[[122.16666666713056,-28.8833333330283],[122.18333333299161,-28.88333333259023],[122.18333333312225,-28.868970069601563],[122.18132220998584,-28.86063423954244],[122.17740194025278,-28.86136878975324],[122.16205461048285,-28.86424324994884],[122.16028090024035,-28.860337240030713],[122.15904192005637,-28.857608630410123],[122.15138506026811,-28.86030253992405],[122.14670884142896,-28.85000000032715],[122.13333333342361,-28.849999999532724],[122.13333333251364,-28.86666666737297],[122.15000000010586,-28.86666666742376],[122.15000000024824,-28.883333332603787],[122.16666666713056,-28.8833333330283]]]},"properties":{"fmt_tenid":"E 39/1950","type":"EXPLORATION LICENCE","tenstatus":"LIVE","holder1":"GENESIS MINERALS (LAVERTON) PTY LTD","holder2":" ","legal_area":5,"unit_of_me":"BL.","_colour":"#a0c4f0","_label":"Exploration Licence"}},{"type":"Feature","geometry":{"type":"Polygon","coordinates":[[[122.16666666718608,-28.91666666746696],[122.16666666697145,-28.93333333279931],[122.16666666650141,-28.950000000170775],[122.16666667347434,-28.95691328267061],[122.18297034044204,-28.981480950100245],[122.18333333392468,-28.982027670617864],[122.18333333320494,-28.96666666729486],[122.19999999958854,-28.966666666807694],[122.19999999981256,-28.949999999921527],[122.18333333275879,-28.950000000277655],[122.18333333332997,-28.933333332779853],[122.18333333297637,-28.91666666677685],[122.16666666718608,-28.91666666746696]]]},"properties":{"fmt_tenid":"E 39/1951","type":"EXPLORATION LICENCE","tenstatus":"LIVE","holder1":"GENESIS MINERALS (LAVERTON) PTY LTD","holder2":" ","legal_area":5,"unit_of_me":"BL.","_colour":"#a0c4f0","_label":"Exploration Licence"}},{"type":"Feature","geometry":{"type":"Polygon","coordinates":[[[122.18333333268373,-28.89999999990937],[122.18333333297637,-28.91666666677685],[122.18333333332997,-28.933333332779853],[122.18333333275879,-28.950000000277655],[122.19999999981256,-28.949999999921527],[122.19999999958854,-28.966666666807694],[122.18333333320494,-28.96666666729486],[122.18333333392468,-28.982027670617864],[122.19440360020772,-28.998700980265085],[122.19500145966695,-29.000000009767383],[122.20000000023099,-29.000000000163272],[122.19999999982309,-28.98333333321534],[122.21666666709906,-28.983333332940585],[122.21666666693237,-28.96666666662152],[122.2166666665877,-28.94999999970935],[122.21666666694924,-28.933333332959947],[122.21666666655165,-28.91666666727721],[122.20000000020259,-28.9166666673264],[122.20000000016748,-28.899999999943834],[122.18333333268373,-28.89999999990937]]]},"properties":{"fmt_tenid":"E 39/1967","type":"EXPLORATION LICENCE","tenstatus":"LIVE","holder1":"GENESIS MINERALS (LAVERTON) PTY LTD","holder2":" ","legal_area":9,"unit_of_me":"BL.","_colour":"#a0c4f0","_label":"Exploration Licence"}},{"type":"Feature","geometry":{"type":"Polygon","coordinates":[[[122.10000000029066,-28.84999999990052],[122.09429135381131,-28.850000006215794],[122.08532258493634,-28.84999999383666],[122.08237623708483,-28.851422286793927],[122.08149071490465,-28.849999996540966],[122.07309739152335,-28.850000000499815],[122.06666666776098,-28.84999999967381],[122.06666666691541,-28.859455207469075],[122.06666666712184,-28.86666666698997],[122.06666666740416,-28.868085630915004],[122.0666666671396,-28.87692502092973],[122.06666666809,-28.883333332865266],[122.06666666708556,-28.885916734032982],[122.06666666847617,-28.899999999732103],[122.06666666709718,-28.903961734265152],[122.06666666766279,-28.916666666770737],[122.06666666734486,-28.92224923780824],[122.06666666749986,-28.932016038905342],[122.06666666838589,-28.933333333165088],[122.06666666813425,-28.950000000379383],[122.06666666710382,-28.950066254286142],[122.06666666765204,-28.96666666743921],[122.06666666683884,-28.97386612725492],[122.06666666768734,-28.98333333252653],[122.08333333308474,-28.98333333295238],[122.10000000016568,-28.983333333194434],[122.0999999998896,-28.966666667304672],[122.09999999952957,-28.94999999999131],[122.1000000003874,-28.933333332535252],[122.10000000033692,-28.916666667109226],[122.09999999968723,-28.900000000427973],[122.11666666704986,-28.90000000002717],[122.13333333329338,-28.899999999966244],[122.13333333250736,-28.883333333251358],[122.11666666702597,-28.88333333269887],[122.11666666661776,-28.866666666653074],[122.10000000030026,-28.86666666720378],[122.10000000029066,-28.84999999990052]]]},"properties":{"fmt_tenid":"E 39/2002","type":"EXPLORATION LICENCE","tenstatus":"LIVE","holder1":"GENESIS MINERALS (LAVERTON) PTY LTD","holder2":" ","legal_area":19,"unit_of_me":"BL.","_colour":"#a0c4f0","_label":"Exploration Licence"}},{"type":"Feature","geometry":{"type":"MultiPolygon","coordinates":[[[[122.01666666725394,-28.63333333315419],[122.01666666726962,-28.650000000298384],[122.03333333308032,-28.65000000017189],[122.03333333287995,-28.666666666601007],[122.0333333332077,-28.683333332660617],[122.05000000035874,-28.68333333317444],[122.04999999950061,-28.698680987690626],[122.05141831463604,-28.698680929033685],[122.0666666678798,-28.69818993191194],[122.06666666820091,-28.68333333287146],[122.06666666815987,-28.6666666670684],[122.0666666683239,-28.64999999990481],[122.06666666756149,-28.633333333318298],[122.05000000029914,-28.633333332785455],[122.0333333333114,-28.63333333269196],[122.01666666725394,-28.63333333315419]]],[[[122.01666666691364,-28.616666666964868],[122.00000000014187,-28.61666666702215],[121.99999999991532,-28.63333333328921],[122.01666666725394,-28.63333333315419],[122.01666666691364,-28.616666666964868]]]]},"properties":{"fmt_tenid":"E 39/2004","type":"EXPLORATION LICENCE","tenstatus":"LIVE","holder1":"GENESIS MINERALS (LAVERTON) PTY LTD","holder2":" ","legal_area":9,"unit_of_me":"BL.","_colour":"#a0c4f0","_label":"Exploration Licence"}},{"type":"Feature","geometry":{"type":"Polygon","coordinates":[[[122.18333333344567,-28.70000000044181],[122.20000000009853,-28.69999999996759],[122.21666666672621,-28.69999999976828],[122.21666666748989,-28.683333333460443],[122.21666666712919,-28.666666666764552],[122.21666666704763,-28.650000000341475],[122.1999999999253,-28.649999999678233],[122.20000000012396,-28.666666666657633],[122.20000000006534,-28.6833333328476],[122.18333333283952,-28.683333333398906],[122.16666666726208,-28.68333333329417],[122.16666666743055,-28.700000000052412],[122.18333333344567,-28.70000000044181]]]},"properties":{"fmt_tenid":"E 39/2017","type":"EXPLORATION LICENCE","tenstatus":"LIVE","holder1":"GENESIS MINERALS (LAVERTON) PTY LTD","holder2":" ","legal_area":5,"unit_of_me":"BL.","_colour":"#a0c4f0","_label":"Exploration Licence"}},{"type":"Feature","geometry":{"type":"Polygon","coordinates":[[[122.21666666694985,-28.750000000177575],[122.21666666713686,-28.76666666737981],[122.21461230898926,-28.76666666659898],[122.21692475361449,-28.776436001554384],[122.24668679203369,-28.811645959310194],[122.25134418477336,-28.80875118268523],[122.25129537484852,-28.781987835521065],[122.25594380454972,-28.78198791704297],[122.24855627065473,-28.773014850125705],[122.24331651567253,-28.766666667341703],[122.23333333376691,-28.766666666508904],[122.23333333321628,-28.754571616564636],[122.22955994749344,-28.749999999948862],[122.21666666694985,-28.750000000177575]]]},"properties":{"fmt_tenid":"E 39/2020","type":"EXPLORATION LICENCE","tenstatus":"LIVE","holder1":"GENESIS MINERALS (LAVERTON) PTY LTD","holder2":" ","legal_area":10,"unit_of_me":"BL.","_colour":"#a0c4f0","_label":"Exploration Licence"}},{"type":"Feature","geometry":{"type":"Polygon","coordinates":[[[121.40100494417096,-28.91358644895365],[121.3908378949262,-28.913586705666475],[121.3908383206813,-28.93162899885317],[121.39054714998059,-28.94533913923706],[121.41664826153887,-28.945671544293564],[121.41665743488176,-28.938571073836485],[121.4211580975409,-28.938570924215885],[121.42339617659704,-28.933703536982236],[121.42454888741928,-28.933671143217953],[121.42543988029462,-28.933597215300683],[121.42529533053968,-28.924360874336735],[121.42544263807643,-28.914329207735157],[121.42455597000597,-28.914328450792475],[121.42454676741694,-28.913208121458954],[121.40100494417096,-28.91358644895365]]]},"properties":{"fmt_tenid":"M 37/1298","type":"MINING LEASE","tenstatus":"LIVE","holder1":"GENESIS MINERALS (LEONORA) PTY LTD","holder2":" ","legal_area":1115.596,"unit_of_me":"HA.","_colour":"#f5a520","_label":"Mining Lease"}},{"type":"Feature","geometry":{"type":"Polygon","coordinates":[[[121.33519953746772,-28.93326301422991],[121.33504650293303,-28.94137644103839],[121.33400625853912,-28.94136792537941],[121.33055768876852,-28.941305277639525],[121.32716039191703,-28.941252745910052],[121.3248612953475,-28.94127519412075],[121.32472121992258,-28.943960137534635],[121.34111246470331,-28.94461870475161],[121.34135150823359,-28.940020378081385],[121.33949877023682,-28.939945894362967],[121.339498783007,-28.938781305549234],[121.33949884943637,-28.933263442876573],[121.33519953746772,-28.93326301422991]]]},"properties":{"fmt_tenid":"M 37/1411","type":"MINING LEASE","tenstatus":"LIVE","holder1":"GENESIS MINERALS (LEONORA) PTY LTD","holder2":" ","legal_area":93.5815,"unit_of_me":"HA.","_colour":"#f5a520","_label":"Mining Lease"}},{"type":"Feature","geometry":{"type":"Polygon","coordinates":[[[121.29302653147488,-28.842080956045493],[121.29281902486997,-28.842363133599356],[121.29324157107693,-28.84260411188387],[121.29523430643863,-28.843740533713696],[121.29619882099476,-28.84242810475017],[121.29378294456953,-28.841052321291286],[121.29302653147488,-28.842080956045493]]]},"properties":{"fmt_tenid":"M 37/219","type":"MINING LEASE","tenstatus":"LIVE","holder1":"GENESIS MINERALS (LEONORA) PTY LTD","holder2":" ","legal_area":4.8629999999999995,"unit_of_me":"HA.","_colour":"#f5a520","_label":"Mining Lease"}},{"type":"Feature","geometry":{"type":"Polygon","coordinates":[[[121.28224853756042,-28.827694352667223],[121.2843564815277,-28.829467415613006],[121.29087630065334,-28.845337555843415],[121.29356280010661,-28.85187535537126],[121.29608526765698,-28.85106986395573],[121.3000171724159,-28.86037444429218],[121.3014211978233,-28.863696542782183],[121.3068511514755,-28.861965920885684],[121.30686146575866,-28.861797338546623],[121.30943686605382,-28.860896122248064],[121.30441055617018,-28.848539289415513],[121.30082928226047,-28.83944198700096],[121.29481420750156,-28.82415836622583],[121.29446573489325,-28.82424880349655],[121.28688846221112,-28.826215022133425],[121.28399851226494,-28.827136439400192],[121.28224853756042,-28.827694352667223]],[[121.29378294456953,-28.841052321291286],[121.29619882099476,-28.84242810475017],[121.29523430643863,-28.843740533713696],[121.29324157107693,-28.84260411188387],[121.29281902486997,-28.842363133599356],[121.29302653147488,-28.842080956045493],[121.29378294456953,-28.841052321291286]],[[121.30044597391883,-28.85521225260076],[121.30324465967824,-28.855936910004317],[121.30281170328395,-28.85732358332071],[121.30033118457534,-28.856686324111447],[121.30044597391883,-28.85521225260076]],[[121.30437847186055,-28.852342307923635],[121.30502006958001,-28.853317415362273],[121.30364616182784,-28.854116045046833],[121.30300584700989,-28.853095869280285],[121.30437847186055,-28.852342307923635]]]},"properties":{"fmt_tenid":"M 37/46","type":"MINING LEASE","tenstatus":"LIVE","holder1":"GENESIS MINERALS (LEONORA) PTY LTD","holder2":" ","legal_area":445.3,"unit_of_me":"HA.","_colour":"#f5a520","_label":"Mining Lease"}},{"type":"Feature","geometry":{"type":"Polygon","coordinates":[[[121.28224853756042,-28.827694352667223],[121.27049316000272,-28.831288057223666],[121.27356658573969,-28.838113654098635],[121.27732387927978,-28.83968196622387],[121.28087827529528,-28.84116544871674],[121.29087630065334,-28.845337555843415],[121.2843564815277,-28.829467415613006],[121.28224853756042,-28.827694352667223]]]},"properties":{"fmt_tenid":"M 37/564","type":"MINING LEASE","tenstatus":"LIVE","holder1":"GENESIS MINERALS (LEONORA) PTY LTD","holder2":" ","legal_area":192.7,"unit_of_me":"HA.","_colour":"#f5a520","_label":"Mining Lease"}},{"type":"Feature","geometry":{"type":"Polygon","coordinates":[[[121.29087630065334,-28.845337555843415],[121.28087827529528,-28.84116544871674],[121.28389705714983,-28.84870123530878],[121.28449699594019,-28.850198723800712],[121.28475551950913,-28.86535065615202],[121.28684633960182,-28.865354265037542],[121.286536133187,-28.86459913696502],[121.28942752877201,-28.863678594392223],[121.29231889090646,-28.862757984075543],[121.29521021454192,-28.861837308030534],[121.29758611335136,-28.861114296218087],[121.3000171724159,-28.86037444429218],[121.29608526765698,-28.85106986395573],[121.29356280010661,-28.85187535537126],[121.29087630065334,-28.845337555843415]]]},"properties":{"fmt_tenid":"M 37/902","type":"MINING LEASE","tenstatus":"LIVE","holder1":"GENESIS MINERALS (LEONORA) PTY LTD","holder2":" ","legal_area":245.4,"unit_of_me":"HA.","_colour":"#f5a520","_label":"Mining Lease"}},{"type":"Feature","geometry":{"type":"Polygon","coordinates":[[[121.28087827529528,-28.84116544871674],[121.27732387927978,-28.83968196622387],[121.2795889058172,-28.848425740118685],[121.2836659665011,-28.84841934882411],[121.28087827529528,-28.84116544871674]]]},"properties":{"fmt_tenid":"M 37/955","type":"MINING LEASE","tenstatus":"LIVE","holder1":"GENESIS MINERALS (LEONORA) PTY LTD","holder2":" ","legal_area":30.995,"unit_of_me":"HA.","_colour":"#f5a520","_label":"Mining Lease"}},{"type":"Feature","geometry":{"type":"Polygon","coordinates":[[[121.28087827529528,-28.84116544871674],[121.2836659665011,-28.84841934882411],[121.2795889058172,-28.848425740118685],[121.2796852348265,-28.84879757207485],[121.28389705714983,-28.84870123530878],[121.28087827529528,-28.84116544871674]]]},"properties":{"fmt_tenid":"M 37/986","type":"MINING LEASE","tenstatus":"LIVE","holder1":"GENESIS MINERALS (LEONORA) PTY LTD","holder2":" ","legal_area":1.956,"unit_of_me":"HA.","_colour":"#f5a520","_label":"Mining Lease"}},{"type":"Feature","geometry":{"type":"Polygon","coordinates":[[[122.3225196543304,-28.62194119939812],[122.32214278403664,-28.62192100109936],[122.3221643169781,-28.657567868226153],[122.31606055712673,-28.672438878318005],[122.31164644301633,-28.683182370733107],[122.3180273857886,-28.68521829719526],[122.31937337729465,-28.685647707082676],[122.3194313383421,-28.685506948108127],[122.32464257417766,-28.672849633971907],[122.3246653261816,-28.672794236997305],[122.32990700859865,-28.66002944078933],[122.33090439205066,-28.64400432552668],[122.33074439495918,-28.621941168923936],[122.3225196543304,-28.62194119939812]]]},"properties":{"fmt_tenid":"M 38/101","type":"MINING LEASE","tenstatus":"LIVE","holder1":"LAVERTON GOLD PTY LTD","holder2":" ","legal_area":583.15,"unit_of_me":"HA.","_colour":"#f5a520","_label":"Mining Lease"}},{"type":"Feature","geometry":{"type":"Polygon","coordinates":[[[122.50448425603234,-28.622315099204187],[122.50441539589839,-28.63426729674328],[122.50143466680113,-28.634253317313046],[122.5013995591911,-28.641356676012187],[122.50141744729189,-28.64813697233108],[122.50143515785443,-28.65484998159045],[122.50145338809182,-28.66175903703457],[122.50146285510222,-28.66534640625944],[122.51807027150527,-28.665355324392287],[122.5287841168955,-28.665357411496707],[122.52876911071353,-28.640909716295848],[122.51604616858944,-28.64091290896964],[122.51611224220612,-28.622421028096728],[122.50448425603234,-28.622315099204187]]]},"properties":{"fmt_tenid":"M 38/1032","type":"MINING LEASE","tenstatus":"LIVE","holder1":"LAVERTON GOLD PTY LTD","holder2":" ","legal_area":980.2,"unit_of_me":"HA.","_colour":"#f5a520","_label":"Mining Lease"}},{"type":"Feature","geometry":{"type":"Polygon","coordinates":[[[122.49469025803431,-28.63523677884179],[122.49604611615956,-28.63887306254682],[122.49698037481909,-28.641377780864442],[122.49740143520653,-28.64250658844898],[122.49956478573027,-28.641693502154496],[122.49944442890923,-28.64137079654289],[122.49820920172107,-28.63805877909997],[122.49685332324256,-28.6344230089367],[122.49469025803431,-28.63523677884179]]]},"properties":{"fmt_tenid":"M 38/1042","type":"MINING LEASE","tenstatus":"LIVE","holder1":"LAVERTON GOLD PTY LTD","holder2":" ","legal_area":19.435,"unit_of_me":"HA.","_colour":"#f5a520","_label":"Mining Lease"}},{"type":"Feature","geometry":{"type":"Polygon","coordinates":[[[122.39412526485252,-28.72107295496239],[122.39492872844306,-28.722991810407752],[122.3955643364963,-28.724509735100867],[122.39719097030233,-28.728281516611712],[122.39915429923494,-28.727629025705873],[122.39797189556708,-28.724154862784662],[122.39786590543649,-28.72390187411201],[122.39750070705708,-28.723030178827447],[122.3964257655784,-28.720464295401474],[122.39412526485252,-28.72107295496239]]]},"properties":{"fmt_tenid":"M 38/1187","type":"MINING LEASE","tenstatus":"LIVE","holder1":"LAVERTON GOLD PTY LTD","holder2":" ","legal_area":19.2,"unit_of_me":"HA.","_colour":"#f5a520","_label":"Mining Lease"}},{"type":"Feature","geometry":{"type":"Polygon","coordinates":[[[122.39082692897654,-28.56222654926851],[122.39069349854913,-28.571224144042823],[122.39055524907822,-28.580543446709555],[122.39049656280507,-28.58449860689116],[122.39042128918092,-28.58957108347533],[122.40234256123247,-28.58963302898378],[122.40247844978182,-28.580591657116702],[122.40261591659075,-28.571437374380576],[122.40274988481436,-28.562363134722137],[122.39350830231265,-28.56225735579136],[122.39082692897654,-28.56222654926851]]]},"properties":{"fmt_tenid":"M 38/1272","type":"MINING LEASE","tenstatus":"LIVE","holder1":"LAVERTON GOLD PTY LTD","holder2":" ","legal_area":353.15,"unit_of_me":"HA.","_colour":"#f5a520","_label":"Mining Lease"}},{"type":"Feature","geometry":{"type":"Polygon","coordinates":[[[122.65084779514525,-28.78674733708158],[122.6508979228948,-28.788831318829157],[122.65180670046638,-28.788814314939348],[122.65336975120766,-28.78878505417172],[122.65335937022876,-28.78835522189336],[122.65330401026992,-28.786062946739808],[122.65083235829296,-28.786109346199694],[122.65084779514525,-28.78674733708158]]]},"properties":{"fmt_tenid":"M 38/1281","type":"MINING LEASE","tenstatus":"LIVE","holder1":"LAVERTON GOLD PTY LTD","holder2":" ","legal_area":7.286,"unit_of_me":"HA.","_colour":"#f5a520","_label":"Mining Lease"}},{"type":"Feature","geometry":{"type":"Polygon","coordinates":[[[122.3897190708393,-28.70685820328061],[122.38934943256533,-28.70936262598294],[122.38906669761323,-28.722896630537498],[122.38475470724933,-28.722315597553624],[122.38475035180281,-28.75263899147119],[122.39092860711868,-28.752744264509598],[122.39500958402844,-28.75281302291528],[122.40478316748813,-28.752978053140364],[122.40518139323055,-28.74952968029636],[122.40545015790416,-28.73651274651543],[122.40572354531669,-28.723160741068632],[122.40592237403783,-28.713448114320002],[122.40597695718225,-28.710781470591066],[122.40600056054505,-28.709628265190474],[122.40601403859891,-28.706847341692747],[122.3897190708393,-28.70685820328061]],[[122.39412526485252,-28.72107295496239],[122.3964257655784,-28.720464295401474],[122.39750070705708,-28.723030178827447],[122.39786590543649,-28.72390187411201],[122.39797189556708,-28.724154862784662],[122.39915429923494,-28.727629025705873],[122.39719097030233,-28.728281516611712],[122.3955643364963,-28.724509735100867],[122.39492872844306,-28.722991810407752],[122.39412526485252,-28.72107295496239]],[[122.40049177512319,-28.71330687477346],[122.40295793562136,-28.713341882011875],[122.40295670370494,-28.713409363144375],[122.40289190106327,-28.71695962909785],[122.4004254650256,-28.716924755138443],[122.40049177512319,-28.71330687477346]]]},"properties":{"fmt_tenid":"M 38/143","type":"MINING LEASE","tenstatus":"LIVE","holder1":"LAVERTON GOLD PTY LTD","holder2":" ","legal_area":930.15,"unit_of_me":"HA.","_colour":"#f5a520","_label":"Mining Lease"}},{"type":"Feature","geometry":{"type":"Polygon","coordinates":[[[122.38682522007963,-28.519112180793858],[122.38651227806123,-28.526365122717678],[122.38628317796827,-28.531712115292596],[122.38812827504829,-28.53368344454945],[122.38962320372295,-28.535280576490738],[122.38520556326561,-28.53850495610731],[122.37797418852564,-28.54378230490656],[122.37945743878528,-28.543808998397534],[122.3820299672793,-28.54385525598737],[122.38256928091249,-28.543864947530952],[122.3830991025686,-28.543874468065237],[122.38508208353014,-28.543910081066596],[122.38753585027602,-28.543954111547222],[122.3897523756083,-28.543993849791946],[122.39109677977486,-28.544017937840064],[122.39106267843752,-28.546320368723222],[122.39104527621507,-28.5474951172257],[122.39096148636861,-28.553149918805854],[122.3909500635766,-28.553920622472866],[122.39093738069869,-28.55477634810226],[122.3908952487929,-28.557618479864622],[122.39083738078335,-28.561521662391375],[122.39082942593033,-28.562058112536704],[122.39082692897654,-28.56222654926851],[122.39350830231265,-28.56225735579136],[122.40274988481436,-28.562363134722137],[122.40288356361545,-28.553287834298985],[122.40301609832885,-28.544230968333647],[122.39914638298382,-28.544161914012225],[122.39550935301739,-28.544096919064458],[122.39551895236335,-28.53393067286968],[122.39937805282563,-28.53405959871782],[122.40159716853894,-28.534133684649852],[122.40174811800345,-28.53060332174241],[122.40190736845919,-28.52687848204914],[122.40221759297258,-28.519627556857355],[122.3999941125458,-28.519553224716155],[122.3991459816254,-28.5195248599065],[122.38682522007963,-28.519112180793858]]]},"properties":{"fmt_tenid":"M 38/159","type":"MINING LEASE","tenstatus":"LIVE","holder1":"LAVERTON GOLD PTY LTD","holder2":" ","legal_area":597.15,"unit_of_me":"HA.","_colour":"#f5a520","_label":"Mining Lease"}},{"type":"Feature","geometry":{"type":"MultiPolygon","coordinates":[[[[122.38073047942984,-28.66976906720986],[122.38240411654643,-28.679082686494993],[122.3825129347962,-28.689902713434428],[122.39074986673158,-28.689836656999784],[122.39064745512837,-28.679868482177397],[122.3906101049503,-28.676232406652208],[122.39057308876286,-28.672602808145516],[122.3930349381976,-28.673432193651276],[122.3932038323714,-28.670518656343646],[122.39775455812831,-28.67080111930429],[122.40087359302134,-28.660858953026285],[122.39377451138925,-28.658452211555986],[122.38958442794849,-28.672767721020733],[122.38073047942984,-28.66976906720986]]],[[[122.38030233054748,-28.659483511195855],[122.3803224614774,-28.66192278122117],[122.38073047942984,-28.66976906720986],[122.3849446028416,-28.65681290452114],[122.38171254214488,-28.655772919329113],[122.38027782223381,-28.655310966888983],[122.38030233054748,-28.659483511195855]]]]},"properties":{"fmt_tenid":"M 38/236","type":"MINING LEASE","tenstatus":"LIVE","holder1":"LAVERTON GOLD PTY LTD","holder2":" ","legal_area":307.25,"unit_of_me":"HA.","_colour":"#f5a520","_label":"Mining Lease"}},{"type":"Feature","geometry":{"type":"Polygon","coordinates":[[[122.6349161969374,-28.764009464418073],[122.6358362693697,-28.76747298047486],[122.6363241606047,-28.769309500398933],[122.63639867776158,-28.769589936637686],[122.63652720286207,-28.77008139861086],[122.6373238133519,-28.771296841847725],[122.63751805381817,-28.77159320351844],[122.63810779460225,-28.772492986766313],[122.63827943056998,-28.77275485194682],[122.63939400151295,-28.7744553218529],[122.63966794261013,-28.774873256066964],[122.64023815659662,-28.775743183080472],[122.6397964249776,-28.775967939032316],[122.6386880295394,-28.776531886256766],[122.63829391556159,-28.77673240747041],[122.64012232828759,-28.783612199281766],[122.64333658230856,-28.78294914182874],[122.64632513903359,-28.782332589823607],[122.65268864723336,-28.781019557720143],[122.65508367083552,-28.78052528651456],[122.65851561661046,-28.77981693351699],[122.66306071405116,-28.778878657877076],[122.66096837464804,-28.771008945376],[122.65746555586696,-28.757831390115644],[122.64948832702571,-28.75947749891575],[122.64254812266947,-28.760909189857713],[122.64172183139767,-28.761079618506958],[122.64102525841884,-28.76150441557546],[122.64083519006378,-28.76126239392713],[122.63453190611635,-28.76256279088996],[122.6349161969374,-28.764009464418073]]]},"properties":{"fmt_tenid":"M 38/261","type":"MINING LEASE","tenstatus":"LIVE","holder1":"LAVERTON GOLD PTY LTD","holder2":" ","legal_area":543,"unit_of_me":"HA.","_colour":"#f5a520","_label":"Mining Lease"}},{"type":"Feature","geometry":{"type":"Polygon","coordinates":[[[122.47830149914329,-28.64818351996127],[122.47832633433872,-28.65819717202122],[122.4783352863748,-28.661806307501568],[122.48651864987114,-28.6617899518581],[122.48653770630683,-28.669187212970822],[122.49165232182067,-28.669176800491222],[122.49166426975323,-28.673919635007167],[122.49627533325638,-28.673911041204203],[122.4961628443911,-28.68016894795328],[122.49590717193813,-28.694389206082136],[122.49566059604051,-28.707945609833516],[122.49895423354897,-28.707991902618687],[122.50384754571576,-28.70806048280053],[122.5039026324761,-28.70497761445922],[122.51000967839666,-28.705194591185332],[122.51095346287735,-28.705228098039726],[122.51144204113517,-28.694390407100926],[122.5093592346,-28.69439037316999],[122.50409170937617,-28.69439007391895],[122.50417589214959,-28.689676794194146],[122.50526232738872,-28.689543056801927],[122.50431087589948,-28.68644112366313],[122.50423362484895,-28.686441029532862],[122.50425659391514,-28.685154690859484],[122.50434358127856,-28.680282630157752],[122.5044576080271,-28.673895404784403],[122.50148531056323,-28.673901142220313],[122.5014729076356,-28.669156263163202],[122.50146285510222,-28.66534640625944],[122.50145338809182,-28.66175903703457],[122.50143515785443,-28.65484998159045],[122.48650085147878,-28.654879553715464],[122.48648356566109,-28.648167601400154],[122.47830149914329,-28.64818351996127]]]},"properties":{"fmt_tenid":"M 38/264","type":"MINING LEASE","tenstatus":"LIVE","holder1":"LAVERTON GOLD PTY LTD","holder2":" ","legal_area":790.75,"unit_of_me":"HA.","_colour":"#f5a520","_label":"Mining Lease"}},{"type":"Feature","geometry":{"type":"Polygon","coordinates":[[[122.38937067020355,-28.643103567177658],[122.38827108564647,-28.646509793499572],[122.38711049352828,-28.650104693864158],[122.38613480785686,-28.65312662787987],[122.3849446028416,-28.65681290452114],[122.38073047942984,-28.66976906720986],[122.38958442794849,-28.672767721020733],[122.39377451138925,-28.658452211555986],[122.39513950620673,-28.653847315759723],[122.39770624861592,-28.645187103272786],[122.40086356097373,-28.63703873045173],[122.39978177186454,-28.636772386666696],[122.392738228883,-28.63503798345024],[122.3948794346348,-28.628356790593422],[122.39543507623198,-28.62470287721008],[122.38720597668294,-28.624577199666533],[122.38695182260874,-28.62534518499952],[122.38691556121458,-28.62457274302589],[122.38009517123339,-28.6244683625525],[122.38014444057296,-28.632849051861417],[122.38021728169686,-28.645131534752018],[122.38142129688782,-28.641006121392028],[122.38937067020355,-28.643103567177658]]]},"properties":{"fmt_tenid":"M 38/270","type":"MINING LEASE","tenstatus":"LIVE","holder1":"LAVERTON GOLD PTY LTD","holder2":" ","legal_area":601.05,"unit_of_me":"HA.","_colour":"#f5a520","_label":"Mining Lease"}},{"type":"Feature","geometry":{"type":"Polygon","coordinates":[[[122.48829873927734,-28.593598369615105],[122.48822848460084,-28.60446042336529],[122.48821680744307,-28.606264972407647],[122.48821156783849,-28.607126890610164],[122.48814988347648,-28.617063865421013],[122.48812778004944,-28.620657686106274],[122.4863901799903,-28.62064934467811],[122.48641990181511,-28.62876904554898],[122.48646614200464,-28.64140088940724],[122.48648356566109,-28.648167601400154],[122.48650085147878,-28.654879553715464],[122.50143515785443,-28.65484998159045],[122.50141744729189,-28.64813697233108],[122.5013995591911,-28.641356676012187],[122.50143466680113,-28.634253317313046],[122.50441539589839,-28.63426729674328],[122.50448425603234,-28.622315099204187],[122.50449335805529,-28.620734966450495],[122.50457421615543,-28.607203790104194],[122.49639058921028,-28.60717288801078],[122.49647711078953,-28.593638979361398],[122.48829873927734,-28.593598369615105]],[[122.49469025803431,-28.63523677884179],[122.49685332324256,-28.6344230089367],[122.49820920172107,-28.63805877909997],[122.49944442890923,-28.64137079654289],[122.49956478573027,-28.641693502154496],[122.49740143520653,-28.64250658844898],[122.49698037481909,-28.641377780864442],[122.49604611615956,-28.63887306254682],[122.49469025803431,-28.63523677884179]]]},"properties":{"fmt_tenid":"M 38/318","type":"MINING LEASE","tenstatus":"LIVE","holder1":"LAVERTON GOLD PTY LTD","holder2":" ","legal_area":939.55,"unit_of_me":"HA.","_colour":"#f5a520","_label":"Mining Lease"}},{"type":"Feature","geometry":{"type":"Polygon","coordinates":[[[122.35593911689072,-28.629216994124377],[122.35334516218303,-28.62927731617625],[122.34771350181441,-28.629408100828513],[122.34803760353965,-28.640294689913393],[122.3562648629694,-28.640104075515968],[122.36510702503769,-28.639898632710544],[122.36654925243735,-28.639865064891296],[122.36622264571974,-28.628977346307153],[122.36607574644152,-28.624079575041023],[122.36589640233599,-28.618099472207064],[122.36572465236632,-28.618103486148975],[122.36486849651729,-28.618123490856746],[122.35827602562122,-28.618277350542957],[122.35738345874435,-28.618298157210578],[122.35731942778408,-28.62107087951797],[122.35835986063903,-28.621086240118082],[122.35836312563823,-28.62119564810646],[122.35569567501037,-28.62107909701687],[122.35571280600155,-28.621651814030834],[122.35774673872203,-28.62160429011108],[122.35837488463554,-28.621589607064273],[122.3600206174078,-28.621551123548084],[122.36013859940124,-28.625482805714107],[122.35864605959104,-28.625517729821954],[122.3578647396887,-28.62553600578748],[122.3558304189425,-28.625583569100513],[122.35593911689072,-28.629216994124377]]]},"properties":{"fmt_tenid":"M 38/342","type":"MINING LEASE","tenstatus":"LIVE","holder1":"LAVERTON GOLD PTY LTD","holder2":" ","legal_area":316.25,"unit_of_me":"HA.","_colour":"#f5a520","_label":"Mining Lease"}},{"type":"Feature","geometry":{"type":"Polygon","coordinates":[[[122.3803224614774,-28.66192278122117],[122.38030233054748,-28.659483511195855],[122.38027782223381,-28.655310966888983],[122.37750624019995,-28.654419247069423],[122.38021728169686,-28.645131534752018],[122.38014444057296,-28.632849051861417],[122.38009517123339,-28.6244683625525],[122.38008387470006,-28.622547963578793],[122.38006490450866,-28.619356604983146],[122.38002033072358,-28.61159318704535],[122.37245195904606,-28.61144461077469],[122.37185402334102,-28.62258538110497],[122.37186384352934,-28.624235737924902],[122.36607574644152,-28.624079575041023],[122.36622264571974,-28.628977346307153],[122.36654925243735,-28.639865064891296],[122.36510702503769,-28.639898632710544],[122.36564637259112,-28.65072352005089],[122.36620598893381,-28.66195230031583],[122.3803224614774,-28.66192278122117]]]},"properties":{"fmt_tenid":"M 38/345","type":"MINING LEASE","tenstatus":"LIVE","holder1":"LAVERTON GOLD PTY LTD","holder2":" ","legal_area":678.05,"unit_of_me":"HA.","_colour":"#f5a520","_label":"Mining Lease"}},{"type":"Feature","geometry":{"type":"Polygon","coordinates":[[[122.35836312563823,-28.62119564810646],[122.35835986063903,-28.621086240118082],[122.35731942778408,-28.62107087951797],[122.35738345874435,-28.618298157210578],[122.35714702577705,-28.61830366785739],[122.35561372798892,-28.618339393564604],[122.35569567501037,-28.62107909701687],[122.35836312563823,-28.62119564810646]]]},"properties":{"fmt_tenid":"M 38/363","type":"MINING LEASE","tenstatus":"LIVE","holder1":"LAVERTON GOLD PTY LTD","holder2":" ","legal_area":5.245,"unit_of_me":"HA.","_colour":"#f5a520","_label":"Mining Lease"}},{"type":"Feature","geometry":{"type":"Polygon","coordinates":[[[122.3600206174078,-28.621551123548084],[122.35837488463554,-28.621589607064273],[122.35774673872203,-28.62160429011108],[122.35571280600155,-28.621651814030834],[122.3558304189425,-28.625583569100513],[122.3578647396887,-28.62553600578748],[122.35864605959104,-28.625517729821954],[122.36013859940124,-28.625482805714107],[122.3600206174078,-28.621551123548084]]]},"properties":{"fmt_tenid":"M 38/364","type":"MINING LEASE","tenstatus":"LIVE","holder1":"LAVERTON GOLD PTY LTD","holder2":" ","legal_area":18.375,"unit_of_me":"HA.","_colour":"#f5a520","_label":"Mining Lease"}},{"type":"Feature","geometry":{"type":"Polygon","coordinates":[[[122.37104164969597,-28.55272072075612],[122.36585280227008,-28.552626257999343],[122.36286060333627,-28.552571694379285],[122.36290069477371,-28.566208346974435],[122.36851971684689,-28.56631042223196],[122.3710945685711,-28.5663571170251],[122.37435532867303,-28.566416177132336],[122.37431417761688,-28.56819494789648],[122.37429709976557,-28.5689331339721],[122.37425094147086,-28.57092827848418],[122.38247254007587,-28.571076467943776],[122.39069349854913,-28.571224144042823],[122.39082692897654,-28.56222654926851],[122.39082942593033,-28.562058112536704],[122.39083738078335,-28.561521662391375],[122.39093738069869,-28.55477634810226],[122.3909500635766,-28.553920622472866],[122.39096148636861,-28.553149918805854],[122.39104527621507,-28.5474951172257],[122.39106267843752,-28.546320368723222],[122.39109677977486,-28.544017937840064],[122.3897523756083,-28.543993849791946],[122.38753585027602,-28.543954111547222],[122.38508208353014,-28.543910081066596],[122.38256928091249,-28.543864947530952],[122.3820299672793,-28.54385525598737],[122.37945743878528,-28.543808998397534],[122.37797418852564,-28.54378230490656],[122.3777385929872,-28.54395422270997],[122.37483461611612,-28.546073234356452],[122.37468016519634,-28.55278681556247],[122.37104164969597,-28.55272072075612]]]},"properties":{"fmt_tenid":"M 38/37","type":"MINING LEASE","tenstatus":"LIVE","holder1":"LAVERTON GOLD PTY LTD","holder2":" ","legal_area":650,"unit_of_me":"HA.","_colour":"#f5a520","_label":"Mining Lease"}},{"type":"Feature","geometry":{"type":"Polygon","coordinates":[[[122.45166017087689,-28.524305174747816],[122.45786423886308,-28.539358193127182],[122.45787657685635,-28.539388101116838],[122.46859927830097,-28.539386317039966],[122.47046808659887,-28.544295541119016],[122.47046905255212,-28.54974485005684],[122.47069235166543,-28.559559606065395],[122.47076601065581,-28.562807824609166],[122.47089631474613,-28.56275885949633],[122.47089608787797,-28.559899149916635],[122.47206058852133,-28.56232096743911],[122.4868098744479,-28.556777733288534],[122.47339239690638,-28.521746683618876],[122.46377049471644,-28.52441093436224],[122.45166017087689,-28.524305174747816]]]},"properties":{"fmt_tenid":"M 38/376","type":"MINING LEASE","tenstatus":"LIVE","holder1":"LAVERTON GOLD PTY LTD","holder2":" ","legal_area":682.4,"unit_of_me":"HA.","_colour":"#f5a520","_label":"Mining Lease"}},{"type":"Feature","geometry":{"type":"Polygon","coordinates":[[[122.4868098744479,-28.556777733288534],[122.47206058852133,-28.56232096743911],[122.4829646380808,-28.584759730037085],[122.48633827569084,-28.591700009324306],[122.49999328998443,-28.591300062827056],[122.49624484996802,-28.58148726287516],[122.4868098744479,-28.556777733288534]]]},"properties":{"fmt_tenid":"M 38/377","type":"MINING LEASE","tenstatus":"LIVE","holder1":"LAVERTON GOLD PTY LTD","holder2":" ","legal_area":536.3,"unit_of_me":"HA.","_colour":"#f5a520","_label":"Mining Lease"}},{"type":"Feature","geometry":{"type":"Polygon","coordinates":[[[122.37250342191464,-28.538358217443545],[122.36061702404746,-28.547028248577693],[122.36285132580981,-28.54941722705599],[122.36286060333627,-28.552571694379285],[122.36585280227008,-28.552626257999343],[122.37104164969597,-28.55272072075612],[122.37468016519634,-28.55278681556247],[122.37483461611612,-28.546073234356452],[122.3777385929872,-28.54395422270997],[122.37797418852564,-28.54378230490656],[122.38520556326561,-28.53850495610731],[122.38962320372295,-28.535280576490738],[122.38812827504829,-28.53368344454945],[122.38628317796827,-28.531712115292596],[122.38438792439628,-28.529687090600394],[122.3785098872707,-28.533976113050425],[122.37250342191464,-28.538358217443545]]]},"properties":{"fmt_tenid":"M 38/38","type":"MINING LEASE","tenstatus":"LIVE","holder1":"LAVERTON GOLD PTY LTD","holder2":" ","legal_area":280.05,"unit_of_me":"HA.","_colour":"#f5a520","_label":"Mining Lease"}},{"type":"Feature","geometry":{"type":"Polygon","coordinates":[[[122.51144204113517,-28.694390407100926],[122.51095346287735,-28.705228098039726],[122.51000967839666,-28.705194591185332],[122.5039026324761,-28.70497761445922],[122.50384754571576,-28.70806048280053],[122.49895423354897,-28.707991902618687],[122.49917378472932,-28.721958519642836],[122.50732542735535,-28.721473624597238],[122.50734208071205,-28.71062744515107],[122.52267120152685,-28.71064589796129],[122.52271856029958,-28.694389224731903],[122.51144204113517,-28.694390407100926]]]},"properties":{"fmt_tenid":"M 38/387","type":"MINING LEASE","tenstatus":"LIVE","holder1":"LAVERTON GOLD PTY LTD","holder2":" ","legal_area":359.05,"unit_of_me":"HA.","_colour":"#f5a520","_label":"Mining Lease"}},{"type":"Feature","geometry":{"type":"Polygon","coordinates":[[[122.22875175963507,-28.749020847106266],[122.24855626965464,-28.773014851125694],[122.2531093910175,-28.774046197477837],[122.26108936112983,-28.775853349517863],[122.26906916094578,-28.777659928698306],[122.27338046187506,-28.778635759901782],[122.27644304979724,-28.77932886005358],[122.25873192995526,-28.754699536824628],[122.25673463932982,-28.75688242674554],[122.25289291741029,-28.754152634815526],[122.24912811541566,-28.75147724803046],[122.2462591926612,-28.75403480741052],[122.24053040427688,-28.74904350482031],[122.24012391048998,-28.748689310559307],[122.23475367310292,-28.74866665483304],[122.23475109310273,-28.748666643835573],[122.23475109089685,-28.749020964102144],[122.22875175963507,-28.749020847106266]]]},"properties":{"fmt_tenid":"M 38/395","type":"MINING LEASE","tenstatus":"LIVE","holder1":"GENESIS MINERALS (LAVERTON) PTY LTD","holder2":" ","legal_area":649.6,"unit_of_me":"HA.","_colour":"#f5a520","_label":"Mining Lease"}},{"type":"Feature","geometry":{"type":"Polygon","coordinates":[[[122.27338046187506,-28.778635759901782],[122.26906916094578,-28.777659928698306],[122.26108936112983,-28.775853349517863],[122.2531093910175,-28.774046197477837],[122.24855626965464,-28.773014851125694],[122.25594380454972,-28.78198791704297],[122.26802497163317,-28.79665776994523],[122.27660107207203,-28.807068341659907],[122.27660701282855,-28.77955680150342],[122.27644304979724,-28.77932886005358],[122.27338046187506,-28.778635759901782]]]},"properties":{"fmt_tenid":"M 38/396","type":"MINING LEASE","tenstatus":"LIVE","holder1":"GENESIS MINERALS (LAVERTON) PTY LTD","holder2":" ","legal_area":420.55,"unit_of_me":"HA.","_colour":"#f5a520","_label":"Mining Lease"}},{"type":"Feature","geometry":{"type":"Polygon","coordinates":[[[122.50425659391514,-28.685154690859484],[122.50423362484895,-28.686441029532862],[122.50431087589948,-28.68644112366313],[122.50526232738872,-28.689543056801927],[122.50417589214959,-28.689676794194146],[122.50409170937617,-28.69439007391895],[122.5093592346,-28.69439037316999],[122.50956623374682,-28.685522823452718],[122.50425659391514,-28.685154690859484]]]},"properties":{"fmt_tenid":"M 38/401","type":"MINING LEASE","tenstatus":"LIVE","holder1":"LAVERTON GOLD PTY LTD","holder2":" ","legal_area":49.865,"unit_of_me":"HA.","_colour":"#f5a520","_label":"Mining Lease"}},{"type":"Feature","geometry":{"type":"Polygon","coordinates":[[[122.3547988802261,-28.592133992272025],[122.354802152269,-28.5932930634928],[122.36298024117322,-28.593274898078114],[122.36294046790928,-28.579740475940046],[122.354763960179,-28.579758021192816],[122.35476161431723,-28.578926139218257],[122.34713835084226,-28.578930273623232],[122.34713000579298,-28.56533298110248],[122.3389554386814,-28.565336688274932],[122.33073576700555,-28.565339916956063],[122.32251094646233,-28.565342646460675],[122.32251350288782,-28.578949309614696],[122.32251598418844,-28.592140874320343],[122.33074093242546,-28.59213984848847],[122.33895754585127,-28.592138327004935],[122.3547988802261,-28.592133992272025]]]},"properties":{"fmt_tenid":"M 38/49","type":"MINING LEASE","tenstatus":"LIVE","holder1":"LAVERTON GOLD PTY LTD","holder2":" ","legal_area":945.05,"unit_of_me":"HA.","_colour":"#f5a520","_label":"Mining Lease"}},{"type":"Feature","geometry":{"type":"Polygon","coordinates":[[[122.45682906042913,-28.539355410335467],[122.47069235166543,-28.559559606065395],[122.47046905255212,-28.54974485005684],[122.47046808659887,-28.544295541119016],[122.46859927830097,-28.539386317039966],[122.45787657685635,-28.539388101116838],[122.45786423886308,-28.539358193127182],[122.45682906042913,-28.539355410335467]]]},"properties":{"fmt_tenid":"M 38/507","type":"MINING LEASE","tenstatus":"LIVE","holder1":"LAVERTON GOLD PTY LTD","holder2":" ","legal_area":142.8,"unit_of_me":"HA.","_colour":"#f5a520","_label":"Mining Lease"}},{"type":"Feature","geometry":{"type":"Polygon","coordinates":[[[122.3139625346219,-28.632361196919334],[122.31395372197026,-28.64727353605855],[122.31394823811486,-28.656447282116073],[122.31194315836566,-28.661343879123518],[122.30838275425886,-28.67003727726975],[122.31606055712673,-28.672438878318005],[122.3221643169781,-28.657567868226153],[122.32214278403664,-28.62192100109936],[122.3225196543304,-28.62194119939812],[122.32251855435379,-28.61935726490933],[122.31428893529109,-28.61935775698822],[122.31428694092972,-28.63236796620307],[122.3139625346219,-28.632361196919334]]]},"properties":{"fmt_tenid":"M 38/535","type":"MINING LEASE","tenstatus":"LIVE","holder1":"LAVERTON GOLD PTY LTD","holder2":" ","legal_area":464.55,"unit_of_me":"HA.","_colour":"#f5a520","_label":"Mining Lease"}},{"type":"Feature","geometry":{"type":"Polygon","coordinates":[[[122.25129537484852,-28.781987835521065],[122.25134418477336,-28.80875118268523],[122.25880827211657,-28.803980348117264],[122.26762440198529,-28.814352700289977],[122.26802497163317,-28.79665776994523],[122.25594380454972,-28.78198791704297],[122.25594206355004,-28.781987917043043],[122.25129537484852,-28.781987835521065]]]},"properties":{"fmt_tenid":"M 38/548","type":"MINING LEASE","tenstatus":"LIVE","holder1":"GENESIS MINERALS (LAVERTON) PTY LTD","holder2":" ","legal_area":371.2,"unit_of_me":"HA.","_colour":"#f5a520","_label":"Mining Lease"}},{"type":"Feature","geometry":{"type":"Polygon","coordinates":[[[122.31805222298111,-28.7666666675739],[122.31794355362489,-28.781917288996457],[122.30129279263144,-28.781900668523967],[122.30142230877277,-28.803190476966577],[122.30148482788908,-28.813439064876768],[122.30335927645895,-28.81406395548762],[122.30673952047201,-28.815260019486658],[122.32299511976407,-28.77974517073194],[122.32419755528976,-28.779745290016635],[122.32817561286129,-28.76666666728943],[122.31805222298111,-28.7666666675739]]]},"properties":{"fmt_tenid":"M 38/595","type":"MINING LEASE","tenstatus":"LIVE","holder1":"GENESIS MINERALS (LAVERTON) PTY LTD","holder2":" ","legal_area":589.65,"unit_of_me":"HA.","_colour":"#f5a520","_label":"Mining Lease"}},{"type":"Feature","geometry":{"type":"Polygon","coordinates":[[[122.31073969780226,-28.649513586320396],[122.31066254742818,-28.66133732994702],[122.31194315836566,-28.661343879123518],[122.31394823811486,-28.656447282116073],[122.31395372197026,-28.64727353605855],[122.30906624953634,-28.6472485759866],[122.30905146671064,-28.64950511997642],[122.31073969780226,-28.649513586320396]]]},"properties":{"fmt_tenid":"M 38/693","type":"MINING LEASE","tenstatus":"LIVE","holder1":"LAVERTON GOLD PTY LTD","holder2":" ","legal_area":48.258,"unit_of_me":"HA.","_colour":"#f5a520","_label":"Mining Lease"}},{"type":"Feature","geometry":{"type":"Polygon","coordinates":[[[122.65335937022876,-28.78835522189336],[122.65708141030126,-28.787652840686572],[122.66036941014195,-28.787032193451957],[122.65851561661046,-28.77981693351699],[122.65508367083552,-28.78052528651456],[122.65268864723336,-28.781019557720143],[122.64632513903359,-28.782332589823607],[122.64333658230856,-28.78294914182874],[122.64505953484365,-28.789921443525635],[122.64712152616434,-28.789532380331234],[122.64642536320473,-28.78865305249452],[122.6459148071442,-28.78800815605822],[122.64450035823583,-28.78622147796953],[122.64787975743975,-28.78414515851295],[122.64929435955797,-28.785931875702314],[122.6479428936132,-28.786762190586174],[122.64888569053564,-28.787953067647585],[122.65084779514525,-28.78674733708158],[122.65083235829296,-28.786109346199694],[122.65330401026992,-28.786062946739808],[122.65335937022876,-28.78835522189336]]]},"properties":{"fmt_tenid":"M 38/73","type":"MINING LEASE","tenstatus":"LIVE","holder1":"GSM MINING COMPANY PTY LTD","holder2":"LAVERTON GOLD PTY LTD","legal_area":97.255,"unit_of_me":"HA.","_colour":"#f5a520","_label":"Mining Lease"}},{"type":"Feature","geometry":{"type":"Polygon","coordinates":[[[122.64450035823583,-28.78622147796953],[122.6459148071442,-28.78800815605822],[122.64642536320473,-28.78865305249452],[122.64712152616434,-28.789532380331234],[122.6482725393424,-28.790986190675806],[122.65030045303388,-28.78974003711443],[122.65180670046638,-28.788814314939348],[122.6508979228948,-28.788831318829157],[122.65084779514525,-28.78674733708158],[122.64888569053564,-28.787953067647585],[122.6479428936132,-28.786762190586174],[122.64929435955797,-28.785931875702314],[122.64787975743975,-28.78414515851295],[122.64450035823583,-28.78622147796953]]]},"properties":{"fmt_tenid":"M 38/8","type":"MINING LEASE","tenstatus":"LIVE","holder1":"LAVERTON GOLD PTY LTD","holder2":" ","legal_area":23.4,"unit_of_me":"HA.","_colour":"#f5a520","_label":"Mining Lease"}},{"type":"Feature","geometry":{"type":"Polygon","coordinates":[[[122.28484926744603,-28.766666669006952],[122.28485024581715,-28.803189435621213],[122.30142230877277,-28.803190476966577],[122.30129279263144,-28.781900668523967],[122.31794355362489,-28.781917288996457],[122.31805222298111,-28.7666666675739],[122.28484926744603,-28.766666669006952]]]},"properties":{"fmt_tenid":"M 38/848","type":"MINING LEASE","tenstatus":"LIVE","holder1":"GENESIS MINERALS (LAVERTON) PTY LTD","holder2":" ","legal_area":927.05,"unit_of_me":"HA.","_colour":"#f5a520","_label":"Mining Lease"}},{"type":"Feature","geometry":{"type":"Polygon","coordinates":[[[122.64012232828759,-28.783612199281766],[122.6414522624615,-28.788762154319908],[122.64425728163661,-28.790880965327165],[122.64581236409215,-28.79205555154016],[122.64305807356624,-28.794885120450136],[122.64367459929268,-28.797680440574513],[122.65266893055566,-28.797681013397984],[122.6526816128966,-28.803384641122886],[122.66042603597857,-28.801732662645673],[122.65708141030126,-28.787652840686572],[122.65335937022876,-28.78835522189336],[122.65336975120766,-28.78878505417172],[122.65180670046638,-28.788814314939348],[122.65030045303388,-28.78974003711443],[122.6482725393424,-28.790986190675806],[122.64712152616434,-28.789532380331234],[122.64505953484365,-28.789921443525635],[122.64333658230856,-28.78294914182874],[122.64012232828759,-28.783612199281766]]]},"properties":{"fmt_tenid":"M 38/89","type":"MINING LEASE","tenstatus":"LIVE","holder1":"GSM MINING COMPANY PTY LTD","holder2":"LAVERTON GOLD PTY LTD","legal_area":194.2,"unit_of_me":"HA.","_colour":"#f5a520","_label":"Mining Lease"}},{"type":"Feature","geometry":{"type":"Polygon","coordinates":[[[122.1581911532918,-28.7406389344146],[122.15000997232973,-28.75998866206158],[122.1708213131327,-28.760745573820905],[122.17126227803215,-28.767343070044213],[122.18258741726414,-28.767367465979973],[122.18268638983415,-28.770749979581257],[122.18264813601883,-28.77166791415594],[122.19238867065012,-28.771397062289516],[122.19240393951969,-28.770784319727948],[122.19294559012403,-28.764433117482394],[122.19058818431225,-28.764285957406702],[122.19057658217926,-28.761587742053287],[122.20539306302943,-28.761215906832735],[122.2053540852369,-28.746572822680747],[122.19455451847799,-28.746358180770184],[122.19478437507273,-28.751109299704424],[122.1725938736253,-28.75110858630115],[122.17260078284927,-28.74656904085034],[122.16772770910029,-28.740664874844775],[122.1581911532918,-28.7406389344146]]]},"properties":{"fmt_tenid":"M 39/1120","type":"MINING LEASE","tenstatus":"LIVE","holder1":"GENESIS MINERALS (LAVERTON) PTY LTD","holder2":" ","legal_area":979.65,"unit_of_me":"HA.","_colour":"#f5a520","_label":"Mining Lease"}},{"type":"Feature","geometry":{"type":"Polygon","coordinates":[[[122.11666658785607,-28.71942382142206],[122.11666670304197,-28.739891930335627],[122.12702132363903,-28.744743748359866],[122.12728570189466,-28.74232745826209],[122.14042022510291,-28.742632889745078],[122.14026324587772,-28.75275927018687],[122.13509739001782,-28.75264066378368],[122.13482560732592,-28.759642743680043],[122.14285396674317,-28.759965294451185],[122.14242387123474,-28.770480888360925],[122.12648040199737,-28.769985021079734],[122.12664729208316,-28.77590171973619],[122.1431354662794,-28.776400818857027],[122.14310899997304,-28.77688278701142],[122.15030211571515,-28.77689127539023],[122.15000997232973,-28.75998866206158],[122.1581911532918,-28.7406389344146],[122.14521600427878,-28.720068295734343],[122.11666658785607,-28.71942382142206]]]},"properties":{"fmt_tenid":"M 39/1122","type":"MINING LEASE","tenstatus":"LIVE","holder1":"GENESIS MINERALS (LAVERTON) PTY LTD","holder2":" ","legal_area":1405,"unit_of_me":"HA.","_colour":"#f5a520","_label":"Mining Lease"}},{"type":"Feature","geometry":{"type":"Polygon","coordinates":[[[122.14464081103453,-28.810314798291962],[122.15187645533774,-28.816897813594725],[122.14644965618659,-28.82152413445645],[122.15200636479476,-28.826826854969593],[122.15281290282873,-28.826149706606902],[122.16126765159711,-28.834026287682498],[122.16038291960895,-28.83481949406824],[122.16664760859784,-28.840796480899797],[122.16767961059773,-28.839957851487426],[122.17272558246485,-28.835857062438823],[122.17512443332451,-28.833907211446096],[122.18375022264883,-28.836796308463253],[122.18626417587474,-28.830247816154596],[122.17244848369523,-28.82555232219528],[122.16770984143903,-28.8213362846547],[122.16208847480375,-28.81633438896838],[122.17009007319065,-28.811993951135204],[122.1717479810785,-28.815944101230375],[122.1751181856812,-28.81584911259648],[122.17415947702274,-28.81446300129669],[122.1718147811425,-28.811072830485195],[122.17373970003104,-28.81004015075524],[122.17566414386548,-28.80900767902245],[122.17215111177394,-28.803240884569114],[122.16052914323528,-28.8091288436796],[122.15349786246604,-28.80274656548875],[122.14464081103453,-28.810314798291962]]]},"properties":{"fmt_tenid":"M 39/1129","type":"MINING LEASE","tenstatus":"LIVE","holder1":"GENESIS MINERALS (LAVERTON) PTY LTD","holder2":" ","legal_area":763.15,"unit_of_me":"HA.","_colour":"#f5a520","_label":"Mining Lease"}},{"type":"Feature","geometry":{"type":"Polygon","coordinates":[[[122.00135960434402,-28.683333410654374],[122.00136760444875,-28.69158776929579],[122.01146850047964,-28.699980290722017],[122.01663111054364,-28.699983492713145],[122.01663876655185,-28.683367251939526],[122.00690235707192,-28.683333590637346],[122.00135960434402,-28.683333410654374]]]},"properties":{"fmt_tenid":"M 39/1137","type":"MINING LEASE","tenstatus":"LIVE","holder1":"GENESIS MINERALS (LAVERTON) PTY LTD","holder2":" ","legal_area":229.106,"unit_of_me":"HA.","_colour":"#f5a520","_label":"Mining Lease"}},{"type":"Feature","geometry":{"type":"Polygon","coordinates":[[[122.04828549051868,-28.721849210096874],[122.05633217955555,-28.738153496972455],[122.05866246220326,-28.737216079568796],[122.06530953871153,-28.750602325442546],[122.07107811869204,-28.744234324477723],[122.0643795565944,-28.74451696671104],[122.06488700290079,-28.734206506233903],[122.05155064975678,-28.7202306305509],[122.04828549051868,-28.721849210096874]]]},"properties":{"fmt_tenid":"M 39/291","type":"MINING LEASE","tenstatus":"LIVE","holder1":"GENESIS MINERALS (LAVERTON) PTY LTD","holder2":" ","legal_area":201,"unit_of_me":"HA.","_colour":"#f5a520","_label":"Mining Lease"}},{"type":"Feature","geometry":{"type":"Polygon","coordinates":[[[122.1561048259686,-28.767359405347214],[122.15698820681483,-28.776660914985836],[122.16808858001671,-28.776780901178473],[122.16831204619466,-28.770789678794845],[122.18268638983415,-28.770749979581257],[122.18258741726414,-28.767367465979973],[122.17126227803215,-28.767343070044213],[122.1561048259686,-28.767359405347214]]]},"properties":{"fmt_tenid":"M 39/295","type":"MINING LEASE","tenstatus":"LIVE","holder1":"GENESIS MINERALS (LAVERTON) PTY LTD","holder2":" ","legal_area":171.6,"unit_of_me":"HA.","_colour":"#f5a520","_label":"Mining Lease"}},{"type":"Feature","geometry":{"type":"Polygon","coordinates":[[[122.15000997232973,-28.75998866206158],[122.15030211571515,-28.77689127539023],[122.15698820681483,-28.776660914985836],[122.1561048259686,-28.767359405347214],[122.17126227803215,-28.767343070044213],[122.1708213131327,-28.760745573820905],[122.15000997232973,-28.75998866206158]]]},"properties":{"fmt_tenid":"M 39/306","type":"MINING LEASE","tenstatus":"LIVE","holder1":"GENESIS MINERALS (LAVERTON) PTY LTD","holder2":" ","legal_area":223,"unit_of_me":"HA.","_colour":"#f5a520","_label":"Mining Lease"}},{"type":"Feature","geometry":{"type":"Polygon","coordinates":[[[122.03429418803418,-28.706371129751496],[122.04828549051868,-28.721849210096874],[122.05155064975678,-28.7202306305509],[122.06488700290079,-28.734206506233903],[122.06530181032366,-28.725776807129346],[122.08531942896113,-28.726251617496008],[122.08515541752914,-28.71716630326862],[122.06794979458331,-28.71692206834649],[122.065219687704,-28.71680201265891],[122.05244420027516,-28.698982129506078],[122.03429418803418,-28.706371129751496]]]},"properties":{"fmt_tenid":"M 39/333","type":"MINING LEASE","tenstatus":"LIVE","holder1":"GENESIS MINERALS (LAVERTON) PTY LTD","holder2":" ","legal_area":725.65,"unit_of_me":"HA.","_colour":"#f5a520","_label":"Mining Lease"}},{"type":"Feature","geometry":{"type":"Polygon","coordinates":[[[122.20207328617084,-28.869081016621777],[122.21254039879936,-28.865394007917182],[122.20947577358353,-28.85865368660718],[122.20641139056902,-28.851912954575095],[122.19205681552724,-28.856969126517832],[122.19005812763831,-28.852571585892644],[122.18234630650949,-28.852571576357594],[122.17463862559141,-28.855284859266334],[122.17740194225274,-28.861368791753275],[122.18132220998584,-28.8606342435424],[122.18482533025981,-28.875154191383107],[122.19818389673189,-28.870450762175192],[122.19586416489828,-28.865347858396287],[122.20141872757922,-28.865347586610948],[122.20141877379876,-28.869311528888606],[122.20207328617084,-28.869081016621777]]]},"properties":{"fmt_tenid":"M 39/380","type":"MINING LEASE","tenstatus":"LIVE","holder1":"GENESIS MINERALS (LAVERTON) PTY LTD","holder2":" ","legal_area":533.95,"unit_of_me":"HA.","_colour":"#f5a520","_label":"Mining Lease"}},{"type":"Feature","geometry":{"type":"Polygon","coordinates":[[[122.1614138870773,-28.85284552343449],[122.1735723409408,-28.852965601684986],[122.17463862559141,-28.855284859266334],[122.18234630650949,-28.852571576357594],[122.19005812763831,-28.852571585892644],[122.19205681552724,-28.856969126517832],[122.20641139056902,-28.851912954575095],[122.20947577358353,-28.85865368660718],[122.21254039879936,-28.865394007917182],[122.21238713701479,-28.856373029647013],[122.2120930893853,-28.83905999335868],[122.20136694043293,-28.838954415003755],[122.2014934459204,-28.840887271446668],[122.18933264140331,-28.840891173314574],[122.18924345767756,-28.838549596752493],[122.18375022264883,-28.836796308463253],[122.17512443332451,-28.833907211446096],[122.17272558246485,-28.835857062438823],[122.16767961059773,-28.839957851487426],[122.16664760859784,-28.840796480899797],[122.16635355059618,-28.84103543401689],[122.15550422911619,-28.83148839289244],[122.16127682725066,-28.84438181381074],[122.1614138870773,-28.85284552343449]]]},"properties":{"fmt_tenid":"M 39/391","type":"MINING LEASE","tenstatus":"LIVE","holder1":"GENESIS MINERALS (LAVERTON) PTY LTD","holder2":" ","legal_area":894.2,"unit_of_me":"HA.","_colour":"#f5a520","_label":"Mining Lease"}},{"type":"Feature","geometry":{"type":"Polygon","coordinates":[[[122.22498252441763,-28.829035466396363],[122.22506672858455,-28.839186557023975],[122.2120930893853,-28.83905999335868],[122.21238713701479,-28.856373029647013],[122.25240143464835,-28.85637307385092],[122.25240143485078,-28.84867859329889],[122.25240151301388,-28.846376835142287],[122.25240150659921,-28.83571647343118],[122.24756587537017,-28.835787438416435],[122.2420955052063,-28.82909624153584],[122.22498252441763,-28.829035466396363]]]},"properties":{"fmt_tenid":"M 39/392","type":"MINING LEASE","tenstatus":"LIVE","holder1":"GENESIS MINERALS (LAVERTON) PTY LTD","holder2":" ","legal_area":992.3,"unit_of_me":"HA.","_colour":"#f5a520","_label":"Mining Lease"}},{"type":"Feature","geometry":{"type":"Polygon","coordinates":[[[122.21238713701479,-28.856373029647013],[122.21254039879936,-28.865394007917182],[122.20207328617084,-28.869081016621777],[122.20207328393383,-28.869983213916843],[122.2225727327087,-28.869983241784794],[122.22257272368888,-28.874494509440485],[122.25240142910607,-28.874494514246965],[122.25240143464835,-28.85637307385092],[122.21238713701479,-28.856373029647013]]]},"properties":{"fmt_tenid":"M 39/393","type":"MINING LEASE","tenstatus":"LIVE","holder1":"GENESIS MINERALS (LAVERTON) PTY LTD","holder2":" ","legal_area":764,"unit_of_me":"HA.","_colour":"#f5a520","_label":"Mining Lease"}},{"type":"Feature","geometry":{"type":"Polygon","coordinates":[[[122.25240143535146,-28.888028294301474],[122.25240142910607,-28.874494514246965],[122.22257272368888,-28.874494509440485],[122.2225727327087,-28.869983241784794],[122.20207328393383,-28.869983213916843],[122.20207328580489,-28.871012896253678],[122.20207328584655,-28.871062161269755],[122.20617050402988,-28.888028254687292],[122.25240143535146,-28.888028294301474]]]},"properties":{"fmt_tenid":"M 39/394","type":"MINING LEASE","tenstatus":"LIVE","holder1":"GENESIS MINERALS (LAVERTON) PTY LTD","holder2":" ","legal_area":798.9,"unit_of_me":"HA.","_colour":"#f5a520","_label":"Mining Lease"}},{"type":"Feature","geometry":{"type":"Polygon","coordinates":[[[122.07356795193961,-28.812752210378264],[122.08706486357597,-28.82619157560679],[122.09702323249842,-28.836104460242623],[122.09799871481519,-28.835712353284624],[122.09931241526519,-28.835204514342717],[122.09622592687322,-28.830248310580313],[122.11009672328224,-28.82333899244422],[122.11031851569419,-28.82368422241599],[122.11302723569214,-28.820944346717766],[122.1068096387889,-28.816178452309007],[122.1143468331911,-28.80855224227063],[122.11677541626057,-28.80750310080877],[122.10298410261669,-28.800563525541733],[122.09671072784678,-28.800553170769472],[122.08808783451845,-28.80053832690837],[122.08126246706739,-28.80628035415662],[122.08050380849068,-28.80691852418072],[122.07356795193961,-28.812752210378264]]]},"properties":{"fmt_tenid":"M 39/443","type":"MINING LEASE","tenstatus":"LIVE","holder1":"GENESIS MINERALS (LAVERTON) PTY LTD","holder2":" ","legal_area":895.1,"unit_of_me":"HA.","_colour":"#f5a520","_label":"Mining Lease"}},{"type":"Feature","geometry":{"type":"Polygon","coordinates":[[[122.1471287593461,-28.832596522835424],[122.14998329097877,-28.838316575790714],[122.15330379653253,-28.844969508196556],[122.15416025218572,-28.846856192713094],[122.15674620542825,-28.85255234519619],[122.15722014497914,-28.853596235454734],[122.15904192205637,-28.857608632410155],[122.16028089724036,-28.86033724203069],[122.1620546144828,-28.864243247948863],[122.17740194225274,-28.861368791753275],[122.17463862559141,-28.855284859266334],[122.1735723409408,-28.852965601684986],[122.1614138870773,-28.85284552343449],[122.16127682725066,-28.84438181381074],[122.15550422911619,-28.83148839289244],[122.15129691775383,-28.827423331290948],[122.15200636479476,-28.826826854969593],[122.14644965618659,-28.82152413445645],[122.1430828324377,-28.824487916319224],[122.1471287593461,-28.832596522835424]]]},"properties":{"fmt_tenid":"M 39/444","type":"MINING LEASE","tenstatus":"LIVE","holder1":"GENESIS MINERALS (LAVERTON) PTY LTD","holder2":" ","legal_area":424.5,"unit_of_me":"HA.","_colour":"#f5a520","_label":"Mining Lease"}},{"type":"Feature","geometry":{"type":"Polygon","coordinates":[[[122.18375022264883,-28.836796308463253],[122.18924345767756,-28.838549596752493],[122.18979247107187,-28.83872482647432],[122.19289188739779,-28.83181101299759],[122.18626417587474,-28.830247816154596],[122.18375022264883,-28.836796308463253]]]},"properties":{"fmt_tenid":"M 39/497","type":"MINING LEASE","tenstatus":"LIVE","holder1":"GENESIS MINERALS (LAVERTON) PTY LTD","holder2":" ","legal_area":51.43,"unit_of_me":"HA.","_colour":"#f5a520","_label":"Mining Lease"}},{"type":"Feature","geometry":{"type":"Polygon","coordinates":[[[122.00040459708569,-28.752432401941856],[122.00051619413787,-28.766459932052342],[122.02467301020921,-28.779336785200968],[122.03840579033084,-28.792397402920894],[122.04591449851827,-28.7863512455213],[122.03450191824646,-28.775454787125593],[122.02054537345496,-28.761887028970918],[122.01522452772329,-28.75654658965126],[122.00641148792607,-28.747834694219076],[122.00040459708569,-28.752432401941856]]]},"properties":{"fmt_tenid":"M 39/501","type":"MINING LEASE","tenstatus":"LIVE","holder1":"GENESIS MINERALS (LAVERTON) PTY LTD","holder2":" ","legal_area":713.9,"unit_of_me":"HA.","_colour":"#f5a520","_label":"Mining Lease"}},{"type":"Feature","geometry":{"type":"Polygon","coordinates":[[[122.02050381167216,-28.70960810189686],[122.01989265492438,-28.72807980687388],[122.00141859183363,-28.72759972924637],[122.0014185180619,-28.73659533074101],[122.01958208766631,-28.737043697265857],[122.02912685975026,-28.72954182068382],[122.03476903181277,-28.735486773830914],[122.03240960501255,-28.73164218456555],[122.03988889401145,-28.725542456527812],[122.03956712207241,-28.725302101534886],[122.02549351961038,-28.709739747102702],[122.02050381167216,-28.70960810189686]]]},"properties":{"fmt_tenid":"M 39/502","type":"MINING LEASE","tenstatus":"LIVE","holder1":"GENESIS MINERALS (LAVERTON) PTY LTD","holder2":" ","legal_area":515.25,"unit_of_me":"HA.","_colour":"#f5a520","_label":"Mining Lease"}},{"type":"Feature","geometry":{"type":"Polygon","coordinates":[[[122.02570298227428,-28.698682001267997],[122.03429418803418,-28.706371129751496],[122.05244420027516,-28.698982129506078],[122.065219687704,-28.71680201265891],[122.06794979458331,-28.71692206834649],[122.06880775655658,-28.698120988873708],[122.05141831463604,-28.698680929033685],[122.02570298227428,-28.698682001267997]]]},"properties":{"fmt_tenid":"M 39/503","type":"MINING LEASE","tenstatus":"LIVE","holder1":"GENESIS MINERALS (LAVERTON) PTY LTD","holder2":" ","legal_area":309.05,"unit_of_me":"HA.","_colour":"#f5a520","_label":"Mining Lease"}},{"type":"Feature","geometry":{"type":"Polygon","coordinates":[[[122.09990878225994,-28.79895624297109],[122.10298410261669,-28.800563525541733],[122.11677541626057,-28.80750310080877],[122.1143468331911,-28.80855224227063],[122.1068096387889,-28.816178452309007],[122.11302723569214,-28.820944346717766],[122.11924538579352,-28.825710451688913],[122.1267816420384,-28.818084730774192],[122.12874355854224,-28.82280481848518],[122.13987197225583,-28.812500494533825],[122.14335510282984,-28.811483900093826],[122.1215497688593,-28.800029401201428],[122.12058273075249,-28.80165279678585],[122.10279719137573,-28.792589534776656],[122.09990878225994,-28.79895624297109]]]},"properties":{"fmt_tenid":"M 39/746","type":"MINING LEASE","tenstatus":"LIVE","holder1":"GENESIS MINERALS (LAVERTON) PTY LTD","holder2":" ","legal_area":630.45,"unit_of_me":"HA.","_colour":"#f5a520","_label":"Mining Lease"}},{"type":"Feature","geometry":{"type":"Polygon","coordinates":[[[122.03025358333072,-28.798734487478747],[122.04467841524128,-28.81158893432399],[122.05219072981923,-28.805637993624966],[122.06599237699712,-28.818902830531353],[122.07971564638078,-28.832213468552958],[122.08706486357597,-28.82619157560679],[122.07356795193961,-28.812752210378264],[122.08050380849068,-28.80691852418072],[122.07945222722132,-28.80601721809757],[122.06916773977417,-28.79639674133015],[122.0625802796697,-28.802257616964674],[122.04591449851827,-28.7863512455213],[122.03840579033084,-28.792397402920894],[122.03025358333072,-28.798734487478747]]]},"properties":{"fmt_tenid":"M 39/747","type":"MINING LEASE","tenstatus":"LIVE","holder1":"GENESIS MINERALS (LAVERTON) PTY LTD","holder2":" ","legal_area":946.5,"unit_of_me":"HA.","_colour":"#f5a520","_label":"Mining Lease"}},{"type":"Feature","geometry":{"type":"Polygon","coordinates":[[[122.07945222722132,-28.80601721809757],[122.08050380849068,-28.80691852418072],[122.08126246706739,-28.80628035415662],[122.08808783451845,-28.80053832690837],[122.0868857353927,-28.799492824825673],[122.07945222722132,-28.80601721809757]]]},"properties":{"fmt_tenid":"M 39/799","type":"MINING LEASE","tenstatus":"LIVE","holder1":"GENESIS MINERALS (LAVERTON) PTY LTD","holder2":" ","legal_area":15.765,"unit_of_me":"HA.","_colour":"#f5a520","_label":"Mining Lease"}},{"type":"Feature","geometry":{"type":"Polygon","coordinates":[[[122.10279719137573,-28.792589534776656],[122.12058273075249,-28.80165279678585],[122.1215497688593,-28.800029401201428],[122.10384242718891,-28.791034189756715],[122.10279719137573,-28.792589534776656]]]},"properties":{"fmt_tenid":"M 39/937","type":"MINING LEASE","tenstatus":"LIVE","holder1":"GENESIS MINERALS (LAVERTON) PTY LTD","holder2":" ","legal_area":40.35,"unit_of_me":"HA.","_colour":"#f5a520","_label":"Mining Lease"}},{"type":"Feature","geometry":{"type":"Polygon","coordinates":[[[122.08808783451845,-28.80053832690837],[122.09671072784678,-28.800553170769472],[122.10320762524101,-28.790711739664197],[122.10672081991427,-28.784726056898787],[122.10081059569464,-28.789462490317376],[122.08808783451845,-28.80053832690837]]]},"properties":{"fmt_tenid":"M 39/938","type":"MINING LEASE","tenstatus":"LIVE","holder1":"GENESIS MINERALS (LAVERTON) PTY LTD","holder2":" ","legal_area":79.015,"unit_of_me":"HA.","_colour":"#f5a520","_label":"Mining Lease"}},{"type":"Feature","geometry":{"type":"Polygon","coordinates":[[[122.08066077742868,-28.793427786728405],[122.0816986737309,-28.794425558708237],[122.08335928864825,-28.796021918705797],[122.0868857353927,-28.799492824825673],[122.08808783451845,-28.80053832690837],[122.10081059569464,-28.789462490317376],[122.09693138320901,-28.786167080678375],[122.09390441015657,-28.78279237032838],[122.09281391596203,-28.78361694421928],[122.08673675787958,-28.788523308357405],[122.08066077742868,-28.793427786728405]]]},"properties":{"fmt_tenid":"M 39/993","type":"MINING LEASE","tenstatus":"LIVE","holder1":"GENESIS MINERALS (LAVERTON) PTY LTD","holder2":" ","legal_area":179.85,"unit_of_me":"HA.","_colour":"#f5a520","_label":"Mining Lease"}}]}