{"type":"FeatureCollection","_source":"WA DMIRS via SLIP public API","_holders":["NORTHERN STAR (KLV) PTY LTD","NORTHERN STAR (SARACEN KALGOORLIE) PTY LTD","NORTHERN STAR (CAROSUE DAM) PTY LTD","NORTHERN STAR RESOURCES LTD","NORTHERN STAR (MKO) PTY LTD","NORTHERN STAR (THUNDERBOX) PTY LTD","NORTHERN STAR (KANOWNA) PTY LIMITED","NORTHERN STAR (TALISMAN) PTY LTD","NORTHERN STAR (PILBARA) PTY LTD","NORTHERN STAR (SOUTH KALGOORLIE) PTY LTD","NORTHERN STAR (HEMI) PTY LTD","NORTHERN STAR (HBJ) PTY LTD","NORTHERN STAR (INDEE GOLD) PTY LTD","NORTHERN STAR (SR MINING) PTY LTD"],"_ticker":"NST.AX","features":[{"type":"Feature","geometry":{"type":"Polygon","coordinates":[[[121.31666666653236,-30.983333333217583],[121.33333333334826,-30.983333333307815],[121.33333333277267,-30.999999999923],[121.34999999951717,-31.000000000164434],[121.3666666674951,-30.99999999976342],[121.36666666698001,-30.9833333328145],[121.35000000025121,-30.98333333313134],[121.34999999994217,-30.966666667212028],[121.35000000034513,-30.955327530762897],[121.33958452973751,-30.94118117006394],[121.3258737202479,-30.922549720314557],[121.31666666675315,-30.922506560503574],[121.3166666671155,-30.940840510874875],[121.3215699637782,-30.942616709568597],[121.32916478823695,-30.94261678425276],[121.33339999681621,-30.951682646923523],[121.30423113748849,-30.951678214870306],[121.3042570065762,-30.966666870935935],[121.31666666734928,-30.966666666968905],[121.31666666653236,-30.983333333217583]]]},"properties":{"fmt_tenid":"E 15/1211","type":"EXPLORATION LICENCE","tenstatus":"LIVE","holder1":"NORTHERN STAR (SOUTH KALGOORLIE) PTY LTD","holder2":" ","legal_area":10,"unit_of_me":"BL.","_colour":"#a0c4f0","_label":"Exploration Licence"}},{"type":"Feature","geometry":{"type":"Polygon","coordinates":[[[121.50068953254767,-30.99999999612214],[121.50116867008725,-31.013281690360486],[121.5013107353819,-31.017219108378992],[121.53333333368573,-31.017132361508764],[121.53333333262378,-31.01666666650924],[121.53333333293878,-30.999999999959382],[121.5192215947852,-31.000000000227892],[121.51666666685882,-30.999999999583366],[121.50068953254767,-30.99999999612214]]]},"properties":{"fmt_tenid":"E 15/1508","type":"EXPLORATION LICENCE","tenstatus":"LIVE","holder1":"NORTHERN STAR RESOURCES LTD","holder2":" ","legal_area":4,"unit_of_me":"BL.","_colour":"#a0c4f0","_label":"Exploration Licence"}},{"type":"Feature","geometry":{"type":"Polygon","coordinates":[[[121.31666666653236,-30.983333333217583],[121.31666666734928,-30.966666666968905],[121.30425700657621,-30.96666686493595],[121.30432298548527,-31.004871489598493],[121.36666667466604,-31.00479351291529],[121.3666666674951,-30.99999999976342],[121.34999999951717,-31.000000000164434],[121.33333333277267,-30.999999999923],[121.33333333334826,-30.983333333307815],[121.31666666653236,-30.983333333217583]]]},"properties":{"fmt_tenid":"E 15/1745","type":"EXPLORATION LICENCE","tenstatus":"LIVE","holder1":"NORTHERN STAR (SOUTH KALGOORLIE) PTY LTD","holder2":" ","legal_area":7,"unit_of_me":"BL.","_colour":"#a0c4f0","_label":"Exploration Licence"}},{"type":"Feature","geometry":{"type":"MultiPolygon","coordinates":[[[[121.46086209132822,-30.966666667341343],[121.44999999970905,-30.966666666542494],[121.45000000048604,-30.952079253773757],[121.44306788496317,-30.941367918145332],[121.41423029511627,-30.94039949917814],[121.41419954012291,-30.96666680187647],[121.41666666734535,-30.966666667227827],[121.43333333260053,-30.96666666711425],[121.43333333254719,-30.96766342859145],[121.45402909009033,-30.968427738534302],[121.45521677335046,-30.981268295550677],[121.44061002455452,-30.98690457567947],[121.44401893337114,-30.98699917144218],[121.44320543658453,-31.016666667483992],[121.46666666663207,-31.016666667003093],[121.46666666702536,-30.999999999679957],[121.46666666701243,-30.983333332793126],[121.46666666671719,-30.974753953132993],[121.46666666714559,-30.966666666585144],[121.46086226632805,-30.966666911341214],[121.46086209132822,-30.966666667341343]]],[[[121.38791302258949,-30.9500000003585],[121.39004644957645,-30.94920046031544],[121.4129353602481,-30.940355790476257],[121.41243669030321,-30.94033903997568],[121.40144866007621,-30.94475565004674],[121.40145037905201,-30.933333333329198],[121.39999999964253,-30.93333333261398],[121.39827085905993,-30.933333332813707],[121.39165026012506,-30.93585671020125],[121.39042675656297,-30.933333332792508],[121.38333333308145,-30.93333333254974],[121.37423486441101,-30.93333333320993],[121.36661555952797,-30.936401019819442],[121.36517767378142,-30.933333333243688],[121.35735191350688,-30.93333333251537],[121.36051660028772,-30.93961404952354],[121.36575187850833,-30.950000000016427],[121.36666669711039,-30.949999999536978],[121.38333333309428,-30.949999999589277],[121.38791302258949,-30.9500000003585]]],[[[121.48730574758869,-30.936225846146115],[121.4958773809103,-30.93625394741964],[121.4958286275349,-30.92296993846116],[121.49999999975834,-30.92007348600397],[121.49999999963167,-30.916666667056397],[121.48333333279673,-30.916666667171178],[121.48333333311975,-30.933333332768704],[121.48333333251175,-30.949999999707615],[121.49634578393467,-30.95000000049725],[121.48730574758869,-30.936225846146115]]],[[[121.46666666686036,-30.927660407125042],[121.46666666746731,-30.916666667287394],[121.45118861421884,-30.91666666475998],[121.45141563548943,-30.92686917697849],[121.45631554574169,-30.922998585433906],[121.46469659491689,-30.922921016708205],[121.46666666686036,-30.927660407125042]]],[[[121.40145610116929,-30.916666751509922],[121.41582699747461,-30.91666666722],[121.44322610013626,-30.90562751974803],[121.44900178027716,-30.912813029522997],[121.44999999992011,-30.914271987014654],[121.45000000007558,-30.89999999975142],[121.43333333319883,-30.89999999968874],[121.4333333336553,-30.884297959755287],[121.40144926859574,-30.88430013153692],[121.40145619024003,-30.898699659117295],[121.40145610116929,-30.916666751509922]]]]},"properties":{"fmt_tenid":"E 15/985","type":"EXPLORATION LICENCE","tenstatus":"LIVE","holder1":"NORTHERN STAR (SOUTH KALGOORLIE) PTY LTD","holder2":" ","legal_area":23,"unit_of_me":"BL.","_colour":"#a0c4f0","_label":"Exploration Licence"}},{"type":"Feature","geometry":{"type":"Polygon","coordinates":[[[120.8710351318739,-30.39941121987198],[120.87103460223231,-30.40000000287887],[120.8833333334096,-30.399998132535497],[120.88333333361544,-30.39900871355857],[120.88333333348537,-30.395833332632634],[120.8833333327069,-30.366666667055682],[120.86666666664883,-30.366666667495203],[120.8500000002651,-30.36666666719008],[120.83333333295627,-30.36666666739934],[120.82071074084192,-30.366666669218212],[120.8273230612895,-30.373634485447482],[120.83024542651046,-30.376713538074572],[120.83652919086097,-30.383333333326974],[120.8432379720665,-30.383333589677132],[120.84999999971672,-30.383333333240685],[120.84999999992394,-30.384055790109606],[120.84999999987727,-30.39752091322584],[120.85000000061814,-30.399398033331394],[120.8517838751276,-30.399399297647886],[120.8710351318739,-30.39941121987198]]]},"properties":{"fmt_tenid":"E 24/148","type":"EXPLORATION LICENCE","tenstatus":"LIVE","holder1":"NORTHERN STAR RESOURCES LTD","holder2":" ","legal_area":6,"unit_of_me":"BL.","_colour":"#a0c4f0","_label":"Exploration Licence"}},{"type":"Feature","geometry":{"type":"Polygon","coordinates":[[[120.81666666726497,-30.383333333363584],[120.8166666666757,-30.39999999983642],[120.83333333308093,-30.3999999995962],[120.8333333326657,-30.416666667176592],[120.8499999997735,-30.416666666813793],[120.84999999964771,-30.433333332797957],[120.86666666672562,-30.433333333311847],[120.86666666707715,-30.4500000003767],[120.86666666728232,-30.466666666900114],[120.88333333269888,-30.46666666735868],[120.88333333329497,-30.46259673450935],[120.87653933429117,-30.457376976818136],[120.88181790172135,-30.451651280452506],[120.88333333279796,-30.450167070595526],[120.88333333255308,-30.429103244758828],[120.8710194384847,-30.416827243942222],[120.87103460223231,-30.40000000287887],[120.85000000049708,-30.400000000365264],[120.84999999971672,-30.383333333240685],[120.83333333294934,-30.383333333399722],[120.81666666726497,-30.383333333363584]]]},"properties":{"fmt_tenid":"E 24/167","type":"EXPLORATION LICENCE","tenstatus":"LIVE","holder1":"NORTHERN STAR RESOURCES LTD","holder2":" ","legal_area":9,"unit_of_me":"BL.","_colour":"#a0c4f0","_label":"Exploration Licence"}},{"type":"Feature","geometry":{"type":"Polygon","coordinates":[[[121.46665619158655,-30.5833333331187],[121.46666663137214,-30.577130004622205],[121.4631589305228,-30.57698955661623],[121.4635560307614,-30.56803886566797],[121.45657325807775,-30.568009468928384],[121.45660998961613,-30.569761508228552],[121.45000217533023,-30.56997442308642],[121.45000000833012,-30.569974493086697],[121.44999999986214,-30.58333333346772],[121.46665619158655,-30.5833333331187]]]},"properties":{"fmt_tenid":"E 24/239","type":"EXPLORATION LICENCE","tenstatus":"LIVE","holder1":"NORTHERN STAR (KLV) PTY LTD","holder2":"NORTHERN STAR (SARACEN KALGOORLIE) PTY LTD","legal_area":1,"unit_of_me":"BL.","_colour":"#a0c4f0","_label":"Exploration Licence"}},{"type":"Feature","geometry":{"type":"Polygon","coordinates":[[[121.65708061007206,-31.123494109856093],[121.65708719959333,-31.137709509619803],[121.65708989029136,-31.143483749939378],[121.66691058986842,-31.143471289532005],[121.66733070009094,-31.1434707397873],[121.68029196341215,-31.143453123072625],[121.68029183693957,-31.133333347483507],[121.66666666717016,-31.133333333247307],[121.66666666687262,-31.116666666786287],[121.66666666713354,-31.100000000052184],[121.66666666707016,-31.08333333255407],[121.68333333257377,-31.08333333263235],[121.68333333330906,-31.066666666996422],[121.68333333292729,-31.050000000483216],[121.6666666674229,-31.049999999529597],[121.66666666737687,-31.046174246620858],[121.66666666722969,-31.033333332561902],[121.65703970914096,-31.033333332954815],[121.65703970214565,-31.033337787949044],[121.65705531957994,-31.067982380459036],[121.65706715999421,-31.09416390999501],[121.65707378014453,-31.108679489546446],[121.65708061007206,-31.123494109856093]]]},"properties":{"fmt_tenid":"E 26/122","type":"EXPLORATION LICENCE","tenstatus":"LIVE","holder1":"NORTHERN STAR (HBJ) PTY LTD","holder2":" ","legal_area":10,"unit_of_me":"BL.","_colour":"#a0c4f0","_label":"Exploration Licence"}},{"type":"Feature","geometry":{"type":"Polygon","coordinates":[[[121.68333333292729,-31.050000000483216],[121.68847016730984,-31.04999956571347],[121.70733518183651,-31.050000265120836],[121.7073353068915,-31.037110522941056],[121.67800293134569,-31.037154547710557],[121.67792869978028,-31.014499710118955],[121.67540480075057,-31.014502581293872],[121.67540037905742,-31.011823632300306],[121.67286294513282,-31.01182647318925],[121.67285996033122,-31.009957099380507],[121.67285715163558,-31.008197417501446],[121.67285708059298,-31.008153127529642],[121.67285420285477,-31.00634916667832],[121.67285135434433,-31.004566306283504],[121.67285117329027,-31.004455006218404],[121.6728481633751,-31.002569854115954],[121.67284555658227,-31.000937263161152],[121.66747075020838,-31.00091230695308],[121.66666666702551,-31.0009085634721],[121.66666666688424,-31.01715027601627],[121.6666666672808,-31.031581570956526],[121.66666666737687,-31.046174246620858],[121.6666666674229,-31.049999999529597],[121.68333333292729,-31.050000000483216]]]},"properties":{"fmt_tenid":"E 26/139","type":"EXPLORATION LICENCE","tenstatus":"LIVE","holder1":"NORTHERN STAR (HBJ) PTY LTD","holder2":" ","legal_area":5,"unit_of_me":"BL.","_colour":"#a0c4f0","_label":"Exploration Licence"}},{"type":"Feature","geometry":{"type":"Polygon","coordinates":[[[121.31666666720338,-30.678999130131526],[121.31666666666236,-30.67659392061744],[121.30548472744046,-30.676652725543526],[121.3019096325003,-30.676642162225875],[121.30923724336006,-30.684257003311103],[121.31081278340142,-30.68311571422588],[121.31666666720338,-30.678999130131526]]]},"properties":{"fmt_tenid":"E 26/197","type":"EXPLORATION LICENCE","tenstatus":"LIVE","holder1":"NORTHERN STAR RESOURCES LTD","holder2":" ","legal_area":2,"unit_of_me":"BL.","_colour":"#a0c4f0","_label":"Exploration Licence"}},{"type":"Feature","geometry":{"type":"Polygon","coordinates":[[[121.69999999997538,-31.116666666861214],[121.71666666697655,-31.116666667447188],[121.73333333311314,-31.116666667444218],[121.73333333337445,-31.100000000229603],[121.71666666679063,-31.099999999992463],[121.70000000034193,-31.100000000049686],[121.68333333252089,-31.10000000021468],[121.66666666713354,-31.100000000052184],[121.66666666687262,-31.116666666786287],[121.68333333258175,-31.116666666894453],[121.69999999997538,-31.116666666861214]]]},"properties":{"fmt_tenid":"E 26/206","type":"EXPLORATION LICENCE","tenstatus":"LIVE","holder1":"NORTHERN STAR (HBJ) PTY LTD","holder2":" ","legal_area":4,"unit_of_me":"BL.","_colour":"#a0c4f0","_label":"Exploration Licence"}},{"type":"Feature","geometry":{"type":"Polygon","coordinates":[[[121.45698704573795,-30.65216683591196],[121.45649323155163,-30.65055826373655],[121.45632187142301,-30.649999999975137],[121.45482161482619,-30.650000000018778],[121.45619837721284,-30.654624133350254],[121.44683132376008,-30.659807849349363],[121.45247660385463,-30.65851156436117],[121.45449791397095,-30.66536972245664],[121.46108437842483,-30.665369287026557],[121.45969038511117,-30.66087684241637],[121.45698704573795,-30.65216683591196]]]},"properties":{"fmt_tenid":"E 26/253","type":"EXPLORATION LICENCE","tenstatus":"LIVE","holder1":"NORTHERN STAR (KLV) PTY LTD","holder2":"NORTHERN STAR (SARACEN KALGOORLIE) PTY LTD","legal_area":2,"unit_of_me":"BL.","_colour":"#a0c4f0","_label":"Exploration Licence"}},{"type":"Feature","geometry":{"type":"Polygon","coordinates":[[[121.71666666679063,-31.099999999992463],[121.71666666715343,-31.083333333244937],[121.69999999970634,-31.083333332623468],[121.70000000034193,-31.100000000049686],[121.71666666679063,-31.099999999992463]]]},"properties":{"fmt_tenid":"E 26/254","type":"EXPLORATION LICENCE","tenstatus":"LIVE","holder1":"NORTHERN STAR (HBJ) PTY LTD","holder2":" ","legal_area":1,"unit_of_me":"BL.","_colour":"#a0c4f0","_label":"Exploration Licence"}},{"type":"Feature","geometry":{"type":"Polygon","coordinates":[[[121.75000000029814,-31.11666666731813],[121.75000000022341,-31.100000000208333],[121.73333333337445,-31.100000000229603],[121.73333333311314,-31.116666667444218],[121.75000000029814,-31.11666666731813]]]},"properties":{"fmt_tenid":"E 26/255","type":"EXPLORATION LICENCE","tenstatus":"LIVE","holder1":"NORTHERN STAR (HBJ) PTY LTD","holder2":" ","legal_area":1,"unit_of_me":"BL.","_colour":"#a0c4f0","_label":"Exploration Licence"}},{"type":"Feature","geometry":{"type":"Polygon","coordinates":[[[121.55000000020284,-30.48347308679427],[121.54999999959402,-30.499999999944027],[121.55000000022721,-30.516666667175976],[121.56666666674361,-30.516666666729996],[121.566666667356,-30.499999999555126],[121.56666666734776,-30.487110287332463],[121.56351141571301,-30.47783453541711],[121.55703860976202,-30.48059890833713],[121.55000000020284,-30.48347308679427]]]},"properties":{"fmt_tenid":"E 27/542","type":"EXPLORATION LICENCE","tenstatus":"LIVE","holder1":"NORTHERN STAR (KANOWNA) PTY LIMITED","holder2":" ","legal_area":3,"unit_of_me":"BL.","_colour":"#a0c4f0","_label":"Exploration Licence"}},{"type":"Feature","geometry":{"type":"MultiPolygon","coordinates":[[[[121.53333333255276,-30.483333332532453],[121.53333333311772,-30.499999999650893],[121.54999999959402,-30.499999999944027],[121.55000000020284,-30.48347308679427],[121.54668459743311,-30.48482691437479],[121.54174685728738,-30.47615883712428],[121.53668007829395,-30.467262432598755],[121.53537073226148,-30.4650607520168],[121.5333333337797,-30.465921575887734],[121.53333333286459,-30.466666666516847],[121.53333333255276,-30.483333332532453]]],[[[121.53333333528519,-30.452914214147874],[121.53333333332968,-30.457596092598465],[121.53574125268585,-30.456521344884074],[121.53333333528519,-30.452914214147874]]]]},"properties":{"fmt_tenid":"E 27/557","type":"EXPLORATION LICENCE","tenstatus":"LIVE","holder1":"NORTHERN STAR (KANOWNA) PTY LIMITED","holder2":" ","legal_area":3,"unit_of_me":"BL.","_colour":"#a0c4f0","_label":"Exploration Licence"}},{"type":"Feature","geometry":{"type":"MultiPolygon","coordinates":[[[[121.5166666673107,-30.450000000493198],[121.51666666734924,-30.454434813479256],[121.5181029492832,-30.454423204626178],[121.51810352942506,-30.45246425020925],[121.51810897538309,-30.450000083930355],[121.51814355227823,-30.434353881369248],[121.51666666710673,-30.434360230764653],[121.5166666673107,-30.450000000493198]]],[[[121.53156977012597,-30.466666663388555],[121.53333333286459,-30.466666666516847],[121.5333333337797,-30.465921575887734],[121.53156977012597,-30.466666663388555]]],[[[121.52153619033275,-30.461649235334338],[121.52153605333211,-30.46164900233499],[121.51666666669276,-30.46168793676559],[121.51666666731482,-30.466666667298767],[121.51970152294241,-30.466666666773655],[121.52360389235695,-30.465017846502125],[121.52153619033275,-30.461649235334338]]]]},"properties":{"fmt_tenid":"E 27/599","type":"EXPLORATION LICENCE","tenstatus":"LIVE","holder1":"NORTHERN STAR (KANOWNA) PTY LIMITED","holder2":" ","legal_area":2,"unit_of_me":"BL.","_colour":"#a0c4f0","_label":"Exploration Licence"}},{"type":"Feature","geometry":{"type":"Polygon","coordinates":[[[122.38333333343688,-30.11666666748978],[122.38131815963206,-30.11666666733993],[122.36026481025884,-30.134899149712794],[122.37497943000143,-30.147682059747744],[122.37126124348113,-30.15083798699168],[122.38227792967737,-30.16041676039692],[122.40053134939959,-30.17627937390869],[122.4005316366613,-30.18286730544777],[122.40053199830302,-30.210873154937314],[122.38051973961609,-30.210896579597357],[122.36809610393146,-30.19220941782093],[122.36809630943812,-30.215354844976062],[122.38476290457778,-30.21535466263025],[122.38476292496524,-30.21666666686954],[122.40000000018915,-30.21666666714352],[122.41666666709091,-30.21666666692911],[122.4166666673829,-30.199999999738097],[122.41666666663025,-30.183333333068923],[122.41666666640899,-30.172817669039556],[122.41141864023905,-30.168506960487846],[122.41299938735875,-30.166666667101655],[122.39999999990424,-30.166666667260586],[122.39999999970794,-30.16285191107898],[122.39999999986541,-30.158423818198525],[122.39989578897479,-30.158328698087445],[122.39085437294683,-30.150075062372913],[122.39077244202353,-30.150000261266072],[122.38333333283381,-30.1500000003996],[122.38333333278302,-30.133333333413503],[122.38333333343688,-30.11666666748978]]]},"properties":{"fmt_tenid":"E 28/1747","type":"EXPLORATION LICENCE","tenstatus":"LIVE","holder1":"NORTHERN STAR (CAROSUE DAM) PTY LTD","holder2":" ","legal_area":13,"unit_of_me":"BL.","_colour":"#a0c4f0","_label":"Exploration Licence"}},{"type":"Feature","geometry":{"type":"MultiPolygon","coordinates":[[[[122.20799855070084,-30.54793635938624],[122.20799867542677,-30.556468373093292],[122.20799885669602,-30.567833903903445],[122.19152897400922,-30.567834119928452],[122.19152896226979,-30.56666666853448],[122.18333333335009,-30.566666667208445],[122.18333333317933,-30.583333333238944],[122.1999999997629,-30.58333333259466],[122.19999999958216,-30.60000000026289],[122.21666666726391,-30.600000000348853],[122.22816680821047,-30.600000000088187],[122.2281667144066,-30.593625837241103],[122.2281665430742,-30.58204391330144],[122.22399631748523,-30.58204396151508],[122.22399624145008,-30.576631818645232],[122.22498658696355,-30.575147575319942],[122.23220929660195,-30.578755575737144],[122.23585793686162,-30.573287295001293],[122.23748990969774,-30.58333333348419],[122.24999999987475,-30.583333332689115],[122.24999999985738,-30.56666666724336],[122.24999999957885,-30.554014820219336],[122.24955075958104,-30.554092005205828],[122.2452864288777,-30.554707791518982],[122.2460276470412,-30.556809408992653],[122.23769666497007,-30.558091964370313],[122.23689366392176,-30.5541300523475],[122.23336740440327,-30.55399729555925],[122.23049634276757,-30.544230005510194],[122.22689893453745,-30.544316655518063],[122.22688741487161,-30.543732535353776],[122.22198522888324,-30.543804127911642],[122.22201909458099,-30.54494318276217],[122.2079985068769,-30.54494338285062],[122.20799855070084,-30.54793635938624]],[[122.20772574895851,-30.587720076022315],[122.21009201313166,-30.58699406364802],[122.21157060853693,-30.59038305449752],[122.20914658616509,-30.591104743405758],[122.20772574895851,-30.587720076022315]]],[[[122.19943894145925,-30.531291292971595],[122.20312785440223,-30.531251150648142],[122.20362904830235,-30.53124357784702],[122.20366950218246,-30.530883590416494],[122.20939162998276,-30.530893085298114],[122.2095093323729,-30.5225130384412],[122.20807423711277,-30.522312692679566],[122.20859451906698,-30.51872874159468],[122.20889388370028,-30.516666666233036],[122.20789123352733,-30.516666666851528],[122.20716652678364,-30.517700005184626],[122.20507247866385,-30.516666667024108],[122.1999999999071,-30.51666666733011],[122.1943885781429,-30.51666666660608],[122.1944508362509,-30.517120819570536],[122.19355916689209,-30.517120828834702],[122.19355031231973,-30.517409092899168],[122.19355440262161,-30.524416590281913],[122.19854542181312,-30.525249551534895],[122.19975577738431,-30.523068921834543],[122.20314481454457,-30.525084823163045],[122.20370287727494,-30.524383858264123],[122.20820566056928,-30.527192545532714],[122.2058092760394,-30.530319024172403],[122.19359694891129,-30.527002847739617],[122.19041420771188,-30.52751639297717],[122.19050261599503,-30.527952557305838],[122.18640311017714,-30.528603568993447],[122.18612966999669,-30.527235429591624],[122.18612040462322,-30.53147419212296],[122.1951891501938,-30.531474047597538],[122.19517979972814,-30.53038735925211],[122.19943894145925,-30.531291292971595]]]]},"properties":{"fmt_tenid":"E 28/1749","type":"EXPLORATION LICENCE","tenstatus":"LIVE","holder1":"NORTHERN STAR (CAROSUE DAM) PTY LTD","holder2":" ","legal_area":13,"unit_of_me":"BL.","_colour":"#a0c4f0","_label":"Exploration Licence"}},{"type":"Feature","geometry":{"type":"Polygon","coordinates":[[[122.25005093988993,-30.52319780166939],[122.24953416609512,-30.523276967566524],[122.25020257640318,-30.52585685808372],[122.25326307607725,-30.525312369313824],[122.25871432414091,-30.5245489692409],[122.26209404547383,-30.52397892403257],[122.26336969170389,-30.53008579791101],[122.266325394244,-30.52966016375406],[122.26711956097375,-30.53333333279134],[122.28333333329799,-30.533333333421613],[122.28333333272467,-30.51666666732546],[122.27153878779808,-30.51666666686294],[122.26653151646713,-30.52183322190562],[122.25455962495599,-30.513136143145584],[122.25991672346312,-30.507608099371065],[122.26666666708027,-30.512499999738758],[122.26666666663075,-30.50000000044815],[122.25000000004684,-30.50000000030422],[122.23334522822576,-30.499999995883446],[122.23332754328487,-30.515130839737242],[122.2397595221469,-30.514278648728443],[122.23915123812642,-30.51151409275654],[122.24608142601438,-30.51160259668742],[122.24600425361537,-30.513303987387463],[122.24786114444214,-30.513019720318706],[122.24938479659417,-30.520481634447993],[122.25005093988993,-30.52319780166939]],[[122.23702219596024,-30.506620779324074],[122.23910569729443,-30.506620757469303],[122.24118934897508,-30.506620737793256],[122.24118942187492,-30.51022887616208],[122.23910584721756,-30.510228894834317],[122.23702226889434,-30.510228916575464],[122.23702219596024,-30.506620779324074]]]},"properties":{"fmt_tenid":"E 28/2256","type":"EXPLORATION LICENCE","tenstatus":"LIVE","holder1":"NORTHERN STAR (CAROSUE DAM) PTY LTD","holder2":" ","legal_area":5,"unit_of_me":"BL.","_colour":"#a0c4f0","_label":"Exploration Licence"}},{"type":"Feature","geometry":{"type":"Polygon","coordinates":[[[122.21666666706923,-30.500000000363006],[122.23333332825281,-30.499999993964412],[122.24999999904685,-30.499999994304222],[122.26666667063068,-30.499999994448157],[122.26666667135952,-30.483333338897665],[122.2499999987664,-30.483333338755514],[122.23333332775104,-30.48333333853344],[122.21666667168857,-30.483333338582664],[122.20985346685327,-30.483333332944884],[122.2098534694244,-30.499999994412487],[122.21666666706923,-30.500000000363006]]]},"properties":{"fmt_tenid":"E 28/3078","type":"EXPLORATION LICENCE","tenstatus":"LIVE","holder1":"NORTHERN STAR (CAROSUE DAM) PTY LTD","holder2":" ","legal_area":4,"unit_of_me":"BL.","_colour":"#a0c4f0","_label":"Exploration Licence"}},{"type":"Feature","geometry":{"type":"Polygon","coordinates":[[[122.28333333296301,-30.083333332791142],[122.28333333312773,-30.100000000128468],[122.30000000049344,-30.10000000049282],[122.29999999980738,-30.08333333313373],[122.28333333296301,-30.083333332791142]]]},"properties":{"fmt_tenid":"E 31/1009","type":"EXPLORATION LICENCE","tenstatus":"LIVE","holder1":"NORTHERN STAR (CAROSUE DAM) PTY LTD","holder2":" ","legal_area":1,"unit_of_me":"BL.","_colour":"#a0c4f0","_label":"Exploration Licence"}},{"type":"Feature","geometry":{"type":"MultiPolygon","coordinates":[[[[122.21666666708654,-29.933333333007084],[122.216666667251,-29.949999999929652],[122.21666666743518,-29.966666667410696],[122.23333333301166,-29.966666667370806],[122.23333333306115,-29.98333333346442],[122.23333333321382,-30.000000000191964],[122.249999999928,-30.000000000255536],[122.24999999969505,-30.016666667313533],[122.25000000013745,-30.033333332657374],[122.26666666732625,-30.03333333324294],[122.2666666667273,-30.050000000316263],[122.27708317412284,-30.050000000336464],[122.26809425114119,-30.032020950621305],[122.25081388139868,-30.032081105751878],[122.26248392850002,-30.012087712853628],[122.27176469890455,-30.020058290416998],[122.28476034203399,-30.031215953955517],[122.30141959585421,-30.031204733845957],[122.30142938667613,-30.032015235035644],[122.3180818097938,-30.031992216937294],[122.31809370791854,-30.015358939363875],[122.31666666677626,-30.00000000227878],[122.31666666707488,-29.98333333284451],[122.31666666726142,-29.966666666844475],[122.29999999950829,-29.966666666572277],[122.28333333293357,-29.966666667076947],[122.28333333340007,-29.950000000360536],[122.28333333263595,-29.9333333331488],[122.25833333348574,-29.93333254269853],[122.23333333267622,-29.933333332984294],[122.21666666708654,-29.933333333007084]]],[[[122.29999999980738,-30.08333333313373],[122.3014276733987,-30.083333347914348],[122.30679479289961,-30.08333333284889],[122.30000000005076,-30.07288600883503],[122.29999999980738,-30.08333333313373]]],[[[122.28333333303384,-30.06666666690978],[122.29595502774337,-30.066666667380364],[122.2929019996626,-30.06197248817235],[122.28475989366311,-30.06535446783306],[122.28333333291515,-30.062501155076536],[122.28333333303384,-30.06666666690978]]]]},"properties":{"fmt_tenid":"E 31/1058","type":"EXPLORATION LICENCE","tenstatus":"LIVE","holder1":"NORTHERN STAR (CAROSUE DAM) PTY LTD","holder2":" ","legal_area":31,"unit_of_me":"BL.","_colour":"#a0c4f0","_label":"Exploration Licence"}},{"type":"Feature","geometry":{"type":"Polygon","coordinates":[[[122.23333333267622,-29.933333332984294],[122.24999999997421,-29.933333333153225],[122.26666666748525,-29.9333333327049],[122.26666666700821,-29.91666666745973],[122.24999999967667,-29.916666667002804],[122.25000000011974,-29.899999999599903],[122.25000000048556,-29.8833333328081],[122.2666666668613,-29.88333333279714],[122.28333333295367,-29.883333332796546],[122.28333333312773,-29.866666666653284],[122.26666666671349,-29.8666666666421],[122.2499999998808,-29.866666666922978],[122.23333333288252,-29.866666666775036],[122.21666666692609,-29.866666667389403],[122.21666666749286,-29.883333333145206],[122.20000000006772,-29.883333333005076],[122.20000000047442,-29.866666667410083],[122.18333333261424,-29.86666666681541],[122.18333333269229,-29.849999999624874],[122.18333333267059,-29.833333333231753],[122.19999999984012,-29.83333333317392],[122.19999999981495,-29.816666667291173],[122.18333333323372,-29.816666666853006],[122.16666666657702,-29.81666666658764],[122.14999999991869,-29.816666667475843],[122.13333333349429,-29.816666666671352],[122.13333333338898,-29.833333333403093],[122.13333333327667,-29.850000000131445],[122.13333333250425,-29.866666667034075],[122.1499999996406,-29.866666667420212],[122.15000000010275,-29.88333333318108],[122.16666666727109,-29.883333332701397],[122.16666666728901,-29.899999999893257],[122.18333333299177,-29.900000000000354],[122.18333333338704,-29.91666666687336],[122.20000000040582,-29.91666666685115],[122.19999999965276,-29.933333332989275],[122.21666666708654,-29.933333333007084],[122.23333333267622,-29.933333332984294]]]},"properties":{"fmt_tenid":"E 31/1059","type":"EXPLORATION LICENCE","tenstatus":"LIVE","holder1":"NORTHERN STAR (CAROSUE DAM) PTY LTD","holder2":" ","legal_area":30,"unit_of_me":"BL.","_colour":"#a0c4f0","_label":"Exploration Licence"}},{"type":"Feature","geometry":{"type":"Polygon","coordinates":[[[122.28333333263595,-29.9333333331488],[122.28333333340007,-29.950000000360536],[122.28333333293357,-29.966666667076947],[122.29999999950829,-29.966666666572277],[122.31666666726142,-29.966666666844475],[122.31666666707488,-29.98333333284451],[122.31809353195783,-29.983333347855158],[122.33333333295158,-29.983333333363735],[122.33333333337184,-29.982020531052637],[122.33333333308417,-29.966666667311436],[122.33333333332747,-29.95000000032141],[122.31666666709202,-29.949999999855706],[122.30000000046535,-29.95000000020955],[122.30000000000605,-29.93333333302124],[122.28333333263595,-29.9333333331488]]]},"properties":{"fmt_tenid":"E 31/1110-I","type":"EXPLORATION LICENCE","tenstatus":"LIVE","holder1":"NORTHERN STAR (CAROSUE DAM) PTY LTD","holder2":" ","legal_area":5,"unit_of_me":"BL.","_colour":"#a0c4f0","_label":"Exploration Licence"}},{"type":"Feature","geometry":{"type":"Polygon","coordinates":[[[122.25000000029694,-29.783333333100487],[122.23333333275406,-29.783333332740085],[122.21666666725515,-29.783333332878435],[122.21666666731416,-29.799999999723656],[122.19999999973474,-29.800000000302845],[122.19999999985374,-29.78333333293261],[122.18333333261788,-29.78333333293992],[122.18333333270562,-29.800000000160544],[122.18333333323372,-29.816666666853006],[122.19999999981495,-29.816666667291173],[122.19999999984012,-29.83333333317392],[122.19999999953325,-29.850000000068427],[122.20000000047442,-29.866666667410083],[122.21666666692609,-29.866666667389403],[122.23333333288252,-29.866666666775036],[122.2499999998808,-29.866666666922978],[122.26666666671349,-29.8666666666421],[122.26666666721948,-29.850000000160804],[122.26666666747396,-29.833333332870556],[122.2666666670787,-29.81672576779989],[122.26151784434401,-29.817359437001894],[122.25926656737437,-29.803427978428743],[122.2587127719926,-29.800000000370314],[122.24999999976203,-29.799999999781495],[122.25000000029694,-29.783333333100487]],[[122.19043612857061,-29.79097760158695],[122.18759937722152,-29.79121288528006],[122.18711883795477,-29.7879430854372],[122.18990384402639,-29.78769846959293],[122.19043612857061,-29.79097760158695]]]},"properties":{"fmt_tenid":"E 31/1117","type":"EXPLORATION LICENCE","tenstatus":"LIVE","holder1":"NORTHERN STAR (CAROSUE DAM) PTY LTD","holder2":" ","legal_area":20,"unit_of_me":"BL.","_colour":"#a0c4f0","_label":"Exploration Licence"}},{"type":"Feature","geometry":{"type":"Polygon","coordinates":[[[122.30000000049344,-30.10000000049282],[122.30137382774366,-30.10000000032806],[122.30141379989308,-30.09869394014201],[122.31678107149476,-30.09868772247823],[122.30679479289961,-30.08333333284889],[122.3014276733987,-30.083333347914348],[122.29999999980738,-30.08333333313373],[122.30000000049344,-30.10000000049282]]]},"properties":{"fmt_tenid":"E 31/1123","type":"EXPLORATION LICENCE","tenstatus":"LIVE","holder1":"NORTHERN STAR (CAROSUE DAM) PTY LTD","holder2":" ","legal_area":1,"unit_of_me":"BL.","_colour":"#a0c4f0","_label":"Exploration Licence"}},{"type":"Feature","geometry":{"type":"Polygon","coordinates":[[[122.3499999995105,-30.00000000022112],[122.34999999991417,-29.983333333233446],[122.33333333295158,-29.983333333363735],[122.31666666707488,-29.98333333284451],[122.31666666677626,-30.000000000278746],[122.33333333324295,-30.000000000221974],[122.33333333347056,-30.016666666778907],[122.35000000006495,-30.016666666659216],[122.3499999995105,-30.00000000022112]]]},"properties":{"fmt_tenid":"E 31/1239","type":"EXPLORATION LICENCE","tenstatus":"LIVE","holder1":"NORTHERN STAR (CAROSUE DAM) PTY LTD","holder2":" ","legal_area":3,"unit_of_me":"BL.","_colour":"#a0c4f0","_label":"Exploration Licence"}},{"type":"Feature","geometry":{"type":"Polygon","coordinates":[[[122.13333333336769,-29.716666666594758],[122.13333333307833,-29.733333332937438],[122.13333333259196,-29.749999999932694],[122.13333333278467,-29.76666666663179],[122.13333333309309,-29.783333332542192],[122.1333333334759,-29.800000000345086],[122.13333333349429,-29.816666666671352],[122.14999999991869,-29.816666667475843],[122.16666666657702,-29.81666666658764],[122.1666666673054,-29.800000000320598],[122.16666666659857,-29.783333332923828],[122.16823327161339,-29.78333333279747],[122.1676100998501,-29.777523959513406],[122.17595775288181,-29.776486788800316],[122.1779987443018,-29.776361244861203],[122.17869804739207,-29.7833333329535],[122.18333333261788,-29.78333333293992],[122.18333333297738,-29.766666667258676],[122.18333333320169,-29.750000000178243],[122.16666666726648,-29.7500000003585],[122.16666666679284,-29.73333333319151],[122.18333333294957,-29.73333333348907],[122.18333333252961,-29.716666666577183],[122.1833333327821,-29.7000000004502],[122.16666666694955,-29.69999999962693],[122.15000000027315,-29.70000000014896],[122.14999999991133,-29.71666666690357],[122.13333333336769,-29.716666666594758]],[[122.1585887904772,-29.70676215062765],[122.16072126092355,-29.70619241818173],[122.16117773356945,-29.710008876892097],[122.16210790138778,-29.71194129730017],[122.16371876391135,-29.715287823447525],[122.16394770930847,-29.716995657280716],[122.16426187236141,-29.719340367875517],[122.16188060660258,-29.719583597034077],[122.16156649125058,-29.717238848189815],[122.16141808697195,-29.716131591129194],[122.15980752158522,-29.71278501241774],[122.16013907325899,-29.712663410979047],[122.15918758712478,-29.710685819751987],[122.1585887904772,-29.70676215062765]],[[122.15881959668376,-29.73399844513923],[122.15827291906918,-29.73116956384063],[122.15875486618273,-29.73111201799826],[122.15945126096588,-29.731028863768472],[122.16051774740217,-29.730901505856252],[122.16093270008098,-29.733947680076977],[122.1593388180879,-29.733985973389355],[122.15881959668376,-29.73399844513923]],[[122.16797088621695,-29.755808427736415],[122.17035093905587,-29.75516646766118],[122.17157831442978,-29.75863133808459],[122.17280517922418,-29.762094514551432],[122.17042473010885,-29.762736541619166],[122.16919812854425,-29.759273518172666],[122.16797088621695,-29.755808427736415]]]},"properties":{"fmt_tenid":"E 31/814","type":"EXPLORATION LICENCE","tenstatus":"LIVE","holder1":"NORTHERN STAR (CAROSUE DAM) PTY LTD","holder2":" ","legal_area":17,"unit_of_me":"BL.","_colour":"#a0c4f0","_label":"Exploration Licence"}},{"type":"Feature","geometry":{"type":"Polygon","coordinates":[[[121.05471962355684,-27.299999999676427],[121.04999999976215,-27.299999999853085],[121.03333333291828,-27.300000000340894],[121.03333333285846,-27.316666666541447],[121.01666666715465,-27.316666667417653],[120.99999999985738,-27.316666667298858],[121.00000000034541,-27.333333332878794],[120.9999999998941,-27.33702750809387],[121.00348435452662,-27.3370280467511],[121.00374678964953,-27.33702810980062],[121.0123673967619,-27.337029834364767],[121.0212201661854,-27.337031046803357],[121.03006186973585,-27.337031700096595],[121.03008284645065,-27.350000000014493],[121.05000000006491,-27.35000000039125],[121.0499999995014,-27.333333332581805],[121.06666666678838,-27.333333094378204],[121.06666666658205,-27.316666667404284],[121.06666666742314,-27.304839908411147],[121.05721084265943,-27.304844525824162],[121.05464343242693,-27.304845670400535],[121.05471962355684,-27.299999999676427]]]},"properties":{"fmt_tenid":"E 36/578","type":"EXPLORATION LICENCE","tenstatus":"LIVE","holder1":"CREASY, MARK GARETH","holder2":"NORTHERN STAR (MKO) PTY LTD","legal_area":9,"unit_of_me":"BL.","_colour":"#a0c4f0","_label":"Exploration Licence"}},{"type":"Feature","geometry":{"type":"Polygon","coordinates":[[[121.08333333296407,-27.400000000140125],[121.06666666739905,-27.400000000478663],[121.06666666668194,-27.416666666687874],[121.06666666729168,-27.43333333272578],[121.06666666724227,-27.449999999730657],[121.06666666749112,-27.46666666674464],[121.0833333332108,-27.46666666688222],[121.08333333370774,-27.46534437040126],[121.08333333254109,-27.449999999898434],[121.08333333345062,-27.433333333081006],[121.0833333325914,-27.41666666720411],[121.08333333296407,-27.400000000140125]]]},"properties":{"fmt_tenid":"E 36/593","type":"EXPLORATION LICENCE","tenstatus":"LIVE","holder1":"NORTHERN STAR (MKO) PTY LTD","holder2":" ","legal_area":4,"unit_of_me":"BL.","_colour":"#a0c4f0","_label":"Exploration Licence"}},{"type":"Feature","geometry":{"type":"Polygon","coordinates":[[[121.06666666749112,-27.46666666674464],[121.06666666724607,-27.483333332590828],[121.08333333323777,-27.483333332997127],[121.0833333332108,-27.46666666688222],[121.06666666749112,-27.46666666674464]]]},"properties":{"fmt_tenid":"E 36/673","type":"EXPLORATION LICENCE","tenstatus":"LIVE","holder1":"CREASY, MARK GARETH","holder2":"NORTHERN STAR (MKO) PTY LTD","legal_area":1,"unit_of_me":"BL.","_colour":"#a0c4f0","_label":"Exploration Licence"}},{"type":"Feature","geometry":{"type":"Polygon","coordinates":[[[121.05000000029251,-27.383333333263707],[121.05000000047016,-27.36666666669568],[121.05000000006491,-27.35000000039125],[121.03333333250379,-27.349999999691338],[121.03008284645065,-27.350000000014493],[121.03009485480078,-27.357420472897587],[121.03613810496306,-27.35754950739982],[121.0358642507008,-27.366576116562474],[121.03009615030983,-27.36645764683897],[121.03009610648186,-27.383333332684607],[121.03333333325673,-27.383333332671256],[121.05000000029251,-27.383333333263707]]]},"properties":{"fmt_tenid":"E 36/698","type":"EXPLORATION LICENCE","tenstatus":"LIVE","holder1":"CREASY, MARK GARETH","holder2":"NORTHERN STAR (MKO) PTY LTD","legal_area":4,"unit_of_me":"BL.","_colour":"#a0c4f0","_label":"Exploration Licence"}},{"type":"Feature","geometry":{"type":"MultiPolygon","coordinates":[[[[120.91666666730733,-27.516666667467415],[120.93333333339466,-27.516666667128927],[120.93333333344849,-27.5149460706408],[120.9288118535106,-27.495004082664508],[120.92800757602672,-27.49145564983962],[120.94641806476417,-27.488082387330074],[120.9455705028207,-27.484454567963354],[120.9438846143727,-27.47739580943522],[120.94219759988708,-27.470331389846915],[120.94050872046144,-27.463258169978598],[120.93882089451003,-27.45618847676916],[120.93713713679516,-27.449134885372814],[120.93545285431652,-27.44207813054789],[120.93376888443414,-27.435021727026836],[120.92685525028152,-27.436334069900692],[120.91892938009057,-27.43783810811205],[120.91697191283919,-27.43820944236066],[120.91275785612373,-27.420544198329804],[120.912757576125,-27.42054302933102],[120.90853956356807,-27.402892272832894],[120.90853923356993,-27.402890891834375],[120.90785071242362,-27.399999999866523],[120.8999999996059,-27.399999999876087],[120.9000000001123,-27.4166666666888],[120.90000000029654,-27.433333333278654],[120.90000000049984,-27.44999999998631],[120.90000000012064,-27.466666667240624],[120.90000000005881,-27.483333332831595],[120.91666666689602,-27.483333332859942],[120.91666666671674,-27.49999999997758],[120.91666666730733,-27.516666667467415]]],[[[120.96666666714084,-27.63333333333739],[120.98333333261976,-27.63333333291571],[120.98333333616165,-27.616151724104846],[120.97552309956237,-27.58393555969625],[120.97061921009056,-27.584871122537475],[120.96666666713855,-27.585624842141094],[120.96666666698107,-27.599999999997674],[120.96666666697247,-27.616666667189772],[120.96666666714084,-27.63333333333739]]],[[[120.93333333339466,-27.516666667128927],[120.93333333290366,-27.53333333273381],[120.93333333281831,-27.55000000004338],[120.94568230684776,-27.55000000013094],[120.93994560559725,-27.526015061087765],[120.9360202603898,-27.526796766383043],[120.93372344698342,-27.516666669470112],[120.93333333339466,-27.516666667128927]]],[[[120.95000000002642,-27.583333333310648],[120.95985915815795,-27.583333332779997],[120.95225308932017,-27.551509038169065],[120.95000000038391,-27.55189853079897],[120.94999999972927,-27.566666666804206],[120.95000000002642,-27.583333333310648]]]]},"properties":{"fmt_tenid":"E 36/715","type":"EXPLORATION LICENCE","tenstatus":"LIVE","holder1":"NORTHERN STAR (MKO) PTY LTD","holder2":" ","legal_area":21,"unit_of_me":"BL.","_colour":"#a0c4f0","_label":"Exploration Licence"}},{"type":"Feature","geometry":{"type":"Polygon","coordinates":[[[120.95279627974897,-27.490450638500548],[120.95869267182849,-27.516666667257905],[120.96666666687871,-27.516666666630258],[120.96666666732628,-27.53282422944036],[120.9703862576728,-27.54837265040511],[120.97583376355605,-27.547347958248267],[120.97645093777605,-27.55000000037976],[120.98333333314096,-27.54999999954341],[120.99777392253198,-27.55000000038632],[120.99929590482515,-27.54968973674647],[120.99999999986066,-27.549546202846237],[121.00000000023265,-27.5333333326539],[121.00000000006598,-27.51666666698545],[120.98333333346261,-27.516666666906062],[120.98333333347931,-27.4999999999386],[120.98333333461166,-27.49202106293962],[120.97867112299596,-27.492915396435606],[120.96380042355233,-27.495766593613272],[120.96210716369947,-27.48870571863047],[120.95279627974897,-27.490450638500548]]]},"properties":{"fmt_tenid":"E 36/749","type":"EXPLORATION LICENCE","tenstatus":"LIVE","holder1":"NORTHERN STAR (MKO) PTY LTD","holder2":" ","legal_area":8,"unit_of_me":"BL.","_colour":"#a0c4f0","_label":"Exploration Licence"}},{"type":"Feature","geometry":{"type":"Polygon","coordinates":[[[120.99999999978958,-27.683333332611227],[121.01666666702565,-27.683333332916174],[121.03333333317559,-27.683333333181338],[121.0333333329454,-27.66666666712129],[121.03333333329945,-27.64999999950743],[121.02782348952344,-27.650000001783276],[121.02626385553324,-27.659897316077878],[121.00210221117051,-27.659897398249914],[121.00055150575659,-27.650000002077693],[121.00000000013847,-27.649999999933094],[120.99999999952165,-27.666666666816834],[120.99999999978958,-27.683333332611227]]]},"properties":{"fmt_tenid":"E 36/826","type":"EXPLORATION LICENCE","tenstatus":"LIVE","holder1":"NORTHERN STAR (MKO) PTY LTD","holder2":" ","legal_area":4,"unit_of_me":"BL.","_colour":"#a0c4f0","_label":"Exploration Licence"}},{"type":"Feature","geometry":{"type":"Polygon","coordinates":[[[120.98333333326417,-27.46666666679065],[120.98333333409266,-27.477910913873743],[120.98339555572035,-27.478168996606243],[120.98509600944732,-27.485221520467555],[120.98658521326294,-27.491397268232998],[120.98333333461166,-27.49202106293962],[120.98333333347931,-27.4999999999386],[120.98333333346261,-27.516666666906062],[121.00000000006598,-27.51666666698545],[121.00000000023265,-27.5333333326539],[120.99999999986066,-27.549546202846237],[121.0085279311327,-27.547807742697422],[121.02176776972254,-27.545106559878498],[121.02710133996581,-27.56618454378139],[121.02474063482384,-27.566666666536143],[121.03333333257683,-27.56666666667899],[121.033333333445,-27.55000000041303],[121.03333333347877,-27.53333333272807],[121.033333333137,-27.516666667218445],[121.01666666679672,-27.516666666762653],[121.01666666733622,-27.499999999926484],[121.00000000037818,-27.49999999951769],[121.00000000003145,-27.483333333203593],[120.99999999966747,-27.466666666840094],[120.98333333326417,-27.46666666679065]]]},"properties":{"fmt_tenid":"E 36/838","type":"EXPLORATION LICENCE","tenstatus":"LIVE","holder1":"NORTHERN STAR (MKO) PTY LTD","holder2":" ","legal_area":9,"unit_of_me":"BL.","_colour":"#a0c4f0","_label":"Exploration Licence"}},{"type":"Feature","geometry":{"type":"Polygon","coordinates":[[[121.03333333304326,-27.450000000312357],[121.03333333336579,-27.433333332735703],[121.03333333313573,-27.416666667412315],[121.03333333343159,-27.399999999576938],[121.03333333392672,-27.39116278418384],[121.0300960895107,-27.391163149570833],[121.0199893393169,-27.391164296046053],[121.0199893393708,-27.436286558703877],[121.0166666672549,-27.43628700241181],[120.98333333412208,-27.436286604112976],[120.98333333290904,-27.45000000041114],[121.00000000040215,-27.450000000132068],[121.01666666725612,-27.450000000369393],[121.03333333304326,-27.450000000312357]]]},"properties":{"fmt_tenid":"E 36/847","type":"EXPLORATION LICENCE","tenstatus":"LIVE","holder1":"NORTHERN STAR (MKO) PTY LTD","holder2":" ","legal_area":6,"unit_of_me":"BL.","_colour":"#a0c4f0","_label":"Exploration Licence"}},{"type":"Feature","geometry":{"type":"Polygon","coordinates":[[[120.98333333277185,-27.26666666708232],[120.96666666720712,-27.266666666667177],[120.9499999999537,-27.266666667393324],[120.94999999963251,-27.283333332809594],[120.96666666741174,-27.283333332863332],[120.966666667409,-27.30000000044683],[120.96666666691232,-27.316666666920916],[120.96666666721269,-27.33333333329156],[120.966666666849,-27.350000000092233],[120.97447947473277,-27.350000007486926],[120.98333333326875,-27.35000000013141],[120.98558513547908,-27.349999999774806],[120.99458508631679,-27.350000000346302],[121.00000000041071,-27.34999999977775],[121.00000000089409,-27.33702750809387],[121.00000000034541,-27.333333332878794],[120.99999999985738,-27.316666667298858],[120.99999999950047,-27.3000000000727],[121.00000000016793,-27.28333333262509],[120.98333333258519,-27.283333333026278],[120.98333333277185,-27.26666666708232]]]},"properties":{"fmt_tenid":"E 36/862","type":"EXPLORATION LICENCE","tenstatus":"LIVE","holder1":"NORTHERN STAR (MKO) PTY LTD","holder2":" ","legal_area":10,"unit_of_me":"BL.","_colour":"#a0c4f0","_label":"Exploration Licence"}},{"type":"Feature","geometry":{"type":"Polygon","coordinates":[[[120.96092399021391,-27.400000000185287],[120.96940590355732,-27.42825127010793],[120.9742746199232,-27.444480200146387],[120.97593144995994,-27.450000001845236],[120.98333333290904,-27.45000000041114],[120.98333333412208,-27.436286604112976],[120.97953175352072,-27.436286559470645],[120.97953892156822,-27.416666666646787],[120.96666666651068,-27.41666666650197],[120.96666666667078,-27.400000000323335],[120.96092399021391,-27.400000000185287]]]},"properties":{"fmt_tenid":"E 36/884","type":"EXPLORATION LICENCE","tenstatus":"LIVE","holder1":"NORTHERN STAR (MKO) PTY LTD","holder2":" ","legal_area":4,"unit_of_me":"BL.","_colour":"#a0c4f0","_label":"Exploration Licence"}},{"type":"Feature","geometry":{"type":"MultiPolygon","coordinates":[[[[121.03333333258895,-27.26666666726167],[121.01666666711776,-27.26666666723113],[121.01666666692722,-27.283333332600133],[121.00000000016793,-27.28333333262509],[120.99999999950047,-27.3000000000727],[120.99999999985738,-27.316666667298858],[121.01666666715465,-27.316666667417653],[121.03333333285846,-27.316666666541447],[121.03333333291828,-27.300000000340894],[121.04999999976215,-27.299999999853085],[121.05000000044805,-27.28333333288883],[121.0333333325905,-27.283333333387475],[121.03333333258895,-27.26666666726167]]],[[[120.98333333326875,-27.35000000013141],[120.97447947473277,-27.350000003486915],[120.966666666849,-27.350000000092233],[120.96666666707071,-27.366666666835705],[120.9666666670356,-27.383333332641556],[120.97448533297525,-27.38333333547725],[120.98333333285034,-27.383333332763584],[120.98333333260203,-27.382322107401507],[120.98333333307573,-27.37347934682338],[120.98333333269444,-27.36666666741969],[120.98333333295088,-27.364813186398116],[120.98333333342019,-27.356356270466552],[120.98333333326875,-27.35000000013141]]]]},"properties":{"fmt_tenid":"E 36/890","type":"EXPLORATION LICENCE","tenstatus":"LIVE","holder1":"NORTHERN STAR (MKO) PTY LTD","holder2":" ","legal_area":8,"unit_of_me":"BL.","_colour":"#a0c4f0","_label":"Exploration Licence"}},{"type":"Feature","geometry":{"type":"Polygon","coordinates":[[[121.09999999984738,-27.69999999991369],[121.1000000002791,-27.68333333302182],[121.09999999973962,-27.666666666628167],[121.10000000025805,-27.64999999973885],[121.08333333327971,-27.64999999961849],[121.06666666697939,-27.649999999774614],[121.05000000018167,-27.649999999909323],[121.0499999997995,-27.666666667478076],[121.05000000004573,-27.683333332734627],[121.05000000017861,-27.70000000043545],[121.06666666652762,-27.70000000024249],[121.08333333327363,-27.699999999631153],[121.09999999984738,-27.69999999991369]]]},"properties":{"fmt_tenid":"E 36/900","type":"EXPLORATION LICENCE","tenstatus":"LIVE","holder1":"NORTHERN STAR (MKO) PTY LTD","holder2":" ","legal_area":9,"unit_of_me":"BL.","_colour":"#a0c4f0","_label":"Exploration Licence"}},{"type":"Feature","geometry":{"type":"Polygon","coordinates":[[[121.08333333271614,-27.51666666699174],[121.06666666677634,-27.51666666669854],[121.05000000016152,-27.51666666738762],[121.033333333137,-27.516666667218445],[121.03333333347877,-27.53333333272807],[121.033333333445,-27.55000000041303],[121.03333333257683,-27.56666666667899],[121.0333333331377,-27.58333333263847],[121.0333333326002,-27.599999999807082],[121.03333333343869,-27.61666666740953],[121.03333333322682,-27.633333332938406],[121.03333333329945,-27.64999999950743],[121.05000000018167,-27.649999999909323],[121.04999999980171,-27.633333333437665],[121.0666666670436,-27.63333333261278],[121.08333333256408,-27.633333332737575],[121.08333333340319,-27.616666667183594],[121.08333333343225,-27.60000000045753],[121.10000000048757,-27.600000000139428],[121.09999999957317,-27.58333333286487],[121.10000000020683,-27.56666666680173],[121.0833333329776,-27.566666667329663],[121.08333333256263,-27.549999999719674],[121.08333333299959,-27.533333332925842],[121.08333333271614,-27.51666666699174]],[[121.06666947783484,-27.528383518303734],[121.06873194449662,-27.527960939907818],[121.07154630434886,-27.52679969304887],[121.07391204017452,-27.52639929394091],[121.07463584268046,-27.529595136477358],[121.0721678816087,-27.53004827741454],[121.06934974689385,-27.53056565891346],[121.06950510598898,-27.53122066541247],[121.06725043205803,-27.531631552609955],[121.06666947783484,-27.528383518303734]]]},"properties":{"fmt_tenid":"E 36/917","type":"EXPLORATION LICENCE","tenstatus":"LIVE","holder1":"NORTHERN STAR (MKO) PTY LTD","holder2":" ","legal_area":24,"unit_of_me":"BL.","_colour":"#a0c4f0","_label":"Exploration Licence"}},{"type":"Feature","geometry":{"type":"Polygon","coordinates":[[[120.90000000012064,-27.466666667240624],[120.90000000049984,-27.44999999998631],[120.90000000029654,-27.433333333278654],[120.9000000001123,-27.4166666666888],[120.8999999996059,-27.399999999876087],[120.89999999981089,-27.38333333315409],[120.9000000000069,-27.36666666690751],[120.88333333267789,-27.366666666909968],[120.88333333332308,-27.383333333077022],[120.88333333322049,-27.3999999999713],[120.86666666659221,-27.399999999756385],[120.86666666687803,-27.416666666883465],[120.8666666669802,-27.433333332852296],[120.86666666722293,-27.450000000363044],[120.86666666709192,-27.46666666701604],[120.86666666710383,-27.48333333306368],[120.86666666683217,-27.500000000218574],[120.88333333328623,-27.499999999806032],[120.89999999967583,-27.49999999989224],[120.89999999999525,-27.516666666930124],[120.90000000026079,-27.5333333332461],[120.90000000025934,-27.549999999634434],[120.899999999902,-27.56666666690077],[120.91666666666391,-27.566666666730622],[120.9166666672301,-27.58333333254964],[120.91666666737586,-27.599999999680062],[120.93333333266875,-27.60000000000372],[120.93333333270887,-27.616666666664713],[120.93333333298632,-27.633333333193615],[120.95000000015894,-27.63333333340105],[120.94999999985048,-27.649999999706488],[120.96666666678388,-27.65000000049797],[120.96666666714084,-27.63333333333739],[120.96666666697247,-27.616666667189772],[120.96666666698107,-27.599999999997674],[120.96666666713855,-27.585624842141094],[120.96067976048718,-27.586766786739226],[120.95985915815795,-27.583333332779997],[120.95000000002642,-27.583333333310648],[120.94999999972927,-27.566666666804206],[120.95000000038391,-27.55189853079897],[120.94628980213997,-27.5525399161561],[120.94568230684776,-27.55000000013094],[120.93333333281831,-27.55000000004338],[120.93333333290366,-27.53333333273381],[120.93333333339466,-27.516666667128927],[120.91666666730733,-27.516666667467415],[120.91666666671674,-27.49999999997758],[120.91666666689602,-27.483333332859942],[120.90000000005881,-27.483333332831595],[120.90000000012064,-27.466666667240624]]]},"properties":{"fmt_tenid":"E 36/943","type":"EXPLORATION LICENCE","tenstatus":"LIVE","holder1":"NORTHERN STAR (MKO) PTY LTD","holder2":" ","legal_area":33,"unit_of_me":"BL.","_colour":"#a0c4f0","_label":"Exploration Licence"}},{"type":"Feature","geometry":{"type":"Polygon","coordinates":[[[120.98333333285034,-27.383333332763584],[120.97448533297525,-27.38333333547725],[120.9666666670356,-27.383333332641556],[120.95000000013988,-27.383333333273555],[120.95000000113338,-27.39348568633344],[120.9567978121806,-27.391858921921862],[120.95687857224972,-27.391839589974126],[120.95836700351104,-27.391483276928412],[120.96092399021391,-27.400000000185287],[120.96666666667078,-27.400000000323335],[120.96666666651068,-27.41666666650197],[120.97953892156822,-27.416666666646787],[120.98333333321493,-27.416666666554075],[120.98333333188494,-27.400000000288376],[120.98333333296299,-27.391163195712338],[120.98333333285034,-27.383333332763584]]]},"properties":{"fmt_tenid":"E 36/982","type":"EXPLORATION LICENCE","tenstatus":"LIVE","holder1":"NORTHERN STAR (MKO) PTY LTD","holder2":" ","legal_area":3,"unit_of_me":"BL.","_colour":"#a0c4f0","_label":"Exploration Licence"}},{"type":"Feature","geometry":{"type":"Polygon","coordinates":[[[120.91666666723677,-27.383333332799875],[120.91666666712112,-27.366666667064553],[120.91666666736857,-27.35000099610574],[120.89999999976938,-27.34999999981922],[120.9000000000069,-27.36666666690751],[120.89999999981089,-27.38333333315409],[120.8999999996059,-27.399999999876087],[120.90785071242362,-27.399999999866523],[120.90433964567907,-27.385240933692284],[120.90629984740862,-27.38486873354058],[120.9142135406515,-27.383365597550117],[120.91666666759342,-27.393651704482043],[120.91666666723677,-27.383333332799875]]]},"properties":{"fmt_tenid":"E 36/992","type":"EXPLORATION LICENCE","tenstatus":"LIVE","holder1":"LINGER AND DIE PTY LTD","holder2":"NORTHERN STAR (MKO) PTY LTD","legal_area":3,"unit_of_me":"BL.","_colour":"#a0c4f0","_label":"Exploration Licence"}},{"type":"Feature","geometry":{"type":"Polygon","coordinates":[[[121.2166666672655,-28.299999999590835],[121.21666666676555,-28.283333333146015],[121.20000000000832,-28.283333332646503],[121.19999999951148,-28.299999999670337],[121.2166666672655,-28.299999999590835]]]},"properties":{"fmt_tenid":"E 37/1190","type":"EXPLORATION LICENCE","tenstatus":"LIVE","holder1":"NORTHERN STAR (SR MINING) PTY LTD","holder2":" ","legal_area":1,"unit_of_me":"BL.","_colour":"#a0c4f0","_label":"Exploration Licence"}},{"type":"Feature","geometry":{"type":"Polygon","coordinates":[[[121.2166666672655,-28.299999999590835],[121.19999999951148,-28.299999999670337],[121.18333333279229,-28.300000000228618],[121.16666666683064,-28.29999999973262],[121.1666666671719,-28.316666666943018],[121.16666666708838,-28.319613084351598],[121.16077311951862,-28.317723152102456],[121.15907421933089,-28.323884858670876],[121.1583853039449,-28.326383456637718],[121.1597564885883,-28.32681917511973],[121.17846565894992,-28.332784694900432],[121.18759627423097,-28.336517209927475],[121.18996321145045,-28.33688605715425],[121.18996708730747,-28.33644883810476],[121.21666666767538,-28.344123950408196],[121.21666666722044,-28.33333333282289],[121.21666666704945,-28.3166666670794],[121.2166666672655,-28.299999999590835]],[[121.17585168644202,-28.31663261009939],[121.17610502183378,-28.31559464286431],[121.17473788917566,-28.315473101468594],[121.17503329846849,-28.314098962720134],[121.18559112083517,-28.315668047483676],[121.18517049046066,-28.317831094115427],[121.18398588479258,-28.31754923387053],[121.18315661451362,-28.319420024983632],[121.18415605534739,-28.319657852805424],[121.18604661338496,-28.320107708485963],[121.18566006280805,-28.321379982431054],[121.17521452740694,-28.319797655526315],[121.17419913043386,-28.317426530351685],[121.17562695099079,-28.317553398907975],[121.17585168644202,-28.31663261009939]]]},"properties":{"fmt_tenid":"E 37/1214","type":"EXPLORATION LICENCE","tenstatus":"LIVE","holder1":"NORTHERN STAR (SR MINING) PTY LTD","holder2":" ","legal_area":10,"unit_of_me":"BL.","_colour":"#a0c4f0","_label":"Exploration Licence"}},{"type":"Feature","geometry":{"type":"Polygon","coordinates":[[[120.96666666653445,-28.441790536180516],[120.96734117786855,-28.441790391380025],[120.96724701641241,-28.449999999771876],[120.97349527176922,-28.44999999953245],[120.97349524472776,-28.448689771386732],[120.98475120716353,-28.448689752324682],[120.98901104064228,-28.44868994728434],[121.00000000054581,-28.448706282934772],[120.99999999953822,-28.433333332952916],[120.98333333342684,-28.43333333319008],[120.98333333328341,-28.416666666909244],[120.96666666724603,-28.416666666517372],[120.96666666735703,-28.433333333481457],[120.96666666653445,-28.441790536180516]]]},"properties":{"fmt_tenid":"E 37/1231","type":"EXPLORATION LICENCE","tenstatus":"LIVE","holder1":"NORTHERN STAR (TALISMAN) PTY LTD","holder2":" ","legal_area":3,"unit_of_me":"BL.","_colour":"#a0c4f0","_label":"Exploration Licence"}},{"type":"Feature","geometry":{"type":"MultiPolygon","coordinates":[[[[121.10000000020683,-27.56666666680173],[121.10000000046138,-27.57330217584697],[121.09999999957317,-27.58333333286487],[121.11666666737777,-27.583333333464957],[121.11666666655714,-27.599999999827837],[121.11666666662728,-27.616666667358682],[121.10000000047647,-27.616666666791293],[121.09999999983692,-27.633333332515242],[121.08333333256408,-27.633333332737575],[121.0666666670436,-27.63333333261278],[121.06076424253405,-27.633333562488595],[121.04999999980171,-27.633333333437665],[121.05000000044512,-27.635546227690202],[121.05000000018167,-27.649999999909323],[121.06666666697939,-27.649999999774614],[121.08333333327971,-27.64999999961849],[121.10000010425823,-27.64999999973896],[121.10000010442323,-27.647397864939176],[121.11958443138943,-27.64808244642223],[121.13335431136758,-27.64856213573321],[121.14999999992878,-27.649140121757863],[121.14999999990218,-27.63333333331805],[121.15000000005874,-27.61666666688641],[121.14999999962667,-27.599999999904863],[121.15000000007116,-27.583333332502324],[121.13333333295162,-27.583333333112666],[121.1333333329043,-27.566666667386297],[121.12208090063567,-27.566666885551246],[121.11666666654904,-27.566666666806725],[121.10000000020683,-27.56666666680173]]],[[[121.15000000070572,-27.699486100135005],[121.15000000008587,-27.683333333019622],[121.14999999955866,-27.673932672246945],[121.13105296146314,-27.673447260282757],[121.1188678595794,-27.673133673643875],[121.10000000014259,-27.672646034387455],[121.1000000002791,-27.68333333302182],[121.09999999984738,-27.69999999991369],[121.1166666668233,-27.699999999920937],[121.12496731283368,-27.700000000090533],[121.12496730676474,-27.699486093405],[121.13062059876863,-27.699486054488386],[121.15000000070572,-27.699486100135005]]]]},"properties":{"fmt_tenid":"E 37/846","type":"EXPLORATION LICENCE","tenstatus":"LIVE","holder1":"NORTHERN STAR (MKO) PTY LTD","holder2":" ","legal_area":21,"unit_of_me":"BL.","_colour":"#a0c4f0","_label":"Exploration Licence"}},{"type":"Feature","geometry":{"type":"Polygon","coordinates":[[[121.14201263021407,-27.492678461950334],[121.14231907503748,-27.46666643683179],[121.12499999990588,-27.46666591850973],[121.08333333321457,-27.46666467188452],[121.08333333274327,-27.48201117701571],[121.08333333325696,-27.499999999737405],[121.10000000028444,-27.500000000358256],[121.09999999974619,-27.516666667095457],[121.08333333271614,-27.51666666699174],[121.08333333299959,-27.533333332925842],[121.09999999991241,-27.53333333346475],[121.10000000022988,-27.549999999638608],[121.10000000020683,-27.56666666680173],[121.11666666654904,-27.566666666806725],[121.13333336390433,-27.56666666738633],[121.1333333299517,-27.583333333112666],[121.15000000007116,-27.583333332502324],[121.16666666311669,-27.583333336554446],[121.16666666696013,-27.56666666727508],[121.14999999959576,-27.566666667349047],[121.14999999951853,-27.54999999988041],[121.15000000026174,-27.53333333322501],[121.14999999987855,-27.516666667212707],[121.15140897284508,-27.516666744460494],[121.15140896374213,-27.515954508028017],[121.15709611274644,-27.51666691149714],[121.16666666739876,-27.51666666658688],[121.16666666721945,-27.5000000003862],[121.18333333293435,-27.499999999906574],[121.18333333311925,-27.48333333292626],[121.18333333306627,-27.466666667164763],[121.16666666708441,-27.466666667058906],[121.16637507812189,-27.46666666692894],[121.16590650016877,-27.492724742062816],[121.14201263021407,-27.492678461950334]]]},"properties":{"fmt_tenid":"E 37/847","type":"EXPLORATION LICENCE","tenstatus":"LIVE","holder1":"NORTHERN STAR (MKO) PTY LTD","holder2":" ","legal_area":28,"unit_of_me":"BL.","_colour":"#a0c4f0","_label":"Exploration Licence"}},{"type":"Feature","geometry":{"type":"MultiPolygon","coordinates":[[[[121.16666666743743,-27.45045116410395],[121.16666666743127,-27.450000000253567],[121.1666666670877,-27.433333332693543],[121.15000000048728,-27.433333333039545],[121.14999999987522,-27.449999999591405],[121.13333333330047,-27.449999999630727],[121.11666666661782,-27.450000000469878],[121.11666666730372,-27.433333332864507],[121.11666666704592,-27.416666667153464],[121.11666666686914,-27.383333332988407],[121.11666666666333,-27.366666666923837],[121.09999999982531,-27.366666667003024],[121.0999999996214,-27.34999999960113],[121.1000000003166,-27.33333333349251],[121.09999999986873,-27.3166666666266],[121.10000000011509,-27.299999999711012],[121.08333333287086,-27.300000000114704],[121.0720341758103,-27.299999999833926],[121.07298314019077,-27.304836830275455],[121.06666666742314,-27.304839908411147],[121.06666666658205,-27.316666667404284],[121.06666666678842,-27.333333333378217],[121.06261370134976,-27.33333333522682],[121.0499999995014,-27.333333332581805],[121.05000000091809,-27.337032253913474],[121.04999999962935,-27.34334555747954],[121.05000000029251,-27.383333333263707],[121.06666666682018,-27.383333333310766],[121.066666667216,-27.39115464218762],[121.06666666739905,-27.400000000478663],[121.08333333296407,-27.400000000140125],[121.0833333325914,-27.41666666720411],[121.08333333345062,-27.433333333081006],[121.08333333254109,-27.449999999898434],[121.08333333521092,-27.466666597882348],[121.09999999998512,-27.466666667273998],[121.11666666744,-27.466666666703116],[121.14166666687602,-27.4666659194168],[121.1423190800377,-27.46666593883194],[121.14251387461857,-27.45013113170231],[121.16666666743743,-27.45045116410395]]],[[[121.16637507912188,-27.466666657928926],[121.16666666708441,-27.466666667058906],[121.16666666743743,-27.45045116410395],[121.16637507912188,-27.466666657928926]]]]},"properties":{"fmt_tenid":"E 37/848","type":"EXPLORATION LICENCE","tenstatus":"LIVE","holder1":"NORTHERN STAR (MKO) PTY LTD","holder2":" ","legal_area":29,"unit_of_me":"BL.","_colour":"#a0c4f0","_label":"Exploration Licence"}},{"type":"Feature","geometry":{"type":"Polygon","coordinates":[[[122.53333333329641,-29.60000000009378],[122.53333333309014,-29.616666666621736],[122.55000000010041,-29.61666666713697],[122.58333333345912,-29.616664646718963],[122.58333333344856,-29.600000000203984],[122.56666666705074,-29.600000000212916],[122.56666666661839,-29.5833333329615],[122.52208878578911,-29.583333332852888],[122.52713748807709,-29.599999999912715],[122.53333333329641,-29.60000000009378]]]},"properties":{"fmt_tenid":"E 39/1273","type":"EXPLORATION LICENCE","tenstatus":"LIVE","holder1":"NORTHERN STAR (CAROSUE DAM) PTY LTD","holder2":"ROYAL HARRY GOLD MINES NL","legal_area":6,"unit_of_me":"BL.","_colour":"#a0c4f0","_label":"Exploration Licence"}},{"type":"Feature","geometry":{"type":"Polygon","coordinates":[[[122.38333333301384,-29.16666666710902],[122.38333333292023,-29.183333332777035],[122.38896255451893,-29.183333332788205],[122.38894834394672,-29.182014937597344],[122.40141648411414,-29.18201472071455],[122.41808265327346,-29.182014414448993],[122.4333333328358,-29.1820143743544],[122.4333333330046,-29.166666666812915],[122.43333333329431,-29.1500000004932],[122.43333333326339,-29.133333332998596],[122.43333333336268,-29.11763609583984],[122.42109271996057,-29.11763705010349],[122.4029805496089,-29.117635280076527],[122.40248973765321,-29.116666665547083],[122.40000000005615,-29.11666666698979],[122.39999999951807,-29.133333333463952],[122.38333333281484,-29.13333333318156],[122.3833333336258,-29.148681326782974],[122.38333333311732,-29.150000000037117],[122.38333333301384,-29.16666666710902]]]},"properties":{"fmt_tenid":"E 39/1279","type":"EXPLORATION LICENCE","tenstatus":"LIVE","holder1":"ANGLOGOLD ASHANTI AUSTRALIA LIMITED","holder2":"NORTHERN STAR (CAROSUE DAM) PTY LTD","legal_area":11,"unit_of_me":"BL.","_colour":"#a0c4f0","_label":"Exploration Licence"}},{"type":"Feature","geometry":{"type":"Polygon","coordinates":[[[122.26666666656126,-29.316666667140492],[122.26666666730182,-29.333333333195938],[122.26666666741087,-29.348684290661186],[122.26666666719058,-29.35000000001518],[122.28333333348543,-29.349999999501694],[122.300000000411,-29.349999999707496],[122.30000000012733,-29.333333333004532],[122.28333333276493,-29.33333333266878],[122.28333333345974,-29.316666666676376],[122.26666666656126,-29.316666667140492]],[[122.26811656520725,-29.329093345659484],[122.28016236198361,-29.329101622896587],[122.28000771787964,-29.348717287675463],[122.26801124491787,-29.348631100875203],[122.26811656520725,-29.329093345659484]]]},"properties":{"fmt_tenid":"E 39/1292","type":"EXPLORATION LICENCE","tenstatus":"LIVE","holder1":"NORTHERN STAR (CAROSUE DAM) PTY LTD","holder2":" ","legal_area":3,"unit_of_me":"BL.","_colour":"#a0c4f0","_label":"Exploration Licence"}},{"type":"Feature","geometry":{"type":"Polygon","coordinates":[[[122.3014219772033,-29.41666667389789],[122.31666666693896,-29.416666667350057],[122.31666666700289,-29.415351019645577],[122.31666666666011,-29.399999999730376],[122.31666666729036,-29.38333333334799],[122.3000000001962,-29.38333333322213],[122.30000000045443,-29.366666666798],[122.300000000411,-29.349999999707496],[122.28333333348543,-29.349999999501694],[122.2833333332763,-29.366666667430472],[122.26666666740074,-29.366666666866234],[122.26666666740041,-29.383333333007926],[122.26666666665929,-29.399999999575627],[122.25000000030325,-29.39999999987651],[122.24999999996759,-29.416666666840253],[122.26666666682814,-29.41666666683278],[122.28333333310133,-29.416666666803078],[122.29999999958316,-29.41666666698236],[122.3014219772033,-29.41666667389789]]]},"properties":{"fmt_tenid":"E 39/1295","type":"EXPLORATION LICENCE","tenstatus":"LIVE","holder1":"NORTHERN STAR (CAROSUE DAM) PTY LTD","holder2":" ","legal_area":10,"unit_of_me":"BL.","_colour":"#a0c4f0","_label":"Exploration Licence"}},{"type":"Feature","geometry":{"type":"Polygon","coordinates":[[[122.31666666697201,-29.45000000030128],[122.31666666746347,-29.433333332746194],[122.31666666693896,-29.416666667350057],[122.29999999958316,-29.41666666698236],[122.29999999996379,-29.43333333284319],[122.28333333328078,-29.433333333063295],[122.28333333347821,-29.450000000305128],[122.29999999979499,-29.449999999837523],[122.31666666697201,-29.45000000030128]]]},"properties":{"fmt_tenid":"E 39/1297","type":"EXPLORATION LICENCE","tenstatus":"LIVE","holder1":"NORTHERN STAR (CAROSUE DAM) PTY LTD","holder2":" ","legal_area":3,"unit_of_me":"BL.","_colour":"#a0c4f0","_label":"Exploration Licence"}},{"type":"Feature","geometry":{"type":"Polygon","coordinates":[[[122.27767781241452,-29.216666667180856],[122.27114509062028,-29.200000000406426],[122.2666666665409,-29.20000000027],[122.26666666685936,-29.21666666672668],[122.27767781241452,-29.216666667180856]]]},"properties":{"fmt_tenid":"E 39/1410","type":"EXPLORATION LICENCE","tenstatus":"LIVE","holder1":"ANGLOGOLD ASHANTI AUSTRALIA LIMITED","holder2":"NORTHERN STAR (CAROSUE DAM) PTY LTD","legal_area":1,"unit_of_me":"BL.","_colour":"#a0c4f0","_label":"Exploration Licence"}},{"type":"Feature","geometry":{"type":"Polygon","coordinates":[[[122.55000000024758,-29.516666667456313],[122.55000000020702,-29.515348232003777],[122.54999999968526,-29.50000000004144],[122.53333333347926,-29.499999999897447],[122.516666667194,-29.499999999927347],[122.51666666654278,-29.515327377345827],[122.51812371160409,-29.51532945421343],[122.51811191337667,-29.532097553458183],[122.53474865904684,-29.532004961916016],[122.53784134032563,-29.532006659303846],[122.53659435857149,-29.528265334506287],[122.54392167146773,-29.526221138917762],[122.54612034654521,-29.532011738278158],[122.5514263593985,-29.532014758143113],[122.55142703944382,-29.54873665590905],[122.56666666748121,-29.54871832501866],[122.56666666742038,-29.533333333111216],[122.5666666674874,-29.516666667179365],[122.55142401717873,-29.516666747509056],[122.55000000024758,-29.516666667456313]]]},"properties":{"fmt_tenid":"E 39/1488","type":"EXPLORATION LICENCE","tenstatus":"LIVE","holder1":"NORTHERN STAR (CAROSUE DAM) PTY LTD","holder2":" ","legal_area":6,"unit_of_me":"BL.","_colour":"#a0c4f0","_label":"Exploration Licence"}},{"type":"Feature","geometry":{"type":"MultiPolygon","coordinates":[[[[122.31808510212072,-29.298683208330193],[122.3180855119971,-29.315350036067922],[122.33475200604347,-29.315349895655476],[122.33475242434544,-29.33201671385659],[122.33475284053361,-29.348683532485005],[122.33333333293163,-29.3486836259466],[122.33333333319857,-29.350000000284474],[122.33333333342945,-29.36666666730571],[122.33333333331223,-29.38333333289928],[122.34999999995918,-29.383333333020953],[122.3500000000195,-29.366666667475755],[122.35141980478922,-29.36666666713279],[122.35141974996607,-29.365368820175828],[122.36666666650065,-29.36536100188918],[122.36666666719464,-29.34999999957885],[122.36666666720217,-29.333333332801796],[122.34999999961421,-29.33333333289338],[122.3500000003341,-29.316666666596888],[122.36666666665344,-29.31666666706461],[122.36666666737109,-29.30000000021259],[122.36666666680358,-29.283333333274054],[122.35000000035313,-29.283333332780817],[122.3500000004963,-29.28201612141011],[122.34177340770295,-29.282016191445827],[122.34292745022611,-29.28657695039494],[122.31808493405602,-29.291337644492867],[122.31808510212072,-29.298683208330193]]],[[[122.38333333310483,-29.200000000003143],[122.38914476571244,-29.19999999994851],[122.38908298352949,-29.194505657291582],[122.38896255451893,-29.183333332788205],[122.38333333292023,-29.183333332777035],[122.38333333310483,-29.200000000003143]]]]},"properties":{"fmt_tenid":"E 39/1489","type":"EXPLORATION LICENCE","tenstatus":"LIVE","holder1":"ANGLOGOLD ASHANTI AUSTRALIA LIMITED","holder2":"NORTHERN STAR (CAROSUE DAM) PTY LTD","legal_area":14,"unit_of_me":"BL.","_colour":"#a0c4f0","_label":"Exploration Licence"}},{"type":"Feature","geometry":{"type":"Polygon","coordinates":[[[122.45000000041479,-29.549999999869407],[122.44999999954365,-29.566666667064556],[122.46666666677292,-29.56666666723146],[122.46666666665837,-29.583333332820523],[122.48333333340132,-29.583333332822384],[122.48333333336146,-29.599999999678737],[122.48333333251861,-29.61666666734534],[122.49999999951402,-29.616666666857085],[122.50000000033407,-29.63333333263829],[122.50000000031488,-29.650000000153806],[122.4999999998807,-29.66666666713283],[122.51666666676772,-29.666666667315795],[122.5166666668407,-29.682016755873445],[122.51809670038054,-29.682016649189276],[122.5347634786137,-29.682016371849606],[122.53476383016792,-29.698683192693426],[122.53476354348113,-29.715350147275615],[122.53476325563226,-29.73201710231794],[122.55143026708006,-29.732016660474464],[122.5514300147431,-29.74868352787144],[122.55000000022685,-29.748683656188437],[122.54999999985317,-29.75000000010531],[122.53333333311912,-29.75000000038362],[122.53333333274666,-29.766666667399143],[122.55000000043214,-29.76666666665002],[122.5499999995667,-29.783333332954715],[122.54999999984052,-29.799999999722342],[122.56666666682752,-29.799999999774382],[122.56666666683948,-29.81535005391741],[122.56809677955063,-29.81534997802221],[122.56809675173713,-29.81666668113393],[122.58333333267723,-29.816666667036944],[122.58333333304257,-29.833333333244234],[122.60000000002817,-29.83333333315739],[122.61666666695326,-29.833333332637835],[122.61666666697113,-29.816666667458165],[122.61666666671813,-29.800000000057846],[122.59999999950404,-29.799999999791734],[122.59999999983332,-29.783333332597266],[122.58333333291115,-29.783333332713834],[122.58333333281159,-29.76666666709807],[122.5833333328178,-29.75000000005244],[122.58333333285353,-29.733333333472086],[122.58333333262792,-29.716666666557554],[122.56666666665164,-29.71666666652149],[122.56666666705628,-29.700000000042934],[122.55000000044144,-29.69999999967153],[122.54999999978783,-29.683333332991985],[122.55000000045808,-29.666666666596676],[122.53333333266725,-29.666666667083206],[122.53333333254425,-29.65000000049006],[122.5166666671401,-29.649999999599586],[122.51666666690879,-29.633333332551945],[122.51666666658605,-29.616666666636856],[122.5166666669766,-29.599999999661822],[122.51666667086957,-29.59867500508739],[122.50118348002837,-29.598657510409485],[122.50141707030572,-29.587888119595647],[122.50151236048879,-29.583333334842564],[122.49999999971963,-29.583333333020807],[122.49999999973404,-29.566666666732914],[122.49999999975024,-29.565187269517292],[122.48477676042823,-29.56544172021152],[122.48473071014526,-29.556981009689512],[122.48430759275878,-29.550000012165825],[122.48333333300073,-29.5499999999827],[122.4666666670739,-29.549999999779466],[122.45000000041479,-29.549999999869407]]]},"properties":{"fmt_tenid":"E 39/1580-I","type":"EXPLORATION LICENCE","tenstatus":"LIVE","holder1":"NORTHERN STAR (CAROSUE DAM) PTY LTD","holder2":" ","legal_area":36,"unit_of_me":"BL.","_colour":"#a0c4f0","_label":"Exploration Licence"}},{"type":"Feature","geometry":{"type":"Polygon","coordinates":[[[122.26666666719058,-29.35000000001518],[122.26666666740074,-29.366666666866234],[122.2833333332763,-29.366666667430472],[122.28333333348543,-29.349999999501694],[122.26666666719058,-29.35000000001518]]]},"properties":{"fmt_tenid":"E 39/1673","type":"EXPLORATION LICENCE","tenstatus":"LIVE","holder1":"NORTHERN STAR (CAROSUE DAM) PTY LTD","holder2":" ","legal_area":1,"unit_of_me":"BL.","_colour":"#a0c4f0","_label":"Exploration Licence"}},{"type":"Feature","geometry":{"type":"Polygon","coordinates":[[[122.33333333301519,-29.44999999965838],[122.33333333332153,-29.46666666660032],[122.35000000049749,-29.46666666731946],[122.35000000002877,-29.450000000276695],[122.34999999985457,-29.43333333344186],[122.3499999996381,-29.416666666837187],[122.33333333345955,-29.416666666600495],[122.33333333334322,-29.400000000226292],[122.31666666666011,-29.399999999730376],[122.31666666693896,-29.416666667350057],[122.31666666746347,-29.433333332746194],[122.31666666697201,-29.45000000030128],[122.33333333301519,-29.44999999965838]]]},"properties":{"fmt_tenid":"E 39/1810","type":"EXPLORATION LICENCE","tenstatus":"LIVE","holder1":"NORTHERN STAR (CAROSUE DAM) PTY LTD","holder2":" ","legal_area":6,"unit_of_me":"BL.","_colour":"#a0c4f0","_label":"Exploration Licence"}},{"type":"Feature","geometry":{"type":"Polygon","coordinates":[[[122.4833333332039,-29.50000000002826],[122.46666666699709,-29.499999999580698],[122.45000000019121,-29.500000000056936],[122.43333333330176,-29.50000000023067],[122.41666666705935,-29.499999999513072],[122.41666666704003,-29.516666666588844],[122.40000000015871,-29.516666666731368],[122.39999999973585,-29.53333333299196],[122.41666666678574,-29.533333333416223],[122.41666666721578,-29.550000000216613],[122.41666666734736,-29.566666667268116],[122.43333333254535,-29.56666666694201],[122.4333333331105,-29.58333333288452],[122.44999999971532,-29.583333332584886],[122.44999999954365,-29.566666667064556],[122.45000000041479,-29.549999999869407],[122.4666666670739,-29.549999999779466],[122.48333333300073,-29.5499999999827],[122.48333360063206,-29.547204437003614],[122.46956801974042,-29.5150078204303],[122.48333333425595,-29.515136276830503],[122.4833333332039,-29.50000000002826]]]},"properties":{"fmt_tenid":"E 39/1849","type":"EXPLORATION LICENCE","tenstatus":"LIVE","holder1":"NORTHERN STAR (CAROSUE DAM) PTY LTD","holder2":" ","legal_area":16,"unit_of_me":"BL.","_colour":"#a0c4f0","_label":"Exploration Licence"}},{"type":"Feature","geometry":{"type":"Polygon","coordinates":[[[122.30000000022622,-29.133333332572924],[122.28333333257828,-29.133333332602962],[122.26666666718067,-29.13333333288572],[122.26666666690942,-29.1486952576338],[122.2680842349359,-29.148695106972102],[122.268084380406,-29.16534878041449],[122.26808394017849,-29.177902000167066],[122.27160142041215,-29.176969370140196],[122.27395609137473,-29.183333333320785],[122.28333333252317,-29.18333333325536],[122.2833333331146,-29.166666666654134],[122.28333333267268,-29.149999999792005],[122.30000000007763,-29.150000000371442],[122.30000000022622,-29.133333332572924]]]},"properties":{"fmt_tenid":"E 39/1875","type":"EXPLORATION LICENCE","tenstatus":"LIVE","holder1":"ANGLOGOLD ASHANTI AUSTRALIA LIMITED","holder2":"NORTHERN STAR (CAROSUE DAM) PTY LTD","legal_area":4,"unit_of_me":"BL.","_colour":"#a0c4f0","_label":"Exploration Licence"}},{"type":"Feature","geometry":{"type":"Polygon","coordinates":[[[122.23333333313796,-29.316666667187793],[122.23333333308253,-29.33333333280589],[122.23333333290331,-29.35000000032915],[122.26666666719727,-29.349997918014644],[122.26666666730182,-29.333333333195938],[122.24999999986612,-29.333333333149064],[122.25000000008593,-29.31666666732701],[122.24412057407231,-29.316666667029615],[122.24412111591278,-29.32141250535907],[122.23475280208194,-29.321412505064785],[122.23475269418552,-29.316666666599115],[122.23333333313796,-29.316666667187793]]]},"properties":{"fmt_tenid":"E 39/1881","type":"EXPLORATION LICENCE","tenstatus":"LIVE","holder1":"NORTHERN STAR (CAROSUE DAM) PTY LTD","holder2":" ","legal_area":3,"unit_of_me":"BL.","_colour":"#a0c4f0","_label":"Exploration Licence"}},{"type":"Feature","geometry":{"type":"Polygon","coordinates":[[[118.90000000015168,-20.69999999965198],[118.88333333282365,-20.699999999538083],[118.88333333284898,-20.71666666744596],[118.86666666689452,-20.716666667276737],[118.86666666691725,-20.733333332861406],[118.88333333262392,-20.733333332860212],[118.90000000021367,-20.733333332992018],[118.90000000044236,-20.716666667453186],[118.91666666650971,-20.716666666954527],[118.91666666669572,-20.700000000300417],[118.93333333328829,-20.7000000003852],[118.93333333309242,-20.683333333448648],[118.93333333275619,-20.666666667481625],[118.92639262402973,-20.66666667834274],[118.92824420035045,-20.668130432086983],[118.92327617037022,-20.673695519632986],[118.91792466680725,-20.677359444662184],[118.91666666733116,-20.68021210660554],[118.91666666655763,-20.68333333342116],[118.91529021861872,-20.683333333441354],[118.91491480240018,-20.684184582122366],[118.91247602069895,-20.68333333343816],[118.89999999974528,-20.68333333277572],[118.90000000015168,-20.69999999965198]]]},"properties":{"fmt_tenid":"E 45/2364","type":"EXPLORATION LICENCE","tenstatus":"LIVE","holder1":"NORTHERN STAR (PILBARA) PTY LTD","holder2":" ","legal_area":7,"unit_of_me":"BL.","_colour":"#a0c4f0","_label":"Exploration Licence"}},{"type":"Feature","geometry":{"type":"Polygon","coordinates":[[[118.84999999985864,-20.716666667429664],[118.84999999965216,-20.7333333326522],[118.8333333330068,-20.73333333341202],[118.81666666686971,-20.733333333042964],[118.8000000004368,-20.733333333117386],[118.78333333300236,-20.73333333286997],[118.76666666740554,-20.733333332867286],[118.7666666670467,-20.750000000373326],[118.7500000001162,-20.749999999603016],[118.74999999812407,-20.765317954822397],[118.74999999853948,-20.798651439987292],[118.74999999966222,-20.800000000220056],[118.76666666668025,-20.800000000230664],[118.78333333318507,-20.79999999976389],[118.79999999969947,-20.799999999645074],[118.79999999961547,-20.783333332658916],[118.83333333329387,-20.78333171639798],[118.83333333341183,-20.766666667260505],[118.86666666719756,-20.76666505032867],[118.86666666694288,-20.749999999738343],[118.8833333332731,-20.750000000323034],[118.88333333262392,-20.733333332860212],[118.86666666691725,-20.733333332861406],[118.86666666689452,-20.716666667276737],[118.84999999985864,-20.716666667429664]]]},"properties":{"fmt_tenid":"E 45/2533-I","type":"EXPLORATION LICENCE","tenstatus":"LIVE","holder1":"NORTHERN STAR (PILBARA) PTY LTD","holder2":" ","legal_area":23,"unit_of_me":"BL.","_colour":"#a0c4f0","_label":"Exploration Licence"}},{"type":"Feature","geometry":{"type":"Polygon","coordinates":[[[118.66666666680763,-20.783333332596545],[118.66666666647818,-20.798652707143386],[118.66666666703655,-20.81666666737111],[118.68333333277464,-20.816666667093962],[118.69999999995528,-20.81666666659383],[118.70000000003594,-20.80000000002285],[118.71666666690773,-20.79999999992995],[118.73333333346443,-20.800000000141733],[118.74999999966222,-20.800000000220056],[118.75000000016782,-20.783333333393593],[118.74999999968978,-20.766666666770103],[118.73333333268245,-20.766666666818896],[118.71666666689508,-20.766666667131233],[118.71666666720364,-20.78333333290603],[118.69999999958411,-20.78333333313207],[118.68333333328675,-20.78333333288142],[118.66666666680763,-20.783333332596545]]]},"properties":{"fmt_tenid":"E 45/2983","type":"EXPLORATION LICENCE","tenstatus":"LIVE","holder1":"NORTHERN STAR (PILBARA) PTY LTD","holder2":" ","legal_area":9,"unit_of_me":"BL.","_colour":"#a0c4f0","_label":"Exploration Licence"}},{"type":"Feature","geometry":{"type":"Polygon","coordinates":[[[118.66666666688144,-20.79999999993231],[118.66666666680763,-20.783333332596545],[118.65000000039953,-20.78333333312239],[118.6333333331592,-20.783333333329455],[118.61666666659647,-20.783333333443935],[118.61666666667375,-20.799999999823243],[118.6000000002033,-20.799999999717187],[118.58333333321401,-20.79999999983602],[118.5833333332677,-20.816666667320415],[118.56666666718178,-20.816666666527613],[118.5666666671971,-20.833333332705404],[118.55000000019847,-20.83333333315797],[118.54999999950984,-20.849999999778362],[118.54999999996313,-20.866666666699945],[118.55000000021913,-20.883333333424808],[118.56666666700858,-20.88333333347999],[118.56666666658103,-20.900000000199654],[118.58333333258132,-20.899999999890753],[118.60000000009848,-20.900000000253648],[118.6000000004878,-20.88333333261901],[118.61666666655694,-20.883333333143216],[118.6166666665141,-20.866666666829634],[118.63333333287014,-20.866666667407735],[118.63333333327725,-20.85000000037829],[118.65000000004702,-20.85000000021175],[118.66666666691081,-20.850000000415758],[118.66666666684283,-20.833333332567836],[118.68333333340756,-20.833333333148936],[118.68333333277464,-20.816666667093962],[118.66666666703655,-20.81666666737111],[118.66666666688144,-20.79999999993231]],[[118.63104073800392,-20.80869808401524],[118.65153976386873,-20.801062577143433],[118.65194515426548,-20.80318783951258],[118.65388645893808,-20.802720758548116],[118.65774147176933,-20.811868891238316],[118.6358167609903,-20.820035761826833],[118.63104073800392,-20.80869808401524]],[[118.57106802222717,-20.846769561743944],[118.58868071238203,-20.83160348634859],[118.60110452541709,-20.84435211107347],[118.58349178232658,-20.85951946037734],[118.57106802222717,-20.846769561743944]]]},"properties":{"fmt_tenid":"E 45/2995-I","type":"EXPLORATION LICENCE","tenstatus":"LIVE","holder1":"NORTHERN STAR (HEMI) PTY LTD","holder2":" ","legal_area":33,"unit_of_me":"BL.","_colour":"#a0c4f0","_label":"Exploration Licence"}},{"type":"Feature","geometry":{"type":"Polygon","coordinates":[[[118.51666666683693,-20.76666666745202],[118.51666666747393,-20.749999999976303],[118.49999999961065,-20.749999999903775],[118.4999999997195,-20.733333332936308],[118.48333333313967,-20.73333333295686],[118.48333333264081,-20.750000000162167],[118.4666666671028,-20.750000001692452],[118.44999999961657,-20.749999999755456],[118.43333333269791,-20.749999999617252],[118.43333333260357,-20.766666666714695],[118.43333333262488,-20.783333333278474],[118.41666666689522,-20.78333333262351],[118.40000000004528,-20.78333333283069],[118.40000000013895,-20.799999999902123],[118.39999999955565,-20.81666666722563],[118.38333333274217,-20.81666666709543],[118.38333333252942,-20.833333333292344],[118.39999999963116,-20.83333333278271],[118.41666666702741,-20.833333333378633],[118.43333333271404,-20.833333333293293],[118.43333333279048,-20.83768066961909],[118.45154298067905,-20.8376329279954],[118.46056638562965,-20.85000000043496],[118.46666666657768,-20.849999999658273],[118.48333333253768,-20.85000000035521],[118.48333333292179,-20.833333333385774],[118.48333333338097,-20.816666666525638],[118.4833333328058,-20.81218502003703],[118.47718875011006,-20.81522843530753],[118.47700993827875,-20.79841339169921],[118.50480371884066,-20.78557842937463],[118.50472564194864,-20.773083846797824],[118.52101915429216,-20.772993062148547],[118.52253255291481,-20.78125752487501],[118.52368904127987,-20.792196820742518],[118.50793460353262,-20.799999999989424],[118.51666666745857,-20.79999999972618],[118.5333333329695,-20.799999999992178],[118.53333333252903,-20.783333332915632],[118.53333333303219,-20.7666666667822],[118.51666666683693,-20.76666666745202]]]},"properties":{"fmt_tenid":"E 45/3390-I","type":"EXPLORATION LICENCE","tenstatus":"LIVE","holder1":"NORTHERN STAR (HEMI) PTY LTD","holder2":" ","legal_area":34,"unit_of_me":"BL.","_colour":"#a0c4f0","_label":"Exploration Licence"}},{"type":"Feature","geometry":{"type":"Polygon","coordinates":[[[118.58333333321401,-20.79999999983602],[118.6000000002033,-20.799999999717187],[118.61666666667375,-20.799999999823243],[118.61666666659647,-20.783333333443935],[118.59999999952605,-20.78333333278638],[118.58333333278713,-20.78333333270347],[118.566666667123,-20.783333332971278],[118.56666666736032,-20.766666666764905],[118.58333333261724,-20.766666666894952],[118.58333333298725,-20.750000000121396],[118.58333333266096,-20.733333332620482],[118.5666666673667,-20.73333333269056],[118.55000000046665,-20.733333333321735],[118.55000000037501,-20.75000000018173],[118.5333333328193,-20.749999999628667],[118.53333333303219,-20.7666666667822],[118.53333333252903,-20.783333332915632],[118.5333333329695,-20.799999999992178],[118.55000000011867,-20.799999999845173],[118.56666666716102,-20.800000000096546],[118.58333333321401,-20.79999999983602]]]},"properties":{"fmt_tenid":"E 45/3391-I","type":"EXPLORATION LICENCE","tenstatus":"LIVE","holder1":"NORTHERN STAR (HEMI) PTY LTD","holder2":" ","legal_area":12,"unit_of_me":"BL.","_colour":"#a0c4f0","_label":"Exploration Licence"}},{"type":"Feature","geometry":{"type":"MultiPolygon","coordinates":[[[[118.48333333253768,-20.85000000035521],[118.5000000000038,-20.849999999968368],[118.51666666666299,-20.850000000248297],[118.53333333272333,-20.8500000004109],[118.53333333330578,-20.866666666635073],[118.51666666697041,-20.866666666507],[118.51666666689196,-20.883333333446767],[118.50000000048821,-20.883333333218417],[118.50000000043711,-20.89999999998052],[118.49999999990611,-20.91666666667155],[118.49999999972562,-20.933333333266585],[118.51666666687574,-20.933333333341402],[118.53333333335966,-20.933333333119982],[118.55000000037263,-20.933333332794408],[118.55000000004725,-20.91666666654262],[118.56666666744765,-20.91666666687371],[118.56666666658103,-20.900000000199654],[118.56666666700858,-20.88333333347999],[118.55000000021913,-20.883333333424808],[118.54999999996313,-20.866666666699945],[118.54999999950984,-20.849999999778362],[118.55000000019847,-20.83333333315797],[118.5666666671971,-20.833333332705404],[118.56666666718178,-20.816666666527613],[118.5833333332677,-20.816666667320415],[118.58333333321401,-20.79999999983602],[118.56666666716102,-20.800000000096546],[118.55000000011867,-20.799999999845173],[118.5333333329695,-20.799999999992178],[118.51666666745857,-20.79999999972618],[118.50793460353262,-20.799999999989424],[118.4833333328058,-20.81218502003703],[118.48333333338097,-20.816666666525638],[118.48333333292179,-20.833333333385774],[118.48333333253768,-20.85000000035521]]],[[[118.46666666657768,-20.849999999658273],[118.46056638562965,-20.85000000043496],[118.47272691190393,-20.866666666879894],[118.48333333271272,-20.866666666594107],[118.48333333253768,-20.85000000035521],[118.46666666657768,-20.849999999658273]]],[[[118.37364589260385,-20.870963230249693],[118.37803566167463,-20.866666667401518],[118.36666666667274,-20.86666666677846],[118.36666666722454,-20.883333333338808],[118.37378892922429,-20.883333333015923],[118.37364589260385,-20.870963230249693]]],[[[118.45133178102714,-20.898655249666145],[118.46683056002772,-20.89865686042546],[118.46799854842766,-20.898656824041506],[118.45133178102714,-20.898655249666145]]]]},"properties":{"fmt_tenid":"E 45/3392-I","type":"EXPLORATION LICENCE","tenstatus":"LIVE","holder1":"NORTHERN STAR (HEMI) PTY LTD","holder2":" ","legal_area":32,"unit_of_me":"BL.","_colour":"#a0c4f0","_label":"Exploration Licence"}},{"type":"Feature","geometry":{"type":"MultiPolygon","coordinates":[[[[118.69999999983425,-20.866666667260223],[118.71666666652133,-20.86666666717006],[118.71666666724056,-20.850000000407512],[118.733333332547,-20.850000000493136],[118.7500000000378,-20.850000000439362],[118.75000000026402,-20.833333332745422],[118.76666666654927,-20.833333332644855],[118.76666666716113,-20.816666667210026],[118.78333333323258,-20.81666666656021],[118.80000000011341,-20.81666666685596],[118.79999999969947,-20.799999999645074],[118.78333333318507,-20.79999999976389],[118.76666666668025,-20.800000000230664],[118.74999999966222,-20.800000000220056],[118.73333333346443,-20.800000000141733],[118.71666666690773,-20.79999999992995],[118.70000000003594,-20.80000000002285],[118.69999999995528,-20.81666666659383],[118.68333333277464,-20.816666667093962],[118.68333333340756,-20.833333333148936],[118.68333333348082,-20.849999999687814],[118.68333333342761,-20.86666666720782],[118.69999999983425,-20.866666667260223]]],[[[118.63333333301145,-20.883333333268816],[118.6500000001711,-20.88333333256022],[118.64999999964581,-20.866666667149627],[118.65000000004702,-20.85000000021175],[118.63333333327725,-20.85000000037829],[118.63333333287014,-20.866666667407735],[118.61666666751412,-20.866666666829634],[118.61666666755693,-20.883333333143216],[118.63333333301145,-20.883333333268816]]]]},"properties":{"fmt_tenid":"E 45/4751-I","type":"EXPLORATION LICENCE","tenstatus":"LIVE","holder1":"NORTHERN STAR (PILBARA) PTY LTD","holder2":" ","legal_area":20,"unit_of_me":"BL.","_colour":"#a0c4f0","_label":"Exploration Licence"}},{"type":"Feature","geometry":{"type":"Polygon","coordinates":[[[118.58333333271773,-20.916666667425975],[118.58333333258132,-20.899999999890753],[118.56666666658103,-20.900000000199654],[118.56666666744765,-20.91666666687371],[118.55000000004725,-20.91666666654262],[118.55000000037263,-20.933333332794408],[118.53333333335966,-20.933333333119982],[118.51666666687574,-20.933333333341402],[118.49999999972562,-20.933333333266585],[118.50000000035963,-20.949999999534104],[118.49999999977993,-20.966666667263866],[118.50000000026587,-20.983333332903285],[118.5166666670071,-20.983333333222795],[118.5333333332183,-20.983333333323042],[118.55000000000254,-20.983333333454013],[118.56666666695433,-20.98333333344241],[118.58333333285512,-20.98333333299252],[118.58333333290919,-20.966666666667194],[118.59999999981575,-20.96666666710939],[118.60000000007969,-20.950000000334253],[118.61666666746285,-20.950000000457706],[118.61666666674193,-20.9333333329356],[118.60000000023103,-20.933333332930722],[118.58333333319834,-20.933333333068333],[118.58333333271773,-20.916666667425975]]]},"properties":{"fmt_tenid":"E 45/5055","type":"EXPLORATION LICENCE","tenstatus":"LIVE","holder1":"NORTHERN STAR (PILBARA) PTY LTD","holder2":" ","legal_area":21,"unit_of_me":"BL.","_colour":"#a0c4f0","_label":"Exploration Licence"}},{"type":"Feature","geometry":{"type":"Polygon","coordinates":[[[118.71666666689508,-20.766666667131233],[118.73333333268245,-20.766666666818896],[118.74999999968978,-20.766666666770103],[118.7500000001162,-20.749999999603016],[118.7666666670467,-20.750000000373326],[118.76666666740554,-20.733333332867286],[118.78333333300236,-20.73333333286997],[118.8000000004368,-20.733333333117386],[118.81666666686971,-20.733333333042964],[118.81666666703052,-20.716666667480965],[118.80000000013904,-20.716666667021627],[118.78333333255158,-20.71666666745248],[118.76666666715579,-20.716666666532806],[118.75000000000992,-20.716666666742118],[118.74999999962553,-20.733333333356786],[118.73333333269474,-20.73333333334736],[118.71666666663465,-20.73333333281723],[118.69999999957115,-20.733333332747865],[118.69999999974847,-20.749999999788642],[118.70000000013819,-20.766666667085403],[118.71666666689508,-20.766666667131233]]]},"properties":{"fmt_tenid":"E 45/5140","type":"EXPLORATION LICENCE","tenstatus":"LIVE","holder1":"NORTHERN STAR (PILBARA) PTY LTD","holder2":" ","legal_area":11,"unit_of_me":"BL.","_colour":"#a0c4f0","_label":"Exploration Licence"}},{"type":"Feature","geometry":{"type":"Polygon","coordinates":[[[118.53333333272333,-20.8500000004109],[118.51666666666299,-20.850000000248297],[118.5000000000038,-20.849999999968368],[118.48333333253768,-20.85000000035521],[118.48333333271272,-20.866666666594107],[118.46666666653346,-20.86666666739917],[118.46666666684703,-20.88333333297103],[118.48333333308209,-20.883333332704588],[118.48333333040452,-20.89865638041336],[118.49079748884256,-20.898656167943873],[118.49999999680733,-20.898655101669686],[118.50000000048821,-20.883333333218417],[118.51666666689196,-20.883333333446767],[118.51666666697041,-20.866666666507],[118.53333333330578,-20.866666666635073],[118.53333333272333,-20.8500000004109]]]},"properties":{"fmt_tenid":"E 45/5600","type":"EXPLORATION LICENCE","tenstatus":"LIVE","holder1":"NORTHERN STAR (HEMI) PTY LTD","holder2":" ","legal_area":7,"unit_of_me":"BL.","_colour":"#a0c4f0","_label":"Exploration Licence"}},{"type":"Feature","geometry":{"type":"MultiPolygon","coordinates":[[[[118.99999999952986,-20.06666666731517],[119.00000000000772,-20.050000000003152],[119.0000000001507,-20.033333333389617],[118.98333333330251,-20.03333333322937],[118.98333333347558,-20.050000000492524],[118.98333333295975,-20.066666667471264],[118.9833333328627,-20.08333333289811],[118.96666666720562,-20.08333333329378],[118.96666666654953,-20.099999999619357],[118.9666666672305,-20.11666666683582],[118.95000000006692,-20.11666666747147],[118.94999999960032,-20.133333333090356],[118.93333333277648,-20.13333333271627],[118.93333333317376,-20.1499999997189],[118.91666666681833,-20.149999999707834],[118.90000000013568,-20.149999999989365],[118.90000000036885,-20.166666666668803],[118.8833333326819,-20.166666667473326],[118.88333333349976,-20.183333332581483],[118.86666666650044,-20.183333332941373],[118.86666666717751,-20.199999999919168],[118.8666666665541,-20.21666666796443],[118.86666666606625,-20.220538733350924],[118.8668161041715,-20.219925942265334],[118.86723310938473,-20.219233911057223],[118.86766290358847,-20.218547435847523],[118.86788805347857,-20.21754463867207],[118.86847964649048,-20.216937195423434],[118.86864042349319,-20.216401817318978],[118.8694192521516,-20.215952080031357],[118.86973397706288,-20.215951254933316],[118.86979882833295,-20.21580486289898],[118.86979734839818,-20.21526507184714],[118.87001274514458,-20.21485647674129],[118.87022058365338,-20.214064063601683],[118.87041708692183,-20.213396156478417],[118.87133592745714,-20.212501682118067],[118.87163984965076,-20.211862889968888],[118.87220683460134,-20.210313316662212],[118.87239941516069,-20.20950987353487],[118.87291177283885,-20.20811399326528],[118.87371103291571,-20.208488277068593],[118.87371301942038,-20.20923223913055],[118.87416095768874,-20.20855239594492],[118.8745015828362,-20.207946623797895],[118.87439719474757,-20.207009420750936],[118.87439575089263,-20.206441543704912],[118.87464126273274,-20.20550556356037],[118.87522939822429,-20.204719754321268],[118.87567212010512,-20.20425606914046],[118.87602330438085,-20.203611710962953],[118.87631961317986,-20.203202972831335],[118.8766831758878,-20.202833709687518],[118.87744600427341,-20.20211061139504],[118.87748159806348,-20.20172994733916],[118.87791456942982,-20.201045599142457],[118.87885308651057,-20.20094107588465],[118.87939788186094,-20.20121119777348],[118.8797413553087,-20.201448425710502],[118.87988545035398,-20.201416622668976],[118.87985769128555,-20.200977564626342],[118.87964520238971,-20.200469214623666],[118.8795062630413,-20.199695506570794],[118.8795623621208,-20.199180217497215],[118.87986741927921,-20.198139533301017],[118.88029015918046,-20.19721862701074],[118.88075537459943,-20.196241985658016],[118.88125255027201,-20.195345573300425],[118.88169636769807,-20.19469090699942],[118.88218327587722,-20.193951953669238],[118.88264499450776,-20.193306670364166],[118.88307921174463,-20.192666014075616],[118.88350678284016,-20.192045752794353],[118.8847435853782,-20.190712161035563],[118.8852012499374,-20.190049660741423],[118.88643984382082,-20.188644951497086],[118.88682439278661,-20.188108609026074],[118.88727057329612,-20.18721679532271],[118.8875866280321,-20.1865704447949],[118.88789808160323,-20.1859790632803],[118.88827266464531,-20.18512495956182],[118.88877567013094,-20.184472172829206],[118.88954798738699,-20.183716945793787],[118.89008098259362,-20.182981633914512],[118.890816128782,-20.18226275283686],[118.89106725835198,-20.181502199113314],[118.89150743085713,-20.180789742230328],[118.8919034429976,-20.18023899447507],[118.89252868633218,-20.17969752048327],[118.89316043799015,-20.179370411617835],[118.89379921013604,-20.179268142904807],[118.89504383436663,-20.179014922486438],[118.8959127718491,-20.177896296386837],[118.89633180285314,-20.17636519011299],[118.89709772832516,-20.175247097200906],[118.89805958716052,-20.174204923857356],[118.89888608652134,-20.174202409831636],[118.89888854275262,-20.17512214203556],[118.89839112306566,-20.176412474937738],[118.89821791354129,-20.17715650547051],[118.898484846575,-20.177196060460176],[118.89863798054331,-20.176660738079033],[118.89868482734484,-20.17601899564405],[118.89895376167976,-20.17506695899669],[118.89926990956764,-20.174298886834624],[118.8995509153222,-20.173789563748546],[118.89985559505284,-20.17330780466727],[118.9001767837164,-20.172885934595897],[118.90063112570286,-20.172250626491284],[118.90101221256707,-20.171688370401334],[118.90103317990764,-20.171421677362215],[118.90121380648417,-20.171021017301157],[118.90159084937838,-20.17043333221117],[118.90209179718663,-20.16995820813765],[118.90280260924402,-20.169356160046874],[118.90359881018522,-20.168877564975936],[118.90441051384826,-20.168628230938157],[118.90511386636297,-20.168460278913013],[118.9056317647057,-20.168365782898753],[118.90625052012822,-20.16824246088109],[118.9067872453636,-20.168240885878863],[118.90693350850908,-20.168175069870493],[118.90657506648725,-20.16806740985879],[118.90572453821763,-20.16798684685138],[118.9053445617494,-20.167426779782026],[118.90565385475254,-20.166728899695254],[118.90633607668721,-20.16621657163522],[118.9070129804392,-20.16584927559547],[118.90817966707772,-20.16494156250118],[118.90941767122061,-20.16365450637682],[118.91028769669299,-20.162691649838063],[118.91100180039587,-20.16191755424738],[118.9122696816278,-20.16112325102763],[118.91321953947092,-20.16061440028042],[118.91421144696417,-20.1600171968283],[118.91528316531692,-20.159415864865647],[118.91673504848276,-20.1585839327278],[118.91806961851466,-20.158234443773324],[118.91892653085527,-20.158208111581565],[118.92020820400478,-20.15807009929821],[118.92089151979944,-20.1579434027349],[118.92194248144907,-20.15742328390053],[118.9225219083124,-20.156788903006145],[118.92311757209967,-20.15610610803502],[118.92374447466231,-20.155560900040896],[118.92474422022657,-20.15496129555542],[118.92565095441212,-20.1547252800915],[118.92702453499008,-20.154721253528866],[118.92712031850255,-20.155643076929728],[118.92697147629258,-20.15589915998536],[118.9278013167531,-20.155710223172758],[118.92871302519877,-20.15560628642068],[118.92961498248258,-20.15578273577688],[118.92942411292488,-20.156634355053708],[118.92852281730359,-20.1570488179348],[118.92778624473137,-20.15749570388215],[118.92768067750228,-20.157817431977893],[118.92712315594133,-20.158372824026838],[118.92645051431904,-20.158940134046333],[118.92567224462408,-20.159544368050113],[118.92509275202332,-20.160204231608244],[118.92442776847581,-20.160998804571094],[118.92385998051638,-20.161537406236434],[118.92271892328685,-20.162355694321406],[118.92176383080974,-20.162809461661887],[118.9207489715228,-20.162984226460797],[118.91975088865014,-20.16309171743968],[118.9189582082597,-20.163819527036623],[118.91850529201754,-20.164320636640493],[118.91731056661267,-20.165158719789577],[118.9164107900789,-20.165476819123864],[118.91572061045882,-20.165725967902063],[118.91506649592404,-20.166014645757507],[118.91407790207445,-20.166541364090875],[118.91322446305767,-20.16695830179631],[118.91251998968777,-20.167315171806912],[118.91200260788072,-20.167662960112178],[118.91142781748847,-20.16835497537015],[118.91087538692402,-20.169335701763124],[118.90997853591483,-20.17051744610522],[118.90928218365809,-20.171283580197674],[118.90843784804085,-20.171485147234957],[118.9076491486959,-20.171487386249776],[118.90696264234376,-20.17153105626757],[118.9063727918337,-20.17173527230332],[118.90622135432817,-20.17208864934924],[118.9064707904372,-20.172891277440772],[118.90720937219821,-20.173340256475115],[118.9077636026573,-20.1731644264401],[118.90860336994822,-20.173222964424717],[118.90958343734543,-20.17404766448684],[118.91009001140463,-20.174176475500957],[118.91108743989199,-20.174792141607206],[118.91193651775171,-20.175001498609873],[118.91230527747486,-20.175289603647688],[118.91300105884794,-20.175918024725327],[118.91345055619291,-20.176526631794204],[118.9140869114795,-20.177215218870252],[118.9142760771919,-20.177481181898155],[118.91471565137945,-20.17902643105112],[118.91497997128944,-20.17995594114018],[118.91529752373661,-20.180459574186443],[118.91588290510093,-20.1810771672395],[118.91720616141846,-20.181862295295062],[118.91734126473214,-20.180820713204703],[118.91714485148096,-20.18017909715104],[118.9166813180299,-20.17965294410693],[118.91619357351715,-20.179172758064794],[118.91565731793733,-20.178738535024713],[118.91559798369549,-20.178113693966548],[118.91682353161663,-20.17839124099624],[118.91755365649345,-20.178618483017683],[118.91826009911077,-20.17905219705439],[118.91903874608313,-20.17921052506682],[118.91964649927279,-20.179162876062943],[118.920108192515,-20.179046908054396],[118.92076472065878,-20.1790449690544],[118.92151880071076,-20.179134545060517],[118.92234719821425,-20.179682615094688],[118.92306411267366,-20.180247146126355],[118.92430123667184,-20.1820903152192],[118.92534608764883,-20.18238006936857],[118.92641675835482,-20.182313753842624],[118.92777552321827,-20.181616174061116],[118.92860116735518,-20.181246797052186],[118.92989858305477,-20.18099820249278],[118.93054719382879,-20.181447530243105],[118.93057311123052,-20.18199778424805],[118.9302833189501,-20.182663783928046],[118.93033281559012,-20.182961768419023],[118.93096568866223,-20.18316626515317],[118.93147525964676,-20.182797820020983],[118.93247251482863,-20.18214242692522],[118.93319780755327,-20.18148557608186],[118.9334154135133,-20.181072106399828],[118.93368017007064,-20.18015400628885],[118.93413985530304,-20.17939589514367],[118.9345523026577,-20.179073584763266],[118.9352813576606,-20.178933858366698],[118.93618141417406,-20.17904578937556],[118.93708311265608,-20.179708235086224],[118.93769323541814,-20.180417338871674],[118.93798737954992,-20.181196136793087],[118.93798975593458,-20.1819988382929],[118.93799268379325,-20.18296204209123],[118.9379457315764,-20.183512555687365],[118.93782569886034,-20.18401744750899],[118.93683124071666,-20.18489184617776],[118.93603126574538,-20.18571983446618],[118.93586435923457,-20.186798200660053],[118.93598804511247,-20.187508809908888],[118.93633089041201,-20.18831049540832],[118.93638131620003,-20.188906653052523],[118.9360919027824,-20.18968721267173],[118.93524653609995,-20.190462487396193],[118.93439368550276,-20.191045303150357],[118.93361688051226,-20.191506302603308],[118.93333333313609,-20.19169192009693],[118.93333332734709,-20.194160623504384],[118.93372180353464,-20.194051684973704],[118.93449943974863,-20.193865911864087],[118.93517941535706,-20.193542825835042],[118.93617475114185,-20.1929665051553],[118.93658713620925,-20.192621334360346],[118.93729002550428,-20.19186241580338],[118.93796934535166,-20.1913329172372],[118.93852807629654,-20.19112487101169],[118.9401320888739,-20.19079897703049],[118.94115242968385,-20.190451964526286],[118.94316860575067,-20.18973498687521],[118.9441650001609,-20.1895256193762],[118.9452823331544,-20.18910941260986],[118.94661817078466,-20.188577969163482],[118.94751614121607,-20.187979011897543],[118.94865784417482,-20.187585650062488],[118.95023833946104,-20.187558030725253],[118.95162500278511,-20.187714273951027],[118.95254884933601,-20.187642669997327],[118.953277071397,-20.18722765200814],[118.95400490931594,-20.18669792185813],[118.95453882734446,-20.186352354309754],[118.95500031685324,-20.186190410596673],[118.95521976580889,-20.186373134744613],[118.95522204379819,-20.18708406172501],[118.95507795680395,-20.187680821606666],[118.95488470197608,-20.188071284403893],[118.95444854635119,-20.1885770857783],[118.95406051388552,-20.18892229513369],[118.9537205108284,-20.189060934570197],[118.9531612445441,-20.189062642720646],[118.95240711108947,-20.188973208656368],[118.95179858527261,-20.18881458892557],[118.9512640906087,-20.18895384998062],[118.95133774192296,-20.189182911802344],[118.95248199133387,-20.189615134208196],[118.95360043344567,-20.189542895148204],[118.95420782532992,-20.18938050321536],[118.95483344614732,-20.18920991824593],[118.9553728686964,-20.188665970782978],[118.95580911582188,-20.188183018101768],[118.95609861512038,-20.187471278325315],[118.95621754347248,-20.18659939643491],[118.95621545237881,-20.185957294453065],[118.95626005823917,-20.184672909523446],[118.95645264130117,-20.1840531176773],[118.95676538412236,-20.182974306929644],[118.95722410304256,-20.1819179862842],[118.95768367156863,-20.181136786631367],[118.95816524813158,-20.179621717017895],[118.95816267524903,-20.178819113041648],[118.95830646030727,-20.178153617164117],[118.95859698214493,-20.17773993838206],[118.95881670796122,-20.17801442552805],[118.9591571592379,-20.17803628076721],[118.95949988710862,-20.177629722022],[118.95995601254056,-20.176887190368046],[118.96048835111762,-20.17608286177042],[118.96099753719564,-20.17562257014545],[118.96194358527646,-20.1749087319902],[118.96323266396713,-20.175019429745177],[118.96462008757182,-20.175473697709073],[118.96515616255748,-20.17583893807432],[118.96615484771641,-20.17638624075903],[118.9669810366907,-20.176200133349074],[118.96729616335865,-20.1759010865829],[118.96817148213265,-20.175898297200995],[118.96846284756785,-20.175759815412086],[118.96892584556359,-20.1760793437265],[118.96900087683399,-20.176698312755082],[118.96863866347589,-20.177502113468165],[118.96810617101661,-20.178260580063476],[118.96774259021002,-20.178628664793212],[118.96706158967889,-20.178562047316216],[118.96640498508069,-20.1785640708538],[118.96572553288702,-20.179001897359104],[118.96538759357685,-20.179759805093294],[118.96524471117002,-20.180723457957438],[118.96517404216259,-20.18143456588166],[118.96517646016258,-20.182191373855606],[118.96561778809782,-20.183313693123743],[118.9665450856647,-20.184319827735845],[118.96757095081033,-20.18573845339976],[118.96801308946237,-20.187113031655823],[118.96804050521231,-20.18809907363687],[118.96799443815543,-20.18887891357456],[118.96843600697589,-20.190092989774787],[118.96933906791689,-20.19109919667865],[118.97028927103601,-20.19166950301496],[118.9708991943898,-20.192263767368978],[118.97158212018657,-20.19290372688578],[118.97216529692604,-20.192741364793175],[118.97204115148298,-20.19196208194374],[118.97203928412762,-20.19138872088585],[118.97242757416333,-20.191135242862742],[118.97318280534076,-20.191568533178977],[118.9745238780956,-20.192665078233293],[118.97605688522249,-20.192958270799004],[118.97671493939663,-20.19341485754761],[118.97688731149654,-20.19405638763174],[118.97735147572163,-20.194719920542852],[118.97830003406676,-20.19476279164071],[118.97941838476129,-20.19466744315706],[118.98061152800666,-20.195122220520407],[118.98092264075852,-20.195733332562078],[118.98049662758343,-20.197140641941584],[118.9795994522409,-20.197946253621534],[118.97882465831852,-20.198980719444663],[118.97824445385841,-20.20003746488066],[118.97773554663155,-20.200566542612187],[118.97705703533609,-20.201302568306364],[118.97679172429055,-20.201991482300986],[118.97662370573634,-20.20265699031397],[118.97626039355804,-20.203116861361874],[118.97526506568869,-20.203670468757444],[118.97439093527736,-20.204086047893675],[118.9736637905266,-20.204845098437104],[118.97345042182651,-20.205619859228914],[118.9726459140151,-20.20592626349583],[118.97191776706234,-20.206364305434253],[118.97126242283383,-20.206779125661072],[118.97024284905004,-20.207355742508184],[118.96951321767332,-20.207358065550828],[118.96824963688552,-20.20768305657892],[118.96812998716068,-20.208279731054553],[118.9688620731995,-20.20905715981572],[118.97015438010506,-20.210062053257353],[118.97047280137035,-20.21074909687785],[118.97020730689616,-20.211392045271765],[118.96984444566667,-20.21198949645617],[118.9702100582766,-20.212240568768767],[118.97128043200482,-20.2123059525688],[118.97230309267454,-20.21266968199638],[118.97308283487281,-20.21312583713688],[118.97430071205235,-20.213672352819504],[118.97520227057234,-20.214174007778446],[118.97831781223954,-20.214897913866626],[118.97929128995638,-20.215101093909908],[118.98126144814051,-20.215140617603456],[118.98213591283466,-20.21481665728764],[118.98313117507591,-20.214217177242286],[118.98385811164988,-20.213412160201877],[118.9847315562219,-20.21279002256299],[118.98677478802486,-20.212852147798202],[118.98786986920122,-20.213054986328938],[118.9901552017567,-20.21279520205372],[118.99086075449662,-20.212884569348596],[118.99122700146107,-20.213296193341463],[118.99151892161228,-20.213318171297985],[118.99227246380258,-20.213201037862273],[118.99351325464441,-20.213334535905336],[118.99429201461663,-20.213469576413],[118.99565410209146,-20.213487956920083],[118.99638282836162,-20.213233246483448],[118.9973543507947,-20.212840184935658],[118.99864126878005,-20.2122395605633],[118.99963831587836,-20.212190347907363],[118.9999999852151,-20.212286504052305],[118.99999999966569,-20.20000000035333],[118.99999999963029,-20.183333333456705],[118.99999999952239,-20.166666666892233],[118.99999999962833,-20.149999999897823],[119.0000000003338,-20.13333333279288],[119.0000000001076,-20.116666666962907],[119.00000000049238,-20.10000000019467],[119.00000000005333,-20.083333333185074],[118.99999999952986,-20.06666666731517]]],[[[118.86686991718574,-20.223636946450753],[118.86668506081345,-20.222270670438768],[118.86666666692301,-20.222215622441897],[118.86666666745923,-20.224063476542142],[118.86686991718574,-20.223636946450753]]],[[[118.99999999341011,-20.214418224776583],[118.999354966453,-20.214691081479017],[118.99857723010727,-20.214854226809493],[118.99748440107693,-20.21533954691205],[118.99685431567931,-20.216006663443988],[118.9966767521131,-20.216666668477057],[119.00000000045151,-20.21666666843102],[118.99999999341011,-20.214418224776583]]]]},"properties":{"fmt_tenid":"E 45/6098","type":"EXPLORATION LICENCE","tenstatus":"LIVE","holder1":"NORTHERN STAR (PILBARA) PTY LTD","holder2":" ","legal_area":37,"unit_of_me":"BL.","_colour":"#a0c4f0","_label":"Exploration Licence"}},{"type":"Feature","geometry":{"type":"Polygon","coordinates":[[[118.70000000020573,-20.700000000493638],[118.69999999981268,-20.68333333260828],[118.68333333275623,-20.6833333334727],[118.6833333334083,-20.700000000478724],[118.70000000020573,-20.700000000493638]]]},"properties":{"fmt_tenid":"E 45/6655","type":"EXPLORATION LICENCE","tenstatus":"LIVE","holder1":"NORTHERN STAR (PILBARA) PTY LTD","holder2":" ","legal_area":1,"unit_of_me":"BL.","_colour":"#a0c4f0","_label":"Exploration Licence"}},{"type":"Feature","geometry":{"type":"Polygon","coordinates":[[[118.56666666749749,-20.61666666694445],[118.5666666672289,-20.599999999805046],[118.5499999996792,-20.59999999999526],[118.53333333289487,-20.59999999999766],[118.53333333345104,-20.61666666709299],[118.55000000033536,-20.61666666657404],[118.550000000226,-20.63333333280858],[118.56666666667218,-20.63333333301623],[118.56666666749749,-20.61666666694445]]]},"properties":{"fmt_tenid":"E 45/6943","type":"EXPLORATION LICENCE","tenstatus":"LIVE","holder1":"NORTHERN STAR (PILBARA) PTY LTD","holder2":" ","legal_area":3,"unit_of_me":"BL.","_colour":"#a0c4f0","_label":"Exploration Licence"}},{"type":"Feature","geometry":{"type":"Polygon","coordinates":[[[118.23333333271138,-21.066666666855067],[118.23333333263182,-21.049999999862816],[118.24999999988107,-21.0499999997235],[118.25000000041015,-21.033333332700426],[118.266666666643,-21.03333333333825],[118.26666666709914,-21.016666666592798],[118.28333333251184,-21.016666667240745],[118.30000000012113,-21.01666666656943],[118.31666666705758,-21.01666666666186],[118.33333333251143,-21.016666666653975],[118.34999999954094,-21.016666666716752],[118.35000000006914,-20.999999999714756],[118.33333333295198,-21.000000000401062],[118.33333333296817,-20.983333332707225],[118.33333333254168,-20.966666666865848],[118.3166666674187,-20.966666667103134],[118.31666666668669,-20.94999999989986],[118.31666666746753,-20.933333332515236],[118.30000000035716,-20.933333332878412],[118.30000000015464,-20.916666667451366],[118.2833333328137,-20.916666666709144],[118.26666666665756,-20.91666666723988],[118.26666666675982,-20.93333333287114],[118.24999999979578,-20.933333332964917],[118.24999999964385,-20.94999999994704],[118.23333333346565,-20.950000000477207],[118.23333333319714,-20.966666666715323],[118.23333333297848,-20.98333333294105],[118.21666666676423,-20.983333332953972],[118.21666666659362,-21.00000000008515],[118.1999999996312,-21.000000000208697],[118.19999999963264,-21.01666666659875],[118.20000000042134,-21.033333332609015],[118.20000000014453,-21.04999999971428],[118.20000000022432,-21.066666666956525],[118.21666666716538,-21.066666666876078],[118.23333333271138,-21.066666666855067]]]},"properties":{"fmt_tenid":"E 47/2502","type":"EXPLORATION LICENCE","tenstatus":"LIVE","holder1":"FARNO-MCMAHON PTY LTD","holder2":"NORTHERN STAR (PILBARA) PTY LTD","legal_area":42,"unit_of_me":"BL.","_colour":"#a0c4f0","_label":"Exploration Licence"}},{"type":"Feature","geometry":{"type":"MultiPolygon","coordinates":[[[[117.89999999988254,-20.983333333164587],[117.90000000005114,-20.966666666503844],[117.89999999997971,-20.95000000007578],[117.91666666654069,-20.949999999948197],[117.93333333309594,-20.949999999942737],[117.93333333349437,-20.93333333349319],[117.94999999994108,-20.93333333321155],[117.95000000040196,-20.91666666749367],[117.95000000001335,-20.900000000411907],[117.94999999954634,-20.883333333018726],[117.94999999993541,-20.866666666758565],[117.93333333327075,-20.866666666713844],[117.91666666693413,-20.866666666717308],[117.91666666674196,-20.883333333133937],[117.91666666663056,-20.899999999911074],[117.9000000001935,-20.90000000044982],[117.88333333290402,-20.9000000001812],[117.86666666699487,-20.900000000177823],[117.86666666668114,-20.916666666871404],[117.85000000019889,-20.91666666661094],[117.83333333270828,-20.91666666701259],[117.81666666701396,-20.916666667479163],[117.81666666703298,-20.93333333251666],[117.79999999981389,-20.933333333016318],[117.80000000010175,-20.950000000236408],[117.81666666705966,-20.950000000474756],[117.83333333319676,-20.95000000024799],[117.85000000004244,-20.949999999519378],[117.84999999972369,-20.966666667162983],[117.86666666676481,-20.966666666928226],[117.86666666650385,-20.983333333350867],[117.8833333325643,-20.983333333235024],[117.89999999988254,-20.983333333164587]]],[[[117.78333333344008,-21.01666666716706],[117.78333333303601,-20.999999999887585],[117.79999999972001,-21.000000000121055],[117.80000000039642,-20.983333332900454],[117.79999999977751,-20.966666667402],[117.78333333284579,-20.966666666708967],[117.76666666733831,-20.966666667406244],[117.76666666667836,-20.9833333333643],[117.74999999965259,-20.983333332795933],[117.7500000000028,-21.000000000270823],[117.73333333332617,-20.999999999671125],[117.73333333318286,-21.016666667403335],[117.75000000036164,-21.01666666725796],[117.76666666736871,-21.016666667153018],[117.78333333344008,-21.01666666716706]]],[[[117.83333333261233,-20.999999999831136],[117.83333333254808,-21.016666667095375],[117.85000000004696,-21.01666666693969],[117.86666666731769,-21.016666667052124],[117.8666666669436,-21.000000000478245],[117.85000000023072,-20.999999999535305],[117.83333333261233,-20.999999999831136]]]]},"properties":{"fmt_tenid":"E 47/2720","type":"EXPLORATION LICENCE","tenstatus":"LIVE","holder1":"NORTHERN STAR (INDEE GOLD) PTY LTD","holder2":" ","legal_area":40,"unit_of_me":"BL.","_colour":"#a0c4f0","_label":"Exploration Licence"}},{"type":"Feature","geometry":{"type":"Polygon","coordinates":[[[118.19999999963264,-21.01666666659875],[118.1999999996312,-21.000000000208697],[118.19999999998446,-20.983333333128936],[118.18333333273024,-20.983333333348284],[118.1666666669053,-20.983333332914672],[118.16666666669956,-21.000000000437794],[118.16666666682777,-21.00160966387629],[118.17479986557686,-21.001566735427602],[118.17441027918895,-21.009311670857496],[118.16666666654847,-21.009511201393764],[118.16666666713874,-21.01666666690999],[118.1833333331317,-21.016666667449766],[118.19999999963264,-21.01666666659875]]]},"properties":{"fmt_tenid":"E 47/3399","type":"EXPLORATION LICENCE","tenstatus":"LIVE","holder1":"NORTHERN STAR (PILBARA) PTY LTD","holder2":" ","legal_area":4,"unit_of_me":"BL.","_colour":"#a0c4f0","_label":"Exploration Licence"}},{"type":"Feature","geometry":{"type":"Polygon","coordinates":[[[118.20000000014453,-21.04999999971428],[118.20000000042134,-21.033333332609015],[118.18333333273017,-21.033333333458913],[118.1833333333592,-21.049999999879635],[118.20000000014453,-21.04999999971428]]]},"properties":{"fmt_tenid":"E 47/3428","type":"EXPLORATION LICENCE","tenstatus":"LIVE","holder1":"NORTHERN STAR (PILBARA) PTY LTD","holder2":" ","legal_area":1,"unit_of_me":"BL.","_colour":"#a0c4f0","_label":"Exploration Licence"}},{"type":"Feature","geometry":{"type":"Polygon","coordinates":[[[118.20000000042134,-21.033333332609015],[118.19999999963264,-21.01666666659875],[118.1833333331317,-21.016666667449766],[118.18333333273017,-21.033333333458913],[118.20000000042134,-21.033333332609015]]]},"properties":{"fmt_tenid":"E 47/3429","type":"EXPLORATION LICENCE","tenstatus":"LIVE","holder1":"NORTHERN STAR (PILBARA) PTY LTD","holder2":" ","legal_area":1,"unit_of_me":"BL.","_colour":"#a0c4f0","_label":"Exploration Licence"}},{"type":"Feature","geometry":{"type":"Polygon","coordinates":[[[118.16666666669956,-21.000000000437794],[118.14999999960568,-21.000000000370918],[118.15000000047002,-21.016666667239246],[118.14999999968937,-21.03333333264467],[118.16666666744874,-21.033333332677117],[118.18333333273017,-21.033333333458913],[118.1833333331317,-21.016666667449766],[118.16666666713874,-21.01666666690999],[118.16666666669956,-21.000000000437794]]]},"properties":{"fmt_tenid":"E 47/3430","type":"EXPLORATION LICENCE","tenstatus":"LIVE","holder1":"NORTHERN STAR (PILBARA) PTY LTD","holder2":" ","legal_area":3,"unit_of_me":"BL.","_colour":"#a0c4f0","_label":"Exploration Licence"}},{"type":"Feature","geometry":{"type":"MultiPolygon","coordinates":[[[[118.10000000040432,-20.8666666670659],[118.08333333285536,-20.866666667242317],[118.07088888868019,-20.86666682018855],[118.06666666680894,-20.866666667454044],[118.04999999971093,-20.86666666719998],[118.03333333327588,-20.866666666937583],[118.01666666733016,-20.866666666805315],[117.99999999979302,-20.866666667099505],[117.98333333296011,-20.86666666658699],[117.98333333259306,-20.883333333370835],[117.98333333280694,-20.900000000435796],[117.98333333343756,-20.916666667193603],[117.98333333319279,-20.933333333010804],[117.99999999981452,-20.93333333319476],[118.00000000006533,-20.91666666664341],[118.01666666724407,-20.916666667071688],[118.01666666721647,-20.93333333348008],[118.03333333296204,-20.933333332609713],[118.04999999961244,-20.933333332637208],[118.05000000046543,-20.916666667306178],[118.06666666713453,-20.91666666722763],[118.06666666743983,-20.93333333265534],[118.08333333341187,-20.933333332946827],[118.08333333297102,-20.916666667335654],[118.09999999988413,-20.91666666675581],[118.11666666707983,-20.91666666669417],[118.13333333337154,-20.916666667231368],[118.13333333287555,-20.900000000013577],[118.11666666672592,-20.90000000017539],[118.11666666720116,-20.883333333314823],[118.10000000001176,-20.883333333276315],[118.10000000040432,-20.8666666670659]],[[118.07088888943314,-20.866763889465965],[118.0801388892272,-20.866763889182245],[118.08013888918177,-20.872583333257374],[118.07088888857325,-20.872583333098138],[118.07088888943314,-20.866763889465965]],[[118.06814771443236,-20.886311388661554],[118.04618605465103,-20.88644717099025],[118.04617148772081,-20.884344348715075],[118.0376436746745,-20.884396308164007],[118.03412288037487,-20.880578823772282],[118.03404962620579,-20.86987465048253],[118.06803003715028,-20.86966591215573],[118.06814771443236,-20.886311388661554]]],[[[118.30000000020256,-20.866666667177544],[118.28333333256946,-20.866666666612836],[118.26666666717584,-20.866666666590003],[118.26666666717917,-20.88333333260634],[118.26666666653752,-20.900000000176938],[118.24999999977682,-20.89999999957676],[118.23333333272261,-20.900000000416068],[118.23333333286303,-20.88333333280728],[118.21813622378798,-20.88333333296608],[118.21804734882264,-20.915369642981734],[118.21666666697016,-20.91536589443699],[118.21666666706953,-20.916666666887693],[118.23333333347331,-20.916666666728837],[118.2499999996194,-20.91666666692122],[118.26666666665756,-20.91666666723988],[118.2833333328137,-20.916666666709144],[118.30000000015464,-20.916666667451366],[118.3166666674841,-20.916666666775942],[118.31666666677498,-20.900000000356613],[118.31666666664616,-20.88333333331943],[118.30000000037818,-20.883333333306865],[118.30000000020256,-20.866666667177544]],[[118.28462246609494,-20.883365325859028],[118.29995705745858,-20.883327745321523],[118.2999902421283,-20.899996265913966],[118.28333118705461,-20.899992998350406],[118.28328532787759,-20.898705184943907],[118.28465541295745,-20.89872108100168],[118.28462246609494,-20.883365325859028]]]]},"properties":{"fmt_tenid":"E 47/3504","type":"EXPLORATION LICENCE","tenstatus":"LIVE","holder1":"NORTHERN STAR (INDEE GOLD) PTY LTD","holder2":" ","legal_area":40,"unit_of_me":"BL.","_colour":"#a0c4f0","_label":"Exploration Licence"}},{"type":"Feature","geometry":{"type":"Polygon","coordinates":[[[118.31666666746753,-20.933333332515236],[118.33333333335925,-20.93333333271343],[118.33333333337316,-20.916666666788416],[118.3166666674841,-20.916666666775942],[118.30000000015464,-20.916666667451366],[118.30000000035716,-20.933333332878412],[118.31666666746753,-20.933333332515236]]]},"properties":{"fmt_tenid":"E 47/3552-I","type":"EXPLORATION LICENCE","tenstatus":"LIVE","holder1":"NORTHERN STAR (HEMI) PTY LTD","holder2":" ","legal_area":2,"unit_of_me":"BL.","_colour":"#a0c4f0","_label":"Exploration Licence"}},{"type":"Feature","geometry":{"type":"Polygon","coordinates":[[[118.36666666671613,-20.93333333334027],[118.34999999970667,-20.933333332734726],[118.33333333335925,-20.93333333271343],[118.33333333324637,-20.94999999959972],[118.33333333254168,-20.966666666865848],[118.35000000006353,-20.966666666828107],[118.36666666743898,-20.966666667243164],[118.38333333326864,-20.966666666867177],[118.3999999996171,-20.966666666927473],[118.41666666706845,-20.96666666731244],[118.41666666726428,-20.950000000430858],[118.39999999969466,-20.949999999828183],[118.38333333302745,-20.95000000013206],[118.36666666719276,-20.950000000495773],[118.36666666671613,-20.93333333334027]]]},"properties":{"fmt_tenid":"E 47/3553-I","type":"EXPLORATION LICENCE","tenstatus":"LIVE","holder1":"NORTHERN STAR (HEMI) PTY LTD","holder2":" ","legal_area":7,"unit_of_me":"BL.","_colour":"#a0c4f0","_label":"Exploration Licence"}},{"type":"Feature","geometry":{"type":"Polygon","coordinates":[[[118.40758147829187,-20.837748184956684],[118.43333333279048,-20.83768066961909],[118.43333333271404,-20.833333333293293],[118.41666666702741,-20.833333333378633],[118.39999999963116,-20.83333333278271],[118.38333333252942,-20.833333333292344],[118.36666666713705,-20.833333332533137],[118.35000000006801,-20.83333333302952],[118.33333333322905,-20.83333333322415],[118.33333333260374,-20.85000000044804],[118.35000000037425,-20.85000000032416],[118.34999999962949,-20.86666666652946],[118.34999999961471,-20.883333332708116],[118.36666666722454,-20.883333333338808],[118.36666666667274,-20.86666666677846],[118.37803566167463,-20.866666667401518],[118.40758147829187,-20.837748184956684]]]},"properties":{"fmt_tenid":"E 47/3554-I","type":"EXPLORATION LICENCE","tenstatus":"LIVE","holder1":"NORTHERN STAR (HEMI) PTY LTD","holder2":" ","legal_area":10,"unit_of_me":"BL.","_colour":"#a0c4f0","_label":"Exploration Licence"}},{"type":"Feature","geometry":{"type":"Polygon","coordinates":[[[118.26666666677389,-20.83333333265714],[118.24999999974389,-20.8333333330506],[118.23333333326256,-20.833333333055613],[118.23333333275558,-20.849999999522975],[118.21666666713156,-20.849999999823982],[118.20000000035141,-20.85000000004691],[118.18333333348838,-20.85000000047516],[118.18333333273767,-20.866666667395293],[118.19999999999959,-20.866666667489383],[118.21666666729745,-20.866666667472018],[118.23333333340362,-20.86666666659802],[118.25000000048726,-20.866666667112383],[118.26666666717584,-20.866666666590003],[118.27068629578396,-20.8666666674835],[118.2792877849872,-20.866666666835947],[118.28333333256948,-20.86666659661294],[118.28333333287868,-20.86429501910557],[118.28333333283608,-20.860721264305667],[118.28333333342357,-20.854795566927997],[118.2833333327083,-20.849999999905908],[118.26666666675396,-20.85000000017121],[118.26666666677389,-20.83333333265714]]]},"properties":{"fmt_tenid":"E 47/3750","type":"EXPLORATION LICENCE","tenstatus":"LIVE","holder1":"NORTHERN STAR (PILBARA) PTY LTD","holder2":" ","legal_area":8,"unit_of_me":"BL.","_colour":"#a0c4f0","_label":"Exploration Licence"}},{"type":"Feature","geometry":{"type":"Polygon","coordinates":[[[118.11666666705302,-20.833333332946523],[118.11666666725668,-20.816666666641304],[118.1000000003206,-20.81666666722094],[118.09999999953307,-20.83333333293983],[118.11666666705302,-20.833333332946523]]]},"properties":{"fmt_tenid":"E 47/4565","type":"EXPLORATION LICENCE","tenstatus":"LIVE","holder1":"NORTHERN STAR (PILBARA) PTY LTD","holder2":" ","legal_area":1,"unit_of_me":"BL.","_colour":"#a0c4f0","_label":"Exploration Licence"}},{"type":"Feature","geometry":{"type":"Polygon","coordinates":[[[118.33333333308649,-20.799999999710394],[118.33333333342988,-20.78333333308883],[118.33333333341044,-20.76666666656692],[118.33333333322905,-20.749999999594735],[118.3333333333353,-20.733333333256148],[118.31666666668961,-20.733333332546387],[118.31666666749766,-20.749999999728395],[118.31666666658636,-20.766666666693173],[118.31666666735877,-20.783333333451477],[118.31666666734544,-20.79999999960188],[118.33333333308649,-20.799999999710394]]]},"properties":{"fmt_tenid":"E 47/4915","type":"EXPLORATION LICENCE","tenstatus":"LIVE","holder1":"NORTHERN STAR (PILBARA) PTY LTD","holder2":" ","legal_area":4,"unit_of_me":"BL.","_colour":"#a0c4f0","_label":"Exploration Licence"}},{"type":"Feature","geometry":{"type":"Polygon","coordinates":[[[118.29999999988516,-20.599999999797266],[118.29999999962948,-20.5833333331017],[118.2833333330424,-20.583333333017503],[118.28333333301165,-20.599999999640733],[118.29999999988516,-20.599999999797266]]]},"properties":{"fmt_tenid":"E 47/4925","type":"EXPLORATION LICENCE","tenstatus":"LIVE","holder1":"NORTHERN STAR (PILBARA) PTY LTD","holder2":" ","legal_area":1,"unit_of_me":"BL.","_colour":"#a0c4f0","_label":"Exploration Licence"}},{"type":"Feature","geometry":{"type":"Polygon","coordinates":[[[118.2833333330424,-20.583333333017503],[118.28333333312574,-20.566666666539955],[118.28333333275883,-20.550000000266632],[118.26666666655613,-20.55000000018783],[118.26666666746141,-20.566666666970004],[118.26666666673684,-20.58333333329922],[118.2833333330424,-20.583333333017503]]]},"properties":{"fmt_tenid":"E 47/4926","type":"EXPLORATION LICENCE","tenstatus":"LIVE","holder1":"NORTHERN STAR (PILBARA) PTY LTD","holder2":" ","legal_area":2,"unit_of_me":"BL.","_colour":"#a0c4f0","_label":"Exploration Licence"}},{"type":"Feature","geometry":{"type":"Polygon","coordinates":[[[118.41666666651855,-21.05000000034655],[118.43333333291352,-21.05000000049965],[118.43333333327212,-21.03333333260412],[118.41666666659407,-21.033333332542863],[118.39999999989864,-21.033333333014017],[118.40000000048471,-21.049999999984127],[118.41666666651855,-21.05000000034655]]]},"properties":{"fmt_tenid":"E 47/5032","type":"EXPLORATION LICENCE","tenstatus":"LIVE","holder1":"NORTHERN STAR (PILBARA) PTY LTD","holder2":" ","legal_area":2,"unit_of_me":"BL.","_colour":"#a0c4f0","_label":"Exploration Licence"}},{"type":"Feature","geometry":{"type":"Polygon","coordinates":[[[116.99999999988673,-21.0166666671715],[116.99999999969978,-20.999999999955758],[116.98333333327149,-20.99999999979608],[116.98333333272605,-21.01666666656241],[116.99999999988673,-21.0166666671715]]]},"properties":{"fmt_tenid":"E 47/5313","type":"EXPLORATION LICENCE","tenstatus":"LIVE","holder1":"NORTHERN STAR (PILBARA) PTY LTD","holder2":" ","legal_area":1,"unit_of_me":"BL.","_colour":"#a0c4f0","_label":"Exploration Licence"}},{"type":"Feature","geometry":{"type":"Polygon","coordinates":[[[118.11798748310538,-20.88333333310886],[118.11666666720116,-20.883333333314823],[118.11666666672592,-20.90000000017539],[118.13333333287555,-20.900000000013577],[118.13333333337154,-20.916666667231368],[118.1499999999545,-20.91666666734152],[118.15000000372466,-20.915399010003963],[118.13464138989426,-20.91541921294585],[118.13473853860764,-20.898329940024933],[118.11793618950392,-20.898738070640295],[118.11798748310538,-20.88333333310886]]]},"properties":{"fmt_tenid":"E 47/5323","type":"EXPLORATION LICENCE","tenstatus":"LIVE","holder1":"NORTHERN STAR (PILBARA) PTY LTD","holder2":" ","legal_area":3,"unit_of_me":"BL.","_colour":"#a0c4f0","_label":"Exploration Licence"}},{"type":"Feature","geometry":{"type":"Polygon","coordinates":[[[118.37377338625318,-20.881989147766763],[118.35133087128555,-20.881989016259528],[118.33466431438387,-20.881989491150485],[118.31799787431376,-20.881989842783163],[118.31799787257414,-20.883333392646353],[118.31666666664616,-20.88333333331943],[118.3166666674841,-20.916666666775942],[118.33333333337316,-20.916666666788416],[118.33333333335925,-20.93333333271343],[118.36666666671967,-20.93333170634324],[118.36666666719276,-20.950000000495773],[118.41666666727875,-20.949995115444928],[118.41666666675431,-20.983333332590256],[118.45000000002034,-20.983331702867964],[118.45000000021,-20.99999999999937],[118.47499999969425,-20.999999388348954],[118.50133350467391,-20.999999930064178],[118.50133256709181,-20.898654905643586],[118.49079748984265,-20.89865616994385],[118.49085785985113,-20.951520889653803],[118.4621831648421,-20.95177662093464],[118.44266305991223,-20.951947947640953],[118.44266279471408,-20.905626574882113],[118.37405534842276,-20.906373917617184],[118.37377338625318,-20.881989147766763]]]},"properties":{"fmt_tenid":"E 47/891-I","type":"EXPLORATION LICENCE","tenstatus":"LIVE","holder1":"NORTHERN STAR (HEMI) PTY LTD","holder2":" ","legal_area":40,"unit_of_me":"BL.","_colour":"#a0c4f0","_label":"Exploration Licence"}},{"type":"Feature","geometry":{"type":"Polygon","coordinates":[[[120.96666666670741,-26.400000000414323],[120.96666666651006,-26.383333333065856],[120.96666666679496,-26.366666666676995],[120.96666666656616,-26.350000000270402],[120.96666666682034,-26.3333333328748],[120.95000000013563,-26.333333333448802],[120.93333333345254,-26.33333333317544],[120.93333333339969,-26.350000000472335],[120.93333333291459,-26.366666666832188],[120.93333333303045,-26.383333332835566],[120.93333333322927,-26.400000000357576],[120.95000000042079,-26.400000000134565],[120.96666666670741,-26.400000000414323]]]},"properties":{"fmt_tenid":"E 53/1304","type":"EXPLORATION LICENCE","tenstatus":"LIVE","holder1":"NORTHERN STAR RESOURCES LTD","holder2":" ","legal_area":8,"unit_of_me":"BL.","_colour":"#a0c4f0","_label":"Exploration Licence"}},{"type":"Feature","geometry":{"type":"MultiPolygon","coordinates":[[[[121.03333333319718,-27.149999999867372],[121.0166666669613,-27.150000000089157],[120.9999999998395,-27.1499999995624],[120.99999999959111,-27.1666666667354],[120.9999999995647,-27.18333333306411],[120.99999999967815,-27.200000000207098],[121.01666666730307,-27.199999999644756],[121.01666666693494,-27.21666666726253],[121.01666666669665,-27.23333333343161],[121.01666666742372,-27.250000000068855],[121.01666666711776,-27.26666666723113],[121.03333333258885,-27.266666341261615],[121.0333333325905,-27.283333333387475],[121.05000000044805,-27.28333333288883],[121.05000000021195,-27.279584824063036],[121.04939907996422,-27.278158060417113],[121.04562722980997,-27.27952074047298],[121.03887028006622,-27.262872620055344],[121.03207557040389,-27.24625980004578],[121.03610075031878,-27.245016749873553],[121.02906233015057,-27.228429139684177],[121.04539811014797,-27.223087679856338],[121.05215096987257,-27.23973763032914],[121.05872698041165,-27.256387680208643],[121.06281904726895,-27.266666667463166],[121.0666666674559,-27.266666666934654],[121.06666666719958,-27.25000000032877],[121.06666666660269,-27.237789326920772],[121.06485248939805,-27.233333332625243],[121.05000000038378,-27.233333332832906],[121.05000000029052,-27.21666666688229],[121.05000000036735,-27.200000000443467],[121.03333333317211,-27.20000000038695],[121.03333333271429,-27.1833333326114],[121.0333333332145,-27.166666666971352],[121.03333333319718,-27.149999999867372]]],[[[121.05000000044805,-27.28333333288883],[121.04999999976215,-27.299999999853085],[121.05471962355684,-27.299999999676427],[121.05485921974679,-27.29112204998341],[121.05157878720456,-27.28333333298365],[121.05000000044805,-27.28333333288883]]]]},"properties":{"fmt_tenid":"E 53/1373","type":"EXPLORATION LICENCE","tenstatus":"LIVE","holder1":"LINGER AND DIE PTY LTD","holder2":"NORTHERN STAR (MKO) PTY LTD","legal_area":18,"unit_of_me":"BL.","_colour":"#a0c4f0","_label":"Exploration Licence"}},{"type":"Feature","geometry":{"type":"Polygon","coordinates":[[[120.94999999954267,-26.916666666953105],[120.95000000065846,-26.932470494494368],[120.95298638344701,-26.932110467771516],[120.95301942415338,-26.93235042886058],[120.95319699494326,-26.933333344218468],[120.96666666729742,-26.93333333329086],[120.96666666716766,-26.91666666717351],[120.94999999954267,-26.916666666953105]]]},"properties":{"fmt_tenid":"E 53/1405","type":"EXPLORATION LICENCE","tenstatus":"LIVE","holder1":"NORTHERN STAR (MKO) PTY LTD","holder2":" ","legal_area":1,"unit_of_me":"BL.","_colour":"#a0c4f0","_label":"Exploration Licence"}},{"type":"Feature","geometry":{"type":"Polygon","coordinates":[[[120.89999999827536,-26.917681195614758],[120.90000000007336,-26.933333332680686],[120.91103970507667,-26.933333334632408],[120.91075602005795,-26.91768069954997],[120.89999999827536,-26.917681195614758]]]},"properties":{"fmt_tenid":"E 53/1430","type":"EXPLORATION LICENCE","tenstatus":"LIVE","holder1":"NORTHERN STAR (MKO) PTY LTD","holder2":" ","legal_area":1,"unit_of_me":"BL.","_colour":"#a0c4f0","_label":"Exploration Licence"}},{"type":"Feature","geometry":{"type":"Polygon","coordinates":[[[120.93157748979405,-26.916666672343766],[120.93154929810697,-26.933333335002285],[120.93333333311827,-26.933333333254705],[120.93333333329038,-26.940958134047705],[120.93333333250519,-26.947790522397025],[120.93991730952396,-26.94714655003369],[120.94039262240494,-26.949999999636816],[120.95000000032314,-26.950000000123104],[120.94999999998902,-26.945929850115427],[120.94316446645814,-26.94708844722267],[120.94182416206803,-26.939865263957085],[120.94092814427863,-26.93356415915891],[120.95000000065846,-26.932470494494368],[120.94999999954267,-26.916666666953105],[120.9333333334161,-26.916666666875074],[120.93157748979405,-26.916666672343766]]]},"properties":{"fmt_tenid":"E 53/1472","type":"EXPLORATION LICENCE","tenstatus":"LIVE","holder1":"NORTHERN STAR (MKO) PTY LTD","holder2":" ","legal_area":3,"unit_of_me":"BL.","_colour":"#a0c4f0","_label":"Exploration Licence"}},{"type":"Feature","geometry":{"type":"Polygon","coordinates":[[[120.95139758929521,-26.60000000455151],[120.95139774982,-26.611407879585887],[120.95139777049852,-26.624859600163898],[120.95139770014708,-26.631459249501734],[120.95139767791883,-26.633333332316976],[120.96666666682528,-26.633333332636845],[120.96666666716544,-26.616666666633936],[120.96666666665249,-26.599999999642186],[120.95139758929521,-26.60000000455151]]]},"properties":{"fmt_tenid":"E 53/1546","type":"EXPLORATION LICENCE","tenstatus":"LIVE","holder1":"NORTHERN STAR (MKO) PTY LTD","holder2":" ","legal_area":2,"unit_of_me":"BL.","_colour":"#a0c4f0","_label":"Exploration Licence"}},{"type":"Feature","geometry":{"type":"Polygon","coordinates":[[[120.93333333299232,-26.466666667170664],[120.93333333308314,-26.483333332979786],[120.95000000014672,-26.483333333257548],[120.94999999961915,-26.466666667447974],[120.94999999996665,-26.45000000042567],[120.95000000034841,-26.433333332893188],[120.95000000049254,-26.416666666837116],[120.96666666653478,-26.416666667490592],[120.96666666670741,-26.400000000414323],[120.95000000042079,-26.400000000134565],[120.93333333322927,-26.400000000357576],[120.93333333303045,-26.383333332835566],[120.93333333291459,-26.366666666832188],[120.93333333339969,-26.350000000472335],[120.93333333345254,-26.33333333317544],[120.93333333276156,-26.316666667156298],[120.93333333292678,-26.30000000036135],[120.91666666731358,-26.299999999765745],[120.91666666707606,-26.316666667225455],[120.90000000030933,-26.31666666722537],[120.90000000022428,-26.333333332508374],[120.89999999965688,-26.349999999843615],[120.90000000016168,-26.366666667274234],[120.91666666709781,-26.366666666860453],[120.9166666667283,-26.383333332543685],[120.91666666725254,-26.400000000197704],[120.91666666734187,-26.416666667081085],[120.93333333262045,-26.41666666715454],[120.93333333260045,-26.43333333336667],[120.93333333278498,-26.450000000143167],[120.93333333299232,-26.466666667170664]]]},"properties":{"fmt_tenid":"E 53/1726","type":"EXPLORATION LICENCE","tenstatus":"LIVE","holder1":"NORTHERN STAR RESOURCES LTD","holder2":" ","legal_area":16,"unit_of_me":"BL.","_colour":"#a0c4f0","_label":"Exploration Licence"}},{"type":"Feature","geometry":{"type":"Polygon","coordinates":[[[120.95000000109806,-27.067163339592422],[120.9500000000957,-27.08333333302865],[120.96545481562708,-27.08333333295163],[120.96508482840909,-27.082008540578588],[120.95444173410957,-27.082008648812277],[120.95000000109806,-27.067163339592422]]]},"properties":{"fmt_tenid":"E 53/1729","type":"EXPLORATION LICENCE","tenstatus":"LIVE","holder1":"NORTHERN STAR (MKO) PTY LTD","holder2":"YANDAL METALS PTY LTD","legal_area":1,"unit_of_me":"BL.","_colour":"#a0c4f0","_label":"Exploration Licence"}},{"type":"Feature","geometry":{"type":"MultiPolygon","coordinates":[[[[120.84999999961475,-26.51666666683284],[120.83333333289674,-26.516666666750737],[120.81666666718199,-26.516666667247485],[120.79999999986994,-26.51666666702245],[120.80000000003909,-26.526382042518858],[120.80606396006839,-26.533333336411673],[120.81666666699248,-26.533333333480257],[120.81666666687521,-26.54548752661983],[120.8174806655388,-26.546420637987666],[120.82617115255896,-26.541939006854264],[120.83047149985254,-26.548662681877612],[120.83473080936628,-26.54867193165787],[120.85264040025511,-26.548673440674225],[120.86982737940238,-26.548672731490317],[120.87795437745955,-26.5486716666766],[120.87795439865764,-26.550000002652514],[120.8833333328476,-26.549999999925543],[120.88333333280481,-26.533333333094966],[120.89999999975936,-26.533333332811672],[120.90000000001248,-26.516666666646607],[120.88333333314459,-26.51666666695379],[120.86666666663837,-26.51666666673086],[120.84999999961475,-26.51666666683284]]],[[[120.88333333258532,-26.716666666509003],[120.89999999995902,-26.716666666939457],[120.9000000001058,-26.699999999821415],[120.91666666727424,-26.70000000000151],[120.93333333332806,-26.700000000252746],[120.93333333333894,-26.697264476049465],[120.93114726481977,-26.697264495785515],[120.93114718116911,-26.690877578666335],[120.92610062145665,-26.683333333267743],[120.91666666737638,-26.68333333314878],[120.9166666667816,-26.666666667456383],[120.90921887880425,-26.666666664766364],[120.90512649605485,-26.673581658951623],[120.9062779267366,-26.682005575912804],[120.90139902803098,-26.68200562799977],[120.9013988238651,-26.666666667355106],[120.90000000016576,-26.666666666958747],[120.88473223783409,-26.666666667214358],[120.8847323028071,-26.671337819754566],[120.8833333349513,-26.669246487142967],[120.88333333251235,-26.683333333140247],[120.88333333258532,-26.716666666509003]]],[[[120.93333333257094,-26.616666667075897],[120.91666666714941,-26.616666666674412],[120.91666667141963,-26.63200506447476],[120.9347314667188,-26.63200487809141],[120.9347317297593,-26.649999999621897],[120.9500000001772,-26.65000000034238],[120.95000000012766,-26.63333333005147],[120.95000000012186,-26.616666669555983],[120.94999999854832,-26.611407897981483],[120.94999999958291,-26.600000000228437],[120.93333333290846,-26.599999999769995],[120.93333333257094,-26.616666667075897]]],[[[120.88473069120128,-26.566666666881964],[120.88473088649475,-26.574865268215124],[120.88333333867992,-26.57558641930931],[120.88333333316749,-26.583333332561246],[120.8689273805923,-26.583333329571722],[120.86806437988804,-26.583876759508833],[120.86806463967196,-26.598671950067835],[120.86666666579443,-26.598672015061343],[120.86666666725054,-26.599999999756577],[120.86666666692375,-26.601960977829815],[120.86818323402247,-26.601232513523087],[120.87455507865685,-26.60937631094018],[120.86666666656755,-26.61311132005637],[120.86666666576816,-26.615338754430038],[120.88473146543762,-26.615338574684497],[120.88473171676165,-26.63200537903045],[120.90000000038388,-26.632005234750647],[120.90000000043435,-26.583333333333655],[120.90000000011062,-26.566666666503878],[120.88473069120128,-26.566666666881964]]]]},"properties":{"fmt_tenid":"E 53/1736","type":"EXPLORATION LICENCE","tenstatus":"LIVE","holder1":"NORTHERN STAR (MKO) PTY LTD","holder2":" ","legal_area":26,"unit_of_me":"BL.","_colour":"#a0c4f0","_label":"Exploration Licence"}},{"type":"Feature","geometry":{"type":"MultiPolygon","coordinates":[[[[120.97147897270192,-27.076962291689885],[120.97515837955255,-27.08891572991884],[120.97807375235456,-27.09847290125693],[120.97795315314823,-27.1060052459487],[120.98333332867435,-27.104347490746115],[120.9833333326803,-27.099999999825574],[120.98333333317247,-27.083333333190556],[120.98333333378501,-27.081218616709183],[120.98043066282632,-27.071691039902863],[120.97559382827802,-27.055810637148458],[120.97382455682278,-27.05000000004373],[120.96666666677652,-27.04999999974101],[120.96666666771357,-27.06092152592823],[120.96797966524876,-27.065324573266903],[120.97147897270192,-27.076962291689885]]],[[[120.9666666692155,-27.10012338026852],[120.96803023103854,-27.100123319311983],[120.96806922060236,-27.09831432687155],[120.96780437406959,-27.091746261255746],[120.96666666727057,-27.092000516266136],[120.9666666692155,-27.10012338026852]]]]},"properties":{"fmt_tenid":"E 53/1742","type":"EXPLORATION LICENCE","tenstatus":"LIVE","holder1":"NORTHERN STAR (MKO) PTY LTD","holder2":"YANDAL METALS PTY LTD","legal_area":4,"unit_of_me":"BL.","_colour":"#a0c4f0","_label":"Exploration Licence"}},{"type":"Feature","geometry":{"type":"Polygon","coordinates":[[[120.99999999969273,-27.08333333260067],[121.00000000012254,-27.100000000444314],[121.016666667128,-27.10000000031781],[121.03333333337557,-27.100000000092763],[121.03333333255748,-27.08333333305706],[121.01666666678199,-27.083333332663145],[121.01666666740736,-27.06666666676726],[121.01666666698435,-27.04999999960985],[121.01666666724297,-27.03333333293282],[121.01666666718626,-27.016666666745525],[121.01666666687112,-26.999999999524018],[121.00000000009443,-26.99999999973885],[120.98333333280095,-27.000000000446008],[120.98333333320501,-27.016666667444806],[120.98333333335356,-27.03333333287905],[120.98333333332847,-27.050000000228504],[120.99999999968156,-27.05000000015133],[121.00000000021868,-27.06666666650927],[120.99999999969273,-27.08333333260067]]]},"properties":{"fmt_tenid":"E 53/1759","type":"EXPLORATION LICENCE","tenstatus":"LIVE","holder1":"NORTHERN STAR (MKO) PTY LTD","holder2":"YANDAL METALS PTY LTD","legal_area":10,"unit_of_me":"BL.","_colour":"#a0c4f0","_label":"Exploration Licence"}},{"type":"Feature","geometry":{"type":"Polygon","coordinates":[[[120.86666666694914,-26.650000000360293],[120.86666666654115,-26.63333333294398],[120.84999999955114,-26.63333333274423],[120.84999999956428,-26.64999999978079],[120.83333333342662,-26.650000000444596],[120.83333333272323,-26.633333332677278],[120.8267987986455,-26.63333334835624],[120.82677730089169,-26.635203854386877],[120.80000000001633,-26.635443826281037],[120.79999999987734,-26.65000000023565],[120.79999999995292,-26.666666667183748],[120.81666666703497,-26.666666666565934],[120.81666666673391,-26.683333333001528],[120.83333333261211,-26.68333333293659],[120.83333333335716,-26.699999999923328],[120.85000000034962,-26.700000000233654],[120.84999999966129,-26.683333332907935],[120.86666666677269,-26.68333333290524],[120.86666666721932,-26.666666667493406],[120.86666666694914,-26.650000000360293]]]},"properties":{"fmt_tenid":"E 53/1830","type":"EXPLORATION LICENCE","tenstatus":"LIVE","holder1":"NORTHERN STAR (MKO) PTY LTD","holder2":" ","legal_area":11,"unit_of_me":"BL.","_colour":"#a0c4f0","_label":"Exploration Licence"}},{"type":"Feature","geometry":{"type":"MultiPolygon","coordinates":[[[[120.98432806115562,-27.08448365725998],[120.98397760302544,-27.083333333068804],[120.98333333317247,-27.083333333190556],[120.9833333326803,-27.099999999825574],[120.98333333167434,-27.104347490746115],[120.98333333456672,-27.115056694845276],[120.98333333600588,-27.116666666159258],[120.98333333310774,-27.133333333166814],[120.9833333329458,-27.14999999981952],[120.9999999998395,-27.1499999995624],[121.0166666669613,-27.150000000089157],[121.01666666730205,-27.133333332681623],[121.01666666721727,-27.11666666690607],[120.99999999950053,-27.11666666704651],[121.00000000012254,-27.100000000444314],[121.00000000040686,-27.087428098331735],[120.98657941106755,-27.091871987383804],[120.98432806115562,-27.08448365725998]]],[[[120.96666666866699,-27.11666666714557],[120.96666666821551,-27.10012338026852],[120.95000000000476,-27.100000000275827],[120.94999999971627,-27.116666667127767],[120.96666666866699,-27.11666666714557]]]]},"properties":{"fmt_tenid":"E 53/1855","type":"EXPLORATION LICENCE","tenstatus":"LIVE","holder1":"NORTHERN STAR (MKO) PTY LTD","holder2":" ","legal_area":7,"unit_of_me":"BL.","_colour":"#a0c4f0","_label":"Exploration Licence"}},{"type":"Feature","geometry":{"type":"Polygon","coordinates":[[[120.96666667066695,-27.11666666714557],[120.96666666688357,-27.13333333271403],[120.96666666726387,-27.14999999976584],[120.9833333329458,-27.14999999981952],[120.98333333310774,-27.133333333166814],[120.98333333800598,-27.11666666515921],[120.97838138399334,-27.116666874187697],[120.96666667066695,-27.11666666714557]]]},"properties":{"fmt_tenid":"E 53/1867","type":"EXPLORATION LICENCE","tenstatus":"LIVE","holder1":"NORTHERN STAR (MKO) PTY LTD","holder2":" ","legal_area":2,"unit_of_me":"BL.","_colour":"#a0c4f0","_label":"Exploration Licence"}},{"type":"Feature","geometry":{"type":"Polygon","coordinates":[[[120.72234020000403,-26.505380989915487],[120.71047327980509,-26.510975020304297],[120.70000000019601,-26.515575069070465],[120.69999999983408,-26.516666666600347],[120.71666666671298,-26.51666666743168],[120.71666666706268,-26.53333333275355],[120.73333333335754,-26.533333332892045],[120.74999999972805,-26.53333333317798],[120.7499999996314,-26.550000000453743],[120.75000000029293,-26.566666667458563],[120.74999999955006,-26.583333333304886],[120.76187223339736,-26.58333333465396],[120.76193362956441,-26.577229279892805],[120.76127785993705,-26.54758593953876],[120.76666666732456,-26.547425352049945],[120.76666666687048,-26.536211829452572],[120.75646109014724,-26.521316409585772],[120.75164164029056,-26.523584359984692],[120.7369074202398,-26.530238219987694],[120.72234020000403,-26.505380989915487]]]},"properties":{"fmt_tenid":"E 53/1872","type":"EXPLORATION LICENCE","tenstatus":"LIVE","holder1":"NORTHERN STAR RESOURCES LTD","holder2":" ","legal_area":8,"unit_of_me":"BL.","_colour":"#a0c4f0","_label":"Exploration Licence"}},{"type":"Feature","geometry":{"type":"Polygon","coordinates":[[[121.05000000018929,-26.916666666576184],[121.04999999969128,-26.899999999890237],[121.0499999999193,-26.883333333288952],[121.04999999954167,-26.866666667209827],[121.0500000002911,-26.849999999737825],[121.03333333263015,-26.850000000188004],[121.03333333304751,-26.86666666716089],[121.03333333313043,-26.883333333219312],[121.03333333269403,-26.900000000369605],[121.03333333308176,-26.91666666739748],[121.05000000018929,-26.916666666576184]]]},"properties":{"fmt_tenid":"E 53/1874","type":"EXPLORATION LICENCE","tenstatus":"LIVE","holder1":"NORTHERN STAR (MKO) PTY LTD","holder2":" ","legal_area":4,"unit_of_me":"BL.","_colour":"#a0c4f0","_label":"Exploration Licence"}},{"type":"Feature","geometry":{"type":"Polygon","coordinates":[[[121.06666666660769,-26.91666666682979],[121.06666666697508,-26.900000000024352],[121.06666666684323,-26.883333332787966],[121.06666666721841,-26.866666667047408],[121.06666666707244,-26.850000000109276],[121.0500000002911,-26.849999999737825],[121.04999999954167,-26.866666667209827],[121.0499999999193,-26.883333333288952],[121.04999999969128,-26.899999999890237],[121.05000000018929,-26.916666666576184],[121.03333333308176,-26.91666666739748],[121.03333333323239,-26.933333333423732],[121.03333333327119,-26.950000000347863],[121.03333333309541,-26.96666666667954],[121.03333333347668,-26.983333333431858],[121.0333333332305,-26.99999999978847],[121.0333333328295,-27.01666666701706],[121.03333333276458,-27.033333333021524],[121.04999999970464,-27.033333332867713],[121.04999999993758,-27.05000000031219],[121.0500000003391,-27.06666666653094],[121.04999999954462,-27.083333333278222],[121.06666666736861,-27.083333332899446],[121.0666666668095,-27.100000000294763],[121.06666666660391,-27.116666668190547],[121.08333333308298,-27.116666666738052],[121.08333333259371,-27.099999999696685],[121.08333333299011,-27.08333333252019],[121.10000000012236,-27.08333333292072],[121.09999999987974,-27.066666667371923],[121.1000000000663,-27.050000000356317],[121.08333333291094,-27.049999999519272],[121.08333333294878,-27.033333332735502],[121.08333333254164,-27.01666666694771],[121.08333333290851,-27.000000000174786],[121.08333333279823,-26.983333332851373],[121.08333333273094,-26.966666667081697],[121.0833333331771,-26.94999999954791],[121.08333333318956,-26.93333333333052],[121.06666666675977,-26.933333333158117],[121.06666666660769,-26.91666666682979]]]},"properties":{"fmt_tenid":"E 53/1890","type":"EXPLORATION LICENCE","tenstatus":"LIVE","holder1":"NORTHERN STAR (MKO) PTY LTD","holder2":"SORRENTO RESOURCES PTY LTD","legal_area":34,"unit_of_me":"BL.","_colour":"#a0c4f0","_label":"Exploration Licence"}},{"type":"Feature","geometry":{"type":"MultiPolygon","coordinates":[[[[120.78333333257352,-26.4666666672695],[120.78333333332208,-26.449999999618893],[120.7666666667463,-26.45000000038425],[120.74999999988219,-26.450000000116308],[120.7333333329647,-26.45000000001121],[120.7333333327841,-26.451166203350695],[120.75425874984481,-26.466038549927468],[120.76538194263725,-26.483333333467872],[120.76666666676938,-26.48333333339418],[120.76666666676707,-26.492708497261788],[120.78878174973211,-26.514462459716192],[120.798660553464,-26.52484659641947],[120.80000000003909,-26.526382042518858],[120.79999999986994,-26.51666666702245],[120.81666666718199,-26.516666667247485],[120.81666666681615,-26.49999999965791],[120.80000000008695,-26.50000000030571],[120.79999999963503,-26.483333332849217],[120.78333333321548,-26.483333333305573],[120.78333333257352,-26.4666666672695]]],[[[120.84999999961475,-26.51666666683284],[120.85000000036338,-26.499999999811536],[120.83333333339895,-26.499999999963613],[120.83333333289674,-26.516666666750737],[120.84999999961475,-26.51666666683284]]]]},"properties":{"fmt_tenid":"E 53/1922","type":"EXPLORATION LICENCE","tenstatus":"LIVE","holder1":"NORTHERN STAR RESOURCES LTD","holder2":" ","legal_area":12,"unit_of_me":"BL.","_colour":"#a0c4f0","_label":"Exploration Licence"}},{"type":"Feature","geometry":{"type":"Polygon","coordinates":[[[120.46666666685128,-26.233333333461673],[120.4666666674613,-26.250000000158753],[120.46666666740363,-26.266666667409105],[120.48333333321672,-26.266666667067355],[120.50000000018413,-26.26666666682547],[120.49999999979147,-26.283333332564595],[120.50000000020502,-26.29999999958782],[120.50220834995937,-26.299999998753194],[120.50218113714257,-26.284759902467826],[120.50327570048763,-26.28744543813862],[120.51171321805874,-26.284780848237208],[120.5052427975689,-26.268831639003864],[120.50176455394482,-26.260256034398186],[120.49521637544652,-26.244107828403628],[120.49525654789132,-26.233333341902615],[120.48333333253308,-26.233333332678882],[120.46666666685128,-26.233333333461673]]]},"properties":{"fmt_tenid":"E 53/1923","type":"EXPLORATION LICENCE","tenstatus":"LIVE","holder1":"NORTHERN STAR RESOURCES LTD","holder2":" ","legal_area":7,"unit_of_me":"BL.","_colour":"#a0c4f0","_label":"Exploration Licence"}},{"type":"Feature","geometry":{"type":"Polygon","coordinates":[[[120.74999999988219,-26.450000000116308],[120.7666666667463,-26.45000000038425],[120.78333333332208,-26.449999999618893],[120.78333333282873,-26.433333333063565],[120.78333333335614,-26.41666666668821],[120.78333333298453,-26.399999999514307],[120.76666666680417,-26.400000000128262],[120.75000000024416,-26.400000000018714],[120.73333333332955,-26.400000000169154],[120.73333333285326,-26.41666666674902],[120.73333333347112,-26.433333333104454],[120.7333333329647,-26.45000000001121],[120.74999999988219,-26.450000000116308]]]},"properties":{"fmt_tenid":"E 53/1938","type":"EXPLORATION LICENCE","tenstatus":"LIVE","holder1":"NORTHERN STAR RESOURCES LTD","holder2":" ","legal_area":9,"unit_of_me":"BL.","_colour":"#a0c4f0","_label":"Exploration Licence"}},{"type":"Feature","geometry":{"type":"Polygon","coordinates":[[[120.93333333257094,-26.616666667075897],[120.93333333290846,-26.599999999769995],[120.91666666735448,-26.60000000035169],[120.91666666714941,-26.616666666674412],[120.93333333257094,-26.616666667075897]]]},"properties":{"fmt_tenid":"E 53/1939","type":"EXPLORATION LICENCE","tenstatus":"LIVE","holder1":"NORTHERN STAR RESOURCES LTD","holder2":" ","legal_area":1,"unit_of_me":"BL.","_colour":"#a0c4f0","_label":"Exploration Licence"}},{"type":"Feature","geometry":{"type":"MultiPolygon","coordinates":[[[[120.88333333287717,-26.650000000433643],[120.90000000027985,-26.650000000072954],[120.91666666671713,-26.650000000431373],[120.92243077514576,-26.64999999396633],[120.92243489931604,-26.66641204408431],[120.91666666781751,-26.666413424698355],[120.9166666667816,-26.666666667456383],[120.93333333278261,-26.66666666730833],[120.93333333263683,-26.68333333299236],[120.9499999999843,-26.683333332845994],[120.95000000040403,-26.69999999952557],[120.93333333332806,-26.700000000252746],[120.91666666727424,-26.70000000000151],[120.9166666670437,-26.71666666651683],[120.89999999995902,-26.716666666939457],[120.89999999956301,-26.73333333289609],[120.91666666661254,-26.733333332868714],[120.91666666650897,-26.750000000086395],[120.92234702039326,-26.750000000591292],[120.92389288992595,-26.73670646077823],[120.92544575225236,-26.72334931210262],[120.95549310987238,-26.72339259729991],[120.95561387126307,-26.74996723160186],[120.96122349200454,-26.749972170479587],[120.96122298299544,-26.750000004475872],[120.96666666702964,-26.750000000354515],[120.98333333307835,-26.74999999952141],[121.00000000049853,-26.750000000248413],[121.00000000017374,-26.76666666659108],[120.99999999996278,-26.783333332835575],[121.01666666689711,-26.783333332863194],[121.01666666740353,-26.766666667077846],[121.01666666742233,-26.750000000192752],[121.01666666669115,-26.733333333188764],[121.01666666705842,-26.716666667281928],[120.99999999974594,-26.716666667317924],[121.00000000034589,-26.699999999547583],[120.99999999980336,-26.683333332896947],[120.98333333267803,-26.683333333213522],[120.98333333335877,-26.666666667085366],[120.98333333283614,-26.650000000405704],[120.96666666675146,-26.649999999535826],[120.96666666682528,-26.633333332636845],[120.95139767791883,-26.633333332316976],[120.95139752776436,-26.64837390263218],[120.95000142381869,-26.64837357997499],[120.9500009261275,-26.633333333049684],[120.95000000012766,-26.633333333051496],[120.9500000001772,-26.65000000034238],[120.93333333268956,-26.64999999977474],[120.93333333275694,-26.633333333118742],[120.91666666656472,-26.633333333267295],[120.89999999955074,-26.63333333250625],[120.88333333298625,-26.633333333138236],[120.88333333287717,-26.650000000433643]]],[[[120.88333333330107,-26.61666666698112],[120.8666666672916,-26.61666666705668],[120.86666666654115,-26.63333333294398],[120.88333333298625,-26.633333333138236],[120.88333333330107,-26.61666666698112]]]]},"properties":{"fmt_tenid":"E 53/1954","type":"EXPLORATION LICENCE","tenstatus":"LIVE","holder1":"NORTHERN STAR (MKO) PTY LTD","holder2":" ","legal_area":34,"unit_of_me":"BL.","_colour":"#a0c4f0","_label":"Exploration Licence"}},{"type":"Feature","geometry":{"type":"MultiPolygon","coordinates":[[[[120.9499999996319,-26.566666666600764],[120.96666666694277,-26.566666667491464],[120.96666666723121,-26.549999999856542],[120.96666666687365,-26.53333333324441],[120.96666666674713,-26.516666666978395],[120.96666666688672,-26.499999999959886],[120.9666666665763,-26.483333332721728],[120.96666666653363,-26.46666666696895],[120.96666666741727,-26.450000000170533],[120.96666666708687,-26.43333333337645],[120.96666666653478,-26.416666667490592],[120.95000000049254,-26.416666666837116],[120.95000000034841,-26.433333332893188],[120.94999999996665,-26.45000000042567],[120.94999999961915,-26.466666667447974],[120.95000000014672,-26.483333333257548],[120.94999999959714,-26.49999999990076],[120.95000000002645,-26.516666667433896],[120.95000000004052,-26.53333333318724],[120.93333333314952,-26.533333332607107],[120.93333333331468,-26.549999999989133],[120.93333333338849,-26.566666666574516],[120.9499999996319,-26.566666666600764]]],[[[120.95000000013563,-26.333333333448802],[120.96666666682034,-26.3333333328748],[120.98333333270345,-26.333333333202468],[120.98333333337091,-26.31666666675272],[120.98333333258684,-26.300000000194373],[120.983333333375,-26.28333333315128],[120.9666666671073,-26.283333333074616],[120.95000000032643,-26.283333332533637],[120.93333333348804,-26.283333333254877],[120.93333333292678,-26.30000000036135],[120.93333333276156,-26.316666667156298],[120.93333333345254,-26.33333333317544],[120.95000000013563,-26.333333333448802]]]]},"properties":{"fmt_tenid":"E 53/1962","type":"EXPLORATION LICENCE","tenstatus":"LIVE","holder1":"NORTHERN STAR RESOURCES LTD","holder2":" ","legal_area":20,"unit_of_me":"BL.","_colour":"#a0c4f0","_label":"Exploration Licence"}},{"type":"Feature","geometry":{"type":"Polygon","coordinates":[[[120.88333333313345,-26.400000000127697],[120.88333333325723,-26.383333333191253],[120.88333333260175,-26.366666667019135],[120.86666666673618,-26.366666667236633],[120.84999999967448,-26.36666666698737],[120.85000000038852,-26.383333333268947],[120.8499999997134,-26.399999999633238],[120.83333333298752,-26.399999999768212],[120.81666666655258,-26.399999999774828],[120.79999999975708,-26.400000000197366],[120.78333333298453,-26.399999999514307],[120.78333333335614,-26.41666666668821],[120.78333333282873,-26.433333333063565],[120.78333333332208,-26.449999999618893],[120.79999999988954,-26.449999999967606],[120.81666666740418,-26.45000000033334],[120.8333333334526,-26.44999999989875],[120.8500000000338,-26.45000000030125],[120.86666666695055,-26.449999999516297],[120.88333333337272,-26.44999999960505],[120.90000000030763,-26.44999999961326],[120.89999999995052,-26.433333332599908],[120.89999999951567,-26.416666667403682],[120.88333333333895,-26.416666666819026],[120.88333333313345,-26.400000000127697]]]},"properties":{"fmt_tenid":"E 53/1976","type":"EXPLORATION LICENCE","tenstatus":"LIVE","holder1":"NORTHERN STAR RESOURCES LTD","holder2":" ","legal_area":24,"unit_of_me":"BL.","_colour":"#a0c4f0","_label":"Exploration Licence"}},{"type":"Feature","geometry":{"type":"Polygon","coordinates":[[[120.81666666655258,-26.399999999774828],[120.83333333298752,-26.399999999768212],[120.8499999997134,-26.399999999633238],[120.85000000038852,-26.383333333268947],[120.84999999967448,-26.36666666698737],[120.86666666673618,-26.366666667236633],[120.88333333260175,-26.366666667019135],[120.88333333317975,-26.349999999599408],[120.88333333262196,-26.333333332692447],[120.88333333283472,-26.31666666697216],[120.88333333255333,-26.299999999650403],[120.86666666651965,-26.300000000487643],[120.84999999957631,-26.299999999578816],[120.83333333287744,-26.300000000014474],[120.81666666741596,-26.299999999610986],[120.7999999998232,-26.300000000352053],[120.7999999999134,-26.316666667013838],[120.80000000037155,-26.333333332689154],[120.80000000012146,-26.34999999989055],[120.79999999957008,-26.36666666679049],[120.8000000001716,-26.383333333179603],[120.79999999975708,-26.400000000197366],[120.81666666655258,-26.399999999774828]]]},"properties":{"fmt_tenid":"E 53/1977","type":"EXPLORATION LICENCE","tenstatus":"LIVE","holder1":"NORTHERN STAR RESOURCES LTD","holder2":" ","legal_area":26,"unit_of_me":"BL.","_colour":"#a0c4f0","_label":"Exploration Licence"}},{"type":"Feature","geometry":{"type":"Polygon","coordinates":[[[120.89999999965688,-26.349999999843615],[120.90000000022428,-26.333333332508374],[120.90000000030933,-26.31666666722537],[120.88333333283472,-26.31666666697216],[120.88333333262196,-26.333333332692447],[120.88333333317975,-26.349999999599408],[120.88333333260175,-26.366666667019135],[120.88333333325723,-26.383333333191253],[120.88333333313345,-26.400000000127697],[120.88333333333895,-26.416666666819026],[120.89999999951567,-26.416666667403682],[120.91666666734187,-26.416666667081085],[120.91666666725254,-26.400000000197704],[120.9166666667283,-26.383333332543685],[120.91666666709781,-26.366666666860453],[120.90000000016168,-26.366666667274234],[120.89999999965688,-26.349999999843615]]]},"properties":{"fmt_tenid":"E 53/2109","type":"EXPLORATION LICENCE","tenstatus":"LIVE","holder1":"NORTHERN STAR RESOURCES LTD","holder2":" ","legal_area":9,"unit_of_me":"BL.","_colour":"#a0c4f0","_label":"Exploration Licence"}},{"type":"Feature","geometry":{"type":"Polygon","coordinates":[[[120.98333333346145,-26.4166666674227],[120.98333333270195,-26.399999999563487],[120.96666666670741,-26.400000000414323],[120.96666666653478,-26.416666667490592],[120.98333333346145,-26.4166666674227]]]},"properties":{"fmt_tenid":"E 53/2137","type":"EXPLORATION LICENCE","tenstatus":"LIVE","holder1":"NORTHERN STAR RESOURCES LTD","holder2":" ","legal_area":1,"unit_of_me":"BL.","_colour":"#a0c4f0","_label":"Exploration Licence"}},{"type":"Feature","geometry":{"type":"Polygon","coordinates":[[[121.01666666702461,-26.16666666696871],[121.0000000002248,-26.16666666677349],[120.98333333281862,-26.166666666965906],[120.96666666747673,-26.166666666617527],[120.94999999961551,-26.1666666669596],[120.93333333256196,-26.166666666997866],[120.91666666715447,-26.166666667260778],[120.91666666705594,-26.183333332892175],[120.91666666738732,-26.200000000497422],[120.91666666690318,-26.21666666708301],[120.91666666739658,-26.233333333080214],[120.91666666683159,-26.249999999664027],[120.91666666741548,-26.266666666684355],[120.91666666749904,-26.28333333280126],[120.93333333348804,-26.283333333254877],[120.95000000032643,-26.283333332533637],[120.9666666671073,-26.283333333074616],[120.983333333375,-26.28333333315128],[120.98333333258684,-26.300000000194373],[120.98333333337091,-26.31666666675272],[120.98333333270345,-26.333333333202468],[120.98333333349592,-26.349999999725664],[120.98333333275846,-26.366666667302223],[120.98333333349467,-26.38333333291889],[121.00000000003311,-26.383333332832752],[121.00000000031055,-26.400000000045818],[121.000000000016,-26.416666667374667],[121.01666666715859,-26.416666667324918],[121.03333333284708,-26.41666666724431],[121.03333333332984,-26.399999999993618],[121.03333333277635,-26.38333333312864],[121.03333333280574,-26.366666667081002],[121.03333333325821,-26.35000000022108],[121.03333333313097,-26.333333332527346],[121.03333333341561,-26.316666666980808],[121.03333333302629,-26.300000000488918],[121.03333333334852,-26.283333332953923],[121.03333333346049,-26.266666666926707],[121.0333333331791,-26.249999999916746],[121.03333333273983,-26.23333333316386],[121.03333333280574,-26.216666666861826],[121.03333333275482,-26.19999999999683],[121.0333333328909,-26.183333332532776],[121.01666666694092,-26.183333332945885],[121.01666666702461,-26.16666666696871]]]},"properties":{"fmt_tenid":"E 53/2161","type":"EXPLORATION LICENCE","tenstatus":"LIVE","holder1":"NORTHERN STAR RESOURCES LTD","holder2":" ","legal_area":70,"unit_of_me":"BL.","_colour":"#a0c4f0","_label":"Exploration Licence"}},{"type":"Feature","geometry":{"type":"Polygon","coordinates":[[[121.30423113748849,-30.951678214870306],[121.33339999681621,-30.951682646923523],[121.32916478823695,-30.94261678425276],[121.3215699637782,-30.942616709568597],[121.30420464594602,-30.936326196729997],[121.30423113748849,-30.951678214870306]]]},"properties":{"fmt_tenid":"M 15/1842","type":"MINING LEASE","tenstatus":"LIVE","holder1":"NORTHERN STAR (SOUTH KALGOORLIE) PTY LTD","holder2":" ","legal_area":317.7,"unit_of_me":"HA.","_colour":"#f5a520","_label":"Mining Lease"}},{"type":"Feature","geometry":{"type":"Polygon","coordinates":[[[121.52231205036172,-31.069759417860944],[121.52241137359866,-31.104694286812602],[121.53204871256091,-31.10469226661393],[121.53204576823794,-31.097804707728617],[121.53204396337088,-31.094177755529337],[121.53495915202132,-31.094177089731943],[121.53496254590574,-31.089675021321153],[121.5349654877079,-31.069730776679663],[121.52231205036172,-31.069759417860944]]]},"properties":{"fmt_tenid":"M 15/456","type":"MINING LEASE","tenstatus":"LIVE","holder1":"NORTHERN STAR (SOUTH KALGOORLIE) PTY LTD","holder2":" ","legal_area":433.25,"unit_of_me":"HA.","_colour":"#f5a520","_label":"Mining Lease"}},{"type":"Feature","geometry":{"type":"Polygon","coordinates":[[[121.4120530669227,-30.986108598704966],[121.41183611954796,-30.992011714714547],[121.41715436936224,-30.99222440909478],[121.4166257453539,-31.01741028852741],[121.42177517890228,-31.017400248748597],[121.44299915457185,-31.017356696781963],[121.44305079666182,-31.017356586713838],[121.44311196676831,-31.017356456633184],[121.44318652689817,-31.017356296534864],[121.44401893337114,-30.98699917144218],[121.44061002455452,-30.98690457567947],[121.4120530669227,-30.986108598704966]]]},"properties":{"fmt_tenid":"M 15/469","type":"MINING LEASE","tenstatus":"LIVE","holder1":"NORTHERN STAR (SOUTH KALGOORLIE) PTY LTD","holder2":" ","legal_area":900.8,"unit_of_me":"HA.","_colour":"#f5a520","_label":"Mining Lease"}},{"type":"Feature","geometry":{"type":"Polygon","coordinates":[[[121.31817130954896,-30.881904695892544],[121.32180646789406,-30.89038864051804],[121.32671063529068,-30.888838625588914],[121.32313290043052,-30.88037288307422],[121.31817130954896,-30.881904695892544]]]},"properties":{"fmt_tenid":"M 15/533","type":"MINING LEASE","tenstatus":"LIVE","holder1":"NORTHERN STAR (SOUTH KALGOORLIE) PTY LTD","holder2":" ","legal_area":50.215,"unit_of_me":"HA.","_colour":"#f5a520","_label":"Mining Lease"}},{"type":"Feature","geometry":{"type":"Polygon","coordinates":[[[121.41898389389797,-30.915395394770417],[121.4014166426438,-30.9224696678705],[121.38781407577116,-30.927944913123355],[121.39165026412506,-30.935856706201225],[121.40145056159554,-30.932121421040936],[121.44900177927717,-30.912813029522997],[121.44322609913627,-30.90562752074808],[121.41898389389797,-30.915395394770417]]]},"properties":{"fmt_tenid":"M 15/663","type":"MINING LEASE","tenstatus":"LIVE","holder1":"NORTHERN STAR (SOUTH KALGOORLIE) PTY LTD","holder2":" ","legal_area":572.7,"unit_of_me":"HA.","_colour":"#f5a520","_label":"Mining Lease"}},{"type":"Feature","geometry":{"type":"Polygon","coordinates":[[[121.3806366249522,-30.95272697076059],[121.38478098440466,-30.969528484567675],[121.38885462488048,-30.986947061995824],[121.38960778513507,-30.986886760919916],[121.3926600862845,-30.986642330600503],[121.39266001103275,-30.98608411206737],[121.39266022566802,-30.984939728974023],[121.39004715179847,-30.98493953124727],[121.39004698896623,-30.976723311452123],[121.39004644457641,-30.94920045931541],[121.3806366249522,-30.95272697076059]]]},"properties":{"fmt_tenid":"M 15/724","type":"MINING LEASE","tenstatus":"LIVE","holder1":"NORTHERN STAR (SOUTH KALGOORLIE) PTY LTD","holder2":" ","legal_area":212.7,"unit_of_me":"HA.","_colour":"#f5a520","_label":"Mining Lease"}},{"type":"Feature","geometry":{"type":"Polygon","coordinates":[[[121.39266001103275,-30.98608411206737],[121.3926600862845,-30.986642330600503],[121.38960778513507,-30.986886760919916],[121.38984508506037,-30.9878470956388],[121.39076290849594,-30.989468434055656],[121.39044253681735,-31.01745816148518],[121.40846356897946,-31.01742578315878],[121.4166257453539,-31.01741028852741],[121.41715436936224,-30.99222440909478],[121.41183611954796,-30.992011714714547],[121.4120530669227,-30.986108598704966],[121.39266001103275,-30.98608411206737]]]},"properties":{"fmt_tenid":"M 15/726","type":"MINING LEASE","tenstatus":"LIVE","holder1":"NORTHERN STAR (SOUTH KALGOORLIE) PTY LTD","holder2":" ","legal_area":840.25,"unit_of_me":"HA.","_colour":"#f5a520","_label":"Mining Lease"}},{"type":"Feature","geometry":{"type":"Polygon","coordinates":[[[121.44306788496317,-30.941367918145332],[121.43786884389397,-30.930914644344316],[121.45141563548943,-30.92686917697849],[121.45117349513986,-30.91598711747446],[121.44900177927717,-30.912813029522997],[121.40145056159554,-30.932121421040936],[121.40144865807626,-30.94475565004674],[121.41243668530315,-30.940339039975687],[121.41293535724813,-30.940355791476257],[121.41423029511627,-30.94039949917814],[121.44306788496317,-30.941367918145332]]]},"properties":{"fmt_tenid":"M 15/740","type":"MINING LEASE","tenstatus":"LIVE","holder1":"NORTHERN STAR (SOUTH KALGOORLIE) PTY LTD","holder2":" ","legal_area":866.3,"unit_of_me":"HA.","_colour":"#f5a520","_label":"Mining Lease"}},{"type":"Feature","geometry":{"type":"Polygon","coordinates":[[[121.32587371924791,-30.92254972431458],[121.33958452873752,-30.94118117106398],[121.35513997384825,-30.9623086773349],[121.36936090007616,-30.957159718945945],[121.36051660028772,-30.939614046523516],[121.35192100316549,-30.92255501202129],[121.34999518621177,-30.922554871365435],[121.32587371924791,-30.92254972431458]]]},"properties":{"fmt_tenid":"M 15/753","type":"MINING LEASE","tenstatus":"LIVE","holder1":"NORTHERN STAR (SOUTH KALGOORLIE) PTY LTD","holder2":" ","legal_area":856.9,"unit_of_me":"HA.","_colour":"#f5a520","_label":"Mining Lease"}},{"type":"Feature","geometry":{"type":"Polygon","coordinates":[[[121.41423029511627,-30.94039949917814],[121.41293535724813,-30.940355791476257],[121.39004644457641,-30.94920045931541],[121.39004698896623,-30.976723311452123],[121.41421827470688,-30.977648221279924],[121.4141991989748,-30.966956790102884],[121.41423029511627,-30.94039949917814]]]},"properties":{"fmt_tenid":"M 15/937","type":"MINING LEASE","tenstatus":"LIVE","holder1":"NORTHERN STAR (SOUTH KALGOORLIE) PTY LTD","holder2":" ","legal_area":835.65,"unit_of_me":"HA.","_colour":"#f5a520","_label":"Mining Lease"}},{"type":"Feature","geometry":{"type":"Polygon","coordinates":[[[121.4141991989748,-30.966956790102884],[121.41421827470688,-30.977648221279924],[121.39004698896623,-30.976723311452123],[121.39004715179847,-30.98493953124727],[121.39266022566802,-30.984939728974023],[121.39266001103275,-30.98608411206737],[121.4120530669227,-30.986108598704966],[121.44061002455452,-30.98690457567947],[121.45521677335046,-30.981268295550677],[121.45402909009033,-30.968427738534302],[121.4141991989748,-30.966956790102884]]]},"properties":{"fmt_tenid":"M 15/938","type":"MINING LEASE","tenstatus":"LIVE","holder1":"NORTHERN STAR (SOUTH KALGOORLIE) PTY LTD","holder2":" ","legal_area":996.5,"unit_of_me":"HA.","_colour":"#f5a520","_label":"Mining Lease"}},{"type":"Feature","geometry":{"type":"Polygon","coordinates":[[[121.01484249983706,-30.48271901979275],[121.01312651089967,-30.480974919130066],[121.0130434512349,-30.479184228067815],[121.00136781428178,-30.46703145933305],[120.99075296118922,-30.454571806926637],[120.97472497069332,-30.466321496437235],[120.98738193333014,-30.47795625722894],[120.99932432569689,-30.48893067193899],[121.00251586742013,-30.492193026715025],[121.00558195292513,-30.48991628030876],[121.0054070469263,-30.48968120371274],[121.00980270616981,-30.486477720472916],[121.01239454559953,-30.484414363441903],[121.01484249983706,-30.48271901979275]]]},"properties":{"fmt_tenid":"M 16/531","type":"MINING LEASE","tenstatus":"LIVE","holder1":"NORTHERN STAR RESOURCES LTD","holder2":" ","legal_area":703.058,"unit_of_me":"HA.","_colour":"#f5a520","_label":"Mining Lease"}},{"type":"Feature","geometry":{"type":"Polygon","coordinates":[[[121.4631589305228,-30.57698955661623],[121.46666685237392,-30.577130266627464],[121.48364215333729,-30.577809014575507],[121.48365318466313,-30.573913524314474],[121.48378787428622,-30.568499735517786],[121.48385885204625,-30.56549153481892],[121.46354830232535,-30.564731598026498],[121.46355633076124,-30.56803880866804],[121.4631589305228,-30.57698955661623]]]},"properties":{"fmt_tenid":"M 24/462","type":"MINING LEASE","tenstatus":"LIVE","holder1":"NORTHERN STAR (KLV) PTY LTD","holder2":"NORTHERN STAR (SARACEN KALGOORLIE) PTY LTD","legal_area":265.7,"unit_of_me":"HA.","_colour":"#f5a520","_label":"Mining Lease"}},{"type":"Feature","geometry":{"type":"Polygon","coordinates":[[[121.45657351607768,-30.56800946492834],[121.46355633076124,-30.56803880866804],[121.46354830232535,-30.564731598026498],[121.46407481597407,-30.539747844042026],[121.45174861186192,-30.539746053174913],[121.45174885493952,-30.545699677334518],[121.42882131699572,-30.545699845829738],[121.42882758797431,-30.548704450726],[121.4286104771821,-30.548722906731825],[121.42879396912154,-30.548881827720933],[121.42870117087516,-30.55294562358928],[121.42883651877035,-30.552947924578767],[121.43165864229329,-30.552996412483342],[121.44236343232502,-30.553148840965374],[121.44193017178341,-30.56415873664055],[121.44247811869047,-30.583497949327054],[121.44631127075522,-30.583727836487277],[121.44820830717015,-30.570032096322105],[121.45000217533023,-30.56997442308642],[121.45661018161579,-30.5697613952285],[121.45657351607768,-30.56800946492834]]]},"properties":{"fmt_tenid":"M 24/640","type":"MINING LEASE","tenstatus":"LIVE","holder1":"NORTHERN STAR (KANOWNA) PTY LIMITED","holder2":" ","legal_area":796.901,"unit_of_me":"HA.","_colour":"#f5a520","_label":"Mining Lease"}},{"type":"Feature","geometry":{"type":"Polygon","coordinates":[[[120.88334272145086,-30.378006814644234],[120.8833397783523,-30.40005204453344],[120.89303220871005,-30.401285664889496],[120.897589526391,-30.3963728865619],[120.90300487979954,-30.400090527759893],[120.90886124364383,-30.393497291667867],[120.91511866201547,-30.386251090514932],[120.89848063403302,-30.375365929745858],[120.89631253998819,-30.378046497145316],[120.88334272145086,-30.378006814644234]]]},"properties":{"fmt_tenid":"M 24/972","type":"MINING LEASE","tenstatus":"LIVE","holder1":"NORTHERN STAR RESOURCES LTD","holder2":" ","legal_area":601.25,"unit_of_me":"HA.","_colour":"#f5a520","_label":"Mining Lease"}},{"type":"Feature","geometry":{"type":"Polygon","coordinates":[[[121.47240173677005,-30.730538437158156],[121.47147065864513,-30.729749775655993],[121.47075165652814,-30.73038321727833],[121.47024094421114,-30.730833147701613],[121.47250655494774,-30.732752244580368],[121.4735085061165,-30.731510181640086],[121.47240173677005,-30.730538437158156]]]},"properties":{"fmt_tenid":"M 26/113","type":"MINING LEASE","tenstatus":"LIVE","holder1":"NORTHERN STAR (KLV) PTY LTD","holder2":"NORTHERN STAR (SARACEN KALGOORLIE) PTY LTD","legal_area":4.855,"unit_of_me":"HA.","_colour":"#f5a520","_label":"Mining Lease"}},{"type":"Feature","geometry":{"type":"Polygon","coordinates":[[[121.62544634162325,-30.997322871622952],[121.61498023282677,-30.997342586607154],[121.61500823185615,-31.03161344341303],[121.62550528573892,-31.031600777393795],[121.62544894631156,-30.99877131684766],[121.62544634162325,-30.997322871622952]]]},"properties":{"fmt_tenid":"M 26/118","type":"MINING LEASE","tenstatus":"LIVE","holder1":"NORTHERN STAR (HBJ) PTY LTD","holder2":" ","legal_area":379.8,"unit_of_me":"HA.","_colour":"#f5a520","_label":"Mining Lease"}},{"type":"Feature","geometry":{"type":"Polygon","coordinates":[[[121.51318274187848,-30.771741990288206],[121.51449965468262,-30.773330350149003],[121.51643273087397,-30.775661492587393],[121.51664342216282,-30.775605017125894],[121.51662648724687,-30.775582459072375],[121.51360883667782,-30.77156266417094],[121.51318274187848,-30.771741990288206]]]},"properties":{"fmt_tenid":"M 26/120","type":"MINING LEASE","tenstatus":"LIVE","holder1":"NORTHERN STAR (KLV) PTY LTD","holder2":"NORTHERN STAR (SARACEN KALGOORLIE) PTY LTD","legal_area":1.7405,"unit_of_me":"HA.","_colour":"#f5a520","_label":"Mining Lease"}},{"type":"Feature","geometry":{"type":"Polygon","coordinates":[[[121.49835729592407,-30.75181348417853],[121.49787277908459,-30.7520341188361],[121.4962798652167,-30.74910462870632],[121.49546826403588,-30.74762976264455],[121.49430529310735,-30.745516276153957],[121.49415050724603,-30.74557981991186],[121.49239529563566,-30.746300371464535],[121.492203317531,-30.745779101361908],[121.49296715727787,-30.745499375671173],[121.49165181976794,-30.744245300668737],[121.49122640819904,-30.743839694354353],[121.49148537929267,-30.743669854285848],[121.49152556915097,-30.743643495970307],[121.49176566829838,-30.743486032116067],[121.4921540808978,-30.743231296227936],[121.49091029114831,-30.741684711340316],[121.48979890485724,-30.74030281816815],[121.4896493543604,-30.739527380191937],[121.49011190130364,-30.739363098737815],[121.4899161281019,-30.738958830636832],[121.48941437783934,-30.737922141762347],[121.4892944646464,-30.737672805465728],[121.48910624911521,-30.73737068682974],[121.48909339697946,-30.73735370684283],[121.48802414620727,-30.735957939457702],[121.48779412598172,-30.73565762835019],[121.48774590055804,-30.73559872260645],[121.48676047840772,-30.73439521847921],[121.48468268253279,-30.73549188394525],[121.48539087747245,-30.736493279908185],[121.48682273054605,-30.73851979244187],[121.48713434632774,-30.738357754365467],[121.48729998745686,-30.738305233474506],[121.48742067954932,-30.738554687400413],[121.48753883261256,-30.738798983357512],[121.48764480647468,-30.7390180942575],[121.4857769361641,-30.739761323091912],[121.48516403452842,-30.740005183962243],[121.48404976446332,-30.7404485165297],[121.48365255674484,-30.739701722118024],[121.48348971244081,-30.73939554309446],[121.48325239612527,-30.73894933021136],[121.48175655551822,-30.739467738736437],[121.48153121226393,-30.739010083176364],[121.48002945213436,-30.74000642224537],[121.48045405167487,-30.740431735677014],[121.48099754518098,-30.74036484459397],[121.4810236343954,-30.740522990347884],[121.48116902028153,-30.741414590757742],[121.48124515174287,-30.741860430989036],[121.48134791359055,-30.742480847240206],[121.48139269671258,-30.742751216690806],[121.48317806918179,-30.74105919967378],[121.48467566224615,-30.742698718767564],[121.48576787577721,-30.743894401625813],[121.48481393794003,-30.744712595538218],[121.4846922718036,-30.744799880181137],[121.48318995005289,-30.745877625331968],[121.48331675703854,-30.746000495866934],[121.48296543540661,-30.74638112094561],[121.48450302900892,-30.74764930610478],[121.48460639275422,-30.74773449883009],[121.48411197066963,-30.748182041085656],[121.48321023554068,-30.74899825882379],[121.48266061655414,-30.74949532401948],[121.48245674701005,-30.749679699683647],[121.4818743861772,-30.750206370575707],[121.48071037251759,-30.748824154402463],[121.4803437000207,-30.747490823777383],[121.47864318598815,-30.748003822453555],[121.47850423529414,-30.748045739241082],[121.47813289009814,-30.7481577589698],[121.4728839170148,-30.75132439367839],[121.47518657082077,-30.754165146492916],[121.47573939498308,-30.753661466203575],[121.47582878928988,-30.753734164488257],[121.4760041409001,-30.753877734100705],[121.47609668922661,-30.753953955376684],[121.47620998062638,-30.754046265498147],[121.4762480967619,-30.75407747220453],[121.47662928113849,-30.754389564321677],[121.47685824398273,-30.754577024636863],[121.47705348071311,-30.754736872228],[121.47723954441798,-30.754889207909095],[121.47727766656344,-30.75492042064174],[121.4775435295882,-30.7551380908043],[121.47765896503866,-30.755232601021234],[121.47787806790345,-30.755412190559703],[121.47868852320374,-30.756075520432468],[121.47890589584456,-30.755878220660076],[121.47899710822605,-30.755952883109856],[121.47914706285778,-30.756075628217484],[121.47918519301929,-30.75610683899293],[121.4793454447021,-30.75623801205998],[121.4795667516556,-30.756419160799908],[121.47971933732019,-30.75654405695027],[121.47979557665444,-30.75660646153158],[121.48002990669195,-30.75679859526959],[121.48008148592075,-30.756840487996087],[121.48011961109123,-30.756871693795492],[121.48040583838223,-30.757105977320553],[121.4804820787296,-30.757168382936925],[121.48065510252457,-30.757310356081447],[121.48067286860523,-30.757324547994017],[121.48086907851523,-30.75748514904976],[121.48088798960475,-30.75750098596083],[121.48139326365384,-30.757028702637676],[121.48260028708674,-30.755900462519257],[121.48559585274835,-30.75872592959525],[121.485942470015,-30.758419698273418],[121.4851413606009,-30.757502497625772],[121.48538624225137,-30.75733087738053],[121.4858511985587,-30.757006487028733],[121.48659197135613,-30.756488849836604],[121.4853146277638,-30.755186920522284],[121.48517774198027,-30.755047397998062],[121.4853736205679,-30.754896522952777],[121.4855835051162,-30.75473495573471],[121.48725441614951,-30.75344833208458],[121.48703650501491,-30.75325166394469],[121.48587468918737,-30.75220309012301],[121.48536205673449,-30.751740413725024],[121.48586790336904,-30.751123012743474],[121.48647793395305,-30.75138163135626],[121.48717266932235,-30.751785010022644],[121.4873226254373,-30.751571176701763],[121.48766739772937,-30.751790606711726],[121.48791275474709,-30.751964423420603],[121.48895767839218,-30.750911874678494],[121.4892483183235,-30.750860916746184],[121.48942143728044,-30.75083056399378],[121.48956142360731,-30.750679112860272],[121.49001470443531,-30.750188707928032],[121.49164941975803,-30.752273226049336],[121.49242550862122,-30.751819284110418],[121.49311474237906,-30.75141613775281],[121.49324921052592,-30.7513374839058],[121.49323902545,-30.751330809898665],[121.49249524490705,-30.750843505357757],[121.49183472689768,-30.750000963507357],[121.49366333130538,-30.74905168806507],[121.4937869416766,-30.74922928103153],[121.4942735540683,-30.749928392475685],[121.49440906001863,-30.75012306864801],[121.49455389768175,-30.750331153383943],[121.4948042558214,-30.750741783932753],[121.49535270570968,-30.7516413232908],[121.49564741341698,-30.75212467707539],[121.49608741995982,-30.75284632871406],[121.49645348457925,-30.753446889886778],[121.4961681790241,-30.753567018431177],[121.49688553374502,-30.75467712927419],[121.49691642912111,-30.754724939437978],[121.49822333507063,-30.75674731423423],[121.50021797498944,-30.75590578827365],[121.49976705486884,-30.755285620420295],[121.49899204348895,-30.75410514055677],[121.49957990642028,-30.75381825318674],[121.49954266794727,-30.753757200976803],[121.49951316857263,-30.753708836810368],[121.49876082903168,-30.752475352518868],[121.49835729592407,-30.75181348417853]]]},"properties":{"fmt_tenid":"M 26/131","type":"MINING LEASE","tenstatus":"LIVE","holder1":"NORTHERN STAR (KLV) PTY LTD","holder2":"NORTHERN STAR (SARACEN KALGOORLIE) PTY LTD","legal_area":232.9,"unit_of_me":"HA.","_colour":"#f5a520","_label":"Mining Lease"}},{"type":"Feature","geometry":{"type":"Polygon","coordinates":[[[121.67286294913279,-31.01182647518928],[121.67540038105744,-31.011823642300307],[121.67540480475051,-31.014502586293872],[121.67792869578032,-31.014499706118947],[121.67790656798898,-31.0009310890832],[121.67284556458233,-31.000937269161145],[121.672848172375,-31.00256986011595],[121.6728511822903,-31.004455006218404],[121.67285420685485,-31.006349170678323],[121.67286294913279,-31.01182647518928]]]},"properties":{"fmt_tenid":"M 26/132","type":"MINING LEASE","tenstatus":"LIVE","holder1":"NORTHERN STAR (HBJ) PTY LTD","holder2":" ","legal_area":65.505,"unit_of_me":"HA.","_colour":"#f5a520","_label":"Mining Lease"}},{"type":"Feature","geometry":{"type":"Polygon","coordinates":[[[121.62544894631156,-30.99877131684766],[121.62550528573892,-31.031600777393795],[121.63532908221845,-31.031602485381264],[121.63743605789281,-31.031600607017378],[121.63881283568006,-31.031599370472772],[121.64011688151965,-31.031598194082097],[121.65698046825679,-31.031581796302373],[121.65695952269623,-31.00811401274839],[121.6481453425876,-31.008462674401258],[121.64791536738622,-30.999108529312377],[121.62544894631156,-30.99877131684766]]]},"properties":{"fmt_tenid":"M 26/143","type":"MINING LEASE","tenstatus":"LIVE","holder1":"NORTHERN STAR (HBJ) PTY LTD","holder2":" ","legal_area":1000,"unit_of_me":"HA.","_colour":"#f5a520","_label":"Mining Lease"}},{"type":"Feature","geometry":{"type":"Polygon","coordinates":[[[121.49131518972712,-30.78062491005473],[121.4900385610701,-30.78062521186196],[121.49100167996039,-30.78418604239082],[121.49355968320296,-30.78703819176001],[121.4957943942672,-30.785545283444716],[121.49575026915987,-30.785495980498403],[121.49484525975582,-30.78448738065005],[121.49467840027135,-30.784301417873078],[121.49549410079628,-30.783717806919974],[121.4945639878029,-30.782771757196798],[121.4939086304755,-30.782105204152963],[121.49238052134852,-30.780549857564342],[121.49131518972712,-30.78062491005473]]]},"properties":{"fmt_tenid":"M 26/150","type":"MINING LEASE","tenstatus":"LIVE","holder1":"NORTHERN STAR (KLV) PTY LTD","holder2":"NORTHERN STAR (SARACEN KALGOORLIE) PTY LTD","legal_area":21.69,"unit_of_me":"HA.","_colour":"#f5a520","_label":"Mining Lease"}},{"type":"Feature","geometry":{"type":"Polygon","coordinates":[[[121.51404605368312,-30.771331533868167],[121.51677238966775,-30.773462375806197],[121.51787886437998,-30.772833104366867],[121.5180611868219,-30.772729412804157],[121.5159481437026,-30.770141570650775],[121.51404605368312,-30.771331533868167]]]},"properties":{"fmt_tenid":"M 26/155","type":"MINING LEASE","tenstatus":"LIVE","holder1":"NORTHERN STAR (KLV) PTY LTD","holder2":"NORTHERN STAR (SARACEN KALGOORLIE) PTY LTD","legal_area":6.4635,"unit_of_me":"HA.","_colour":"#f5a520","_label":"Mining Lease"}},{"type":"Feature","geometry":{"type":"Polygon","coordinates":[[[121.59397488633581,-31.038884521387416],[121.5939722053175,-31.03162463091868],[121.57289404191825,-31.031632564112098],[121.57288801932425,-31.024417236055605],[121.57288334757813,-31.018825480617704],[121.57288199228607,-31.01720153937035],[121.57288192121892,-31.01711720635749],[121.57288070305958,-31.01566020513552],[121.57287147545622,-31.00461811339665],[121.57286723992247,-30.99957203889114],[121.55895429334466,-30.99959927502261],[121.55895376295479,-30.996997422252605],[121.55499061040979,-30.996998317106467],[121.55499133784787,-30.999789597909317],[121.55499502746673,-31.022363066857817],[121.55501988912215,-31.0461507834758],[121.56025743633802,-31.046149981148485],[121.56025761788058,-31.03889320124145],[121.59397488633581,-31.038884521387416]]]},"properties":{"fmt_tenid":"M 26/204","type":"MINING LEASE","tenstatus":"LIVE","holder1":"NORTHERN STAR (SOUTH KALGOORLIE) PTY LTD","holder2":" ","legal_area":956.6,"unit_of_me":"HA.","_colour":"#f5a520","_label":"Mining Lease"}},{"type":"Feature","geometry":{"type":"Polygon","coordinates":[[[121.62338313191316,-31.062197497585032],[121.62338433985482,-31.065356561850752],[121.62338535309331,-31.06800322647104],[121.62727664340642,-31.06800199620477],[121.62790720039925,-31.068001785280913],[121.62996936910523,-31.06800107525949],[121.62996822384079,-31.065639268172845],[121.62996655239948,-31.062195425753533],[121.6262817981637,-31.06219662582648],[121.62338313191316,-31.062197497585032]]]},"properties":{"fmt_tenid":"M 26/224","type":"MINING LEASE","tenstatus":"LIVE","holder1":"NORTHERN STAR (HBJ) PTY LTD","holder2":" ","legal_area":40.55,"unit_of_me":"HA.","_colour":"#f5a520","_label":"Mining Lease"}},{"type":"Feature","geometry":{"type":"Polygon","coordinates":[[[121.51208982926046,-30.773060137160385],[121.51192688884707,-30.773151770677874],[121.51152669782704,-30.773376826952624],[121.51476225028996,-30.776671224182074],[121.5155863538136,-30.77636172704582],[121.51627086606453,-30.77610464828309],[121.5166745087961,-30.775953051248546],[121.51643273087397,-30.775661492587393],[121.51449965468262,-30.773330350149003],[121.51318274187848,-30.771741990288206],[121.51360883667782,-30.77156266417094],[121.51220792015154,-30.769696389326253],[121.51127946156491,-30.770299290474224],[121.51208982926046,-30.773060137160385]]]},"properties":{"fmt_tenid":"M 26/233","type":"MINING LEASE","tenstatus":"LIVE","holder1":"NORTHERN STAR (KLV) PTY LTD","holder2":"NORTHERN STAR (SARACEN KALGOORLIE) PTY LTD","legal_area":15.145,"unit_of_me":"HA.","_colour":"#f5a520","_label":"Mining Lease"}},{"type":"Feature","geometry":{"type":"Polygon","coordinates":[[[121.54759788745723,-30.9678242913705],[121.55178831804714,-30.967823624580628],[121.56016690486555,-30.967821768916796],[121.56020715648863,-30.96379824057743],[121.56034617309386,-30.94979205083403],[121.55961658303463,-30.94979250612112],[121.55892588997862,-30.949792934392818],[121.5570417498265,-30.94979408113402],[121.55177377440528,-30.949797141205337],[121.54786814038013,-30.949799275194632],[121.54759788745723,-30.9678242913705]]]},"properties":{"fmt_tenid":"M 26/245","type":"MINING LEASE","tenstatus":"LIVE","holder1":"NORTHERN STAR (SOUTH KALGOORLIE) PTY LTD","holder2":" ","legal_area":239.15,"unit_of_me":"HA.","_colour":"#f5a520","_label":"Mining Lease"}},{"type":"Feature","geometry":{"type":"Polygon","coordinates":[[[121.48361259113258,-30.716607048064795],[121.48597902327013,-30.72145675986606],[121.48343431707735,-30.725232927939008],[121.48131086191339,-30.728446165459072],[121.48091668366105,-30.729042611088158],[121.47936453510337,-30.729784857946765],[121.47732717418208,-30.72983683388298],[121.47737054990831,-30.731141770828454],[121.4773993333934,-30.73200764174728],[121.47743284462324,-30.733015781269724],[121.47810714084989,-30.734660566520088],[121.47830435869825,-30.735141625088858],[121.48123081680085,-30.733983067511993],[121.48154066080411,-30.7349876705034],[121.48165181026604,-30.73534804482699],[121.47994535988525,-30.736973936233667],[121.4799367869465,-30.736978992443895],[121.47930392100099,-30.737298619429957],[121.47973871650687,-30.738549922867968],[121.47939030547089,-30.739366157699067],[121.48002945113437,-30.74000642224539],[121.48153121226393,-30.739010083176364],[121.48175655551822,-30.739467738736437],[121.48325239612527,-30.73894933021136],[121.48348971244081,-30.73939554309446],[121.48365255674484,-30.739701722118024],[121.48404976446332,-30.7404485165297],[121.48516403452842,-30.740005183962243],[121.4857769361641,-30.739761323091912],[121.48764480647468,-30.7390180942575],[121.48753883261256,-30.738798983357512],[121.48742067954932,-30.738554687400413],[121.48729998745686,-30.738305233474506],[121.48713434632774,-30.738357754365467],[121.48682273054605,-30.73851979244187],[121.48539087747245,-30.736493279908185],[121.48468268253279,-30.73549188394525],[121.48676047840772,-30.73439521847921],[121.48774590055804,-30.73559872260645],[121.48779412598172,-30.73565762835019],[121.48802414620727,-30.735957939457702],[121.48909339697946,-30.73735370684283],[121.48910624911521,-30.73737068682974],[121.48930211658447,-30.737668432248835],[121.49979287471731,-30.73434611152113],[121.49818953698326,-30.732440200992997],[121.49205326257619,-30.72514381603567],[121.49786603079467,-30.72264647698556],[121.49506608466879,-30.717785760500902],[121.49501748259276,-30.71782155737578],[121.49337878508673,-30.716168792672814],[121.49390878491054,-30.715776663160167],[121.49247377730691,-30.713285246388356],[121.48361259113258,-30.716607048064795]]]},"properties":{"fmt_tenid":"M 26/261","type":"MINING LEASE","tenstatus":"LIVE","holder1":"NORTHERN STAR (KLV) PTY LTD","holder2":"NORTHERN STAR (SARACEN KALGOORLIE) PTY LTD","legal_area":332.7,"unit_of_me":"HA.","_colour":"#f5a520","_label":"Mining Lease"}},{"type":"Feature","geometry":{"type":"Polygon","coordinates":[[[121.49918984536542,-30.774134968190634],[121.49914471652328,-30.77426397666007],[121.49905735037851,-30.77462025486408],[121.49904898578414,-30.774735218206594],[121.49907082650958,-30.77481492238267],[121.49915630493985,-30.775022279780742],[121.49969309042007,-30.775694311565523],[121.50115982193454,-30.774596207077035],[121.50126214848399,-30.774372472144478],[121.50111420644387,-30.77400967234953],[121.50051166829182,-30.77404890587297],[121.49956755338218,-30.773055177194234],[121.49918984536542,-30.774134968190634]]]},"properties":{"fmt_tenid":"M 26/264","type":"MINING LEASE","tenstatus":"LIVE","holder1":"NORTHERN STAR (KLV) PTY LTD","holder2":"NORTHERN STAR (SARACEN KALGOORLIE) PTY LTD","legal_area":3.2165,"unit_of_me":"HA.","_colour":"#f5a520","_label":"Mining Lease"}},{"type":"Feature","geometry":{"type":"Polygon","coordinates":[[[121.52587940178068,-30.78929696512439],[121.52770125183066,-30.790222220242697],[121.528088886131,-30.78948756213102],[121.52934339382765,-30.78986769845358],[121.5293963116929,-30.78914796851578],[121.52945844204882,-30.788302941423325],[121.52953083452653,-30.787420490292867],[121.5294681176969,-30.787414873282586],[121.52859742106776,-30.787336896133336],[121.52853386924131,-30.787331204121962],[121.52663028146578,-30.78716070175149],[121.52587940178068,-30.78929696512439]]]},"properties":{"fmt_tenid":"M 26/266","type":"MINING LEASE","tenstatus":"LIVE","holder1":"NORTHERN STAR (KLV) PTY LTD","holder2":"NORTHERN STAR (SARACEN KALGOORLIE) PTY LTD","legal_area":8.528,"unit_of_me":"HA.","_colour":"#f5a520","_label":"Mining Lease"}},{"type":"Feature","geometry":{"type":"Polygon","coordinates":[[[121.51906802829755,-30.794215719124896],[121.51902126747925,-30.794186557057778],[121.51871508622176,-30.794504793635834],[121.51867439605604,-30.794547085710988],[121.51848342128258,-30.794745578058578],[121.51839035290831,-30.794842309224922],[121.51781185696406,-30.79452091747677],[121.51628131823065,-30.793671000700154],[121.51541200185197,-30.79458556807329],[121.51466614486368,-30.794057017102787],[121.51265401261493,-30.792631068927808],[121.5124441559543,-30.792348384567127],[121.51320557862134,-30.79347232107341],[121.5116518416422,-30.794256808860023],[121.5114361013857,-30.794365733947533],[121.50926704992263,-30.79498159009254],[121.50865628476446,-30.79515499609059],[121.50838235244643,-30.795288639143656],[121.50731687918484,-30.795808440370017],[121.5069497997413,-30.79598752045532],[121.51094033146889,-30.797548757744586],[121.51105332818463,-30.797592895804204],[121.51207524663009,-30.797992063330224],[121.5151969670041,-30.79921133479291],[121.51569629580912,-30.79940634900672],[121.51717097253696,-30.800177291738805],[121.51917408373923,-30.801509099807173],[121.51975493384712,-30.800864539461536],[121.5203384607742,-30.80021699494453],[121.52069327384613,-30.799823234539353],[121.52173788285755,-30.798664002290973],[121.5224077641265,-30.799149709287132],[121.5233665276027,-30.798106918075057],[121.52346259984105,-30.79800242494979],[121.52379350164834,-30.797642518513214],[121.52336313841562,-30.797330446520522],[121.52373347021936,-30.796949926040412],[121.52389842256945,-30.79678037982343],[121.52394145366,-30.796736150766495],[121.52416269812,-30.79650874547181],[121.52554222678538,-30.795091345556905],[121.52584331354714,-30.794781955945396],[121.52621873216016,-30.794267355907376],[121.52635193972478,-30.79408475954734],[121.52761665588537,-30.792351123345085],[121.52695444108858,-30.79167843558917],[121.52770125183066,-30.790222220242697],[121.52587940178068,-30.78929696512439],[121.52663028146578,-30.78716070175149],[121.52274674951978,-30.786550794322586],[121.5222384161334,-30.786469530101503],[121.5219859049274,-30.786431294993136],[121.52194061707121,-30.786424176972957],[121.51889001524168,-30.7859449795236],[121.5175879860608,-30.786862573210357],[121.51785457768459,-30.787144480568507],[121.51872295110297,-30.788062729852616],[121.51969853177803,-30.789093678508245],[121.51993132121679,-30.79020783077801],[121.52001989605718,-30.790631753656733],[121.52145891965984,-30.791758628567045],[121.51906802829755,-30.794215719124896]],[[121.51075096976592,-30.79633776166057],[121.51116473772177,-30.79696960029373],[121.51092703444083,-30.797085611343725],[121.51070728717933,-30.797192858391355],[121.51029354523051,-30.79656099075258],[121.51045090241544,-30.796484199720254],[121.51075096976592,-30.79633776166057]],[[121.52288964681233,-30.79823771041488],[121.52268901187168,-30.798027638372744],[121.52296988519446,-30.797827726085274],[121.52308167571772,-30.79791359208671],[121.52321648918877,-30.798005088080707],[121.52288964681233,-30.79823771041488]]]},"properties":{"fmt_tenid":"M 26/267","type":"MINING LEASE","tenstatus":"LIVE","holder1":"NORTHERN STAR (KLV) PTY LTD","holder2":"NORTHERN STAR (SARACEN KALGOORLIE) PTY LTD","legal_area":139.2,"unit_of_me":"HA.","_colour":"#f5a520","_label":"Mining Lease"}},{"type":"Feature","geometry":{"type":"Polygon","coordinates":[[[121.53375202396239,-30.78971302656784],[121.52945844204882,-30.788302941423325],[121.5293963116929,-30.78914796851578],[121.5335506094524,-30.790488921313017],[121.53375202396239,-30.78971302656784]]]},"properties":{"fmt_tenid":"M 26/268","type":"MINING LEASE","tenstatus":"LIVE","holder1":"NORTHERN STAR (KLV) PTY LTD","holder2":"NORTHERN STAR (SARACEN KALGOORLIE) PTY LTD","legal_area":3.8245,"unit_of_me":"HA.","_colour":"#f5a520","_label":"Mining Lease"}},{"type":"Feature","geometry":{"type":"Polygon","coordinates":[[[121.4858511985587,-30.757006487028733],[121.48538624225137,-30.75733087738053],[121.4851413606009,-30.757502497625772],[121.485942470015,-30.758419698273418],[121.48707616183277,-30.760315031137832],[121.48781796629146,-30.759877616077713],[121.48831310487566,-30.759585790885513],[121.48872468949641,-30.759343209310693],[121.4890757671487,-30.75913628619679],[121.48749047129643,-30.757042176329822],[121.48680242199312,-30.756341787736112],[121.48659197135613,-30.756488849836604],[121.4858511985587,-30.757006487028733]]]},"properties":{"fmt_tenid":"M 26/27","type":"MINING LEASE","tenstatus":"LIVE","holder1":"NORTHERN STAR (KLV) PTY LTD","holder2":"NORTHERN STAR (SARACEN KALGOORLIE) PTY LTD","legal_area":7.9830000000000005,"unit_of_me":"HA.","_colour":"#f5a520","_label":"Mining Lease"}},{"type":"Feature","geometry":{"type":"Polygon","coordinates":[[[121.52398894613539,-30.776058417140366],[121.524534400693,-30.775745716206533],[121.52629714959183,-30.774621086642632],[121.51973456041112,-30.766673104105546],[121.51870031229774,-30.765420371055963],[121.51705445502802,-30.76342674149862],[121.51687250529721,-30.763206337688235],[121.514981360299,-30.764490625183377],[121.5104768296599,-30.767389766121077],[121.51083342167743,-30.76786473141825],[121.51165061289065,-30.76733405269833],[121.51316602777675,-30.769074229112988],[121.51244044579275,-30.769545393543112],[121.51220792015154,-30.769696389326253],[121.51360883567783,-30.77156266417094],[121.51662648624688,-30.775582458072382],[121.51664342216282,-30.775605017125894],[121.51909155031872,-30.77886582461886],[121.52398894613539,-30.776058417140366]],[[121.51854769056361,-30.76586973868282],[121.52006712637612,-30.767610589081325],[121.51756018139614,-30.769242101849358],[121.51671025515053,-30.769795208633457],[121.51519110599327,-30.76805468443962],[121.51854769056361,-30.76586973868282]],[[121.51594814270264,-30.770141569650782],[121.51806118582188,-30.772729411804107],[121.51787886437998,-30.772833104366867],[121.51677238966775,-30.7734623748062],[121.51404605268313,-30.771331533868167],[121.51594814270264,-30.770141569650782]]]},"properties":{"fmt_tenid":"M 26/294","type":"MINING LEASE","tenstatus":"LIVE","holder1":"NORTHERN STAR (KLV) PTY LTD","holder2":"NORTHERN STAR (SARACEN KALGOORLIE) PTY LTD","legal_area":110.9,"unit_of_me":"HA.","_colour":"#f5a520","_label":"Mining Lease"}},{"type":"Feature","geometry":{"type":"Polygon","coordinates":[[[121.55216254173688,-30.782819868114228],[121.55586246142583,-30.781817994735363],[121.56283567517472,-30.77992961789282],[121.56747155847209,-30.778674467720123],[121.57241365908389,-30.777334654734965],[121.57966897230042,-30.77319272075689],[121.58044016068659,-30.7727523206105],[121.57894326979262,-30.77044425532532],[121.57810690614876,-30.769244154307994],[121.56983136649683,-30.757367647834037],[121.56728842252794,-30.752093699022595],[121.56665201486747,-30.750773701227313],[121.55478010219474,-30.753731743550713],[121.54935582425149,-30.755082785550385],[121.54749801687076,-30.755545454699888],[121.54367200487977,-30.75649818549689],[121.54405308876561,-30.757784160061668],[121.5449725115212,-30.760886618689856],[121.54667486627902,-30.766630367126943],[121.54691750383398,-30.7673454764965],[121.55216254173688,-30.782819868114228]]]},"properties":{"fmt_tenid":"M 26/308","type":"MINING LEASE","tenstatus":"LIVE","holder1":"NORTHERN STAR (KLV) PTY LTD","holder2":"NORTHERN STAR (SARACEN KALGOORLIE) PTY LTD","legal_area":769.55,"unit_of_me":"HA.","_colour":"#f5a520","_label":"Mining Lease"}},{"type":"Feature","geometry":{"type":"Polygon","coordinates":[[[121.49783671839226,-30.80702124015275],[121.49772984390474,-30.806867474067808],[121.49550620337592,-30.808018745633035],[121.49247185728936,-30.809589648706684],[121.49164440089277,-30.81001800814556],[121.49052085692104,-30.810599632536196],[121.49191934038612,-30.812767926676315],[121.49390606218874,-30.811813213581992],[121.4969959659399,-30.810328271295077],[121.49934920566865,-30.809197273265106],[121.49783671839226,-30.80702124015275]]]},"properties":{"fmt_tenid":"M 26/311","type":"MINING LEASE","tenstatus":"LIVE","holder1":"NORTHERN STAR (KLV) PTY LTD","holder2":"NORTHERN STAR (SARACEN KALGOORLIE) PTY LTD","legal_area":23.31,"unit_of_me":"HA.","_colour":"#f5a520","_label":"Mining Lease"}},{"type":"Feature","geometry":{"type":"Polygon","coordinates":[[[121.48523979962356,-30.76918024072259],[121.48406278443565,-30.769874130273042],[121.48406281210009,-30.769943078265186],[121.4840625588745,-30.77286482793585],[121.48406418886647,-30.776358813540952],[121.48648286397231,-30.776357492807243],[121.48648083326351,-30.778063816724828],[121.48889788096565,-30.778063216099778],[121.48889859340579,-30.780625471195947],[121.4900385610701,-30.78062521186196],[121.49131518972712,-30.78062491005473],[121.49238052134852,-30.780549857564342],[121.4939086304755,-30.782105204152963],[121.49636695061986,-30.780302336910722],[121.4966567926298,-30.78059705349286],[121.49746455525467,-30.78142032237672],[121.4988917876398,-30.780443180308332],[121.49835782344374,-30.779862134658725],[121.49946478300146,-30.779097786833056],[121.49948343516142,-30.779084921766522],[121.49962889940835,-30.778984468244683],[121.49930082537587,-30.77863021175845],[121.49726088353431,-30.77642829150538],[121.49675458567181,-30.775881605150555],[121.4959094134636,-30.77646537826173],[121.49536357566453,-30.776074012447086],[121.49471803975811,-30.775611154747423],[121.49555507238796,-30.77493553043869],[121.49425100556202,-30.772470401100517],[121.4952453289436,-30.771762609960735],[121.49453252717579,-30.770858966914368],[121.49351410709266,-30.769567847177136],[121.49305765301153,-30.768989160420496],[121.49232191656915,-30.76805661697692],[121.49207305434021,-30.76826560514898],[121.49076424641117,-30.767339230827808],[121.49039990283792,-30.766960311450354],[121.4903248469282,-30.766882250583695],[121.49026406600196,-30.766819038692866],[121.48955278865803,-30.76607928986208],[121.48917096876143,-30.76568217953257],[121.49083778176286,-30.76312405101917],[121.48992659619233,-30.762176282840468],[121.4889861337104,-30.76273094307262],[121.48857381016423,-30.762209565120124],[121.48707616183277,-30.760315031137832],[121.485942470015,-30.758419698273418],[121.48559585274835,-30.75872592959525],[121.48260028708674,-30.755900462519257],[121.48139326365384,-30.757028702637676],[121.48088798960475,-30.75750098596083],[121.48100129813515,-30.75759373242874],[121.4810216162291,-30.7576099583334],[121.48117410994885,-30.757734794632974],[121.48132660667451,-30.757859632948144],[121.48147910440588,-30.757984471278842],[121.48149283247201,-30.757995709219383],[121.48164532920984,-30.7581205455671],[121.48179782695348,-30.758245383930436],[121.48195032470285,-30.75837022130933],[121.48210282645812,-30.75849505970383],[121.48225536321932,-30.75861992811376],[121.48244815618982,-30.758777749390298],[121.48263659114743,-30.75893200170726],[121.48267471134224,-30.75896320657195],[121.48302162713173,-30.759247192385608],[121.4830559333103,-30.759275274272643],[121.48320845210779,-30.7594001247801],[121.48325418434804,-30.759437560635465],[121.48329985158851,-30.759474945492403],[121.48405151062171,-30.760090307339027],[121.48251343706988,-30.76150674346955],[121.48481966380051,-30.764423270159575],[121.48366996658133,-30.76510116511973],[121.48502000585775,-30.766809959870777],[121.48636810870336,-30.768515046865353],[121.48523979962356,-30.76918024072259]]]},"properties":{"fmt_tenid":"M 26/316","type":"MINING LEASE","tenstatus":"LIVE","holder1":"NORTHERN STAR (KLV) PTY LTD","holder2":"NORTHERN STAR (SARACEN KALGOORLIE) PTY LTD","legal_area":198.5,"unit_of_me":"HA.","_colour":"#f5a520","_label":"Mining Lease"}},{"type":"Feature","geometry":{"type":"Polygon","coordinates":[[[121.53425133162783,-30.79138774792647],[121.53487270925037,-30.787893766934143],[121.5351105204707,-30.786556484078176],[121.53538179018372,-30.78503099735567],[121.5332395412205,-30.778203088231606],[121.5331808094326,-30.77801588004127],[121.52857704985679,-30.78097954346303],[121.52616842850645,-30.7778612990423],[121.52570195058286,-30.77813107309327],[121.52772729840355,-30.783995857275112],[121.52737256650853,-30.783955858090547],[121.52953083452653,-30.787420490292867],[121.52945844204882,-30.788302941423325],[121.53375202396239,-30.78971302656784],[121.5335506094524,-30.790488921313017],[121.5293963116929,-30.78914796851578],[121.52934339382765,-30.78986769845358],[121.53425133162783,-30.79138774792647]]]},"properties":{"fmt_tenid":"M 26/326","type":"MINING LEASE","tenstatus":"LIVE","holder1":"NORTHERN STAR (KLV) PTY LTD","holder2":"NORTHERN STAR (SARACEN KALGOORLIE) PTY LTD","legal_area":74.875,"unit_of_me":"HA.","_colour":"#f5a520","_label":"Mining Lease"}},{"type":"Feature","geometry":{"type":"Polygon","coordinates":[[[121.55867932494874,-30.99101418568208],[121.55895376295479,-30.996997422252605],[121.55895429334466,-30.99959927502261],[121.57286723992247,-30.99957203889114],[121.57286010632173,-30.991009235336314],[121.56459229131681,-30.99101262635017],[121.56021718856469,-30.991013811555412],[121.55867932494874,-30.99101418568208]]]},"properties":{"fmt_tenid":"M 26/328","type":"MINING LEASE","tenstatus":"LIVE","holder1":"NORTHERN STAR (SOUTH KALGOORLIE) PTY LTD","holder2":" ","legal_area":127.1,"unit_of_me":"HA.","_colour":"#f5a520","_label":"Mining Lease"}},{"type":"Feature","geometry":{"type":"Polygon","coordinates":[[[121.46370431728182,-30.72172280785926],[121.46230513587483,-30.723251984061825],[121.46335545117164,-30.723969244010416],[121.46383355034615,-30.724295735548772],[121.46564512393276,-30.7255335538957],[121.46577640866796,-30.725623223781785],[121.46586052249695,-30.725680673709228],[121.46911903324916,-30.727757168135184],[121.4695237391793,-30.728100595858034],[121.47147065864513,-30.729749775655993],[121.47240173677005,-30.730538437158156],[121.4735085061165,-30.731510181640086],[121.47250655494774,-30.732752244580368],[121.47223226021909,-30.733092266823107],[121.47142817494753,-30.732371891176964],[121.47072217806056,-30.732935573715107],[121.47023665187264,-30.73332322206947],[121.47076299919027,-30.7337100858174],[121.47196208920458,-30.734591394294757],[121.47230420003997,-30.734832833156602],[121.47118610594828,-30.735440282581965],[121.47247024514162,-30.73660088837747],[121.47210626517733,-30.737418267062615],[121.47346332548926,-30.738007317341417],[121.47394706012412,-30.7382172828783],[121.47460970613635,-30.73850490268282],[121.47289666434783,-30.7405086336321],[121.47395169335869,-30.741374129316892],[121.4749559118519,-30.742196390224038],[121.47492873799621,-30.74222052125957],[121.47385489525452,-30.74317620044951],[121.47437961342672,-30.743605844114803],[121.47657547194336,-30.745403686424307],[121.47813289009814,-30.7481577589698],[121.47850423529414,-30.748045739241082],[121.47864318598815,-30.748003822453555],[121.4803437000207,-30.747490823777383],[121.48071037251759,-30.748824154402463],[121.4818743861772,-30.750206370575707],[121.48245674701005,-30.749679699683647],[121.48266061655414,-30.74949532401948],[121.48321023554068,-30.74899825882379],[121.48411197066963,-30.748182041085656],[121.48460639275422,-30.74773449883009],[121.48450302900892,-30.74764930610478],[121.48296543540661,-30.74638112094561],[121.48331675703854,-30.746000495866934],[121.48318995005289,-30.745877625331968],[121.4846922718036,-30.744799880181137],[121.48481393794003,-30.744712595538218],[121.48576787577721,-30.743894401625813],[121.48467566224615,-30.742698718767564],[121.48317806918179,-30.74105919967378],[121.48139269671258,-30.742751216690806],[121.48134791359055,-30.742480847240206],[121.48124515174287,-30.741860430989036],[121.48116902028153,-30.741414590757742],[121.4810236343954,-30.740522990347884],[121.48099754518098,-30.74036484459397],[121.48045405167487,-30.740431735677014],[121.48002945213436,-30.74000642224537],[121.47939030547089,-30.739366157699067],[121.47973871650687,-30.738549922867968],[121.47930392100099,-30.737298619429957],[121.4799367869465,-30.736978992443895],[121.47994535988525,-30.736973936233667],[121.48165181026604,-30.73534804482699],[121.48154066080411,-30.7349876705034],[121.48123081680085,-30.733983067511993],[121.47830435869825,-30.735141625088858],[121.4781071398499,-30.73466056652011],[121.47743284462324,-30.733015781269724],[121.47680320366224,-30.73348986057417],[121.47504076184043,-30.732745851208946],[121.47498899289101,-30.73281000706117],[121.47478952961757,-30.73263488813155],[121.47610495944284,-30.731040242765324],[121.47433818296469,-30.72948817351359],[121.47440577087426,-30.729451516453686],[121.47371701105763,-30.728868139802884],[121.47286131065744,-30.7281433632747],[121.4719800072046,-30.727396882804623],[121.47112310455431,-30.726671053362757],[121.47117363449199,-30.72664367031613],[121.47088404519697,-30.72645915652441],[121.4692299760173,-30.725405211783368],[121.4672000642262,-30.724111791490127],[121.46863433324543,-30.72254606403713],[121.46679344353566,-30.721287514777288],[121.46513691709684,-30.720157042477542],[121.46370431728182,-30.72172280785926]]]},"properties":{"fmt_tenid":"M 26/353","type":"MINING LEASE","tenstatus":"LIVE","holder1":"NORTHERN STAR (KLV) PTY LTD","holder2":"NORTHERN STAR (SARACEN KALGOORLIE) PTY LTD","legal_area":174.3,"unit_of_me":"HA.","_colour":"#f5a520","_label":"Mining Lease"}},{"type":"Feature","geometry":{"type":"Polygon","coordinates":[[[121.49216342283836,-30.753439053127284],[121.49140550389637,-30.753866795926125],[121.49041310006201,-30.754508024726366],[121.49017653488917,-30.7546665413893],[121.48978772671005,-30.75423319608116],[121.48845648491246,-30.75500090938786],[121.48908920691188,-30.75544580608784],[121.48819516478102,-30.75587336675138],[121.48858365200945,-30.756424923874867],[121.48749047029644,-30.75704218232991],[121.48907553014637,-30.759135897196],[121.48876147445908,-30.759321122985064],[121.48831304187465,-30.75958558588482],[121.48781811929118,-30.759877472076155],[121.48707616683285,-30.76031503613783],[121.48857380316419,-30.762209569120134],[121.48898613671045,-30.762730938072576],[121.4899266011924,-30.762176278840403],[121.49083778276285,-30.763124049019172],[121.48917097176154,-30.76568217753252],[121.48955279565816,-30.766079283862062],[121.49026407000193,-30.76681904269287],[121.49032485292827,-30.766882256583678],[121.49039989883798,-30.766960306450358],[121.49076424641123,-30.767339223827815],[121.49207305234023,-30.768265606148983],[121.4923219105691,-30.76805661697694],[121.49305764701145,-30.768989160420517],[121.49351411109262,-30.769567846177132],[121.49453252717579,-30.770858966914368],[121.49524532394362,-30.771762605960724],[121.49568447861412,-30.771450003066427],[121.49625275751372,-30.77220884435202],[121.49582380082018,-30.77253362922597],[121.49541366027046,-30.772844164979347],[121.49535076772456,-30.77289178824491],[121.49610110152743,-30.774254517618246],[121.4961164414636,-30.774282373649424],[121.496192688147,-30.774420856806472],[121.4966658053907,-30.7740389487909],[121.49696404705287,-30.773798207493012],[121.49704955581426,-30.773729182116963],[121.49718932405695,-30.773616362498622],[121.4973178051976,-30.773512635926032],[121.49851643074767,-30.772545057395636],[121.49946407511685,-30.773005502307054],[121.50129747691932,-30.773886509534787],[121.50114625308173,-30.77412120362333],[121.50130900152077,-30.774199407492844],[121.50331824208844,-30.775164765190464],[121.50339059229411,-30.775199521154182],[121.504394199229,-30.773641731378277],[121.50543333083932,-30.773061186262836],[121.50661069482543,-30.772198939688764],[121.50664721194786,-30.772172200547868],[121.50703596524649,-30.771887482051515],[121.50764081670386,-30.77250345356219],[121.50769763346646,-30.77256130270288],[121.50773553330828,-30.77259990179666],[121.50801402114897,-30.772883504483076],[121.50825866113554,-30.773132628082102],[121.50849151091256,-30.772962098186593],[121.50852404602078,-30.77293828006171],[121.50862341435126,-30.772865524680462],[121.5086544974545,-30.772842753561285],[121.51001444591164,-30.77422726281853],[121.51066633461133,-30.773860665711503],[121.51032515018575,-30.772988389053992],[121.51024797988391,-30.77281812454593],[121.50903463013894,-30.771756599222925],[121.51064712577967,-30.770709796637046],[121.51127945656485,-30.770299293474213],[121.51220792115156,-30.769696383326238],[121.51244044879273,-30.769545396543137],[121.51316602777678,-30.769074222112977],[121.51165060789072,-30.76733405469832],[121.51083342767751,-30.767864728418264],[121.51047683365981,-30.76738976712107],[121.50861459855814,-30.76858821236407],[121.50813594967241,-30.76785468324307],[121.50742489905984,-30.767064367136815],[121.50619024495316,-30.76801233288255],[121.50457136449712,-30.76925524303806],[121.5054616336868,-30.769897729593104],[121.50528378386548,-30.77008133646889],[121.5038637779976,-30.77154719126095],[121.50381322052377,-30.771599367580635],[121.50264748049528,-30.772802701737437],[121.5021499441863,-30.77256330120221],[121.50068640842964,-30.77185966777443],[121.50059936221078,-30.771817814877455],[121.50134449935571,-30.77104561846479],[121.49897937758976,-30.769094491535864],[121.4972527327084,-30.767670002175567],[121.49696005128547,-30.767894273693486],[121.49607216962696,-30.76703023850814],[121.49495387120997,-30.76594194685558],[121.49499519251233,-30.76591796065693],[121.49804221084598,-30.764149406873756],[121.49763908331285,-30.7636096264004],[121.4966652463932,-30.762306561758965],[121.49655499623111,-30.762365808472588],[121.49562385046737,-30.761050478488034],[121.4950868782764,-30.76029195713621],[121.49430350471066,-30.75965999028832],[121.49645889736708,-30.758418714152448],[121.49773131165136,-30.75975344814696],[121.49948651141261,-30.759439155496036],[121.49978901439957,-30.759575305196357],[121.501193555422,-30.760165879534267],[121.5010267546811,-30.760349471071947],[121.50236713348805,-30.760945661572812],[121.50316731197987,-30.76153319183649],[121.5037947394922,-30.762260908381542],[121.50401162125628,-30.762608771398547],[121.50422086122825,-30.762435167770303],[121.50399424241984,-30.76208684378686],[121.50334616696105,-30.76119665847821],[121.50412875768609,-30.760706973255605],[121.50196524854893,-30.758050496850185],[121.50152972545195,-30.757428280034954],[121.50052058567194,-30.75598648072737],[121.50040808736127,-30.755825744238383],[121.50021823699106,-30.75590587527326],[121.49822387507498,-30.756747725234717],[121.49691650712124,-30.754724907437552],[121.49688560574513,-30.754677088273773],[121.49616818502405,-30.753567017431166],[121.49645357457938,-30.753446847886256],[121.49608742495978,-30.752846326714007],[121.49564741741695,-30.752124673075347],[121.49535270970958,-30.751641316290772],[121.4948042538213,-30.750741784932753],[121.4945538996817,-30.750331155383925],[121.49440906101862,-30.750123073648037],[121.49427355406827,-30.74992839147568],[121.49378694167663,-30.749229284031586],[121.4936633373054,-30.749051685064998],[121.49183472689768,-30.750000963507357],[121.49249524890709,-30.750843499357718],[121.49323903144997,-30.751330808898597],[121.49324921452602,-30.75133748590583],[121.49311474137907,-30.751416135752827],[121.49242551162116,-30.751819278110336],[121.49164941675807,-30.75227322804934],[121.4900147094354,-30.750188704928025],[121.48956142860726,-30.75067911586026],[121.49216342283836,-30.753439053127284]]]},"properties":{"fmt_tenid":"M 26/359","type":"MINING LEASE","tenstatus":"LIVE","holder1":"NORTHERN STAR (KLV) PTY LTD","holder2":"NORTHERN STAR (SARACEN KALGOORLIE) PTY LTD","legal_area":225,"unit_of_me":"HA.","_colour":"#f5a520","_label":"Mining Lease"}},{"type":"Feature","geometry":{"type":"Polygon","coordinates":[[[121.54197278198319,-30.79364963591156],[121.54369297690761,-30.79424447477291],[121.543707641814,-30.793250961883214],[121.54197278198319,-30.79364963591156]]]},"properties":{"fmt_tenid":"M 26/365","type":"MINING LEASE","tenstatus":"LIVE","holder1":"NORTHERN STAR (KLV) PTY LTD","holder2":"NORTHERN STAR (SARACEN KALGOORLIE) PTY LTD","legal_area":0.9115000000000001,"unit_of_me":"HA.","_colour":"#f5a520","_label":"Mining Lease"}},{"type":"Feature","geometry":{"type":"MultiPolygon","coordinates":[[[[121.51029354523051,-30.79656099075258],[121.51070728717933,-30.797192858391355],[121.51092703444083,-30.797085611343725],[121.51116473772177,-30.79696960029373],[121.51075096976592,-30.79633776166057],[121.51045090241544,-30.796484199720254],[121.51029354523051,-30.79656099075258]]],[[[121.52268901187168,-30.798027638372744],[121.52288964681233,-30.79823771041488],[121.52321648918877,-30.798005088080707],[121.52308167571772,-30.79791359208671],[121.52296988519446,-30.797827726085274],[121.52268901187168,-30.798027638372744]]]]},"properties":{"fmt_tenid":"M 26/373","type":"MINING LEASE","tenstatus":"LIVE","holder1":"NORTHERN STAR (KLV) PTY LTD","holder2":"NORTHERN STAR (SARACEN KALGOORLIE) PTY LTD","legal_area":0.5175000000000001,"unit_of_me":"HA.","_colour":"#f5a520","_label":"Mining Lease"}},{"type":"Feature","geometry":{"type":"Polygon","coordinates":[[[121.53650597562613,-30.788039742820633],[121.53487270925037,-30.787893766934143],[121.53425133162783,-30.79138774792647],[121.53617472805188,-30.79215122053679],[121.53621474243874,-30.792004603494256],[121.53650597562613,-30.788039742820633]]]},"properties":{"fmt_tenid":"M 26/375","type":"MINING LEASE","tenstatus":"LIVE","holder1":"NORTHERN STAR (KLV) PTY LTD","holder2":"NORTHERN STAR (SARACEN KALGOORLIE) PTY LTD","legal_area":7.467,"unit_of_me":"HA.","_colour":"#f5a520","_label":"Mining Lease"}},{"type":"Feature","geometry":{"type":"Polygon","coordinates":[[[121.5351105204707,-30.786556484078176],[121.53487270925037,-30.787893766934143],[121.53650597562613,-30.788039742820633],[121.5351105204707,-30.786556484078176]]]},"properties":{"fmt_tenid":"M 26/376","type":"MINING LEASE","tenstatus":"LIVE","holder1":"NORTHERN STAR (KLV) PTY LTD","holder2":"NORTHERN STAR (SARACEN KALGOORLIE) PTY LTD","legal_area":1.1775,"unit_of_me":"HA.","_colour":"#f5a520","_label":"Mining Lease"}},{"type":"Feature","geometry":{"type":"Polygon","coordinates":[[[121.51255034881093,-30.800007431055672],[121.51280028602606,-30.800389111394235],[121.51320728613385,-30.80101063693384],[121.51325280681156,-30.801080150993315],[121.51384270456408,-30.800792312824072],[121.51390711764553,-30.800760882806195],[121.51305935144806,-30.799759062919698],[121.51255034881093,-30.800007431055672]]]},"properties":{"fmt_tenid":"M 26/377","type":"MINING LEASE","tenstatus":"LIVE","holder1":"NORTHERN STAR (KLV) PTY LTD","holder2":"NORTHERN STAR (SARACEN KALGOORLIE) PTY LTD","legal_area":0.8735,"unit_of_me":"HA.","_colour":"#f5a520","_label":"Mining Lease"}},{"type":"Feature","geometry":{"type":"Polygon","coordinates":[[[121.5223236049343,-30.779542659406662],[121.5222567743981,-30.77946183312665],[121.5201857115661,-30.77980155052741],[121.51956969732453,-30.779437894815455],[121.51726455763354,-30.77807701053855],[121.51731182828381,-30.7781708327856],[121.51734287705418,-30.778232458947723],[121.52016353027099,-30.779897272818044],[121.5223236049343,-30.779542659406662]]]},"properties":{"fmt_tenid":"M 26/379","type":"MINING LEASE","tenstatus":"LIVE","holder1":"NORTHERN STAR (KLV) PTY LTD","holder2":"NORTHERN STAR (SARACEN KALGOORLIE) PTY LTD","legal_area":0.538,"unit_of_me":"HA.","_colour":"#f5a520","_label":"Mining Lease"}},{"type":"Feature","geometry":{"type":"Polygon","coordinates":[[[121.51873842014425,-30.81656238627288],[121.51928305797416,-30.816199186447555],[121.5201530816836,-30.815619697127318],[121.51914814480234,-30.814495905793002],[121.51898429682906,-30.81431267741624],[121.518441666026,-30.814673789248552],[121.51780832324116,-30.815095683214594],[121.51756970731799,-30.815254632576757],[121.51873842014425,-30.81656238627288]]]},"properties":{"fmt_tenid":"M 26/382","type":"MINING LEASE","tenstatus":"LIVE","holder1":"NORTHERN STAR (KLV) PTY LTD","holder2":"NORTHERN STAR (SARACEN KALGOORLIE) PTY LTD","legal_area":3.1305,"unit_of_me":"HA.","_colour":"#f5a520","_label":"Mining Lease"}},{"type":"Feature","geometry":{"type":"Polygon","coordinates":[[[121.48930211658447,-30.737668432248835],[121.4892944646464,-30.737672805465728],[121.48941437783934,-30.737922141762347],[121.4899161281019,-30.738958830636832],[121.49011190130364,-30.739363098737815],[121.4896493543604,-30.739527380191937],[121.48979890485724,-30.74030281816815],[121.49091029114831,-30.741684711340316],[121.4921540808978,-30.743231296227936],[121.49176566829838,-30.743486032116067],[121.49152556915097,-30.743643495970307],[121.49148537929267,-30.743669854285848],[121.49122640819904,-30.743839694354353],[121.49165181976794,-30.744245300668737],[121.49296715727787,-30.745499375671173],[121.492203317531,-30.745779101361908],[121.49239529563566,-30.746300371464535],[121.49415050724603,-30.74557981991186],[121.49430529310735,-30.745516276153957],[121.49546826403588,-30.74762976264455],[121.4962798652167,-30.74910462870632],[121.49787277908459,-30.7520341188361],[121.49835729592407,-30.75181348417853],[121.49876082903168,-30.752475352518868],[121.49951316857263,-30.753708836810368],[121.49954266794727,-30.753757200976803],[121.49957990642028,-30.75381825318674],[121.49899204348895,-30.75410514055677],[121.49976705486884,-30.755285620420295],[121.50021797498944,-30.75590578827365],[121.50040798736025,-30.755825621238046],[121.50052059167189,-30.755986477727305],[121.50152973045188,-30.757428274034908],[121.50196524154883,-30.75805049085018],[121.50412876068604,-30.760706967255576],[121.50334617396102,-30.76119665447815],[121.50399424141982,-30.76208684178688],[121.50422086222827,-30.762435169770285],[121.50558941158884,-30.764538629245926],[121.50528963029036,-30.764657660058127],[121.50578585973986,-30.765996355918027],[121.50608731573229,-30.765764682767422],[121.50742489805982,-30.767064371136847],[121.50813594767246,-30.767854682243076],[121.5086146035581,-30.76858821336405],[121.5104768296599,-30.767389766121077],[121.514981360299,-30.764490625183377],[121.51687250529721,-30.763206337688235],[121.52108792372493,-30.760683797478322],[121.5188013293837,-30.75794826101134],[121.51870388154825,-30.75783167795648],[121.5264586960773,-30.75315246172836],[121.5254339760771,-30.75035265193777],[121.51370906385354,-30.74107457852233],[121.50986257281546,-30.740950947587528],[121.50522830702324,-30.74080370779278],[121.50112341374259,-30.735927973161246],[121.49979287471731,-30.73434611152113],[121.48930211658447,-30.737668432248835]]]},"properties":{"fmt_tenid":"M 26/383","type":"MINING LEASE","tenstatus":"LIVE","holder1":"NORTHERN STAR (KLV) PTY LTD","holder2":"NORTHERN STAR (SARACEN KALGOORLIE) PTY LTD","legal_area":653.45,"unit_of_me":"HA.","_colour":"#f5a520","_label":"Mining Lease"}},{"type":"Feature","geometry":{"type":"Polygon","coordinates":[[[121.49161323618358,-30.765089574143026],[121.49134845197919,-30.764893403345912],[121.49034144125501,-30.765912523040022],[121.48955278865803,-30.76607928986208],[121.49026406600196,-30.766819038692866],[121.4903248469282,-30.766882250583695],[121.49039990283792,-30.766960311450354],[121.49076424641117,-30.767339230827808],[121.49207305434021,-30.76826560514898],[121.49232191656915,-30.76805661697692],[121.49304657201803,-30.767448066476835],[121.49364300827962,-30.766947182498647],[121.49396700399845,-30.7666987128928],[121.49236050172381,-30.765027786306785],[121.49230770850482,-30.76497289629479],[121.4922244697042,-30.764886356106413],[121.49202307776818,-30.76467697664788],[121.49198636279972,-30.764713939992394],[121.49161323618358,-30.765089574143026]]]},"properties":{"fmt_tenid":"M 26/388","type":"MINING LEASE","tenstatus":"LIVE","holder1":"NORTHERN STAR (KLV) PTY LTD","holder2":"NORTHERN STAR (SARACEN KALGOORLIE) PTY LTD","legal_area":8.427,"unit_of_me":"HA.","_colour":"#f5a520","_label":"Mining Lease"}},{"type":"Feature","geometry":{"type":"Polygon","coordinates":[[[121.51519110699326,-30.76805468443962],[121.51671025615049,-30.769795208633457],[121.51756018239612,-30.769242102849347],[121.52006712737608,-30.76761059008138],[121.5185476915636,-30.765869739682813],[121.51519110699326,-30.76805468443962]]]},"properties":{"fmt_tenid":"M 26/39","type":"MINING LEASE","tenstatus":"LIVE","holder1":"NORTHERN STAR (KLV) PTY LTD","holder2":"NORTHERN STAR (SARACEN KALGOORLIE) PTY LTD","legal_area":9.713000000000001,"unit_of_me":"HA.","_colour":"#f5a520","_label":"Mining Lease"}},{"type":"Feature","geometry":{"type":"Polygon","coordinates":[[[121.53274147395437,-30.89648760604995],[121.5307984244646,-30.898009973420784],[121.53412960808922,-30.900442620666947],[121.53578080502788,-30.898751749094966],[121.53274147395437,-30.89648760604995]]]},"properties":{"fmt_tenid":"M 26/396","type":"MINING LEASE","tenstatus":"LIVE","holder1":"NORTHERN STAR (KLV) PTY LTD","holder2":"NORTHERN STAR (SARACEN KALGOORLIE) PTY LTD","legal_area":9.9015,"unit_of_me":"HA.","_colour":"#f5a520","_label":"Mining Lease"}},{"type":"Feature","geometry":{"type":"Polygon","coordinates":[[[121.46023047134804,-30.73048078561969],[121.46016260550026,-30.73054278765482],[121.47039319421559,-30.739024993711325],[121.47210626517733,-30.737418267062615],[121.47247024514162,-30.73660088837747],[121.47118610594828,-30.735440282581965],[121.47230420003997,-30.734832833156602],[121.47196208920458,-30.734591394294757],[121.47076299919027,-30.7337100858174],[121.47023665187264,-30.73332322206947],[121.47072217806056,-30.732935573715107],[121.47142817494753,-30.732371891176964],[121.47223226021909,-30.733092266823107],[121.47250655494774,-30.732752244580368],[121.47024094421114,-30.730833147701613],[121.46829858772824,-30.72920529989926],[121.46836882963368,-30.729139859841858],[121.46865853025903,-30.72886283260123],[121.46804400087434,-30.728340919025204],[121.46867046891211,-30.728000510511723],[121.46898455744541,-30.72783026324886],[121.46911903324916,-30.727757168135184],[121.46586052249695,-30.725680673709228],[121.46577640866796,-30.725623223781785],[121.46564512393276,-30.7255335538957],[121.46023047134804,-30.73048078561969]]]},"properties":{"fmt_tenid":"M 26/40","type":"MINING LEASE","tenstatus":"LIVE","holder1":"NORTHERN STAR (KLV) PTY LTD","holder2":"NORTHERN STAR (SARACEN KALGOORLIE) PTY LTD","legal_area":83.13,"unit_of_me":"HA.","_colour":"#f5a520","_label":"Mining Lease"}},{"type":"Feature","geometry":{"type":"Polygon","coordinates":[[[121.53369587036352,-30.83220716500108],[121.53452705476514,-30.833714874175456],[121.53224854469394,-30.83465062624797],[121.53405547358426,-30.8379276616575],[121.53480153762185,-30.837621342609683],[121.53524658041238,-30.839419306709612],[121.53935947059874,-30.838661377249878],[121.54347253176282,-30.837903273115185],[121.54626577193625,-30.837388351959646],[121.54271250722873,-30.82807016166041],[121.53369587036352,-30.83220716500108]]]},"properties":{"fmt_tenid":"M 26/404","type":"MINING LEASE","tenstatus":"LIVE","holder1":"NORTHERN STAR (KLV) PTY LTD","holder2":"NORTHERN STAR (SARACEN KALGOORLIE) PTY LTD","legal_area":101.35,"unit_of_me":"HA.","_colour":"#f5a520","_label":"Mining Lease"}},{"type":"Feature","geometry":{"type":"Polygon","coordinates":[[[121.50497393625768,-30.79115475131466],[121.50516423342197,-30.79167349550164],[121.50548139916303,-30.792538070892512],[121.50575805427796,-30.79329220428388],[121.50568858023324,-30.79332022329326],[121.50608783772412,-30.793930340665685],[121.50610013764609,-30.793949135677995],[121.50612013951839,-30.79397990969834],[121.50629853638257,-30.794251982884123],[121.5064817292034,-30.79453225308689],[121.50684673476337,-30.795090018554642],[121.50689545139149,-30.795164460640052],[121.50699399763995,-30.795315050812125],[121.50731687918484,-30.795808440370017],[121.50838235244643,-30.795288639143656],[121.50865628476446,-30.79515499609059],[121.50926704992263,-30.79498159009254],[121.5114361013857,-30.794365733947533],[121.5116518416422,-30.794256808860023],[121.51320557862134,-30.79347232107341],[121.5124441559543,-30.792348384567127],[121.51265401261493,-30.792631068927808],[121.51466614486368,-30.794057017102787],[121.51541200185197,-30.79458556807329],[121.51628131823065,-30.793671000700154],[121.51781185696406,-30.79452091747677],[121.51839035290831,-30.794842309224922],[121.51848342128258,-30.794745578058578],[121.51867439605604,-30.794547085710988],[121.51871508622176,-30.794504793635834],[121.51902126747925,-30.794186557057778],[121.51906802829755,-30.794215719124896],[121.52145891965984,-30.791758628567045],[121.52001989605718,-30.790631753656733],[121.51993132121679,-30.79020783077801],[121.51969853177803,-30.789093678508245],[121.51872295110297,-30.788062729852616],[121.51785457768459,-30.787144480568507],[121.5175879860608,-30.786862573210357],[121.51742426389887,-30.786689443998764],[121.51720685600344,-30.786459542727744],[121.51695184028698,-30.786189872424124],[121.51732512153785,-30.785697810253584],[121.51838310992459,-30.78455153319431],[121.51814282446045,-30.784436409192534],[121.51791105667444,-30.783964591513726],[121.51964621395075,-30.78332782148636],[121.51815347011127,-30.779841299139758],[121.51734287705418,-30.778232458947723],[121.51731182828381,-30.7781708327856],[121.51726455763354,-30.77807701053855],[121.51646424060696,-30.77648848331506],[121.51627086506454,-30.776104647283102],[121.51558635281364,-30.776361726045828],[121.51476224928996,-30.776671224182074],[121.51152669782705,-30.773376825952624],[121.51192688784711,-30.773151769677884],[121.51208982926046,-30.773060137160385],[121.51127946156491,-30.770299289474234],[121.51064712777966,-30.770709796637046],[121.50903462713899,-30.77175659322285],[121.51024798288387,-30.77281813054594],[121.51032641918671,-30.772988222051858],[121.51066634061128,-30.773860659711488],[121.51001444491166,-30.774227258818556],[121.50865449545451,-30.7728427525613],[121.50862340935123,-30.77286551768046],[121.50852404802076,-30.772938281061702],[121.5084915149125,-30.772962104186607],[121.50825865813557,-30.77313262708211],[121.50801401514906,-30.772883497483075],[121.50773553230832,-30.772599902796717],[121.50769762746654,-30.772561300702897],[121.5076408227039,-30.772503454562177],[121.50703596924643,-30.771887484051494],[121.50664720994777,-30.772172197547892],[121.50661068982537,-30.7721989436888],[121.50543333583927,-30.773061180262815],[121.50439420022899,-30.773641730378284],[121.50339059029398,-30.7751995281542],[121.5033182470885,-30.77516477119046],[121.5013090015208,-30.77419940249283],[121.50114625708169,-30.774121205623302],[121.50129747191919,-30.773886515534816],[121.49946407611685,-30.773005502307054],[121.49851642974765,-30.772545058395682],[121.49731726520139,-30.773511308923926],[121.49718880906097,-30.773615044496456],[121.49704955881425,-30.773729179116923],[121.49696368805779,-30.773796840490387],[121.4966656043966,-30.774037556787942],[121.49619243215169,-30.77441966080422],[121.49611616746812,-30.774281207647327],[121.49610082353189,-30.774253353616082],[121.49535076672463,-30.772891782244905],[121.49541298127109,-30.77284338497927],[121.4958238038203,-30.77253362522593],[121.49625193751402,-30.772207999352123],[121.49568448461415,-30.77144999806639],[121.4952453289436,-30.771762609960735],[121.49425100556202,-30.772470401100517],[121.49555507238796,-30.77493553043869],[121.49471803975811,-30.775611154747423],[121.49536357566453,-30.776074012447086],[121.4959094134636,-30.77646537826173],[121.49675458567181,-30.775881605150555],[121.49726088353431,-30.77642829150538],[121.49930082537587,-30.77863021175845],[121.49962889940835,-30.778984468244683],[121.49948343516142,-30.779084921766522],[121.49946478300146,-30.779097786833056],[121.49835782344374,-30.779862134658725],[121.4988917876398,-30.780443180308332],[121.49746455525467,-30.78142032237672],[121.4966567926298,-30.78059705349286],[121.49636695061986,-30.780302336910722],[121.4939086304755,-30.782105204152963],[121.4945639878029,-30.782771757196798],[121.49549410079628,-30.783717806919974],[121.49621504595939,-30.783201980035233],[121.49801069827177,-30.785203150868707],[121.49868446554304,-30.785937482153326],[121.49975005912792,-30.7871024111306],[121.50008673052339,-30.78746987283497],[121.50037603081964,-30.787786786591735],[121.50056954999825,-30.78799812043441],[121.50083080521688,-30.788281837228574],[121.50118694746052,-30.78867045596117],[121.50220775984212,-30.789784334276842],[121.50250566686498,-30.790109390100067],[121.50350896064784,-30.7912040865809],[121.503766239519,-30.7914847994667],[121.50497393625768,-30.79115475131466]]]},"properties":{"fmt_tenid":"M 26/405","type":"MINING LEASE","tenstatus":"LIVE","holder1":"NORTHERN STAR (KLV) PTY LTD","holder2":"NORTHERN STAR (SARACEN KALGOORLIE) PTY LTD","legal_area":423.8,"unit_of_me":"HA.","_colour":"#f5a520","_label":"Mining Lease"}},{"type":"Feature","geometry":{"type":"Polygon","coordinates":[[[121.5322532351343,-30.914587537256683],[121.53200396167898,-30.913315603912128],[121.53449433579912,-30.912952905707947],[121.53468988542198,-30.913950993952447],[121.53647426660261,-30.913691105926237],[121.53604776893017,-30.911517413422356],[121.53763213073252,-30.909446237773828],[121.53366796940823,-30.908857645669254],[121.53314156540438,-30.90954940711224],[121.53265346005405,-30.907729805664417],[121.53029833821296,-30.909705827291244],[121.53208808834874,-30.91093378202279],[121.52928473793284,-30.911342677328616],[121.52923378387038,-30.911350108352554],[121.52993505813423,-30.914925436426955],[121.5322532351343,-30.914587537256683]]]},"properties":{"fmt_tenid":"M 26/416","type":"MINING LEASE","tenstatus":"LIVE","holder1":"NORTHERN STAR (KLV) PTY LTD","holder2":"NORTHERN STAR (SARACEN KALGOORLIE) PTY LTD","legal_area":33.88,"unit_of_me":"HA.","_colour":"#f5a520","_label":"Mining Lease"}},{"type":"Feature","geometry":{"type":"Polygon","coordinates":[[[121.52322982872127,-30.888900791727725],[121.52347906846497,-30.889776790125357],[121.53515067550397,-30.887630426676466],[121.53772826034425,-30.88703961019429],[121.53595412702434,-30.880091672367076],[121.53342552087199,-30.880661703024693],[121.53496272281748,-30.886872419298648],[121.52322982872127,-30.888900791727725]]]},"properties":{"fmt_tenid":"M 26/418","type":"MINING LEASE","tenstatus":"LIVE","holder1":"NORTHERN STAR (KLV) PTY LTD","holder2":"NORTHERN STAR (SARACEN KALGOORLIE) PTY LTD","legal_area":30.535,"unit_of_me":"HA.","_colour":"#f5a520","_label":"Mining Lease"}},{"type":"Feature","geometry":{"type":"Polygon","coordinates":[[[121.52416248019962,-30.81709594721471],[121.52458207329683,-30.817703016550283],[121.52506320242662,-30.818398639088226],[121.52583661757092,-30.819183988833984],[121.52706353297147,-30.820704425251133],[121.52798691834593,-30.821848676852717],[121.52910856815394,-30.823884561516113],[121.52996727474928,-30.825443118855382],[121.53091423313025,-30.82716109660758],[121.53180810650797,-30.82878270696311],[121.53272089191184,-30.830438560816205],[121.5334966192695,-30.83184573062021],[121.53369587036352,-30.83220716500108],[121.54271250722873,-30.82807016166041],[121.5358967013391,-30.820086450981737],[121.52416248019962,-30.81709594721471]]]},"properties":{"fmt_tenid":"M 26/432","type":"MINING LEASE","tenstatus":"LIVE","holder1":"NORTHERN STAR (KLV) PTY LTD","holder2":"NORTHERN STAR (SARACEN KALGOORLIE) PTY LTD","legal_area":125.65,"unit_of_me":"HA.","_colour":"#f5a520","_label":"Mining Lease"}},{"type":"Feature","geometry":{"type":"Polygon","coordinates":[[[121.53555901690426,-30.769109363215744],[121.53966465834183,-30.774114069023636],[121.54163268617502,-30.779265619173103],[121.54075402707697,-30.779269146756338],[121.53892562598709,-30.77448304866389],[121.53582535285067,-30.77637954450335],[121.53376392332677,-30.777640477465656],[121.5331808094326,-30.77801588004127],[121.5332395412205,-30.778203088231606],[121.53538179018372,-30.78503099735567],[121.5351105204707,-30.786556484078176],[121.53650597562613,-30.788039742820633],[121.53621474243874,-30.792004603494256],[121.53617472805188,-30.79215122053679],[121.53627326345931,-30.79219033275597],[121.54173859583229,-30.7937034495088],[121.54197278198319,-30.79364963591156],[121.543707641814,-30.793250961883214],[121.54535488215257,-30.792872397685223],[121.54566830009703,-30.7928003662162],[121.54620599930232,-30.792676787125473],[121.54671172863286,-30.79256055297887],[121.5496708342263,-30.79188040193615],[121.54974859842366,-30.791620520819645],[121.55040564752632,-30.789424628244806],[121.55107970638518,-30.787171786735666],[121.5515544047504,-30.78558518302866],[121.55178749974209,-30.784392397511397],[121.55216254173688,-30.782819868114228],[121.54691750383398,-30.7673454764965],[121.54667486627902,-30.766630367126943],[121.54615875879304,-30.766745491389464],[121.53555901690426,-30.769109363215744]]]},"properties":{"fmt_tenid":"M 26/448","type":"MINING LEASE","tenstatus":"LIVE","holder1":"NORTHERN STAR (KLV) PTY LTD","holder2":"NORTHERN STAR (SARACEN KALGOORLIE) PTY LTD","legal_area":373.3,"unit_of_me":"HA.","_colour":"#f5a520","_label":"Mining Lease"}},{"type":"Feature","geometry":{"type":"Polygon","coordinates":[[[121.55478010219474,-30.753731743550713],[121.56665201486747,-30.750773701227313],[121.56248867149698,-30.742654798231772],[121.55108134137167,-30.742284988056486],[121.55171432789108,-30.744244126824842],[121.55297105641722,-30.74813354473787],[121.55367286711414,-30.750305420440288],[121.55478010219474,-30.753731743550713]]]},"properties":{"fmt_tenid":"M 26/451","type":"MINING LEASE","tenstatus":"LIVE","holder1":"NORTHERN STAR (KLV) PTY LTD","holder2":"NORTHERN STAR (SARACEN KALGOORLIE) PTY LTD","legal_area":126.3,"unit_of_me":"HA.","_colour":"#f5a520","_label":"Mining Lease"}},{"type":"Feature","geometry":{"type":"Polygon","coordinates":[[[121.55179439976011,-30.974537059539298],[121.54648924562679,-30.97453892302678],[121.54643962088339,-30.99656288007011],[121.54658291974877,-30.999036877729367],[121.55499133784787,-30.999789597909317],[121.55499061040979,-30.996998317106467],[121.55895376295479,-30.996997422252605],[121.55867932494874,-30.99101418568208],[121.56021718856469,-30.991013811555412],[121.56021351632285,-30.98194339649351],[121.56021117309074,-30.97453845077752],[121.56009974206233,-30.974532684841545],[121.56011639276817,-30.97286958610487],[121.56016690486555,-30.967821768916796],[121.55178831804714,-30.967823624580628],[121.55179439976011,-30.974537059539298]]]},"properties":{"fmt_tenid":"M 26/452","type":"MINING LEASE","tenstatus":"LIVE","holder1":"NORTHERN STAR (SOUTH KALGOORLIE) PTY LTD","holder2":" ","legal_area":399.2,"unit_of_me":"HA.","_colour":"#f5a520","_label":"Mining Lease"}},{"type":"Feature","geometry":{"type":"Polygon","coordinates":[[[121.52398894613539,-30.776058417140366],[121.52570195058286,-30.77813107309327],[121.52616842850645,-30.7778612990423],[121.524534400693,-30.775745716206533],[121.52398894613539,-30.776058417140366]]]},"properties":{"fmt_tenid":"M 26/454","type":"MINING LEASE","tenstatus":"LIVE","holder1":"NORTHERN STAR (KLV) PTY LTD","holder2":"NORTHERN STAR (SARACEN KALGOORLIE) PTY LTD","legal_area":1.642,"unit_of_me":"HA.","_colour":"#f5a520","_label":"Mining Lease"}},{"type":"Feature","geometry":{"type":"Polygon","coordinates":[[[121.53256732575515,-30.996373079299698],[121.53247720307685,-30.99864624603782],[121.53409032910197,-30.998645197093005],[121.53390537999313,-31.017130739237327],[121.53497323156694,-31.01712770273068],[121.53497228884603,-31.02358749040078],[121.55499502746673,-31.022363066857817],[121.55499133784787,-30.999789597909317],[121.54658291974877,-30.999036877729367],[121.54643962088339,-30.99656288007011],[121.53256732575515,-30.996373079299698]]]},"properties":{"fmt_tenid":"M 26/458","type":"MINING LEASE","tenstatus":"LIVE","holder1":"NORTHERN STAR (SOUTH KALGOORLIE) PTY LTD","holder2":" ","legal_area":560.45,"unit_of_me":"HA.","_colour":"#f5a520","_label":"Mining Lease"}},{"type":"Feature","geometry":{"type":"Polygon","coordinates":[[[121.44130460701285,-30.590281850149903],[121.44938552788041,-30.597316460940256],[121.45247383816216,-30.600004495034845],[121.45815679308112,-30.605115951553177],[121.4656741734807,-30.598850140344844],[121.45837161526977,-30.592292692765046],[121.45694219438938,-30.59100901237077],[121.45455471908903,-30.588865028516576],[121.45216749825246,-30.586721134843632],[121.44978060082886,-30.584577393867583],[121.44901530867426,-30.583890032619347],[121.44275280943408,-30.58908150440207],[121.44130460701285,-30.590281850149903]]]},"properties":{"fmt_tenid":"M 26/459","type":"MINING LEASE","tenstatus":"LIVE","holder1":"NORTHERN STAR (KLV) PTY LTD","holder2":"NORTHERN STAR (SARACEN KALGOORLIE) PTY LTD","legal_area":232.4,"unit_of_me":"HA.","_colour":"#f5a520","_label":"Mining Lease"}},{"type":"Feature","geometry":{"type":"Polygon","coordinates":[[[121.49430350471063,-30.759659984288295],[121.49508687527637,-30.760291951136182],[121.49562384946739,-30.76105048348807],[121.49655499223111,-30.762365802472573],[121.4966652503932,-30.762306566758983],[121.49763908631293,-30.76360962340035],[121.49804220984599,-30.764149406873763],[121.4949951905122,-30.76591796065694],[121.49495386921,-30.765941944855552],[121.49607217262708,-30.767030236508145],[121.49696005628557,-30.767894266693474],[121.49725273670835,-30.76767000717557],[121.49897938158972,-30.76909449753586],[121.50134449335563,-30.771045620464843],[121.50059936421079,-30.77181781387745],[121.50068640742968,-30.771859663774407],[121.50214994018626,-30.772563308202294],[121.50264747849528,-30.772802705737476],[121.50381321952375,-30.77159937058068],[121.50386377499753,-30.771547185260946],[121.50528377786543,-30.770081333468866],[121.50546162868669,-30.76989773659312],[121.50457136949707,-30.76925524603802],[121.5061902399531,-30.768012331882556],[121.50742489805982,-30.767064371136847],[121.50608731573229,-30.765764682767422],[121.50578585973986,-30.765996355918027],[121.50528963029036,-30.764657660058127],[121.50558941158884,-30.764538629245926],[121.50422086222827,-30.762435169770285],[121.50401161725618,-30.762608771398565],[121.50379473349223,-30.762260908381563],[121.50316730697992,-30.76153319783653],[121.50236713248809,-30.76094566257282],[121.50102675768109,-30.760349465071908],[121.50119356042207,-30.760165874534223],[121.49978901839945,-30.759575298196324],[121.4994865084126,-30.759439149495957],[121.49773131765144,-30.75975344614694],[121.49645889336698,-30.758418710152423],[121.49430350471063,-30.759659984288295]]]},"properties":{"fmt_tenid":"M 26/46","type":"MINING LEASE","tenstatus":"LIVE","holder1":"NORTHERN STAR (KLV) PTY LTD","holder2":"NORTHERN STAR (SARACEN KALGOORLIE) PTY LTD","legal_area":98.405,"unit_of_me":"HA.","_colour":"#f5a520","_label":"Mining Lease"}},{"type":"Feature","geometry":{"type":"MultiPolygon","coordinates":[[[[121.53115731210342,-30.761894349856856],[121.53804792578978,-30.760331043146337],[121.53116782497362,-30.75488886902203],[121.52932857725455,-30.753433856972332],[121.52738398794645,-30.751895438216856],[121.5254339760771,-30.75035265193777],[121.5264586960773,-30.75315246172836],[121.52654189029016,-30.75358544622463],[121.52588341878435,-30.75397067677986],[121.53115731210342,-30.761894349856856]]],[[[121.52570987749155,-30.75407220412877],[121.52530812220836,-30.75430724061049],[121.52639557096428,-30.757507278210937],[121.52631187502882,-30.758040385055168],[121.52958723584308,-30.76225050805544],[121.53094799536369,-30.76194183308867],[121.52570987749155,-30.75407220412877]]]]},"properties":{"fmt_tenid":"M 26/462","type":"MINING LEASE","tenstatus":"LIVE","holder1":"NORTHERN STAR (KLV) PTY LTD","holder2":"NORTHERN STAR (SARACEN KALGOORLIE) PTY LTD","legal_area":66.45,"unit_of_me":"HA.","_colour":"#f5a520","_label":"Mining Lease"}},{"type":"Feature","geometry":{"type":"Polygon","coordinates":[[[121.54197278198319,-30.79364963591156],[121.54173859583229,-30.7937034495088],[121.54369297690761,-30.79424447477291],[121.54197278198319,-30.79364963591156]]]},"properties":{"fmt_tenid":"M 26/463","type":"MINING LEASE","tenstatus":"LIVE","holder1":"NORTHERN STAR (KLV) PTY LTD","holder2":"NORTHERN STAR (SARACEN KALGOORLIE) PTY LTD","legal_area":0.12300000000000001,"unit_of_me":"HA.","_colour":"#f5a520","_label":"Mining Lease"}},{"type":"Feature","geometry":{"type":"Polygon","coordinates":[[[121.53223199332332,-30.94981314951892],[121.5322804076639,-30.970029939811003],[121.53233693228866,-30.993747407658983],[121.53256732575515,-30.996373079299698],[121.54643962088339,-30.99656288007011],[121.54648924562679,-30.97453892302678],[121.55179439976011,-30.974537059539298],[121.55178831804714,-30.967823624580628],[121.54759788745723,-30.9678242913705],[121.54786814038013,-30.949799275194632],[121.54201556446196,-30.949802251741968],[121.54151417578346,-30.94980282904608],[121.53223199332332,-30.94981314951892]]]},"properties":{"fmt_tenid":"M 26/482","type":"MINING LEASE","tenstatus":"LIVE","holder1":"NORTHERN STAR (SOUTH KALGOORLIE) PTY LTD","holder2":" ","legal_area":762.4,"unit_of_me":"HA.","_colour":"#f5a520","_label":"Mining Lease"}},{"type":"Feature","geometry":{"type":"Polygon","coordinates":[[[121.54993712329629,-30.729035899949146],[121.55617063261137,-30.742418729719937],[121.56248867149698,-30.742654798231772],[121.56071960280522,-30.739027415903298],[121.56557828526046,-30.735662734522748],[121.56807894365063,-30.7339239542464],[121.56156749880678,-30.72696882880339],[121.55774361355334,-30.72950400281823],[121.55435723238313,-30.726297430279526],[121.54993712329629,-30.729035899949146]]]},"properties":{"fmt_tenid":"M 26/489","type":"MINING LEASE","tenstatus":"LIVE","holder1":"NORTHERN STAR (KLV) PTY LTD","holder2":"NORTHERN STAR (SARACEN KALGOORLIE) PTY LTD","legal_area":174.85,"unit_of_me":"HA.","_colour":"#f5a520","_label":"Mining Lease"}},{"type":"Feature","geometry":{"type":"Polygon","coordinates":[[[121.51322855044208,-30.70478127041239],[121.5202886160573,-30.71846090699754],[121.51878860209222,-30.718461083230505],[121.51728858799994,-30.718461239199524],[121.51728885645377,-30.721001520190192],[121.5155496527529,-30.722549446389895],[121.50959977815269,-30.728162426710316],[121.50144877642119,-30.72119005831306],[121.49786603079467,-30.72264647698556],[121.49205326257619,-30.72514381603567],[121.49818953698326,-30.732440200992997],[121.50359318328107,-30.732430251298975],[121.50359291796974,-30.73624735099286],[121.50987944678063,-30.736245226293573],[121.50987973490709,-30.738044709242068],[121.51346966832303,-30.740886357117095],[121.52019867236676,-30.74110141416842],[121.52581799833685,-30.741280537503773],[121.52793006099513,-30.741335838728702],[121.52793054363632,-30.73774219105172],[121.53003095381885,-30.737742135456813],[121.53237857683139,-30.73819465399674],[121.5320381764834,-30.74136078549235],[121.53660685060359,-30.741685981801588],[121.53219864383667,-30.727763206769474],[121.52227423945605,-30.70722477322304],[121.51850246809076,-30.699416688655703],[121.51322855044208,-30.70478127041239]]]},"properties":{"fmt_tenid":"M 26/495","type":"MINING LEASE","tenstatus":"LIVE","holder1":"NORTHERN STAR (KLV) PTY LTD","holder2":"NORTHERN STAR (SARACEN KALGOORLIE) PTY LTD","legal_area":774.9,"unit_of_me":"HA.","_colour":"#f5a520","_label":"Mining Lease"}},{"type":"Feature","geometry":{"type":"Polygon","coordinates":[[[121.51328319844906,-30.695697436090374],[121.51850246809076,-30.699416688655703],[121.52227423945605,-30.70722477322304],[121.53219864383667,-30.727763206769474],[121.53660685060359,-30.741685981801588],[121.55617063261137,-30.742418729719937],[121.54993712329629,-30.729035899949146],[121.55435723238313,-30.726297430279526],[121.54447758942943,-30.714740951799122],[121.54024506246454,-30.715792941506326],[121.53696026090445,-30.705663415584116],[121.5258940433426,-30.69600913155582],[121.52729590313905,-30.69482930719783],[121.522621737328,-30.690725828467965],[121.52252964315194,-30.69277389509581],[121.5203961324396,-30.69281141403307],[121.52049327472365,-30.69048795902917],[121.52236375414506,-30.69049948497795],[121.52082009854995,-30.689144225418325],[121.51328319844906,-30.695697436090374]]]},"properties":{"fmt_tenid":"M 26/496","type":"MINING LEASE","tenstatus":"LIVE","holder1":"NORTHERN STAR (KLV) PTY LTD","holder2":"NORTHERN STAR (SARACEN KALGOORLIE) PTY LTD","legal_area":886.4,"unit_of_me":"HA.","_colour":"#f5a520","_label":"Mining Lease"}},{"type":"Feature","geometry":{"type":"Polygon","coordinates":[[[121.56071960280522,-30.739027415903298],[121.56248867149698,-30.742654798231772],[121.56665201486747,-30.750773701227313],[121.56728842252794,-30.752093699022595],[121.5744653909166,-30.74979158707046],[121.56728542539214,-30.738412293209468],[121.56557828526046,-30.735662734522748],[121.56071960280522,-30.739027415903298]]]},"properties":{"fmt_tenid":"M 26/503","type":"MINING LEASE","tenstatus":"LIVE","holder1":"NORTHERN STAR (KLV) PTY LTD","holder2":"NORTHERN STAR (SARACEN KALGOORLIE) PTY LTD","legal_area":110.15,"unit_of_me":"HA.","_colour":"#f5a520","_label":"Mining Lease"}},{"type":"Feature","geometry":{"type":"Polygon","coordinates":[[[121.44515541353455,-30.660735164046248],[121.44419923624126,-30.659522666757184],[121.4484297586414,-30.67340562929218],[121.45630993630664,-30.671517780631792],[121.45247660385463,-30.65851156436117],[121.44683132376008,-30.659807849349363],[121.44515541353455,-30.660735164046248]]]},"properties":{"fmt_tenid":"M 26/504","type":"MINING LEASE","tenstatus":"LIVE","holder1":"NORTHERN STAR (KLV) PTY LTD","holder2":"NORTHERN STAR (SARACEN KALGOORLIE) PTY LTD","legal_area":117.405,"unit_of_me":"HA.","_colour":"#f5a520","_label":"Mining Lease"}},{"type":"Feature","geometry":{"type":"Polygon","coordinates":[[[121.5358967013391,-30.820086450981737],[121.52598021314375,-30.808357753977475],[121.52403102491972,-30.815953595691372],[121.52320167303421,-30.81570580917973],[121.52416248019962,-30.81709594721471],[121.5358967013391,-30.820086450981737]]]},"properties":{"fmt_tenid":"M 26/505","type":"MINING LEASE","tenstatus":"LIVE","holder1":"NORTHERN STAR (KLV) PTY LTD","holder2":"NORTHERN STAR (SARACEN KALGOORLIE) PTY LTD","legal_area":59.492,"unit_of_me":"HA.","_colour":"#f5a520","_label":"Mining Lease"}},{"type":"Feature","geometry":{"type":"Polygon","coordinates":[[[121.50361527879882,-30.828589100170376],[121.51085614086305,-30.824981448131062],[121.50955006216198,-30.823028901130055],[121.50327560113725,-30.813657100462397],[121.49589125781252,-30.817040394333066],[121.50361527879882,-30.828589100170376]]]},"properties":{"fmt_tenid":"M 26/511","type":"MINING LEASE","tenstatus":"LIVE","holder1":"NORTHERN STAR (KLV) PTY LTD","holder2":"NORTHERN STAR (SARACEN KALGOORLIE) PTY LTD","legal_area":117.11,"unit_of_me":"HA.","_colour":"#f5a520","_label":"Mining Lease"}},{"type":"Feature","geometry":{"type":"Polygon","coordinates":[[[121.51928305797416,-30.816199186447555],[121.5198727789839,-30.817268856710253],[121.52013916000588,-30.81775202774379],[121.5209374011321,-30.819200312877722],[121.52274388567125,-30.822477747073457],[121.52046603985707,-30.823412753013837],[121.52227187044511,-30.826690290637057],[121.52407782204958,-30.82996779840745],[121.52588387872584,-30.833245245326903],[121.52360570261206,-30.83417990049567],[121.52541155532506,-30.83745659846808],[121.52577279747626,-30.838112037840407],[121.52667590286696,-30.83975059194731],[121.52721778794044,-30.84073373277065],[121.526992050029,-30.840826403304852],[121.52701896717397,-30.840935045254277],[121.52866513101456,-30.84063153441126],[121.52954296365213,-30.84418023023441],[121.53042086122036,-30.847728916682467],[121.53077246603048,-30.849150122555226],[121.5291261973382,-30.849453351203813],[121.52955995158517,-30.85120555289621],[121.52965340406705,-30.851583047602524],[121.533767282226,-30.85082522259549],[121.53429453583703,-30.852954848355772],[121.53840828576814,-30.852196755726307],[121.54252197282683,-30.85143853537917],[121.54293531036691,-30.853587844579337],[121.55127678349828,-30.852051038043403],[121.55074933553522,-30.8499216690356],[121.55022186746564,-30.84779211999355],[121.54890318893635,-30.84803507172822],[121.54626577193625,-30.837388351959646],[121.54347253176282,-30.837903273115185],[121.53935947059874,-30.838661377249878],[121.53524658041238,-30.839419306709612],[121.53480153762185,-30.837621342609683],[121.53405547358426,-30.8379276616575],[121.53224854469394,-30.83465062624797],[121.53452705476514,-30.833714874175456],[121.53369587036352,-30.83220716500108],[121.5334966192695,-30.83184573062021],[121.53272089191184,-30.830438560816205],[121.53180810650797,-30.82878270696311],[121.53091423313025,-30.82716109660758],[121.52996727474928,-30.825443118855382],[121.52910856815394,-30.823884561516113],[121.52798691834593,-30.821848676852717],[121.52706353297147,-30.820704425251133],[121.52583661757092,-30.819183988833984],[121.52506320242662,-30.818398639088226],[121.52458207329683,-30.817703016550283],[121.52416248019962,-30.81709594721471],[121.52320167303421,-30.81570580917973],[121.52403102491972,-30.815953595691372],[121.52598021314375,-30.808357753977475],[121.52638853125147,-30.806767033603787],[121.51418316485316,-30.803816406178107],[121.51387227152779,-30.80491224202406],[121.51524220452458,-30.80519981621262],[121.51505615394841,-30.805857051705154],[121.51368896895053,-30.805562180534963],[121.51170783017307,-30.812580129632885],[121.51443111220618,-30.813264605712643],[121.51818566605711,-30.814208354278872],[121.518441666026,-30.814673789248552],[121.51898429682906,-30.81431267741624],[121.51914814480234,-30.814495905793002],[121.5201530816836,-30.815619697127318],[121.51928305797416,-30.816199186447555]]]},"properties":{"fmt_tenid":"M 26/518","type":"MINING LEASE","tenstatus":"LIVE","holder1":"NORTHERN STAR (KLV) PTY LTD","holder2":"NORTHERN STAR (SARACEN KALGOORLIE) PTY LTD","legal_area":588.484,"unit_of_me":"HA.","_colour":"#f5a520","_label":"Mining Lease"}},{"type":"Feature","geometry":{"type":"Polygon","coordinates":[[[121.519019142752,-30.87814845696045],[121.53803852780973,-30.87822502997777],[121.53760951255596,-30.876591851307076],[121.53668096062039,-30.873056835759026],[121.53575953925763,-30.869548766157138],[121.53488193734627,-30.86620731119571],[121.53334302038861,-30.8664910406048],[121.53303149039203,-30.865232352175756],[121.53281590439396,-30.864361292585606],[121.53236912339682,-30.86255605147339],[121.5322887003972,-30.862231094638734],[121.53176167839844,-30.860101577763547],[121.53170694939847,-30.85988043688449],[121.53123465339768,-30.857972025960443],[121.53104478439693,-30.85720482340937],[121.53070761439494,-30.855842424229543],[121.53038260280101,-30.854529173164902],[121.53018056277118,-30.85371281786621],[121.52972035541163,-30.851853356389473],[121.52965340406705,-30.851583047602524],[121.52955995158517,-30.85120555289621],[121.52613461049177,-30.85120051700125],[121.5189135714235,-30.851189636197677],[121.51050446719708,-30.85117624373499],[121.50584263462518,-30.851168624461227],[121.51052611910423,-30.85989588663903],[121.51041991001286,-30.860773007688543],[121.51285086665727,-30.8641813410832],[121.51487301243533,-30.868798177741805],[121.51467647842385,-30.868760837017387],[121.519019142752,-30.87814845696045]]]},"properties":{"fmt_tenid":"M 26/519","type":"MINING LEASE","tenstatus":"LIVE","holder1":"NORTHERN STAR (KLV) PTY LTD","holder2":"NORTHERN STAR (SARACEN KALGOORLIE) PTY LTD","legal_area":600.02,"unit_of_me":"HA.","_colour":"#f5a520","_label":"Mining Lease"}},{"type":"Feature","geometry":{"type":"Polygon","coordinates":[[[121.54329774083101,-30.889747781140684],[121.54279814608056,-30.88622646573885],[121.54238701705759,-30.886292629760526],[121.54152141726514,-30.8827574758748],[121.54123384554129,-30.881582961507547],[121.56097410951426,-30.87792695148787],[121.56062227414714,-30.876539548026674],[121.55878490153391,-30.869293538095896],[121.55980911711289,-30.86912803530555],[121.558027763077,-30.861941076428817],[121.55749997898211,-30.859811495994034],[121.55338830148985,-30.860569605753966],[121.55286039305385,-30.858439496820623],[121.55233260654506,-30.85630978599334],[121.55180485335455,-30.854180102016485],[121.55127678349828,-30.852051038043403],[121.54293531036691,-30.853587844579337],[121.54252197282683,-30.85143853537917],[121.53840828576814,-30.852196755726307],[121.53429453583703,-30.852954848355772],[121.533767282226,-30.85082522259549],[121.52965340406705,-30.851583047602524],[121.52972035541163,-30.851853356389473],[121.53018056277118,-30.85371281786621],[121.53038260280101,-30.854529173164902],[121.53070761439494,-30.855842424229543],[121.53104478439693,-30.85720482340937],[121.53123465339768,-30.857972025960443],[121.53170694939847,-30.85988043688449],[121.53176167839844,-30.860101577763547],[121.5322887003972,-30.862231094638734],[121.53236912339682,-30.86255605147339],[121.53281590439396,-30.864361292585606],[121.53303149039203,-30.865232352175756],[121.53334302038861,-30.8664910406048],[121.53488193734627,-30.86620731119571],[121.53575953925763,-30.869548766157138],[121.53668096062039,-30.873056835759026],[121.53760951255596,-30.876591851307076],[121.53803852780973,-30.87822502997777],[121.53839522393483,-30.879583062514136],[121.53595412702434,-30.880091672367076],[121.53772826034425,-30.88703961019429],[121.53860697225436,-30.8904797873456],[121.53926250966384,-30.890395247162314],[121.54082776458768,-30.890192781746812],[121.54160637380139,-30.892902527120178],[121.54178704915518,-30.893531222176712],[121.54409173307907,-30.892912502228018],[121.54329774083101,-30.889747781140684]],[[121.546513595013,-30.871273772121697],[121.54568336377207,-30.867921940280272],[121.54480574399646,-30.864378534847084],[121.54568742429079,-30.864216235488122],[121.547400099075,-30.871130864372308],[121.546513595013,-30.871273772121697]]]},"properties":{"fmt_tenid":"M 26/520","type":"MINING LEASE","tenstatus":"LIVE","holder1":"NORTHERN STAR (KLV) PTY LTD","holder2":"NORTHERN STAR (SARACEN KALGOORLIE) PTY LTD","legal_area":736.97,"unit_of_me":"HA.","_colour":"#f5a520","_label":"Mining Lease"}},{"type":"Feature","geometry":{"type":"Polygon","coordinates":[[[121.53081023605638,-30.891133596752795],[121.53080034746415,-30.898014123422445],[121.53273995495545,-30.896483022047935],[121.53876592698441,-30.896491015374533],[121.53802616423023,-30.894891985163888],[121.54178712715513,-30.89353088017665],[121.54160641380139,-30.892902275120107],[121.53993419828875,-30.893105901779055],[121.53944876379349,-30.891146189351282],[121.53926267666388,-30.890394929162124],[121.53860701625437,-30.890479644345522],[121.53772834634425,-30.887039424194246],[121.53515050750389,-30.887630397676485],[121.52347880646478,-30.88977681412548],[121.52322970572116,-30.888900718727697],[121.53496279681762,-30.886872339298566],[121.533425415872,-30.88066188702481],[121.53595399202422,-30.880091598367017],[121.53839520593479,-30.879582899514045],[121.53803845780978,-30.87822480397768],[121.51901929975205,-30.878148439960047],[121.52100216564207,-30.882089081609124],[121.513989072332,-30.882073709247685],[121.51396925692104,-30.891109858171166],[121.51789165020647,-30.89111537329617],[121.51236653652168,-30.89589813779916],[121.5124418147654,-30.91369793542852],[121.52238569217978,-30.913663388259863],[121.52637826987294,-30.913643810498662],[121.5291842608861,-30.911251301334545],[121.52696266395085,-30.90923105541416],[121.51832578290718,-30.901375730497595],[121.52443353375503,-30.896382811386207],[121.52490321236505,-30.89600803405057],[121.52341729976125,-30.8947174897875],[121.51926345925669,-30.891117273444245],[121.52239505580641,-30.891126981158376],[121.53081023605638,-30.891133596752795]]]},"properties":{"fmt_tenid":"M 26/521","type":"MINING LEASE","tenstatus":"LIVE","holder1":"NORTHERN STAR (KLV) PTY LTD","holder2":"NORTHERN STAR (SARACEN KALGOORLIE) PTY LTD","legal_area":565.258,"unit_of_me":"HA.","_colour":"#f5a520","_label":"Mining Lease"}},{"type":"Feature","geometry":{"type":"Polygon","coordinates":[[[121.52900358408215,-30.899552266761283],[121.52490321236505,-30.89600803405057],[121.52443353375503,-30.896382811386207],[121.53529182872647,-30.906257193121117],[121.53780150957805,-30.90863825638144],[121.5394486045074,-30.910206252977563],[121.54230341320982,-30.912923377427088],[121.54760894673119,-30.917972537947385],[121.54762906377138,-30.904761600548635],[121.552237463849,-30.9047659406404],[121.55600124309642,-30.904769368404395],[121.5626107452348,-30.904775126257125],[121.56253714804924,-30.90454151113264],[121.57002357982795,-30.903434637225327],[121.56721017927521,-30.892752825750375],[121.56485792246423,-30.89323936240327],[121.54481316669927,-30.897383439157554],[121.54508054358304,-30.898098072022425],[121.54036221657552,-30.899938342426285],[121.53876592698441,-30.896491015374533],[121.53273995495545,-30.896483022047935],[121.53577973702792,-30.898747405093534],[121.53412851109032,-30.900439225666165],[121.53080034746415,-30.898014123422445],[121.52900358408215,-30.899552266761283]]]},"properties":{"fmt_tenid":"M 26/522","type":"MINING LEASE","tenstatus":"LIVE","holder1":"NORTHERN STAR (KLV) PTY LTD","holder2":"NORTHERN STAR (SARACEN KALGOORLIE) PTY LTD","legal_area":442.815,"unit_of_me":"HA.","_colour":"#f5a520","_label":"Mining Lease"}},{"type":"Feature","geometry":{"type":"Polygon","coordinates":[[[121.56720953127578,-30.89275179075005],[121.57002468482239,-30.9034369732259],[121.5625376890399,-30.90454441113388],[121.56261113322607,-30.904777869258215],[121.56441974897878,-30.90477948558578],[121.57074117371765,-30.904785138577246],[121.57283315536849,-30.904786957783127],[121.57281890945342,-30.91839451342599],[121.57388821342659,-30.91839519544845],[121.57360686729422,-30.915524056580352],[121.57594118574087,-30.915463316573305],[121.57633449565186,-30.918396735499826],[121.58121554331797,-30.918399639786827],[121.58963410570962,-30.918404219240365],[121.59805162849973,-30.918408246749475],[121.59803375153176,-30.904805217398568],[121.58961764235855,-30.90479974722211],[121.5812000412006,-30.90479375670432],[121.5811848727099,-30.891185286743923],[121.57284579544545,-30.891179051360734],[121.56433347248397,-30.89117213172062],[121.5648575714648,-30.89323841640288],[121.56720953127578,-30.89275179075005]]]},"properties":{"fmt_tenid":"M 26/523","type":"MINING LEASE","tenstatus":"LIVE","holder1":"NORTHERN STAR (KLV) PTY LTD","holder2":"NORTHERN STAR (SARACEN KALGOORLIE) PTY LTD","legal_area":549.401,"unit_of_me":"HA.","_colour":"#f5a520","_label":"Mining Lease"}},{"type":"Feature","geometry":{"type":"Polygon","coordinates":[[[121.53529182872647,-30.906257193121117],[121.52443353375503,-30.896382811386207],[121.51832578290718,-30.901375730497595],[121.52696266395085,-30.90923105541416],[121.5291842608861,-30.911251301334545],[121.52637826987294,-30.913643810498662],[121.52679802520679,-30.916770312874434],[121.52653322338229,-30.924841763545928],[121.52661934277882,-30.934497404084464],[121.53127901832902,-30.934426996070897],[121.53223199332332,-30.94981314951892],[121.54151417578346,-30.94980282904608],[121.54201556446196,-30.949802251741968],[121.5420084833684,-30.936561247571607],[121.54755037533197,-30.9365558293363],[121.55211733897214,-30.936554442331104],[121.55280707376966,-30.936553948143334],[121.55597350343173,-30.936551638281642],[121.55596887763559,-30.93193635185312],[121.55596710354693,-30.92965444816876],[121.55596201430362,-30.92311494356638],[121.5476008029795,-30.92310547248509],[121.53707705233293,-30.923092786270193],[121.53708477564015,-30.918361934803364],[121.54760833912837,-30.918371750144733],[121.54760894673119,-30.917972537947385],[121.54230341320982,-30.912923377427088],[121.5394486045074,-30.910206252977563],[121.53780150957805,-30.90863825638144],[121.53529182872647,-30.906257193121117]],[[121.53265346005405,-30.907729805664417],[121.53314156540438,-30.90954940711224],[121.53366796940823,-30.908857645669254],[121.53763213473259,-30.90944623577379],[121.53604776893017,-30.911517413422356],[121.53647426660261,-30.913691105926237],[121.53468988542198,-30.913950993952447],[121.53449433579912,-30.912952905707947],[121.53200396167898,-30.913315603912128],[121.5322532351343,-30.914587537256683],[121.52993505813423,-30.914925436426955],[121.52923378387038,-30.911350108352554],[121.52928473793284,-30.911342677328616],[121.53208808834874,-30.91093378202279],[121.53029833821296,-30.909705827291244],[121.53265346005405,-30.907729805664417]]]},"properties":{"fmt_tenid":"M 26/524","type":"MINING LEASE","tenstatus":"LIVE","holder1":"NORTHERN STAR (KLV) PTY LTD","holder2":"NORTHERN STAR (SARACEN KALGOORLIE) PTY LTD","legal_area":851.419,"unit_of_me":"HA.","_colour":"#f5a520","_label":"Mining Lease"}},{"type":"Feature","geometry":{"type":"Polygon","coordinates":[[[121.546513595013,-30.871273772121697],[121.547400099075,-30.871130864372308],[121.54568742429079,-30.864216235488122],[121.54480574399646,-30.864378534847084],[121.54568336377207,-30.867921940280272],[121.546513595013,-30.871273772121697]]]},"properties":{"fmt_tenid":"M 26/525","type":"MINING LEASE","tenstatus":"LIVE","holder1":"NORTHERN STAR (KLV) PTY LTD","holder2":"NORTHERN STAR (SARACEN KALGOORLIE) PTY LTD","legal_area":6.75,"unit_of_me":"HA.","_colour":"#f5a520","_label":"Mining Lease"}},{"type":"Feature","geometry":{"type":"Polygon","coordinates":[[[121.5812000412006,-30.90479375670432],[121.58961764235855,-30.90479974722211],[121.58961399416535,-30.89120646543532],[121.5811848727099,-30.891185286743923],[121.5812000412006,-30.90479375670432]]]},"properties":{"fmt_tenid":"M 26/526","type":"MINING LEASE","tenstatus":"LIVE","holder1":"NORTHERN STAR (KLV) PTY LTD","holder2":"NORTHERN STAR (SARACEN KALGOORLIE) PTY LTD","legal_area":121.446,"unit_of_me":"HA.","_colour":"#f5a520","_label":"Mining Lease"}},{"type":"Feature","geometry":{"type":"Polygon","coordinates":[[[121.53926250966384,-30.890395247162314],[121.5394488307935,-30.891147405351624],[121.53993403628861,-30.893106074779162],[121.54160637380139,-30.892902527120178],[121.54082776458768,-30.890192781746812],[121.53926250966384,-30.890395247162314]]]},"properties":{"fmt_tenid":"M 26/527","type":"MINING LEASE","tenstatus":"LIVE","holder1":"NORTHERN STAR (KLV) PTY LTD","holder2":"NORTHERN STAR (SARACEN KALGOORLIE) PTY LTD","legal_area":4.807,"unit_of_me":"HA.","_colour":"#f5a520","_label":"Mining Lease"}},{"type":"Feature","geometry":{"type":"Polygon","coordinates":[[[121.52900358408215,-30.899552266761283],[121.53080034746415,-30.898014123422445],[121.53081023605638,-30.891133596752795],[121.52239505580641,-30.891126981158376],[121.51926345925669,-30.891117273444245],[121.52341729976125,-30.8947174897875],[121.52490321236505,-30.89600803405057],[121.52900358408215,-30.899552266761283]]]},"properties":{"fmt_tenid":"M 26/528","type":"MINING LEASE","tenstatus":"LIVE","holder1":"NORTHERN STAR (KLV) PTY LTD","holder2":"NORTHERN STAR (SARACEN KALGOORLIE) PTY LTD","legal_area":58.099,"unit_of_me":"HA.","_colour":"#f5a520","_label":"Mining Lease"}},{"type":"Feature","geometry":{"type":"Polygon","coordinates":[[[121.53707705233293,-30.923092786270193],[121.5476008029795,-30.92310547248509],[121.54760833912837,-30.918371750144733],[121.53708477564015,-30.918361934803364],[121.53707705233293,-30.923092786270193]]]},"properties":{"fmt_tenid":"M 26/529","type":"MINING LEASE","tenstatus":"LIVE","holder1":"NORTHERN STAR (KLV) PTY LTD","holder2":"NORTHERN STAR (SARACEN KALGOORLIE) PTY LTD","legal_area":52.76,"unit_of_me":"HA.","_colour":"#f5a520","_label":"Mining Lease"}},{"type":"Feature","geometry":{"type":"Polygon","coordinates":[[[121.57388821342659,-30.91839519544845],[121.57633449565186,-30.918396735499826],[121.57594118574087,-30.915463316573305],[121.57360686729422,-30.915524056580352],[121.57388821342659,-30.91839519544845]]]},"properties":{"fmt_tenid":"M 26/530","type":"MINING LEASE","tenstatus":"LIVE","holder1":"NORTHERN STAR (KLV) PTY LTD","holder2":"NORTHERN STAR (SARACEN KALGOORLIE) PTY LTD","legal_area":7.363,"unit_of_me":"HA.","_colour":"#f5a520","_label":"Mining Lease"}},{"type":"Feature","geometry":{"type":"Polygon","coordinates":[[[121.41616984337358,-30.706716249238934],[121.40841572622178,-30.690092574173],[121.4043229515491,-30.68133470848941],[121.39464012210519,-30.68490879026943],[121.40282205486791,-30.70111956812073],[121.39295268804015,-30.704931385192324],[121.40562173993793,-30.729418276487817],[121.42395953966431,-30.72341025955458],[121.41616984337358,-30.706716249238934]]]},"properties":{"fmt_tenid":"M 26/532","type":"MINING LEASE","tenstatus":"LIVE","holder1":"NORTHERN STAR (KLV) PTY LTD","holder2":"NORTHERN STAR (SARACEN KALGOORLIE) PTY LTD","legal_area":777.375,"unit_of_me":"HA.","_colour":"#f5a520","_label":"Mining Lease"}},{"type":"Feature","geometry":{"type":"Polygon","coordinates":[[[121.41088962442691,-30.689376149137924],[121.41247574834337,-30.68891678714628],[121.41882217293322,-30.687078532195038],[121.41662186745393,-30.68236270740446],[121.4271456831386,-30.678559004479055],[121.4248931311639,-30.67255299006259],[121.42532850430351,-30.672400950716572],[121.41841049971292,-30.65414366260246],[121.40704997326891,-30.65782777693356],[121.40979477709692,-30.66582807217263],[121.40270570565167,-30.665692354184422],[121.38608109658533,-30.665372551268568],[121.39464012210519,-30.68490879026943],[121.4043229515491,-30.68133470848941],[121.40841572622178,-30.690092574173],[121.41088962442691,-30.689376149137924]]]},"properties":{"fmt_tenid":"M 26/533","type":"MINING LEASE","tenstatus":"LIVE","holder1":"NORTHERN STAR (KLV) PTY LTD","holder2":"NORTHERN STAR (SARACEN KALGOORLIE) PTY LTD","legal_area":831.616,"unit_of_me":"HA.","_colour":"#f5a520","_label":"Mining Lease"}},{"type":"Feature","geometry":{"type":"Polygon","coordinates":[[[121.48536205673449,-30.751740413725024],[121.48587468918737,-30.75220309012301],[121.48703650501491,-30.75325166394469],[121.48725441614951,-30.75344833208458],[121.4855835051162,-30.75473495573471],[121.4853736205679,-30.754896522952777],[121.48517774198027,-30.755047397998062],[121.4853146277638,-30.755186920522284],[121.48659197135613,-30.756488849836604],[121.48680242199312,-30.756341787736112],[121.48749047129643,-30.757042176329822],[121.48858367101047,-30.756425135875823],[121.48819516378097,-30.75587336175136],[121.48908920091252,-30.755445949088678],[121.48845648891245,-30.755000911387867],[121.48978772871003,-30.754233195081156],[121.49017654088912,-30.754666546389316],[121.49041310706195,-30.7545080227263],[121.49140550289638,-30.753866795926132],[121.49216342483834,-30.753439050127234],[121.48956142360731,-30.750679112860272],[121.48942143728044,-30.75083056399378],[121.4892483183235,-30.750860916746184],[121.48895767839218,-30.750911874678494],[121.48791275474709,-30.751964423420603],[121.48766739772937,-30.751790606711726],[121.4873226254373,-30.751571176701763],[121.48717266932235,-30.751785010022644],[121.48647793395305,-30.75138163135626],[121.48586790336904,-30.751123012743474],[121.48536205673449,-30.751740413725024]]]},"properties":{"fmt_tenid":"M 26/54","type":"MINING LEASE","tenstatus":"LIVE","holder1":"NORTHERN STAR (KLV) PTY LTD","holder2":"NORTHERN STAR (SARACEN KALGOORLIE) PTY LTD","legal_area":22.89,"unit_of_me":"HA.","_colour":"#f5a520","_label":"Mining Lease"}},{"type":"Feature","geometry":{"type":"Polygon","coordinates":[[[121.51756970731799,-30.815254632576757],[121.51780832324116,-30.815095683214594],[121.518441666026,-30.814673789248552],[121.51818566605711,-30.814208354278872],[121.51443111220618,-30.813264605712643],[121.51845124941119,-30.818593403648862],[121.52013916000588,-30.81775202774379],[121.5198727789839,-30.817268856710253],[121.51928305797416,-30.816199186447555],[121.51873842014425,-30.81656238627288],[121.51756970731799,-30.815254632576757]]]},"properties":{"fmt_tenid":"M 26/550","type":"MINING LEASE","tenstatus":"LIVE","holder1":"NORTHERN STAR (KLV) PTY LTD","holder2":"NORTHERN STAR (SARACEN KALGOORLIE) PTY LTD","legal_area":11.077,"unit_of_me":"HA.","_colour":"#f5a520","_label":"Mining Lease"}},{"type":"Feature","geometry":{"type":"Polygon","coordinates":[[[121.55435723238313,-30.726297430279526],[121.55774361355334,-30.72950400281823],[121.56156749880678,-30.72696882880339],[121.55814463959413,-30.723312280449143],[121.55435723238313,-30.726297430279526]]]},"properties":{"fmt_tenid":"M 26/552","type":"MINING LEASE","tenstatus":"LIVE","holder1":"NORTHERN STAR (KLV) PTY LTD","holder2":"NORTHERN STAR (SARACEN KALGOORLIE) PTY LTD","legal_area":23.85,"unit_of_me":"HA.","_colour":"#f5a520","_label":"Mining Lease"}},{"type":"Feature","geometry":{"type":"Polygon","coordinates":[[[121.4881864788417,-30.82860402738539],[121.48518989953388,-30.83073163121169],[121.48762339716433,-30.834492918562002],[121.49780122957262,-30.834340659773748],[121.4899383001915,-30.822575322770973],[121.48708984802744,-30.822571616024884],[121.48390076588596,-30.82410874732248],[121.4881864788417,-30.82860402738539]]]},"properties":{"fmt_tenid":"M 26/557","type":"MINING LEASE","tenstatus":"LIVE","holder1":"NORTHERN STAR (KLV) PTY LTD","holder2":"NORTHERN STAR (SARACEN KALGOORLIE) PTY LTD","legal_area":96.752,"unit_of_me":"HA.","_colour":"#f5a520","_label":"Mining Lease"}},{"type":"Feature","geometry":{"type":"Polygon","coordinates":[[[121.51892876138922,-30.84393347480048],[121.50789296501958,-30.843915281717962],[121.50419746986942,-30.843908912902204],[121.50315816952676,-30.843907105318653],[121.5031574830323,-30.8442111896952],[121.50315441629033,-30.84556907037556],[121.5031539596258,-30.84577071662499],[121.50314308664315,-30.850587306574322],[121.50314178460388,-30.851164110285655],[121.50356070779375,-30.85116481439032],[121.50584263462518,-30.851168624461227],[121.51050446719708,-30.85117624373499],[121.5189135714235,-30.851189636197677],[121.51891820436397,-30.848977187855418],[121.51892419440831,-30.846116785122003],[121.51892876138922,-30.84393347480048]]]},"properties":{"fmt_tenid":"M 26/56","type":"MINING LEASE","tenstatus":"LIVE","holder1":"NORTHERN STAR (KLV) PTY LTD","holder2":"NORTHERN STAR (SARACEN KALGOORLIE) PTY LTD","legal_area":121.4,"unit_of_me":"HA.","_colour":"#f5a520","_label":"Mining Lease"}},{"type":"Feature","geometry":{"type":"Polygon","coordinates":[[[121.53497228884603,-31.02358749040078],[121.5349722092755,-31.024130387501366],[121.53497000058212,-31.039149347873597],[121.53496896777857,-31.046151909478535],[121.54588556304752,-31.046151678315262],[121.54632549938081,-31.046151649147685],[121.55501988912215,-31.0461507834758],[121.55499502746673,-31.022363066857817],[121.53497228884603,-31.02358749040078]]]},"properties":{"fmt_tenid":"M 26/567","type":"MINING LEASE","tenstatus":"LIVE","holder1":"NORTHERN STAR (SOUTH KALGOORLIE) PTY LTD","holder2":" ","legal_area":491.65,"unit_of_me":"HA.","_colour":"#f5a520","_label":"Mining Lease"}},{"type":"Feature","geometry":{"type":"Polygon","coordinates":[[[121.57810690614876,-30.769244154307994],[121.57894326979262,-30.77044425532532],[121.58044016068659,-30.7727523206105],[121.57966897230042,-30.77319272075689],[121.59407726238037,-30.79337795934233],[121.59911549253128,-30.801213169799553],[121.60770386439196,-30.796110144621625],[121.60824809178727,-30.79680147155554],[121.61484513018709,-30.792883002869488],[121.60611176684476,-30.78045767021262],[121.60527816470893,-30.77956291229249],[121.59853674474962,-30.769446053765183],[121.59048020559528,-30.757284921323635],[121.5827687746079,-30.761051136653144],[121.5854468166553,-30.765337758526368],[121.57810690614876,-30.769244154307994]]]},"properties":{"fmt_tenid":"M 26/573","type":"MINING LEASE","tenstatus":"LIVE","holder1":"NORTHERN STAR (KLV) PTY LTD","holder2":"NORTHERN STAR (SARACEN KALGOORLIE) PTY LTD","legal_area":751,"unit_of_me":"HA.","_colour":"#f5a520","_label":"Mining Lease"}},{"type":"Feature","geometry":{"type":"Polygon","coordinates":[[[121.4726773545205,-30.81518768123377],[121.47017705782282,-30.815092331777034],[121.47019916682535,-30.814762565433085],[121.46931762780146,-30.815230497370234],[121.47714773964297,-30.82711957352268],[121.47388922682202,-30.828928513835727],[121.48942169810493,-30.852555892652685],[121.5031539596258,-30.84577071662499],[121.50315441629033,-30.84556907037556],[121.5031574830323,-30.8442111896952],[121.50315816952676,-30.843907105318653],[121.50419746986942,-30.843908912902204],[121.49780122957262,-30.834340659773748],[121.48762339716433,-30.834492918562002],[121.48518989953388,-30.83073163121169],[121.4881864788417,-30.82860402738539],[121.48390076588596,-30.82410874732248],[121.48708984802744,-30.822571616024884],[121.48923578018017,-30.82152395998533],[121.48864896499464,-30.82064573520753],[121.49589125781252,-30.817040394333066],[121.50327560113725,-30.813657100462397],[121.49934920566865,-30.809197273265106],[121.4969959659399,-30.810328271295077],[121.49390606218874,-30.811813213581992],[121.49191934038612,-30.812767926676315],[121.49052085692104,-30.810599632536196],[121.48759883545021,-30.80603899762266],[121.47353640169331,-30.813082465231485],[121.47293361500698,-30.81202474435262],[121.47272198739157,-30.815189382081154],[121.4726773545205,-30.81518768123377]]]},"properties":{"fmt_tenid":"M 26/575","type":"MINING LEASE","tenstatus":"LIVE","holder1":"NORTHERN STAR (KLV) PTY LTD","holder2":"NORTHERN STAR (SARACEN KALGOORLIE) PTY LTD","legal_area":763.874,"unit_of_me":"HA.","_colour":"#f5a520","_label":"Mining Lease"}},{"type":"Feature","geometry":{"type":"Polygon","coordinates":[[[121.58252958287274,-30.730869740400628],[121.59023746971957,-30.742407551576193],[121.59784895987853,-30.753797256690337],[121.6050634185922,-30.750382203972674],[121.59754751040273,-30.73866680850006],[121.58984693041793,-30.727249086237855],[121.58252958287274,-30.730869740400628]]]},"properties":{"fmt_tenid":"M 26/577","type":"MINING LEASE","tenstatus":"LIVE","holder1":"NORTHERN STAR (KLV) PTY LTD","holder2":"NORTHERN STAR (SARACEN KALGOORLIE) PTY LTD","legal_area":237.056,"unit_of_me":"HA.","_colour":"#f5a520","_label":"Mining Lease"}},{"type":"Feature","geometry":{"type":"Polygon","coordinates":[[[121.46898455744541,-30.72783026324886],[121.46867046891211,-30.728000510511723],[121.46804400087434,-30.728340919025204],[121.46865853025903,-30.72886283260123],[121.46836882963368,-30.729139859841858],[121.46829858772824,-30.72920529989926],[121.47024094421114,-30.730833147701613],[121.47075165652814,-30.73038321727833],[121.47147065864513,-30.729749775655993],[121.4695237391793,-30.728100595858034],[121.46911903324916,-30.727757168135184],[121.46898455744541,-30.72783026324886]]]},"properties":{"fmt_tenid":"M 26/58","type":"MINING LEASE","tenstatus":"LIVE","holder1":"NORTHERN STAR (KLV) PTY LTD","holder2":"NORTHERN STAR (SARACEN KALGOORLIE) PTY LTD","legal_area":5.2215,"unit_of_me":"HA.","_colour":"#f5a520","_label":"Mining Lease"}},{"type":"Feature","geometry":{"type":"Polygon","coordinates":[[[121.56557828526046,-30.735662734522748],[121.56728542539214,-30.738412293209468],[121.5744653909166,-30.74979158707046],[121.57552366820065,-30.749452103034535],[121.5827687746079,-30.761051136653144],[121.59048020559528,-30.757284921323635],[121.57074221543482,-30.736702151008064],[121.56807894365063,-30.7339239542464],[121.56557828526046,-30.735662734522748]]]},"properties":{"fmt_tenid":"M 26/581","type":"MINING LEASE","tenstatus":"LIVE","holder1":"NORTHERN STAR (KLV) PTY LTD","holder2":"NORTHERN STAR (SARACEN KALGOORLIE) PTY LTD","legal_area":191.45,"unit_of_me":"HA.","_colour":"#f5a520","_label":"Mining Lease"}},{"type":"Feature","geometry":{"type":"Polygon","coordinates":[[[121.43796987521507,-30.72437164554119],[121.43452638895816,-30.72545273538848],[121.43516011423824,-30.727042771153478],[121.44692291577967,-30.72334408917458],[121.45417179760717,-30.730057872620385],[121.45672025153966,-30.72785529185186],[121.46383355034615,-30.724295735548772],[121.46335545117164,-30.723969244010416],[121.45969606492962,-30.72520565281587],[121.4590977899412,-30.72409294695926],[121.45741801949089,-30.725349209103065],[121.45166163427754,-30.719370935861388],[121.44547634484913,-30.721385274170373],[121.43796987521507,-30.72437164554119]]]},"properties":{"fmt_tenid":"M 26/589","type":"MINING LEASE","tenstatus":"LIVE","holder1":"NORTHERN STAR (KLV) PTY LTD","holder2":"NORTHERN STAR (SARACEN KALGOORLIE) PTY LTD","legal_area":101.678,"unit_of_me":"HA.","_colour":"#f5a520","_label":"Mining Lease"}},{"type":"Feature","geometry":{"type":"Polygon","coordinates":[[[121.43916635745033,-30.68224959310469],[121.4415418771109,-30.6869724647888],[121.44417201855326,-30.69220097862726],[121.44725122037681,-30.70049003132702],[121.4480068373912,-30.702523883038662],[121.45325201479588,-30.712947674820732],[121.46106445869447,-30.70990336209843],[121.46679344353566,-30.721287514777288],[121.46863433324543,-30.72254606403713],[121.4672000642262,-30.724111791490127],[121.4692299760173,-30.725405211783368],[121.47088404519697,-30.72645915652441],[121.47117363449199,-30.72664367031613],[121.47112310455431,-30.726671053362757],[121.4719800072046,-30.727396882804623],[121.47286131065744,-30.7281433632747],[121.47371701105763,-30.728868139802884],[121.47440577087426,-30.729451516453686],[121.47433818296469,-30.72948817351359],[121.47610495944284,-30.731040242765324],[121.47478952961757,-30.73263488813155],[121.47498899289101,-30.73281000706117],[121.47504076184043,-30.732745851208946],[121.47680320366224,-30.73348986057417],[121.47743284462324,-30.733015781269724],[121.4773993333934,-30.73200764174728],[121.47737054990831,-30.731141770828454],[121.47732717418208,-30.72983683388298],[121.47936453510337,-30.729784857946765],[121.47619990915577,-30.723278720682522],[121.46354082034867,-30.696207596249803],[121.45392607906084,-30.696125174394883],[121.45400962642437,-30.68890963216311],[121.4589723289369,-30.688953089712406],[121.45298715915473,-30.67705619424153],[121.43916635745033,-30.68224959310469]]]},"properties":{"fmt_tenid":"M 26/60","type":"MINING LEASE","tenstatus":"LIVE","holder1":"NORTHERN STAR (KLV) PTY LTD","holder2":"NORTHERN STAR (SARACEN KALGOORLIE) PTY LTD","legal_area":695.8,"unit_of_me":"HA.","_colour":"#f5a520","_label":"Mining Lease"}},{"type":"Feature","geometry":{"type":"Polygon","coordinates":[[[121.45298715915473,-30.67705619424153],[121.4589723289369,-30.688953089712406],[121.46966609291826,-30.689044376228427],[121.46961771476515,-30.693225113890865],[121.46960398430768,-30.694411611681335],[121.4695826835817,-30.696260942916094],[121.46354082034867,-30.696207596249803],[121.47619990915577,-30.723278720682522],[121.47936453510337,-30.729784857946765],[121.48091668366105,-30.72904261208813],[121.4813108609134,-30.728446165459086],[121.48343431707735,-30.72523292693902],[121.48597902327013,-30.72145675986606],[121.48361259113258,-30.716607048064795],[121.49247377730691,-30.713285246388356],[121.49822072434118,-30.711130738638865],[121.4932317695302,-30.701201568522325],[121.4844852879923,-30.70442273400373],[121.46787757099939,-30.671456783212538],[121.45298715915473,-30.67705619424153]],[[121.47018710869881,-30.686168721559884],[121.47228605037185,-30.686159214107903],[121.47230123614203,-30.688335561165623],[121.47020193009358,-30.688346099712085],[121.47018710869881,-30.686168721559884]]]},"properties":{"fmt_tenid":"M 26/61","type":"MINING LEASE","tenstatus":"LIVE","holder1":"NORTHERN STAR (KLV) PTY LTD","holder2":"NORTHERN STAR (SARACEN KALGOORLIE) PTY LTD","legal_area":919.8,"unit_of_me":"HA.","_colour":"#f5a520","_label":"Mining Lease"}},{"type":"Feature","geometry":{"type":"Polygon","coordinates":[[[121.43452638895816,-30.72545273538848],[121.43796987521507,-30.72437164554119],[121.42819077239703,-30.707117230615435],[121.42169180179424,-30.69324132954536],[121.42735838548812,-30.70746559401512],[121.43452638895816,-30.72545273538848]]]},"properties":{"fmt_tenid":"M 26/611","type":"MINING LEASE","tenstatus":"LIVE","holder1":"NORTHERN STAR (KLV) PTY LTD","holder2":"NORTHERN STAR (SARACEN KALGOORLIE) PTY LTD","legal_area":53.776,"unit_of_me":"HA.","_colour":"#f5a520","_label":"Mining Lease"}},{"type":"Feature","geometry":{"type":"Polygon","coordinates":[[[121.43103030586857,-30.688914862556867],[121.41247574834337,-30.68891678714628],[121.41088962442691,-30.689376149137924],[121.43120427243298,-30.68937856787249],[121.43103030586857,-30.688914862556867]]]},"properties":{"fmt_tenid":"M 26/612","type":"MINING LEASE","tenstatus":"LIVE","holder1":"NORTHERN STAR (KLV) PTY LTD","holder2":"NORTHERN STAR (SARACEN KALGOORLIE) PTY LTD","legal_area":9.53,"unit_of_me":"HA.","_colour":"#f5a520","_label":"Mining Lease"}},{"type":"Feature","geometry":{"type":"Polygon","coordinates":[[[121.51892419440831,-30.846116785122003],[121.5167112905627,-30.846116455631957],[121.51671068154818,-30.848976909778262],[121.51891820436397,-30.848977187855418],[121.51892419440831,-30.846116785122003]]]},"properties":{"fmt_tenid":"M 26/615","type":"MINING LEASE","tenstatus":"LIVE","holder1":"NORTHERN STAR (KLV) PTY LTD","holder2":"NORTHERN STAR (SARACEN KALGOORLIE) PTY LTD","legal_area":6.705,"unit_of_me":"HA.","_colour":"#f5a520","_label":"Mining Lease"}},{"type":"Feature","geometry":{"type":"Polygon","coordinates":[[[121.62290620717322,-30.83093844412261],[121.63144566562684,-30.82589323566742],[121.62191725779634,-30.813948523654346],[121.62761629826817,-30.810563164558538],[121.61484513018709,-30.792883002869488],[121.60824809178727,-30.79680147155554],[121.60770386439196,-30.796110144621625],[121.59911549253128,-30.801213169799553],[121.59884889498026,-30.801474863567694],[121.60990654115609,-30.815020155272467],[121.62290620717322,-30.83093844412261]]]},"properties":{"fmt_tenid":"M 26/622","type":"MINING LEASE","tenstatus":"LIVE","holder1":"NORTHERN STAR (KLV) PTY LTD","holder2":"NORTHERN STAR (SARACEN KALGOORLIE) PTY LTD","legal_area":570.5,"unit_of_me":"HA.","_colour":"#f5a520","_label":"Mining Lease"}},{"type":"Feature","geometry":{"type":"Polygon","coordinates":[[[121.6050634185922,-30.750382203972674],[121.61052805133608,-30.747794873567912],[121.60291297903746,-30.735848041938727],[121.59754751040273,-30.73866680850006],[121.6050634185922,-30.750382203972674]]]},"properties":{"fmt_tenid":"M 26/625","type":"MINING LEASE","tenstatus":"LIVE","holder1":"NORTHERN STAR (KLV) PTY LTD","holder2":"NORTHERN STAR (SARACEN KALGOORLIE) PTY LTD","legal_area":89.736,"unit_of_me":"HA.","_colour":"#f5a520","_label":"Mining Lease"}},{"type":"Feature","geometry":{"type":"Polygon","coordinates":[[[121.47289666434783,-30.7405086336321],[121.47460970613635,-30.73850490268282],[121.47394706012412,-30.7382172828783],[121.47346332548926,-30.738007317341417],[121.47210626517733,-30.737418267062615],[121.47039319421559,-30.739024993711325],[121.47263686609213,-30.740812507105368],[121.47289666434783,-30.7405086336321]]]},"properties":{"fmt_tenid":"M 26/626","type":"MINING LEASE","tenstatus":"LIVE","holder1":"NORTHERN STAR (KLV) PTY LTD","holder2":"NORTHERN STAR (SARACEN KALGOORLIE) PTY LTD","legal_area":7.745,"unit_of_me":"HA.","_colour":"#f5a520","_label":"Mining Lease"}},{"type":"Feature","geometry":{"type":"Polygon","coordinates":[[[121.50119210077176,-30.716637219087204],[121.50331415417098,-30.720405741597666],[121.50144877642119,-30.72119005831306],[121.50959977815269,-30.728162426710316],[121.5155496527529,-30.722549446389895],[121.51336614256581,-30.715426656158318],[121.51233624914651,-30.712045965758442],[121.50734959470536,-30.710419217844162],[121.50119210077176,-30.716637219087204]]]},"properties":{"fmt_tenid":"M 26/630","type":"MINING LEASE","tenstatus":"LIVE","holder1":"NORTHERN STAR (KLV) PTY LTD","holder2":"NORTHERN STAR (SARACEN KALGOORLIE) PTY LTD","legal_area":167.35,"unit_of_me":"HA.","_colour":"#f5a520","_label":"Mining Lease"}},{"type":"Feature","geometry":{"type":"Polygon","coordinates":[[[121.42560663090491,-30.736293439556107],[121.4228975372688,-30.7450029537267],[121.42702301488714,-30.742364227621014],[121.42899045803766,-30.745118030219185],[121.44650456080971,-30.73673763912082],[121.45417179760717,-30.730057872620385],[121.44692291577967,-30.72334408917458],[121.43516011423824,-30.727042771153478],[121.43733225422218,-30.73219822377153],[121.4293801808243,-30.734975087020718],[121.42560663090491,-30.736293439556107]]]},"properties":{"fmt_tenid":"M 26/631","type":"MINING LEASE","tenstatus":"LIVE","holder1":"NORTHERN STAR (KLV) PTY LTD","holder2":"NORTHERN STAR (SARACEN KALGOORLIE) PTY LTD","legal_area":320.607,"unit_of_me":"HA.","_colour":"#f5a520","_label":"Mining Lease"}},{"type":"Feature","geometry":{"type":"Polygon","coordinates":[[[121.43134247113248,-30.6897469471089],[121.42169180179424,-30.69324132954536],[121.42819077239703,-30.707117230615435],[121.43796987521507,-30.72437164554119],[121.44547634484913,-30.721385274170373],[121.45166163427754,-30.719370935861388],[121.45741801949089,-30.725349209103065],[121.4590977899412,-30.72409294695926],[121.4530959919433,-30.713008492252015],[121.45325201479588,-30.712947674820732],[121.4480068373912,-30.702523883038662],[121.44725122037681,-30.70049003132702],[121.44417201855326,-30.69220097862726],[121.4415418771109,-30.6869724647888],[121.43134247113248,-30.6897469471089]]]},"properties":{"fmt_tenid":"M 26/645","type":"MINING LEASE","tenstatus":"LIVE","holder1":"NORTHERN STAR (KLV) PTY LTD","holder2":"NORTHERN STAR (SARACEN KALGOORLIE) PTY LTD","legal_area":755.82,"unit_of_me":"HA.","_colour":"#f5a520","_label":"Mining Lease"}},{"type":"Feature","geometry":{"type":"Polygon","coordinates":[[[121.52793054363632,-30.73774219105172],[121.52793006099513,-30.741335838728702],[121.5300309847465,-30.741405442032253],[121.5320381764834,-30.74136078549235],[121.53237857683139,-30.73819465399674],[121.53003095381885,-30.737742135456813],[121.52793054363632,-30.73774219105172]]]},"properties":{"fmt_tenid":"M 26/646","type":"MINING LEASE","tenstatus":"LIVE","holder1":"NORTHERN STAR (KLV) PTY LTD","holder2":"NORTHERN STAR (SARACEN KALGOORLIE) PTY LTD","legal_area":16.025,"unit_of_me":"HA.","_colour":"#f5a520","_label":"Mining Lease"}},{"type":"Feature","geometry":{"type":"Polygon","coordinates":[[[121.52661934277882,-30.934497404084464],[121.52653322338229,-30.924841763545928],[121.52679802520679,-30.916770312874434],[121.52637826987294,-30.913643810498662],[121.52238569217978,-30.913663388259863],[121.52246596914522,-30.919960936730302],[121.51627993282612,-30.919917180937762],[121.51629544176022,-30.934255736133768],[121.51606604334471,-30.940271039447616],[121.52659797737239,-30.94025184223551],[121.52649962515488,-30.957776427855944],[121.53225092568799,-30.957715972871622],[121.53223199332332,-30.94981314951892],[121.53127901832902,-30.934426996070897],[121.52661934277882,-30.934497404084464]]]},"properties":{"fmt_tenid":"M 26/648","type":"MINING LEASE","tenstatus":"LIVE","holder1":"NORTHERN STAR (KLV) PTY LTD","holder2":"NORTHERN STAR (SARACEN KALGOORLIE) PTY LTD","legal_area":383.206,"unit_of_me":"HA.","_colour":"#f5a520","_label":"Mining Lease"}},{"type":"Feature","geometry":{"type":"Polygon","coordinates":[[[121.4271456831386,-30.678559004479055],[121.41662186745393,-30.68236270740446],[121.41882217293322,-30.687078532195038],[121.41247574834337,-30.68891678714628],[121.43103030586857,-30.688914862556867],[121.4271456831386,-30.678559004479055]]]},"properties":{"fmt_tenid":"M 26/661","type":"MINING LEASE","tenstatus":"LIVE","holder1":"NORTHERN STAR (KLV) PTY LTD","holder2":"NORTHERN STAR (SARACEN KALGOORLIE) PTY LTD","legal_area":112.289,"unit_of_me":"HA.","_colour":"#f5a520","_label":"Mining Lease"}},{"type":"Feature","geometry":{"type":"Polygon","coordinates":[[[121.41088962442691,-30.689376149137924],[121.40841572622178,-30.690092574173],[121.41616984337358,-30.706716249238934],[121.42395953966431,-30.72341025955458],[121.4293801808243,-30.734975087020718],[121.43733225422218,-30.73219822377153],[121.43516011423824,-30.727042771153478],[121.43452638895816,-30.72545273538848],[121.42735838548812,-30.70746559401512],[121.42169180179424,-30.69324132954536],[121.43134247113248,-30.6897469471089],[121.43120427243298,-30.68937856787249],[121.41088962442691,-30.689376149137924]]]},"properties":{"fmt_tenid":"M 26/662","type":"MINING LEASE","tenstatus":"LIVE","holder1":"NORTHERN STAR (KLV) PTY LTD","holder2":"NORTHERN STAR (SARACEN KALGOORLIE) PTY LTD","legal_area":520.314,"unit_of_me":"HA.","_colour":"#f5a520","_label":"Mining Lease"}},{"type":"Feature","geometry":{"type":"Polygon","coordinates":[[[121.51246646287821,-30.70557750221867],[121.51609049222226,-30.71263535337802],[121.51336614256581,-30.715426656158318],[121.5155496527529,-30.722549446389895],[121.51728885645377,-30.721001520190192],[121.51728858799994,-30.718461239199524],[121.51878860209222,-30.718461083230505],[121.5202886160573,-30.71846090699754],[121.51322855044208,-30.70478127041239],[121.51246646287821,-30.70557750221867]]]},"properties":{"fmt_tenid":"M 26/708","type":"MINING LEASE","tenstatus":"LIVE","holder1":"NORTHERN STAR (KLV) PTY LTD","holder2":"NORTHERN STAR (SARACEN KALGOORLIE) PTY LTD","legal_area":46.19,"unit_of_me":"HA.","_colour":"#f5a520","_label":"Mining Lease"}},{"type":"Feature","geometry":{"type":"Polygon","coordinates":[[[121.45969606492962,-30.72520565281587],[121.46335545117164,-30.723969244010416],[121.46230513587483,-30.723251984061825],[121.46370431728182,-30.72172280785926],[121.46513691709684,-30.720157042477542],[121.46679344353566,-30.721287514777288],[121.46106445869447,-30.70990336209843],[121.45325201479588,-30.712947674820732],[121.4530959919433,-30.713008492252015],[121.4590977899412,-30.72409294695926],[121.45969606492962,-30.72520565281587]]]},"properties":{"fmt_tenid":"M 26/713","type":"MINING LEASE","tenstatus":"LIVE","holder1":"NORTHERN STAR (KLV) PTY LTD","holder2":"NORTHERN STAR (SARACEN KALGOORLIE) PTY LTD","legal_area":113.021,"unit_of_me":"HA.","_colour":"#f5a520","_label":"Mining Lease"}},{"type":"Feature","geometry":{"type":"Polygon","coordinates":[[[121.52119228602349,-30.761019333113012],[121.52163709947583,-30.761595447387887],[121.52227068908505,-30.761588118522944],[121.52448189215845,-30.76122776358499],[121.52482857085259,-30.761299573604575],[121.52872729699111,-30.761293470567708],[121.52913231296188,-30.761851564094393],[121.52949563915666,-30.762483097409635],[121.52956128684968,-30.7630955487566],[121.52995340037286,-30.7633916607013],[121.53114364418234,-30.764343909613707],[121.5318118678844,-30.76510976128106],[121.53118973078327,-30.764310168822067],[121.52999185701437,-30.76335480988707],[121.52961348245711,-30.763074177968097],[121.52954250577142,-30.762449487618028],[121.52918558561238,-30.761834649298503],[121.52876333961582,-30.761243650762],[121.52482292656785,-30.761248841677883],[121.5244856108474,-30.76118193768169],[121.52226553174673,-30.761540584601747],[121.52165964888968,-30.761537331583597],[121.52123906056754,-30.760992117324623],[121.52119228602349,-30.761019333113012]]]},"properties":{"fmt_tenid":"M 26/715","type":"MINING LEASE","tenstatus":"LIVE","holder1":"NORTHERN STAR (KLV) PTY LTD","holder2":"NORTHERN STAR (SARACEN KALGOORLIE) PTY LTD","legal_area":0.6745,"unit_of_me":"HA.","_colour":"#f5a520","_label":"Mining Lease"}},{"type":"Feature","geometry":{"type":"Polygon","coordinates":[[[121.49621504595939,-30.783201980035233],[121.49549410079628,-30.783717806919974],[121.49467840027135,-30.784301417873078],[121.49484525975582,-30.78448738065005],[121.49575026915987,-30.785495980498403],[121.4979284036611,-30.78582372600199],[121.49868446554304,-30.785937482153326],[121.49801069827177,-30.785203150868707],[121.49621504595939,-30.783201980035233]]]},"properties":{"fmt_tenid":"M 26/724","type":"MINING LEASE","tenstatus":"LIVE","holder1":"NORTHERN STAR (KLV) PTY LTD","holder2":"NORTHERN STAR (SARACEN KALGOORLIE) PTY LTD","legal_area":5.264,"unit_of_me":"HA.","_colour":"#f5a520","_label":"Mining Lease"}},{"type":"Feature","geometry":{"type":"Polygon","coordinates":[[[121.56747155847209,-30.778674467720123],[121.59027486953282,-30.796691574480622],[121.59407726238037,-30.79337795934233],[121.57966897230042,-30.77319272075689],[121.57241365908389,-30.777334654734965],[121.56747155847209,-30.778674467720123]]]},"properties":{"fmt_tenid":"M 26/725","type":"MINING LEASE","tenstatus":"LIVE","holder1":"NORTHERN STAR (KLV) PTY LTD","holder2":"NORTHERN STAR (SARACEN KALGOORLIE) PTY LTD","legal_area":243.3,"unit_of_me":"HA.","_colour":"#f5a520","_label":"Mining Lease"}},{"type":"Feature","geometry":{"type":"Polygon","coordinates":[[[121.56283567517472,-30.77992961789282],[121.56747155847209,-30.778674467720123],[121.5449725115212,-30.760886618689856],[121.54667486627902,-30.766630367126943],[121.54691750383398,-30.7673454764965],[121.56283567517472,-30.77992961789282]]]},"properties":{"fmt_tenid":"M 26/738","type":"MINING LEASE","tenstatus":"LIVE","holder1":"NORTHERN STAR (KLV) PTY LTD","holder2":"NORTHERN STAR (SARACEN KALGOORLIE) PTY LTD","legal_area":100.4,"unit_of_me":"HA.","_colour":"#f5a520","_label":"Mining Lease"}},{"type":"Feature","geometry":{"type":"Polygon","coordinates":[[[121.48816224769601,-30.727992428329163],[121.48663880234136,-30.72835887330177],[121.48621366406637,-30.72847411320517],[121.48579827671894,-30.72861288481789],[121.48539438829769,-30.72877501613394],[121.48500360880354,-30.72895932715574],[121.48462730723634,-30.729165388879522],[121.48426704259617,-30.729392060300643],[121.4839245868819,-30.72963844640454],[121.48381223095274,-30.729730863697853],[121.48360214509059,-30.729903669164475],[121.48330020322342,-30.730186730580495],[121.4830204672797,-30.73048587763205],[121.48262915633497,-30.73092789899585],[121.4823606083725,-30.731240680107156],[121.48229416338745,-30.73131668590781],[121.48209287545045,-30.73154128942],[121.48093439491159,-30.73287205222101],[121.48089417494919,-30.732910223856326],[121.48070517706591,-30.733121880727513],[121.4804628232887,-30.73336204064971],[121.48031336546865,-30.73349126120025],[121.48020771957971,-30.733592134983212],[121.47994042393836,-30.733811654719226],[121.47985355908014,-30.733871098326713],[121.47979572816817,-30.733914285388007],[121.479661517364,-30.73402011684669],[121.47937160885525,-30.73421706035242],[121.47907133341077,-30.734402046220975],[121.47890114280752,-30.73446433172123],[121.4790270159032,-30.735193257431966],[121.47968185852423,-30.73513977864277],[121.48000115158857,-30.734943032865313],[121.4803297380228,-30.734719787547498],[121.48064586353513,-30.734483496688433],[121.48094883812668,-30.734234682303647],[121.48123799679838,-30.733973888405753],[121.48151270955096,-30.733701690004715],[121.48177237538472,-30.733418684107594],[121.48299446895551,-30.73201582295178],[121.48312610592826,-30.73186531238529],[121.48385879283711,-30.73103258825819],[121.4840956947963,-30.730779366735565],[121.48435120068629,-30.730540018867835],[121.48462423550757,-30.730315573668456],[121.48491363526095,-30.730106985150186],[121.485218162947,-30.72991513732439],[121.48553652056627,-30.729740843200965],[121.48586735511945,-30.72958484278865],[121.48620925360717,-30.72944779709501],[121.4865607660301,-30.729330287126565],[121.48692039438879,-30.72923280988911],[121.48842969765492,-30.728866757083647],[121.48867884620432,-30.728809887535228],[121.48973616235678,-30.728556956895694],[121.49093548576816,-30.72732615189224],[121.49043817164606,-30.727445683418672],[121.48816224769601,-30.727992428329163]]]},"properties":{"fmt_tenid":"M 26/744","type":"MINING LEASE","tenstatus":"LIVE","holder1":"NORTHERN STAR (KLV) PTY LTD","holder2":"NORTHERN STAR (SARACEN KALGOORLIE) PTY LTD","legal_area":13.84,"unit_of_me":"HA.","_colour":"#f5a520","_label":"Mining Lease"}},{"type":"Feature","geometry":{"type":"Polygon","coordinates":[[[121.47810723183933,-30.734666476503982],[121.47773661962324,-30.734864442219486],[121.477345000798,-30.7350293737723],[121.47693622795626,-30.735159675392023],[121.47690676710081,-30.735167645075848],[121.47676268180659,-30.735206625414722],[121.47639209360956,-30.73530687995847],[121.47603440233296,-30.73540364514517],[121.47600769646102,-30.73541086975406],[121.4759757076143,-30.735419523482957],[121.47570545490358,-30.735492632622186],[121.47557969251815,-30.735529316475823],[121.47521440850393,-30.735668164809173],[121.47514132696921,-30.735706707495076],[121.47487394958618,-30.73584771595906],[121.47456417466887,-30.736064802611555],[121.4742905868283,-30.73631556430766],[121.47405804802752,-30.73659554003569],[121.47403871125769,-30.736626937114263],[121.47450570120526,-30.73676090235119],[121.47514338810625,-30.736943831787624],[121.47536714366439,-30.736361834505523],[121.47592496722423,-30.736521919295978],[121.47629725750373,-30.73641721012143],[121.47676539831413,-30.73628554074848],[121.47679717016442,-30.736276604040725],[121.47682358103994,-30.736269176451984],[121.47719586827489,-30.736164465117955],[121.47741572022402,-30.73610262816536],[121.47781002025867,-30.735982821181018],[121.47819738617524,-30.7358471841819],[121.4785769659745,-30.735696014174906],[121.4789479266581,-30.735529643168043],[121.47930945122818,-30.735348435170863],[121.47966074268759,-30.735152788194213],[121.47968185852423,-30.73513977864277],[121.4790270159032,-30.735193257431966],[121.47890114280752,-30.73446433172123],[121.47866180687593,-30.734268157490085],[121.47845308519919,-30.734437493537957],[121.47810723183933,-30.734666476503982]]]},"properties":{"fmt_tenid":"M 26/745","type":"MINING LEASE","tenstatus":"LIVE","holder1":"NORTHERN STAR (KLV) PTY LTD","holder2":"NORTHERN STAR (SARACEN KALGOORLIE) PTY LTD","legal_area":5.444,"unit_of_me":"HA.","_colour":"#f5a520","_label":"Mining Lease"}},{"type":"Feature","geometry":{"type":"Polygon","coordinates":[[[121.47387065523547,-30.736899807786468],[121.47373167542668,-30.737223087553335],[121.47368299635372,-30.737364532882374],[121.47359333404555,-30.737625057480866],[121.47347777419623,-30.73796083023781],[121.47346332548926,-30.738007317341417],[121.47394706012412,-30.7382172828783],[121.47443951141489,-30.73693308278597],[121.47393864743997,-30.736789409516817],[121.47387065523547,-30.736899807786468]]]},"properties":{"fmt_tenid":"M 26/746","type":"MINING LEASE","tenstatus":"LIVE","holder1":"NORTHERN STAR (KLV) PTY LTD","holder2":"NORTHERN STAR (SARACEN KALGOORLIE) PTY LTD","legal_area":0.7725000000000001,"unit_of_me":"HA.","_colour":"#f5a520","_label":"Mining Lease"}},{"type":"Feature","geometry":{"type":"Polygon","coordinates":[[[121.54024506246454,-30.715792941506326],[121.54447758942943,-30.714740951799122],[121.55435723238313,-30.726297430279526],[121.55814463959413,-30.723312280449143],[121.5490840209247,-30.713631451771924],[121.54756606103544,-30.714912223690224],[121.53696026090445,-30.705663415584116],[121.54024506246454,-30.715792941506326]]]},"properties":{"fmt_tenid":"M 26/747","type":"MINING LEASE","tenstatus":"LIVE","holder1":"NORTHERN STAR (KLV) PTY LTD","holder2":"NORTHERN STAR (SARACEN KALGOORLIE) PTY LTD","legal_area":104.5,"unit_of_me":"HA.","_colour":"#f5a520","_label":"Mining Lease"}},{"type":"Feature","geometry":{"type":"Polygon","coordinates":[[[121.52638853125147,-30.806767033603787],[121.52598021314375,-30.808357753977475],[121.53965130837398,-30.81197000890351],[121.54082143264684,-30.80966715915524],[121.54278615744627,-30.80580023778918],[121.53049214111313,-30.803875340906867],[121.52736895812046,-30.802924291103874],[121.52638853125147,-30.806767033603787]]]},"properties":{"fmt_tenid":"M 26/748","type":"MINING LEASE","tenstatus":"LIVE","holder1":"NORTHERN STAR (KLV) PTY LTD","holder2":"NORTHERN STAR (SARACEN KALGOORLIE) PTY LTD","legal_area":94.298,"unit_of_me":"HA.","_colour":"#f5a520","_label":"Mining Lease"}},{"type":"Feature","geometry":{"type":"Polygon","coordinates":[[[121.57099122094178,-30.815305843138198],[121.58112619804788,-30.81681853510275],[121.58232588511913,-30.810649999281512],[121.58260905936709,-30.809193615840567],[121.582926869941,-30.80755943188791],[121.58319758479196,-30.806167257773925],[121.58134724440706,-30.80586275216676],[121.57297445023771,-30.804484241466835],[121.57201148594639,-30.810415361061576],[121.57099122094178,-30.815305843138198]]]},"properties":{"fmt_tenid":"M 26/760","type":"MINING LEASE","tenstatus":"LIVE","holder1":"NORTHERN STAR (KLV) PTY LTD","holder2":"NORTHERN STAR (SARACEN KALGOORLIE) PTY LTD","legal_area":118.7,"unit_of_me":"HA.","_colour":"#f5a520","_label":"Mining Lease"}},{"type":"Feature","geometry":{"type":"Polygon","coordinates":[[[121.55586246142583,-30.781817994735363],[121.55529620114542,-30.78546295958076],[121.55518039700087,-30.78620835244387],[121.56458808166532,-30.787340552671242],[121.5731534436008,-30.788084544973948],[121.56283567517472,-30.77992961789282],[121.55586246142583,-30.781817994735363]]]},"properties":{"fmt_tenid":"M 26/761","type":"MINING LEASE","tenstatus":"LIVE","holder1":"NORTHERN STAR (KLV) PTY LTD","holder2":"NORTHERN STAR (SARACEN KALGOORLIE) PTY LTD","legal_area":84.495,"unit_of_me":"HA.","_colour":"#f5a520","_label":"Mining Lease"}},{"type":"Feature","geometry":{"type":"Polygon","coordinates":[[[121.56728842252794,-30.752093699022595],[121.56983136649683,-30.757367647834037],[121.57810690614876,-30.769244154307994],[121.5854468166553,-30.765337758526368],[121.5827687746079,-30.761051136653144],[121.57552366820065,-30.749452103034535],[121.5744653909166,-30.74979158707046],[121.56728842252794,-30.752093699022595]]]},"properties":{"fmt_tenid":"M 26/778","type":"MINING LEASE","tenstatus":"LIVE","holder1":"NORTHERN STAR (KLV) PTY LTD","holder2":"NORTHERN STAR (SARACEN KALGOORLIE) PTY LTD","legal_area":179.75,"unit_of_me":"HA.","_colour":"#f5a520","_label":"Mining Lease"}},{"type":"Feature","geometry":{"type":"Polygon","coordinates":[[[121.49892905135724,-30.792731971645036],[121.50178426707258,-30.795846916995732],[121.50261163258456,-30.795281625827336],[121.50397750940252,-30.797296683059955],[121.5069497997413,-30.79598752045532],[121.50731687918484,-30.795808440370017],[121.50699399763995,-30.795315050812125],[121.50689545139149,-30.795164460640052],[121.50684673476337,-30.795090018554642],[121.5064817292034,-30.79453225308689],[121.50629835938247,-30.79425204088414],[121.50612029251816,-30.79397993569839],[121.50610013764609,-30.793949135677995],[121.50608783772412,-30.793930340665685],[121.50568858023324,-30.79332022329326],[121.50575805427796,-30.79329220428388],[121.50548139916303,-30.792538070892512],[121.50516423342197,-30.79167349550164],[121.50497393625768,-30.79115475131466],[121.503766239519,-30.7914847994667],[121.50350896064784,-30.7912040865809],[121.50250566686498,-30.790109390100067],[121.50220775984212,-30.789784334276842],[121.50118694746052,-30.78867045596117],[121.50083080521688,-30.788281837228574],[121.50057102000319,-30.787998325432945],[121.5003773728242,-30.787786986590433],[121.50008690952379,-30.78747000683481],[121.49975005912792,-30.7871024111306],[121.49787812729011,-30.78838084220463],[121.49607173773424,-30.789614461963176],[121.49892905135724,-30.792731971645036]]]},"properties":{"fmt_tenid":"M 26/78","type":"MINING LEASE","tenstatus":"LIVE","holder1":"NORTHERN STAR (KLV) PTY LTD","holder2":"NORTHERN STAR (SARACEN KALGOORLIE) PTY LTD","legal_area":52.045,"unit_of_me":"HA.","_colour":"#f5a520","_label":"Mining Lease"}},{"type":"Feature","geometry":{"type":"Polygon","coordinates":[[[121.78611042443964,-30.9850353860107],[121.78594576291869,-30.997009146167844],[121.78477296984724,-30.997005905776952],[121.78477253092258,-30.998706379564492],[121.768107501531,-30.998704198212334],[121.76810727110852,-31.009873635710502],[121.79549496381682,-31.00981426536432],[121.7953194921336,-31.001608222932216],[121.80144274774484,-30.99686000542052],[121.80145307646133,-30.994631625210726],[121.79496828036038,-30.988220263514716],[121.7950006273647,-30.985018360676115],[121.78611042443964,-30.9850353860107]]]},"properties":{"fmt_tenid":"M 26/782","type":"MINING LEASE","tenstatus":"LIVE","holder1":"NORTHERN STAR (HBJ) PTY LTD","holder2":" ","legal_area":506.9,"unit_of_me":"HA.","_colour":"#f5a520","_label":"Mining Lease"}},{"type":"Feature","geometry":{"type":"Polygon","coordinates":[[[121.56283567517472,-30.77992961789282],[121.5731534436008,-30.788084544973948],[121.57494622299814,-30.78824022823621],[121.57482666230219,-30.789406699102823],[121.57840759860545,-30.792235802918885],[121.58076918048556,-30.794101415449134],[121.58181999168492,-30.794931502504607],[121.58234700893895,-30.795348085462223],[121.5847273080492,-30.79722829325255],[121.58967708495125,-30.801138418034334],[121.60083935106334,-30.80995441766005],[121.60236688658475,-30.81095569515677],[121.60990654115609,-30.815020155272467],[121.59884889498026,-30.801474863567694],[121.59911549253128,-30.801213169799553],[121.59407726238037,-30.79337795934233],[121.59027486953282,-30.796691574480622],[121.56747155847209,-30.778674467720123],[121.56283567517472,-30.77992961789282]]]},"properties":{"fmt_tenid":"M 26/784","type":"MINING LEASE","tenstatus":"LIVE","holder1":"NORTHERN STAR (KLV) PTY LTD","holder2":"NORTHERN STAR (SARACEN KALGOORLIE) PTY LTD","legal_area":253.8,"unit_of_me":"HA.","_colour":"#f5a520","_label":"Mining Lease"}},{"type":"Feature","geometry":{"type":"Polygon","coordinates":[[[121.5203961324396,-30.69281141403307],[121.52252964315194,-30.69277389509581],[121.522621737328,-30.690725828467965],[121.52263176835106,-30.690501154400295],[121.52236375414506,-30.69049948497795],[121.52049327472365,-30.69048795902917],[121.5203961324396,-30.69281141403307]]]},"properties":{"fmt_tenid":"M 26/785","type":"MINING LEASE","tenstatus":"LIVE","holder1":"NORTHERN STAR (KLV) PTY LTD","holder2":"NORTHERN STAR (SARACEN KALGOORLIE) PTY LTD","legal_area":5.2135,"unit_of_me":"HA.","_colour":"#f5a520","_label":"Mining Lease"}},{"type":"Feature","geometry":{"type":"Polygon","coordinates":[[[121.52736895812046,-30.802924291103874],[121.53049214111313,-30.803875340906867],[121.53131852955484,-30.801740996529308],[121.52789060915676,-30.800881627138185],[121.52736895812046,-30.802924291103874]]]},"properties":{"fmt_tenid":"M 26/800","type":"MINING LEASE","tenstatus":"LIVE","holder1":"NORTHERN STAR (KLV) PTY LTD","holder2":"NORTHERN STAR (SARACEN KALGOORLIE) PTY LTD","legal_area":7.906,"unit_of_me":"HA.","_colour":"#f5a520","_label":"Mining Lease"}},{"type":"Feature","geometry":{"type":"Polygon","coordinates":[[[121.5449725115212,-30.760886618689856],[121.5417370660125,-30.758327636748835],[121.54146741642478,-30.758114362995027],[121.53892660164121,-30.756104761619405],[121.53638528179287,-30.754094658985977],[121.53384414706608,-30.75208458558273],[121.53130370845001,-30.750074943624316],[121.52875973750567,-30.748062393330997],[121.5262187012375,-30.74605201717287],[121.52367807502148,-30.74404179767592],[121.52019093972639,-30.741282455105445],[121.51370906385354,-30.74107457852233],[121.5254339760771,-30.75035265193777],[121.52738398794645,-30.751895438216856],[121.52932857725455,-30.753433856972332],[121.53116782497362,-30.75488886902203],[121.53804792578978,-30.760331043146337],[121.54615875879304,-30.766745491389464],[121.54667486627902,-30.766630367126943],[121.5449725115212,-30.760886618689856]]]},"properties":{"fmt_tenid":"M 26/803","type":"MINING LEASE","tenstatus":"LIVE","holder1":"NORTHERN STAR (KLV) PTY LTD","holder2":"NORTHERN STAR (SARACEN KALGOORLIE) PTY LTD","legal_area":151.2,"unit_of_me":"HA.","_colour":"#f5a520","_label":"Mining Lease"}},{"type":"Feature","geometry":{"type":"Polygon","coordinates":[[[121.52372926134588,-30.80026481945933],[121.52229996085855,-30.801686559064567],[121.52222661914527,-30.80163161305655],[121.5206930820003,-30.80315692362308],[121.52232618871733,-30.803604288360035],[121.52430602219636,-30.80236752677613],[121.52448177997056,-30.802094183503968],[121.52497964511744,-30.80131988271517],[121.52372926134588,-30.80026481945933]]]},"properties":{"fmt_tenid":"M 26/81","type":"MINING LEASE","tenstatus":"LIVE","holder1":"NORTHERN STAR (KLV) PTY LTD","holder2":"NORTHERN STAR (SARACEN KALGOORLIE) PTY LTD","legal_area":6.8925,"unit_of_me":"HA.","_colour":"#f5a520","_label":"Mining Lease"}},{"type":"Feature","geometry":{"type":"Polygon","coordinates":[[[121.51370906385354,-30.74107457852233],[121.51346966832303,-30.740886357117095],[121.50987973490709,-30.738044709242068],[121.50986257281546,-30.740950947587528],[121.51370906385354,-30.74107457852233]]]},"properties":{"fmt_tenid":"M 26/826","type":"MINING LEASE","tenstatus":"LIVE","holder1":"NORTHERN STAR RESOURCES LTD","holder2":" ","legal_area":5.933,"unit_of_me":"HA.","_colour":"#f5a520","_label":"Mining Lease"}},{"type":"Feature","geometry":{"type":"Polygon","coordinates":[[[121.52398894613539,-30.776058417140366],[121.51909155031872,-30.77886582461886],[121.51664342216282,-30.775605017125894],[121.516432729874,-30.775661492587393],[121.5166745087961,-30.775953050248557],[121.51627086506454,-30.776104647283102],[121.51646424060696,-30.77648848331506],[121.51726455763354,-30.77807701053855],[121.51731182828381,-30.7781708327856],[121.51734287705418,-30.778232458947723],[121.51815347011127,-30.779841299139758],[121.51964621395075,-30.78332782148636],[121.51791105667444,-30.783964591513726],[121.51814282446045,-30.784436409192534],[121.51838310992459,-30.78455153319431],[121.51732512153785,-30.785697810253584],[121.51695184028698,-30.786189872424124],[121.51720685600344,-30.786459542727744],[121.51742426389887,-30.786689443998764],[121.5175879860608,-30.786862573210357],[121.51889001524168,-30.7859449795236],[121.52194061707121,-30.786424176972957],[121.5219859049274,-30.786431294993136],[121.5222384161334,-30.786469530101503],[121.52274674951978,-30.786550794322586],[121.52663028146578,-30.78716070175149],[121.52853386924131,-30.787331204121962],[121.52859742106776,-30.787336896133336],[121.5294681176969,-30.787414873282586],[121.52953083452653,-30.787420490292867],[121.52737256650853,-30.783955858090547],[121.52772729840355,-30.783995857275112],[121.52570195058286,-30.77813107309327],[121.52398894613539,-30.776058417140366]]]},"properties":{"fmt_tenid":"M 26/83","type":"MINING LEASE","tenstatus":"LIVE","holder1":"NORTHERN STAR (KLV) PTY LTD","holder2":"NORTHERN STAR (SARACEN KALGOORLIE) PTY LTD","legal_area":88.84,"unit_of_me":"HA.","_colour":"#f5a520","_label":"Mining Lease"}},{"type":"Feature","geometry":{"type":"MultiPolygon","coordinates":[[[[121.5331808094326,-30.77801588004127],[121.53376392332677,-30.777640477465656],[121.53582535285067,-30.77637954450335],[121.53892562598709,-30.77448304866389],[121.53919310450067,-30.77431941977555],[121.53501791385466,-30.769230010126616],[121.5318118678844,-30.76510976128106],[121.53114364418234,-30.764343909613707],[121.52995340037286,-30.7633916607013],[121.52956128684968,-30.7630955487566],[121.52949563915666,-30.762483097409635],[121.52913231296188,-30.761851564094393],[121.52872729699111,-30.761293470567708],[121.52482857085259,-30.761299573604575],[121.52448189215845,-30.76122776358499],[121.52227068908505,-30.761588118522944],[121.52163709947583,-30.761595447387887],[121.52119228602349,-30.761019333113012],[121.51705445502802,-30.76342674149862],[121.51870031229774,-30.765420371055963],[121.51973456041112,-30.766673104105546],[121.52629714959183,-30.774621086642632],[121.524534400693,-30.775745716206533],[121.52616842850645,-30.7778612990423],[121.52857704985679,-30.78097954346303],[121.5331808094326,-30.77801588004127]]],[[[121.52958723584308,-30.76225050805544],[121.52631187502882,-30.758040385055168],[121.52123906056754,-30.760992117324623],[121.52165964888968,-30.761537331583597],[121.52226553174673,-30.761540584601747],[121.5244856108474,-30.76118193768169],[121.52482292656785,-30.761248841677883],[121.52876333961582,-30.761243650762],[121.52918558561238,-30.761834649298503],[121.52954250577142,-30.762449487618028],[121.52961348245711,-30.763074177968097],[121.52999185701437,-30.76335480988707],[121.53118973078327,-30.764310168822067],[121.52958723584308,-30.76225050805544]]]]},"properties":{"fmt_tenid":"M 26/86","type":"MINING LEASE","tenstatus":"LIVE","holder1":"NORTHERN STAR (KLV) PTY LTD","holder2":"NORTHERN STAR (SARACEN KALGOORLIE) PTY LTD","legal_area":243.65,"unit_of_me":"HA.","_colour":"#f5a520","_label":"Mining Lease"}},{"type":"Feature","geometry":{"type":"Polygon","coordinates":[[[121.49323903144997,-30.751330808898597],[121.49324921452602,-30.75133748590583],[121.49311474137907,-30.751416135752827],[121.49447459347606,-30.752682655747588],[121.49564741741695,-30.752124673075347],[121.4948042538213,-30.750741784932753],[121.49323903144997,-30.751330808898597]]]},"properties":{"fmt_tenid":"M 26/87","type":"MINING LEASE","tenstatus":"LIVE","holder1":"NORTHERN STAR (KLV) PTY LTD","holder2":"NORTHERN STAR (SARACEN KALGOORLIE) PTY LTD","legal_area":2.7645,"unit_of_me":"HA.","_colour":"#f5a520","_label":"Mining Lease"}},{"type":"Feature","geometry":{"type":"Polygon","coordinates":[[[121.528088886131,-30.78948756213102],[121.52770125183066,-30.790222220242697],[121.52695444108858,-30.79167843558917],[121.52761665588537,-30.792351123345085],[121.52635193972478,-30.79408475954734],[121.52621873216016,-30.794267355907376],[121.52584331354714,-30.794781955945396],[121.52554222678538,-30.795091345556905],[121.52416269812,-30.79650874547181],[121.52394145366,-30.796736150766495],[121.52389842256945,-30.79678037982343],[121.52373347021936,-30.796949926040412],[121.52336313841562,-30.797330446520522],[121.52379350164834,-30.797642518513214],[121.52346259984105,-30.79800242494979],[121.5233665276027,-30.798106918075057],[121.52314528204712,-30.79834755736081],[121.5231051649453,-30.79839119041226],[121.5224077641265,-30.799149709287132],[121.52173788285755,-30.798664002290973],[121.52069327384613,-30.799823234539353],[121.5203384607742,-30.80021699494453],[121.51975493384712,-30.800864539461536],[121.51917408373923,-30.801509099807173],[121.51717097253696,-30.800177291738805],[121.51569629580912,-30.79940634900672],[121.5151969670041,-30.79921133479291],[121.51207524663009,-30.797992063330224],[121.51105332818463,-30.797592895804204],[121.51094033146889,-30.797548757744586],[121.5069497997413,-30.79598752045532],[121.50397750940252,-30.797296683059955],[121.50261163258456,-30.795281625827336],[121.50178426707258,-30.795846916995732],[121.49892905135724,-30.792731971645036],[121.49607173773424,-30.789614461963176],[121.49787812729011,-30.78838084220463],[121.49975005912792,-30.7871024111306],[121.49868446554304,-30.785937482153326],[121.4979284036611,-30.78582372600199],[121.49575026915987,-30.785495980498403],[121.4957943942672,-30.785545283444716],[121.49355968320296,-30.78703819176001],[121.49100167996039,-30.78418604239082],[121.4900385610701,-30.78062521186196],[121.48323726816389,-30.78379962408736],[121.48296044790887,-30.783385580985925],[121.4754807623317,-30.787119314354875],[121.48606011354472,-30.80363716451102],[121.48615707281398,-30.80378851872162],[121.48759883545021,-30.80603899762266],[121.49052085992109,-30.81059963653622],[121.49164440089277,-30.81001800814556],[121.49247185728936,-30.809589648706684],[121.49550620337592,-30.808018745633035],[121.49772984390474,-30.806867474067808],[121.49783671839226,-30.80702124015275],[121.49934920566865,-30.809197273265106],[121.50327560113725,-30.813657100462397],[121.50955006216198,-30.823028901130055],[121.51845124941119,-30.818593403648862],[121.51443111220618,-30.813264605712643],[121.51170783017307,-30.812580129632885],[121.51368896895053,-30.805562180534963],[121.51387227152779,-30.80491224202406],[121.51418316485316,-30.803816406178107],[121.52638853125147,-30.806767033603787],[121.52736895812046,-30.802924291103874],[121.52789060915676,-30.800881627138185],[121.53131852955484,-30.801740996529308],[121.53266113675663,-30.798263138398376],[121.53473949581672,-30.797100520041646],[121.53481280259584,-30.79714227604727],[121.53486722499153,-30.796957755812244],[121.53627326345931,-30.79219033275597],[121.53617472805188,-30.79215122053679],[121.53425133162783,-30.79138774792647],[121.52934339382765,-30.78986769845358],[121.528088886131,-30.78948756213102]],[[121.51255034881093,-30.800007431055672],[121.51305935144806,-30.799759062919698],[121.51390711764553,-30.800760882806195],[121.51384270456408,-30.800792312824072],[121.51325280681156,-30.801080150993315],[121.51320728613385,-30.80101063693384],[121.51280028602606,-30.800389111394235],[121.51255034881093,-30.800007431055672]]]},"properties":{"fmt_tenid":"M 26/95","type":"MINING LEASE","tenstatus":"LIVE","holder1":"NORTHERN STAR (KLV) PTY LTD","holder2":"NORTHERN STAR (SARACEN KALGOORLIE) PTY LTD","legal_area":957.1,"unit_of_me":"HA.","_colour":"#f5a520","_label":"Mining Lease"}},{"type":"Feature","geometry":{"type":"Polygon","coordinates":[[[121.52013916000588,-30.81775202774379],[121.51845124941119,-30.818593403648862],[121.50955006216198,-30.823028901130055],[121.51085614086305,-30.824981448131062],[121.50361527879882,-30.828589100170376],[121.49589125781252,-30.817040394333066],[121.48864896499464,-30.82064573520753],[121.48923578018017,-30.82152395998533],[121.4899383001915,-30.822575322770973],[121.49780122957262,-30.834340659773748],[121.50419746986942,-30.843908912902204],[121.50789296501958,-30.843915281717962],[121.51892876138922,-30.84393347480048],[121.5189135714235,-30.851189636197677],[121.52613461049177,-30.85120051700125],[121.52955995158517,-30.85120555289621],[121.5291261973382,-30.849453351203813],[121.53077246603048,-30.849150122555226],[121.53042086122036,-30.847728916682467],[121.52954296365213,-30.84418023023441],[121.52866513101456,-30.84063153441126],[121.52701896717397,-30.840935045254277],[121.526992050029,-30.840826403304852],[121.52721778794044,-30.84073373277065],[121.52667590286696,-30.83975059194731],[121.52577279747626,-30.838112037840407],[121.52541155532506,-30.83745659846808],[121.52360570261206,-30.83417990049567],[121.52588387872584,-30.833245245326903],[121.52407782204958,-30.82996779840745],[121.52227187044511,-30.826690290637057],[121.52046603985707,-30.823412753013837],[121.52274388567125,-30.822477747073457],[121.5209374011321,-30.819200312877722],[121.52013916000588,-30.81775202774379]]]},"properties":{"fmt_tenid":"M 26/96","type":"MINING LEASE","tenstatus":"LIVE","holder1":"NORTHERN STAR (KLV) PTY LTD","holder2":"NORTHERN STAR (SARACEN KALGOORLIE) PTY LTD","legal_area":737.9,"unit_of_me":"HA.","_colour":"#f5a520","_label":"Mining Lease"}},{"type":"Feature","geometry":{"type":"Polygon","coordinates":[[[121.54002938346328,-30.61132435595965],[121.5663756281952,-30.62367891734511],[121.5634709945293,-30.62656810305952],[121.57135312533131,-30.627580744069594],[121.57127135423882,-30.632138506663637],[121.57863595509181,-30.632179362696366],[121.58107193544106,-30.62638556607206],[121.58563028887112,-30.615541677158276],[121.58584612486298,-30.615021022715297],[121.5887599012017,-30.61497597818213],[121.59172504484611,-30.60471316816512],[121.5922891227568,-30.602760584094582],[121.5924022498673,-30.60236898711437],[121.59374379383355,-30.60240033096947],[121.59305506446609,-30.60071301940489],[121.5915549250797,-30.60076224389706],[121.59139732914352,-30.59715641598607],[121.59129455424112,-30.594789451933732],[121.59124084172556,-30.593552356840586],[121.59115668111842,-30.591613862910357],[121.58937704264342,-30.591571557859],[121.58797637657864,-30.59377279541521],[121.58614196702582,-30.596655513464945],[121.58296726164635,-30.59479113189027],[121.57901442443539,-30.591923869026417],[121.57847565765886,-30.592743453801127],[121.5743330183674,-30.59904476744223],[121.57245378962985,-30.601902899185713],[121.5773976156331,-30.60202019633103],[121.57372468288735,-30.615207398320532],[121.56628499985317,-30.61128358610375],[121.55285302251579,-30.604197416996833],[121.55237233331349,-30.604928047863755],[121.54648073144674,-30.602028698137627],[121.54002938346328,-30.61132435595965]]]},"properties":{"fmt_tenid":"M 27/103","type":"MINING LEASE","tenstatus":"LIVE","holder1":"NORTHERN STAR (KANOWNA) PTY LIMITED","holder2":" ","legal_area":944.25,"unit_of_me":"HA.","_colour":"#f5a520","_label":"Mining Lease"}},{"type":"Feature","geometry":{"type":"Polygon","coordinates":[[[121.52918029108552,-30.585166929260282],[121.53159350777612,-30.586355362482816],[121.53152055404344,-30.58502322551562],[121.53165104836076,-30.583835363304708],[121.53134934935585,-30.583124996841274],[121.53090843868564,-30.58312090136743],[121.53102488454053,-30.582365747037894],[121.52918029108552,-30.585166929260282]]]},"properties":{"fmt_tenid":"M 27/114","type":"MINING LEASE","tenstatus":"LIVE","holder1":"NORTHERN STAR (KANOWNA) PTY LIMITED","holder2":" ","legal_area":5.333,"unit_of_me":"HA.","_colour":"#f5a520","_label":"Mining Lease"}},{"type":"Feature","geometry":{"type":"Polygon","coordinates":[[[121.59820616294556,-30.60270026426974],[121.59846705153117,-30.602098217940206],[121.60069439361162,-30.602131990459952],[121.59980395722108,-30.60021627715545],[121.59974998372581,-30.5987433637206],[121.59836369331039,-30.601309378917946],[121.59553019433439,-30.60133002846615],[121.59606863949203,-30.60264973177245],[121.59820616294556,-30.60270026426974]]]},"properties":{"fmt_tenid":"M 27/122","type":"MINING LEASE","tenstatus":"LIVE","holder1":"NORTHERN STAR (KANOWNA) PTY LIMITED","holder2":" ","legal_area":7.804,"unit_of_me":"HA.","_colour":"#f5a520","_label":"Mining Lease"}},{"type":"Feature","geometry":{"type":"Polygon","coordinates":[[[121.60319654390669,-30.5389391059959],[121.5934873189354,-30.540550417557416],[121.59441914406958,-30.545073806268217],[121.58670056654833,-30.556924588462735],[121.58004643300923,-30.567139806998046],[121.57897961904212,-30.56877731407415],[121.57908949223643,-30.56883091716877],[121.57126053328794,-30.58084559413713],[121.57843966995196,-30.584378287050004],[121.58628238938141,-30.572339741573575],[121.59356395942585,-30.57589310108374],[121.59398516845093,-30.56103049397495],[121.59400168452613,-30.560485681042973],[121.60171892336692,-30.548634568361834],[121.60900617845436,-30.55218897186592],[121.60128455958453,-30.56403846859298],[121.60858794186964,-30.56760087624129],[121.61630594122481,-30.555749283520647],[121.62402400040027,-30.543894237686672],[121.62659645675528,-30.539942280587322],[121.6193018877464,-30.536384084408827],[121.61017646070594,-30.531932301114825],[121.60834113360718,-30.53103682076769],[121.60319654390669,-30.5389391059959]]]},"properties":{"fmt_tenid":"M 27/123","type":"MINING LEASE","tenstatus":"LIVE","holder1":"NORTHERN STAR (KANOWNA) PTY LIMITED","holder2":" ","legal_area":994.4,"unit_of_me":"HA.","_colour":"#f5a520","_label":"Mining Lease"}},{"type":"Feature","geometry":{"type":"Polygon","coordinates":[[[121.60817149791862,-30.583018901863817],[121.60941717867911,-30.58362644206651],[121.61409932659339,-30.57671178244431],[121.61271936712359,-30.576038424842352],[121.60817149791862,-30.583018901863817]]]},"properties":{"fmt_tenid":"M 27/128","type":"MINING LEASE","tenstatus":"LIVE","holder1":"NORTHERN STAR (KANOWNA) PTY LIMITED","holder2":" ","legal_area":12.845,"unit_of_me":"HA.","_colour":"#f5a520","_label":"Mining Lease"}},{"type":"Feature","geometry":{"type":"Polygon","coordinates":[[[121.55697231517915,-30.561258498636185],[121.54905831668323,-30.56991623656557],[121.55528667765991,-30.57298287071262],[121.55688273084004,-30.573768633738982],[121.56468481027858,-30.561802062258423],[121.55697231517915,-30.561258498636185]]]},"properties":{"fmt_tenid":"M 27/157","type":"MINING LEASE","tenstatus":"LIVE","holder1":"NORTHERN STAR (KANOWNA) PTY LIMITED","holder2":" ","legal_area":103.55,"unit_of_me":"HA.","_colour":"#f5a520","_label":"Mining Lease"}},{"type":"Feature","geometry":{"type":"Polygon","coordinates":[[[121.54699426374727,-30.585591047563792],[121.54822971378005,-30.583712851787972],[121.54978853136272,-30.581342935908626],[121.54981420852914,-30.581303894731295],[121.54851596861974,-30.580672817089972],[121.55019799013851,-30.578825122415527],[121.53747812505361,-30.572560756479213],[121.53460705946945,-30.576925285326393],[121.5321093329701,-30.576688795650448],[121.5316350347227,-30.578803837826356],[121.53335821236544,-30.578823612928147],[121.53551408643548,-30.578848326973972],[121.53865356574273,-30.578546350516138],[121.53862948228641,-30.576609676931625],[121.54225823823731,-30.576426608527445],[121.54407132934584,-30.576405700044546],[121.5452321695628,-30.581182728113834],[121.54574207283318,-30.581155122248198],[121.54591554477986,-30.58374730025385],[121.54554814110935,-30.584879007641426],[121.54699426374727,-30.585591047563792]]]},"properties":{"fmt_tenid":"M 27/175","type":"MINING LEASE","tenstatus":"LIVE","holder1":"NORTHERN STAR (KANOWNA) PTY LIMITED","holder2":" ","legal_area":68.965,"unit_of_me":"HA.","_colour":"#f5a520","_label":"Mining Lease"}},{"type":"Feature","geometry":{"type":"Polygon","coordinates":[[[121.60071509320599,-30.591039858376142],[121.60068177477756,-30.59046876779444],[121.59709236571753,-30.590455146255895],[121.59622018767388,-30.59173405987868],[121.59366317455718,-30.591673386630497],[121.5936722223091,-30.591880859409084],[121.59374155678877,-30.593471003424103],[121.59383019973558,-30.59550388239345],[121.59389871051066,-30.5970750140209],[121.5939874026862,-30.599108837140008],[121.59401821260967,-30.59981534648795],[121.59481302979557,-30.59957265133036],[121.59553019433439,-30.60133002846615],[121.59836369331039,-30.601309378917946],[121.59974998372581,-30.5987433637206],[121.5998439239291,-30.598569475433177],[121.59994561922451,-30.598381229501786],[121.60087500271061,-30.596660834231216],[121.60102666752479,-30.596380077258157],[121.60006553947416,-30.596746250828364],[121.59630368782912,-30.59446566824459],[121.60084121454018,-30.593201587464183],[121.6007590898218,-30.591793970350842],[121.60071509320599,-30.591039858376142]]]},"properties":{"fmt_tenid":"M 27/18","type":"MINING LEASE","tenstatus":"LIVE","holder1":"NORTHERN STAR (KANOWNA) PTY LIMITED","holder2":" ","legal_area":59.105,"unit_of_me":"HA.","_colour":"#f5a520","_label":"Mining Lease"}},{"type":"Feature","geometry":{"type":"Polygon","coordinates":[[[121.54970666078675,-30.586926292971523],[121.54878486874765,-30.588758144541863],[121.54589219935124,-30.587266782815302],[121.54524629737146,-30.588248879670115],[121.54973931788523,-30.590702995898834],[121.54745711927839,-30.594162681286],[121.54284762129669,-30.591895900482278],[121.54237281656036,-30.59627422821909],[121.54003878380553,-30.596163191974334],[121.53869902852705,-30.598198553812537],[121.54648073144674,-30.602028698137627],[121.55237233331349,-30.604928047863755],[121.55285302251579,-30.604197416996833],[121.55652082997534,-30.598619179995783],[121.56066284956559,-30.59231880785837],[121.54970666078675,-30.586926292971523]]]},"properties":{"fmt_tenid":"M 27/181","type":"MINING LEASE","tenstatus":"LIVE","holder1":"COVE MINING PTY LTD","holder2":"NORTHERN STAR (KANOWNA) PTY LIMITED","legal_area":207.3,"unit_of_me":"HA.","_colour":"#f5a520","_label":"Mining Lease"}},{"type":"Feature","geometry":{"type":"Polygon","coordinates":[[[121.5271432139392,-30.553207536567147],[121.52693438851054,-30.562111430157085],[121.52684430410052,-30.5659519235831],[121.5267217803692,-30.57117454723349],[121.53825150074996,-30.57138515201148],[121.54069189557767,-30.571429608034222],[121.546670882218,-30.571538332818033],[121.54708661990338,-30.571854961323165],[121.54905831668323,-30.56991623656557],[121.55697231517915,-30.561258498636185],[121.55697168917798,-30.56125802263527],[121.56785782499199,-30.55143008379976],[121.56156939978348,-30.546641238133507],[121.55527912367302,-30.54184985891557],[121.54442155548453,-30.551703026081277],[121.54243337458145,-30.55350696933924],[121.5271432139392,-30.553207536567147]]]},"properties":{"fmt_tenid":"M 27/191","type":"MINING LEASE","tenstatus":"LIVE","holder1":"NORTHERN STAR (KANOWNA) PTY LIMITED","holder2":" ","legal_area":727.85,"unit_of_me":"HA.","_colour":"#f5a520","_label":"Mining Lease"}},{"type":"Feature","geometry":{"type":"Polygon","coordinates":[[[121.52679231299322,-30.588798550601517],[121.529258506701,-30.590033307993963],[121.52920548517693,-30.585179466471914],[121.52918029108552,-30.585166929260282],[121.52712493537068,-30.58829272067319],[121.52679231299322,-30.588798550601517]]]},"properties":{"fmt_tenid":"M 27/196","type":"MINING LEASE","tenstatus":"LIVE","holder1":"NORTHERN STAR (KANOWNA) PTY LIMITED","holder2":" ","legal_area":6.3945,"unit_of_me":"HA.","_colour":"#f5a520","_label":"Mining Lease"}},{"type":"Feature","geometry":{"type":"Polygon","coordinates":[[[121.58563028887112,-30.615541677158276],[121.58107193544106,-30.62638556607206],[121.6028307317744,-30.63246919018067],[121.60335888058695,-30.630300464843938],[121.59675279541865,-30.628281003110978],[121.5999735756142,-30.61967655076111],[121.58563028887112,-30.615541677158276]]]},"properties":{"fmt_tenid":"M 27/197","type":"MINING LEASE","tenstatus":"LIVE","holder1":"NORTHERN STAR (KANOWNA) PTY LIMITED","holder2":" ","legal_area":204.5,"unit_of_me":"HA.","_colour":"#f5a520","_label":"Mining Lease"}},{"type":"Feature","geometry":{"type":"Polygon","coordinates":[[[121.51918693554195,-30.57103626742547],[121.51823884446246,-30.572477699806413],[121.5255225384605,-30.57606355035325],[121.53114590264254,-30.578831512048815],[121.5316350347227,-30.578803837826356],[121.5321093329701,-30.576688795650448],[121.53460705946945,-30.576925285326393],[121.53747812505361,-30.572560756479213],[121.55019799013851,-30.578825122415527],[121.55113959274306,-30.57928876835124],[121.55528667765991,-30.57298287071262],[121.54905831668323,-30.56991623656557],[121.54708661990338,-30.571854961323165],[121.546670882218,-30.571538332818033],[121.54069189557767,-30.571429608034222],[121.53825150074996,-30.57138515201148],[121.5267217803692,-30.57117454723349],[121.51918693554195,-30.57103626742547]]]},"properties":{"fmt_tenid":"M 27/198","type":"MINING LEASE","tenstatus":"LIVE","holder1":"NORTHERN STAR (KANOWNA) PTY LIMITED","holder2":" ","legal_area":180.1,"unit_of_me":"HA.","_colour":"#f5a520","_label":"Mining Lease"}},{"type":"Feature","geometry":{"type":"Polygon","coordinates":[[[121.46407481597407,-30.539747844042026],[121.46354830232535,-30.564731598026498],[121.48385885204625,-30.56549153481892],[121.4839589569867,-30.561248527032305],[121.4841734841738,-30.554000508105432],[121.49882212856852,-30.554356295405942],[121.4988307568542,-30.53974632860662],[121.48150017539879,-30.539747634595198],[121.46407481597407,-30.539747844042026]]]},"properties":{"fmt_tenid":"M 27/202","type":"MINING LEASE","tenstatus":"LIVE","holder1":"NORTHERN STAR (KANOWNA) PTY LIMITED","holder2":" ","legal_area":772.35,"unit_of_me":"HA.","_colour":"#f5a520","_label":"Mining Lease"}},{"type":"Feature","geometry":{"type":"Polygon","coordinates":[[[121.58327269887137,-30.593779429826995],[121.58655172425054,-30.595616832845437],[121.58797637657864,-30.59377279541521],[121.58484826119921,-30.591735883828427],[121.58327269887137,-30.593779429826995]]]},"properties":{"fmt_tenid":"M 27/22","type":"MINING LEASE","tenstatus":"LIVE","holder1":"NORTHERN STAR (KANOWNA) PTY LIMITED","holder2":" ","legal_area":9.7095,"unit_of_me":"HA.","_colour":"#f5a520","_label":"Mining Lease"}},{"type":"Feature","geometry":{"type":"Polygon","coordinates":[[[121.59366317455718,-30.591673386630497],[121.59139474439007,-30.591619519729576],[121.59115668111842,-30.591613862910357],[121.59124084172556,-30.593552356840586],[121.59129455424112,-30.594789451933732],[121.59139732914352,-30.59715641598607],[121.59264847684919,-30.597115705523873],[121.59389871051066,-30.5970750140209],[121.59383019973558,-30.59550388239345],[121.59374155678877,-30.593471003424103],[121.5936722223091,-30.591880859409084],[121.59366317455718,-30.591673386630497]]]},"properties":{"fmt_tenid":"M 27/23","type":"MINING LEASE","tenstatus":"LIVE","holder1":"NORTHERN STAR (KANOWNA) PTY LIMITED","holder2":" ","legal_area":14.57,"unit_of_me":"HA.","_colour":"#f5a520","_label":"Mining Lease"}},{"type":"Feature","geometry":{"type":"Polygon","coordinates":[[[121.63328193489852,-30.581845339125458],[121.62762736915184,-30.59246736704752],[121.62356614187505,-30.602287689762907],[121.63149642766449,-30.604032686111996],[121.63357979798819,-30.604841956284137],[121.63365334811836,-30.602628977785493],[121.6342714441178,-30.602638203288837],[121.63706542892396,-30.595100161540753],[121.6350373249981,-30.594346585275005],[121.6406398421633,-30.58455823243119],[121.63328193489852,-30.581845339125458]]]},"properties":{"fmt_tenid":"M 27/272","type":"MINING LEASE","tenstatus":"LIVE","holder1":"NORTHERN STAR (KANOWNA) PTY LIMITED","holder2":" ","legal_area":203.65,"unit_of_me":"HA.","_colour":"#f5a520","_label":"Mining Lease"}},{"type":"Feature","geometry":{"type":"Polygon","coordinates":[[[121.58797637657864,-30.59377279541521],[121.58937704264342,-30.591571557859],[121.59115668111842,-30.591613862910357],[121.59139474439007,-30.591619519729576],[121.59366317455718,-30.591673386630497],[121.59622018767388,-30.59173405987868],[121.59709236571753,-30.590455146255895],[121.5992774894303,-30.58725082759077],[121.6036625828393,-30.580819663225324],[121.60817149791862,-30.583018901863817],[121.61271936712359,-30.576038424842352],[121.61589475590907,-30.57116385978191],[121.60858794186964,-30.56760087624129],[121.60128455958453,-30.56403846859298],[121.60900617845436,-30.55218897186592],[121.60171892336692,-30.548634568361834],[121.59400168452613,-30.560485681042973],[121.59398516845093,-30.56103049397495],[121.59356395942585,-30.57589310108374],[121.59321498388546,-30.578363765253982],[121.59452892812034,-30.576363911197003],[121.59829746520488,-30.57820247680502],[121.59420703789904,-30.58444193126427],[121.59101586592956,-30.588904934755767],[121.58344628698867,-30.585181375003607],[121.58262174445862,-30.58643589114705],[121.57901442443539,-30.591923869026417],[121.58296726164635,-30.59479113189027],[121.58614196702582,-30.596655513464945],[121.58797637657864,-30.59377279541521]],[[121.58655172425054,-30.595616832845437],[121.58327269887137,-30.593779429826995],[121.58484826119921,-30.591735883828427],[121.58797637657864,-30.59377279541521],[121.58655172425054,-30.595616832845437]]]},"properties":{"fmt_tenid":"M 27/37","type":"MINING LEASE","tenstatus":"LIVE","holder1":"NORTHERN STAR (KANOWNA) PTY LIMITED","holder2":" ","legal_area":585.85,"unit_of_me":"HA.","_colour":"#f5a520","_label":"Mining Lease"}},{"type":"Feature","geometry":{"type":"Polygon","coordinates":[[[121.54973931788523,-30.590702995898834],[121.54524629737146,-30.588248879670115],[121.54405582299766,-30.587598423093368],[121.54266665844516,-30.59000510979292],[121.54185656147177,-30.59140852336797],[121.54284762129669,-30.591895900482278],[121.54745711927839,-30.594162681286],[121.54973931788523,-30.590702995898834]]]},"properties":{"fmt_tenid":"M 27/41","type":"MINING LEASE","tenstatus":"LIVE","holder1":"NORTHERN STAR (KANOWNA) PTY LIMITED","holder2":" ","legal_area":28.795,"unit_of_me":"HA.","_colour":"#f5a520","_label":"Mining Lease"}},{"type":"Feature","geometry":{"type":"Polygon","coordinates":[[[121.53152055404344,-30.58502322551562],[121.53159350777612,-30.586355362482816],[121.53163947260494,-30.58719464893874],[121.53317025937,-30.587131817593225],[121.53514200733449,-30.587050860689317],[121.53580485731632,-30.587023638456717],[121.53568586750325,-30.584852427516317],[121.53152055404344,-30.58502322551562]]]},"properties":{"fmt_tenid":"M 27/415","type":"MINING LEASE","tenstatus":"LIVE","holder1":"NORTHERN STAR (KANOWNA) PTY LIMITED","holder2":" ","legal_area":9.6395,"unit_of_me":"HA.","_colour":"#f5a520","_label":"Mining Lease"}},{"type":"Feature","geometry":{"type":"Polygon","coordinates":[[[121.53134934935585,-30.583124996841274],[121.53165104836076,-30.583835363304708],[121.53152055404344,-30.58502322551562],[121.53568586750325,-30.584852427516317],[121.53580485731632,-30.587023638456717],[121.53514200733449,-30.587050860689317],[121.53317025937,-30.587131817593225],[121.53163947260494,-30.58719464893874],[121.53159350777612,-30.586355362482816],[121.52920548517693,-30.585179466471914],[121.529258506701,-30.590033307993963],[121.53161484035131,-30.590028453534657],[121.54266665844516,-30.59000510979292],[121.54287348599183,-30.583558714370728],[121.54129249398606,-30.583420203530086],[121.53528690820478,-30.583161509403354],[121.53134934935585,-30.583124996841274]]]},"properties":{"fmt_tenid":"M 27/47","type":"MINING LEASE","tenstatus":"LIVE","holder1":"NORTHERN STAR (KANOWNA) PTY LIMITED","holder2":" ","legal_area":81.425,"unit_of_me":"HA.","_colour":"#f5a520","_label":"Mining Lease"}},{"type":"Feature","geometry":{"type":"Polygon","coordinates":[[[121.4841734841738,-30.554000508105432],[121.4839589569867,-30.561248527032305],[121.48385885204625,-30.56549153481892],[121.48378787428622,-30.568499735517786],[121.48365318466313,-30.573913524314474],[121.49257168411873,-30.574090401471768],[121.50147541457152,-30.57428007800479],[121.50156796460996,-30.570673064510817],[121.50168640678078,-30.565591989096315],[121.52684430410052,-30.5659519235831],[121.52693438851054,-30.562111430157085],[121.52714320993917,-30.553207539566998],[121.51456609984326,-30.552905313664343],[121.51452528331887,-30.55463186685867],[121.49882212856852,-30.554356295405942],[121.4841734841738,-30.554000508105432]],[[121.50562934700184,-30.559751319295383],[121.51056021514034,-30.559704067525455],[121.51050687360946,-30.56190857477446],[121.5057208613865,-30.561825523349093],[121.50562934700184,-30.559751319295383]]]},"properties":{"fmt_tenid":"M 27/493","type":"MINING LEASE","tenstatus":"LIVE","holder1":"NORTHERN STAR (KANOWNA) PTY LIMITED","holder2":" ","legal_area":686.55,"unit_of_me":"HA.","_colour":"#f5a520","_label":"Mining Lease"}},{"type":"Feature","geometry":{"type":"Polygon","coordinates":[[[121.50168640678078,-30.565591989096315],[121.50156796460996,-30.570673064510817],[121.50147541457152,-30.57428007800479],[121.50143476348225,-30.587697333013466],[121.51774751213263,-30.587886192345383],[121.5255225384605,-30.57606355035325],[121.51823884446246,-30.572477699806413],[121.51918693554195,-30.57103626742547],[121.5267217803692,-30.57117454723349],[121.52684430410052,-30.5659519235831],[121.50168640678078,-30.565591989096315]]]},"properties":{"fmt_tenid":"M 27/494","type":"MINING LEASE","tenstatus":"LIVE","holder1":"NORTHERN STAR (KANOWNA) PTY LIMITED","holder2":" ","legal_area":497.55,"unit_of_me":"HA.","_colour":"#f5a520","_label":"Mining Lease"}},{"type":"Feature","geometry":{"type":"Polygon","coordinates":[[[121.51774751213263,-30.587886192345383],[121.52503388586358,-30.591472550975933],[121.53163467949878,-30.59472088491275],[121.53161484035131,-30.590028453534657],[121.529258506701,-30.590033307993963],[121.52679231299322,-30.588798550601517],[121.52712493537068,-30.58829272067319],[121.52510683009201,-30.587329751653012],[121.52648216573785,-30.58484915528518],[121.52690249570625,-30.584091010791735],[121.52918029108552,-30.585166929260282],[121.52973173778983,-30.580604696123203],[121.53034736924822,-30.57887659762387],[121.53114590264254,-30.578831512048815],[121.5255225384605,-30.57606355035325],[121.51774751213263,-30.587886192345383]]]},"properties":{"fmt_tenid":"M 27/495","type":"MINING LEASE","tenstatus":"LIVE","holder1":"NORTHERN STAR (KANOWNA) PTY LIMITED","holder2":" ","legal_area":124.65,"unit_of_me":"HA.","_colour":"#f5a520","_label":"Mining Lease"}},{"type":"Feature","geometry":{"type":"Polygon","coordinates":[[[121.50562934700184,-30.559751319295383],[121.5057208613865,-30.561825523349093],[121.51050687360946,-30.56190857477446],[121.51056021514034,-30.559704067525455],[121.50562934700184,-30.559751319295383]]]},"properties":{"fmt_tenid":"M 27/496","type":"MINING LEASE","tenstatus":"LIVE","holder1":"NORTHERN STAR (KANOWNA) PTY LIMITED","holder2":" ","legal_area":11.055,"unit_of_me":"HA.","_colour":"#f5a520","_label":"Mining Lease"}},{"type":"Feature","geometry":{"type":"Polygon","coordinates":[[[121.46666685237392,-30.577130266627464],[121.46665635062087,-30.58334398723467],[121.4690976457061,-30.58336805401145],[121.48333329597791,-30.583365262552757],[121.4833822305955,-30.59999950447975],[121.49997598523042,-30.60000047622216],[121.49995686644475,-30.59868341062102],[121.50146386392008,-30.598681639330852],[121.50143476348225,-30.587697333013466],[121.50147541457152,-30.57428007800479],[121.49256419409183,-30.574089601393908],[121.48365318466313,-30.573913524314474],[121.48364215333729,-30.577809014575507],[121.46666685237392,-30.577130266627464]]]},"properties":{"fmt_tenid":"M 27/497","type":"MINING LEASE","tenstatus":"LIVE","holder1":"NORTHERN STAR (KANOWNA) PTY LIMITED","holder2":"ZEBINA MINERALS PTY LTD","legal_area":600.08,"unit_of_me":"HA.","_colour":"#f5a520","_label":"Mining Lease"}},{"type":"Feature","geometry":{"type":"Polygon","coordinates":[[[121.54252125127739,-30.581231498807618],[121.54316594851134,-30.58117756922819],[121.5452321695628,-30.581182728113834],[121.54407132934584,-30.576405700044546],[121.54225823823731,-30.576426608527445],[121.53862948228641,-30.576609676931625],[121.53865356574273,-30.578546350516138],[121.53855394574491,-30.58086976423169],[121.53767260367236,-30.580789111110708],[121.53730962028227,-30.580819344979243],[121.54131366828959,-30.58279077395018],[121.54141497282609,-30.582840649539538],[121.54287348599183,-30.583558714370728],[121.54252125127739,-30.581231498807618]]]},"properties":{"fmt_tenid":"M 27/499","type":"MINING LEASE","tenstatus":"LIVE","holder1":"NORTHERN STAR (KANOWNA) PTY LIMITED","holder2":" ","legal_area":36.196,"unit_of_me":"HA.","_colour":"#f5a520","_label":"Mining Lease"}},{"type":"Feature","geometry":{"type":"Polygon","coordinates":[[[121.51970152294241,-30.466666666773655],[121.53069100333677,-30.46703791668938],[121.52830774550152,-30.463030138279542],[121.5329870467913,-30.46105255648816],[121.5314352934321,-30.458443261838465],[121.53333333332968,-30.457596092598465],[121.53333333628521,-30.452914215147874],[121.53138804260672,-30.45000010969064],[121.52967675644513,-30.44743655263721],[121.52682701948781,-30.439777898462154],[121.5181316412194,-30.439743663280357],[121.51810898238317,-30.450000083930483],[121.51810832690748,-30.450296485956418],[121.51810344697884,-30.452742543427217],[121.5181029492832,-30.454423204626178],[121.51666666734924,-30.454434813479256],[121.51439160709802,-30.454453200255273],[121.51446759001522,-30.46170551957026],[121.51666666669276,-30.46168793676559],[121.52153605333211,-30.46164900233499],[121.52360389235695,-30.465017846502125],[121.51970152294241,-30.466666666773655]]]},"properties":{"fmt_tenid":"M 27/519","type":"MINING LEASE","tenstatus":"LIVE","holder1":"NORTHERN STAR RESOURCES LTD","holder2":" ","legal_area":367.18148,"unit_of_me":"HA.","_colour":"#f5a520","_label":"Mining Lease"}},{"type":"Feature","geometry":{"type":"Polygon","coordinates":[[[121.49882212856852,-30.554356295405942],[121.51452528331887,-30.55463186685867],[121.51456609984326,-30.552905309664368],[121.52714320993917,-30.553207539566998],[121.54243337458145,-30.55350696933924],[121.54442155548453,-30.551703026081277],[121.5477275439209,-30.548702865468982],[121.51666666690994,-30.54870314752118],[121.51466470643078,-30.548703023948462],[121.50552535772229,-30.548702069819292],[121.50552533330996,-30.547222616701827],[121.49899273154585,-30.547107704624988],[121.49892466436528,-30.55000001261525],[121.49882470192298,-30.55000001528403],[121.49882212856852,-30.554356295405942]]]},"properties":{"fmt_tenid":"M 27/521","type":"MINING LEASE","tenstatus":"LIVE","holder1":"NORTHERN STAR (KANOWNA) PTY LIMITED","holder2":" ","legal_area":254.87928,"unit_of_me":"HA.","_colour":"#f5a520","_label":"Mining Lease"}},{"type":"Feature","geometry":{"type":"Polygon","coordinates":[[[121.62402400040027,-30.543894237686672],[121.61630594122481,-30.555749283520647],[121.60858794186964,-30.56760087624129],[121.61589475590907,-30.57116385978191],[121.61970959763995,-30.57302485671146],[121.62316328932455,-30.57470951540056],[121.63087742583973,-30.562855471031902],[121.638598918933,-30.55099978069573],[121.63387226582229,-30.548695980008024],[121.63133054437019,-30.547456824466202],[121.62402400040027,-30.543894237686672]]]},"properties":{"fmt_tenid":"M 27/53","type":"MINING LEASE","tenstatus":"LIVE","holder1":"NORTHERN STAR (KANOWNA) PTY LIMITED","holder2":" ","legal_area":484.35,"unit_of_me":"HA.","_colour":"#f5a520","_label":"Mining Lease"}},{"type":"Feature","geometry":{"type":"MultiPolygon","coordinates":[[[[121.53865356574273,-30.578546350516138],[121.53551408643548,-30.578848326973972],[121.5316350347227,-30.578803837826356],[121.53034736924822,-30.57887659762387],[121.52973173778983,-30.580604696123203],[121.531241435578,-30.58096133522472],[121.53102488454053,-30.582365747037894],[121.53090843868564,-30.58312090136743],[121.53134934935585,-30.583124996841274],[121.53528690820478,-30.583161509403354],[121.54129249398606,-30.583420203530086],[121.54287348599183,-30.583558714370728],[121.54141497282609,-30.582840649539538],[121.54131366828959,-30.58279077395018],[121.53730962028227,-30.580819344979243],[121.53767260367236,-30.580789111110708],[121.53855394574491,-30.58086976423169],[121.53865356574273,-30.578546350516138]]],[[[121.54266665844516,-30.59000510979292],[121.54405582299766,-30.587598423093368],[121.54554814110935,-30.584879007641426],[121.54591554477986,-30.58374730025385],[121.54574207283318,-30.581155122248198],[121.5452321695628,-30.581182728113834],[121.54316594851134,-30.58117756922819],[121.54252125127739,-30.581231498807618],[121.54287348599183,-30.583558714370728],[121.54266665844516,-30.59000510979292]]]]},"properties":{"fmt_tenid":"M 27/63","type":"MINING LEASE","tenstatus":"LIVE","holder1":"NORTHERN STAR (KANOWNA) PTY LIMITED","holder2":" ","legal_area":60.565,"unit_of_me":"HA.","_colour":"#f5a520","_label":"Mining Lease"}},{"type":"Feature","geometry":{"type":"Polygon","coordinates":[[[121.53557319868075,-30.591878668842742],[121.53557297465609,-30.59526672748206],[121.53557293224762,-30.595950266786666],[121.54003878380553,-30.596163191974334],[121.54237281656036,-30.59627422821909],[121.54284762129669,-30.591895900482278],[121.53557319868075,-30.591878668842742]]]},"properties":{"fmt_tenid":"M 27/72","type":"MINING LEASE","tenstatus":"LIVE","holder1":"NORTHERN STAR (KANOWNA) PTY LIMITED","holder2":" ","legal_area":31.665,"unit_of_me":"HA.","_colour":"#f5a520","_label":"Mining Lease"}},{"type":"Feature","geometry":{"type":"Polygon","coordinates":[[[121.53161484035131,-30.590028453534657],[121.53163467949878,-30.59472088491275],[121.53296323891333,-30.59537495559571],[121.53557297465609,-30.59526672748206],[121.53557319868075,-30.591878668842742],[121.54284762129669,-30.591895900482278],[121.54185656147177,-30.59140852336797],[121.54266665844516,-30.59000510979292],[121.53161484035131,-30.590028453534657]]]},"properties":{"fmt_tenid":"M 27/73","type":"MINING LEASE","tenstatus":"LIVE","holder1":"NORTHERN STAR (KANOWNA) PTY LIMITED","holder2":" ","legal_area":35.225,"unit_of_me":"HA.","_colour":"#f5a520","_label":"Mining Lease"}},{"type":"Feature","geometry":{"type":"Polygon","coordinates":[[[121.54970666078675,-30.586926292971523],[121.56066284956559,-30.59231880785837],[121.55652082997534,-30.598619179995783],[121.55285302251579,-30.604197416996833],[121.56628499985317,-30.61128358610375],[121.57372468288735,-30.615207398320532],[121.5773976156331,-30.60202019633103],[121.57245378962985,-30.601902899185713],[121.5743330183674,-30.59904476744223],[121.57847565765886,-30.592743453801127],[121.57901442443539,-30.591923869026417],[121.58262174445862,-30.58643589114705],[121.58344628698867,-30.585181375003607],[121.59101586592956,-30.588904934755767],[121.59420703789904,-30.58444193126427],[121.59829746520488,-30.57820247680502],[121.59452892812034,-30.576363911197003],[121.59321498388546,-30.578363765253982],[121.59356395942585,-30.57589310108374],[121.58628238938141,-30.572339741573575],[121.57843966995196,-30.584378287050004],[121.57126053328794,-30.58084559413713],[121.56895305116217,-30.579709997132206],[121.564083871474,-30.577313468749345],[121.55688273084004,-30.573768633738982],[121.55528667765991,-30.57298287071262],[121.55113959274306,-30.57928876835124],[121.54981420852914,-30.581303894731295],[121.54978853136272,-30.581342935908626],[121.54822971378005,-30.583712851787972],[121.55071328332554,-30.585315645021524],[121.54970666078675,-30.586926292971523]],[[121.5500216238385,-30.581454106999495],[121.55292182695278,-30.582837266783823],[121.55149609609228,-30.585312422500856],[121.54868778707657,-30.583826940605817],[121.5500216238385,-30.581454106999495]]]},"properties":{"fmt_tenid":"M 27/92","type":"MINING LEASE","tenstatus":"LIVE","holder1":"NORTHERN STAR (KANOWNA) PTY LIMITED","holder2":" ","legal_area":972.65,"unit_of_me":"HA.","_colour":"#f5a520","_label":"Mining Lease"}},{"type":"Feature","geometry":{"type":"Polygon","coordinates":[[[122.19517979972814,-30.53038735925211],[122.1952252675727,-30.53567143276553],[122.19900382792757,-30.53572023145766],[122.19943894145925,-30.531291292971595],[122.19517979972814,-30.53038735925211]]]},"properties":{"fmt_tenid":"M 28/113","type":"MINING LEASE","tenstatus":"LIVE","holder1":"NORTHERN STAR (CAROSUE DAM) PTY LTD","holder2":" ","legal_area":20.865,"unit_of_me":"HA.","_colour":"#f5a520","_label":"Mining Lease"}},{"type":"Feature","geometry":{"type":"Polygon","coordinates":[[[122.34613978952336,-30.14378660819731],[122.34756972135378,-30.14598195471132],[122.34756959955048,-30.161317107286],[122.38227793367734,-30.160416760396927],[122.36314706434081,-30.14378288362915],[122.34613978952336,-30.14378660819731]]]},"properties":{"fmt_tenid":"M 28/166","type":"MINING LEASE","tenstatus":"LIVE","holder1":"NORTHERN STAR (CAROSUE DAM) PTY LTD","holder2":" ","legal_area":465.05,"unit_of_me":"HA.","_colour":"#f5a520","_label":"Mining Lease"}},{"type":"Feature","geometry":{"type":"Polygon","coordinates":[[[122.4005316366613,-30.18286730544777],[122.40053135139956,-30.176279378908696],[122.38227793367734,-30.160416760396927],[122.34756959955048,-30.161317107286],[122.36121992111582,-30.18186305917529],[122.36187442381642,-30.182847947928934],[122.4005316366613,-30.18286730544777]]]},"properties":{"fmt_tenid":"M 28/167","type":"MINING LEASE","tenstatus":"LIVE","holder1":"NORTHERN STAR (CAROSUE DAM) PTY LTD","holder2":" ","legal_area":933.3,"unit_of_me":"HA.","_colour":"#f5a520","_label":"Mining Lease"}},{"type":"Feature","geometry":{"type":"Polygon","coordinates":[[[122.36187442381642,-30.182847947928934],[122.36809610393146,-30.19220941782093],[122.38051973961609,-30.210896574597353],[122.40053199830302,-30.210873154937314],[122.4005316366613,-30.18286730544777],[122.36187442381642,-30.182847947928934]]]},"properties":{"fmt_tenid":"M 28/168","type":"MINING LEASE","tenstatus":"LIVE","holder1":"NORTHERN STAR (CAROSUE DAM) PTY LTD","holder2":" ","legal_area":877.8,"unit_of_me":"HA.","_colour":"#f5a520","_label":"Mining Lease"}},{"type":"Feature","geometry":{"type":"Polygon","coordinates":[[[122.33478069470786,-30.198661438972266],[122.35146805505777,-30.19862099672104],[122.35502577796646,-30.19864395864383],[122.34580838556731,-30.18186340154887],[122.33491050338297,-30.162015371132455],[122.33485122732912,-30.178732808358465],[122.33478069470786,-30.198661438972266]]]},"properties":{"fmt_tenid":"M 28/241","type":"MINING LEASE","tenstatus":"LIVE","holder1":"NORTHERN STAR (CAROSUE DAM) PTY LTD","holder2":" ","legal_area":395.75,"unit_of_me":"HA.","_colour":"#f5a520","_label":"Mining Lease"}},{"type":"Feature","geometry":{"type":"Polygon","coordinates":[[[122.35581768810461,-30.255541828303308],[122.35582797027119,-30.273581673770547],[122.35583841612805,-30.29162139984484],[122.3766014434162,-30.29163298653418],[122.37661199151536,-30.2735934257398],[122.37662257403505,-30.255553824332974],[122.35581768810461,-30.255541828303308]]]},"properties":{"fmt_tenid":"M 28/243","type":"MINING LEASE","tenstatus":"LIVE","holder1":"NEXUS PINNACLES PTY LTD","holder2":"NORTHERN STAR (CAROSUE DAM) PTY LTD","legal_area":799.951,"unit_of_me":"HA.","_colour":"#f5a520","_label":"Mining Lease"}},{"type":"Feature","geometry":{"type":"Polygon","coordinates":[[[122.36026481025884,-30.13489915171283],[122.35708140378574,-30.137655113561923],[122.35715181270194,-30.137716668675463],[122.3566616295739,-30.13814260783505],[122.36314706434081,-30.14378288362915],[122.3712606504784,-30.1508384879918],[122.37497942700146,-30.147682062747702],[122.36026481025884,-30.13489915171283]]]},"properties":{"fmt_tenid":"M 28/245","type":"MINING LEASE","tenstatus":"LIVE","holder1":"NORTHERN STAR (CAROSUE DAM) PTY LTD","holder2":" ","legal_area":100.1,"unit_of_me":"HA.","_colour":"#f5a520","_label":"Mining Lease"}},{"type":"Feature","geometry":{"type":"Polygon","coordinates":[[[122.34580838556731,-30.18186340154887],[122.35502577796646,-30.19864395864383],[122.36811758001926,-30.222466900011618],[122.36809630943812,-30.215354844976062],[122.36809610393146,-30.19220941782093],[122.36187442381642,-30.182847947928934],[122.36121992111582,-30.18186305917529],[122.34580838556731,-30.18186340154887]]]},"properties":{"fmt_tenid":"M 28/266","type":"MINING LEASE","tenstatus":"LIVE","holder1":"NORTHERN STAR (CAROSUE DAM) PTY LTD","holder2":" ","legal_area":444.75,"unit_of_me":"HA.","_colour":"#f5a520","_label":"Mining Lease"}},{"type":"Feature","geometry":{"type":"Polygon","coordinates":[[[122.32492270462613,-30.143816973120153],[122.33491050338297,-30.162015371132455],[122.34580838556731,-30.18186340154887],[122.36121992111582,-30.18186305917529],[122.34756959955048,-30.161317107286],[122.34756972135378,-30.14598195471132],[122.34613978952336,-30.14378660819731],[122.32492270462613,-30.143816973120153]]]},"properties":{"fmt_tenid":"M 28/269","type":"MINING LEASE","tenstatus":"LIVE","holder1":"NORTHERN STAR (CAROSUE DAM) PTY LTD","holder2":" ","legal_area":644.4,"unit_of_me":"HA.","_colour":"#f5a520","_label":"Mining Lease"}},{"type":"Feature","geometry":{"type":"Polygon","coordinates":[[[122.21666666407066,-30.503378436851122],[122.22109351670203,-30.50339052711633],[122.22109840187157,-30.51666691400266],[122.2223361186619,-30.516666906626508],[122.22109848594056,-30.516900785340646],[122.22330702417611,-30.524437886640452],[122.22505639155023,-30.523952191756532],[122.22684073299702,-30.523456260888146],[122.22898225796074,-30.52286101687862],[122.22934904226703,-30.522759110477512],[122.23201348218247,-30.52201850099578],[122.23378387236575,-30.52152610694767],[122.23912475334389,-30.521168761185876],[122.24626688871196,-30.520690548731363],[122.2447948377188,-30.51348913050512],[122.24600425361537,-30.513303987387463],[122.24608142601438,-30.51160259668742],[122.23915123812642,-30.51151409275654],[122.2397595221469,-30.514278648728443],[122.23332754328487,-30.515130839737242],[122.23334522822576,-30.499999995883446],[122.21666666706923,-30.500000000363006],[122.21666666407066,-30.503378436851122]],[[122.22583611213592,-30.519972947023266],[122.22880862516666,-30.51913705922989],[122.23012919681265,-30.520326377248587],[122.2282946201471,-30.521855384102672],[122.22878624034682,-30.52230588658527],[122.22683877998176,-30.52345114887652],[122.22583611213592,-30.519972947023266]]]},"properties":{"fmt_tenid":"M 28/374","type":"MINING LEASE","tenstatus":"LIVE","holder1":"NORTHERN STAR (CAROSUE DAM) PTY LTD","holder2":" ","legal_area":404.55,"unit_of_me":"HA.","_colour":"#f5a520","_label":"Mining Lease"}},{"type":"Feature","geometry":{"type":"Polygon","coordinates":[[[122.21705570207418,-30.523565964430237],[122.21772846675762,-30.539533837047045],[122.22268435874649,-30.539597901651113],[122.22198522888324,-30.543804127911642],[122.22688741487161,-30.543732535353776],[122.23037170387926,-30.543805942390925],[122.22997842500929,-30.542467844225346],[122.23165632315559,-30.54223479256273],[122.23641464047328,-30.541573763164727],[122.2370449803629,-30.540887630286065],[122.23777458438892,-30.541384688385946],[122.23890762929051,-30.54215657999692],[122.23941019680072,-30.541667024398183],[122.2407657927585,-30.542448479152668],[122.24244491357481,-30.54073767046399],[122.24358732429407,-30.539573653708956],[122.24481158922364,-30.540406839609787],[122.24222419847548,-30.532976573812764],[122.23726045237856,-30.533720070779374],[122.23014172111465,-30.53478571202453],[122.22989839254852,-30.532238868120306],[122.22483976278589,-30.532698561956874],[122.22330702417611,-30.524437886640452],[122.21705570207418,-30.523565964430237]],[[122.22555718875238,-30.53564092629049],[122.22765757989652,-30.532659406937693],[122.2294609025456,-30.5337018380528],[122.22754672674583,-30.536382637594752],[122.22829970057924,-30.539777497996077],[122.22609970939962,-30.540134805175022],[122.22555718875238,-30.53564092629049]]]},"properties":{"fmt_tenid":"M 28/375","type":"MINING LEASE","tenstatus":"LIVE","holder1":"NORTHERN STAR (CAROSUE DAM) PTY LTD","holder2":" ","legal_area":286.15,"unit_of_me":"HA.","_colour":"#f5a520","_label":"Mining Lease"}},{"type":"Feature","geometry":{"type":"Polygon","coordinates":[[[122.16773913302156,-30.48407853906015],[122.16771037634047,-30.488645460741154],[122.17811924431028,-30.488809926144658],[122.17803207164033,-30.49548640679048],[122.18723764109056,-30.49589122026354],[122.18707414285466,-30.49259134127818],[122.1889914674103,-30.492608397782316],[122.18924509675908,-30.498836244137102],[122.19627349923613,-30.498921347281367],[122.19626547686433,-30.49870690818965],[122.19775878221083,-30.49868267429761],[122.1977569391123,-30.501964551082583],[122.19162311331317,-30.5020953418522],[122.18967861547254,-30.499113929812363],[122.18391739732006,-30.50209526041652],[122.18631443315617,-30.504972624886157],[122.18678120680099,-30.504692310101863],[122.1868375437911,-30.50696024126667],[122.19412196853281,-30.506962043969896],[122.19626697242292,-30.506802543637498],[122.19641387152714,-30.50755990356712],[122.19687538892066,-30.50989803531585],[122.19643652488153,-30.510001165840027],[122.19457515848993,-30.51047277541536],[122.1941366564527,-30.510506114184743],[122.19398922861646,-30.51375328955705],[122.19621411716125,-30.513666239100573],[122.19629497951864,-30.51233478255243],[122.19810511063943,-30.51322820450046],[122.19852172289299,-30.51343382646916],[122.20358282084213,-30.515931573510134],[122.20716652678364,-30.517700005184626],[122.21068601457746,-30.512681673548144],[122.21145604506268,-30.511583665096047],[122.21068225554177,-30.511195503136896],[122.2011537551485,-30.50641502425688],[122.2008893881477,-30.4950087931399],[122.19774040492975,-30.495169923453275],[122.1977382848924,-30.484025837933313],[122.16773913302156,-30.48407853906015]],[[122.19618561598236,-30.48922048491173],[122.19754430947249,-30.489745213952766],[122.19758925101824,-30.491987189533532],[122.19635229647585,-30.49155808619346],[122.1970998766952,-30.490024091596798],[122.19593919718609,-30.48969984507685],[122.19618561598236,-30.48922048491173]]]},"properties":{"fmt_tenid":"M 28/377","type":"MINING LEASE","tenstatus":"LIVE","holder1":"NORTHERN STAR (CAROSUE DAM) PTY LTD","holder2":" ","legal_area":543.9,"unit_of_me":"HA.","_colour":"#f5a520","_label":"Mining Lease"}},{"type":"Feature","geometry":{"type":"Polygon","coordinates":[[[122.1870794364637,-30.542385852473636],[122.18887415144242,-30.545639652046013],[122.19118916313415,-30.54465016583504],[122.18940714702555,-30.541398903046183],[122.1870794364637,-30.542385852473636]]]},"properties":{"fmt_tenid":"M 28/379","type":"MINING LEASE","tenstatus":"LIVE","holder1":"NORTHERN STAR (CAROSUE DAM) PTY LTD","holder2":" ","legal_area":9.913,"unit_of_me":"HA.","_colour":"#f5a520","_label":"Mining Lease"}},{"type":"Feature","geometry":{"type":"Polygon","coordinates":[[[122.20772574895851,-30.587720076022315],[122.20914658616509,-30.591104743405758],[122.21157060853693,-30.59038305449752],[122.21009201313166,-30.58699406364802],[122.20772574895851,-30.587720076022315]]]},"properties":{"fmt_tenid":"M 28/380","type":"MINING LEASE","tenstatus":"LIVE","holder1":"NORTHERN STAR (CAROSUE DAM) PTY LTD","holder2":" ","legal_area":9.742,"unit_of_me":"HA.","_colour":"#f5a520","_label":"Mining Lease"}},{"type":"Feature","geometry":{"type":"Polygon","coordinates":[[[122.19943894145925,-30.531291292971595],[122.19900382792757,-30.53572023145766],[122.1952252675727,-30.53567143276553],[122.19546986374456,-30.538719112198862],[122.20337949669471,-30.53883045545508],[122.20312785440223,-30.531251150648142],[122.19943894145925,-30.531291292971595]]]},"properties":{"fmt_tenid":"M 28/381","type":"MINING LEASE","tenstatus":"LIVE","holder1":"NORTHERN STAR (CAROSUE DAM) PTY LTD","holder2":" ","legal_area":44.86,"unit_of_me":"HA.","_colour":"#f5a520","_label":"Mining Lease"}},{"type":"Feature","geometry":{"type":"Polygon","coordinates":[[[122.17670400082298,-30.52515242593462],[122.17669207314395,-30.534199914948513],[122.18611430425526,-30.534265239668017],[122.18612966999669,-30.527235429591624],[122.18601678971473,-30.52680095042694],[122.19012866076481,-30.526170750287378],[122.18994991828377,-30.52532840050549],[122.19312596917025,-30.524978561892972],[122.19359694891129,-30.527002847739617],[122.2058092760394,-30.530319024172403],[122.20117464846862,-30.528173976853903],[122.20173356248075,-30.52720528743478],[122.19854542181312,-30.525249551534895],[122.19355440262161,-30.524416590281913],[122.19355031231973,-30.517409092899168],[122.1860544635161,-30.51972732815271],[122.18615242489405,-30.525186772863],[122.17670400082298,-30.52515242593462]],[[122.17839719708267,-30.529450480387204],[122.18071935205626,-30.52937567158781],[122.18088052827757,-30.532596260445693],[122.18091914796217,-30.53336792786547],[122.17856284629812,-30.53343987884742],[122.17839719708267,-30.529450480387204]]]},"properties":{"fmt_tenid":"M 28/382","type":"MINING LEASE","tenstatus":"LIVE","holder1":"NORTHERN STAR (CAROSUE DAM) PTY LTD","holder2":" ","legal_area":164.1,"unit_of_me":"HA.","_colour":"#f5a520","_label":"Mining Lease"}},{"type":"Feature","geometry":{"type":"Polygon","coordinates":[[[122.2095093323729,-30.5225130384412],[122.20939162998276,-30.530893085298114],[122.20366950218246,-30.530883590416494],[122.20361678764193,-30.531352677371068],[122.21241273354173,-30.53076845086468],[122.21223929203902,-30.522893994234668],[122.2095093323729,-30.5225130384412]]]},"properties":{"fmt_tenid":"M 28/383","type":"MINING LEASE","tenstatus":"LIVE","holder1":"NORTHERN STAR (CAROSUE DAM) PTY LTD","holder2":" ","legal_area":26.65,"unit_of_me":"HA.","_colour":"#f5a520","_label":"Mining Lease"}},{"type":"Feature","geometry":{"type":"Polygon","coordinates":[[[122.23483176734044,-30.52520193114062],[122.23726045237856,-30.533720070779374],[122.24222419847548,-30.532976573812764],[122.24481158922364,-30.540406839609787],[122.24558744351901,-30.540934453558464],[122.23827900036014,-30.549018142098333],[122.23469933097367,-30.5464176547225],[122.23356824317185,-30.54741158751163],[122.2320171565159,-30.546359050350997],[122.23641464047328,-30.541573763164727],[122.23165632315559,-30.54223479256273],[122.22997842500929,-30.542467844225346],[122.23037170387926,-30.543805942390925],[122.23049634276757,-30.544230005510194],[122.23336740440327,-30.55399729555925],[122.23689366392176,-30.5541300523475],[122.23769666497007,-30.558091964370313],[122.2460276470412,-30.556809408992653],[122.2452864288777,-30.554707791518982],[122.24955075958104,-30.554092005205828],[122.25540739943104,-30.553085761257748],[122.2564296760167,-30.552910092048123],[122.256578083603,-30.55343375973785],[122.26054426341925,-30.55285537415988],[122.26852860002674,-30.551690635792554],[122.2684583590293,-30.552219098999824],[122.26639237522404,-30.552178620467963],[122.26637368641855,-30.55676770632408],[122.27237629266757,-30.556807810208426],[122.27239708683501,-30.54458739633522],[122.26872705401007,-30.54453231760338],[122.26839427715251,-30.542976629180572],[122.26259394955392,-30.54406354718433],[122.261298591355,-30.537136364790076],[122.25491704859687,-30.538111879170305],[122.2550140492782,-30.538600876457675],[122.25354194453422,-30.53874383646753],[122.25020257640318,-30.52585685808372],[122.24953416609512,-30.523276967566524],[122.23985268188835,-30.52475970691735],[122.23483176734044,-30.52520193114062]]]},"properties":{"fmt_tenid":"M 28/384","type":"MINING LEASE","tenstatus":"LIVE","holder1":"NORTHERN STAR (CAROSUE DAM) PTY LTD","holder2":" ","legal_area":749.4,"unit_of_me":"HA.","_colour":"#f5a520","_label":"Mining Lease"}},{"type":"Feature","geometry":{"type":"Polygon","coordinates":[[[122.23641464047328,-30.541573763164727],[122.2320171565159,-30.546359050350997],[122.23356824317185,-30.54741158751163],[122.23469933097367,-30.5464176547225],[122.23827900036014,-30.549018142098333],[122.24558744351901,-30.540934453558464],[122.24481158922364,-30.540406839609787],[122.24358732429407,-30.539573653708956],[122.24244491357481,-30.54073767046399],[122.2407657927585,-30.542448479152668],[122.23941019680072,-30.541667024398183],[122.23890762929051,-30.54215657999692],[122.23777458438892,-30.541384688385946],[122.2370449803629,-30.540887630286065],[122.23641464047328,-30.541573763164727]]]},"properties":{"fmt_tenid":"M 28/66","type":"MINING LEASE","tenstatus":"LIVE","holder1":"NORTHERN STAR (CAROSUE DAM) PTY LTD","holder2":" ","legal_area":57.81,"unit_of_me":"HA.","_colour":"#f5a520","_label":"Mining Lease"}},{"type":"Feature","geometry":{"type":"Polygon","coordinates":[[[122.2294609025456,-30.5337018380528],[122.22765757989652,-30.532659406937693],[122.22555718875238,-30.53564092629049],[122.22609970939962,-30.540134805175022],[122.22829970057924,-30.539777497996077],[122.22754672674583,-30.536382637594752],[122.2294609025456,-30.5337018380528]]]},"properties":{"fmt_tenid":"M 28/7","type":"MINING LEASE","tenstatus":"LIVE","holder1":"NORTHERN STAR (CAROSUE DAM) PTY LTD","holder2":" ","legal_area":16.275,"unit_of_me":"HA.","_colour":"#f5a520","_label":"Mining Lease"}},{"type":"Feature","geometry":{"type":"Polygon","coordinates":[[[122.22505639155023,-30.523952191756532],[122.22536105113221,-30.52501473197547],[122.22929225830974,-30.524433751393023],[122.22898225796074,-30.52286101687862],[122.22505639155023,-30.523952191756532]]]},"properties":{"fmt_tenid":"M 28/70","type":"MINING LEASE","tenstatus":"LIVE","holder1":"NORTHERN STAR (CAROSUE DAM) PTY LTD","holder2":" ","legal_area":5.7825,"unit_of_me":"HA.","_colour":"#f5a520","_label":"Mining Lease"}},{"type":"Feature","geometry":{"type":"Polygon","coordinates":[[[122.23985268188835,-30.52475970691735],[122.24953416609512,-30.523276967566524],[122.25005093988993,-30.52319780166939],[122.24938479659417,-30.520481634447993],[122.24626688871196,-30.520690548731363],[122.23912475334389,-30.521168761185876],[122.23985268188835,-30.52475970691735]]]},"properties":{"fmt_tenid":"M 28/72","type":"MINING LEASE","tenstatus":"LIVE","holder1":"NORTHERN STAR (CAROSUE DAM) PTY LTD","holder2":" ","legal_area":35.15,"unit_of_me":"HA.","_colour":"#f5a520","_label":"Mining Lease"}},{"type":"Feature","geometry":{"type":"Polygon","coordinates":[[[122.22583611213592,-30.519972947023266],[122.22683877998176,-30.52345114887652],[122.22878624034682,-30.52230588658527],[122.2282946201471,-30.521855384102672],[122.23012919681265,-30.520326377248587],[122.22880862516666,-30.51913705922989],[122.22583611213592,-30.519972947023266]]]},"properties":{"fmt_tenid":"M 28/76","type":"MINING LEASE","tenstatus":"LIVE","holder1":"NORTHERN STAR (CAROSUE DAM) PTY LTD","holder2":" ","legal_area":10.62,"unit_of_me":"HA.","_colour":"#f5a520","_label":"Mining Lease"}},{"type":"Feature","geometry":{"type":"Polygon","coordinates":[[[122.20859451906698,-30.51872874159468],[122.20807423711277,-30.522312692679566],[122.2095093323729,-30.5225130384412],[122.21223929203902,-30.522893994234668],[122.21705570207418,-30.523565964430237],[122.22330702417611,-30.524437886640452],[122.22109848594056,-30.516900785340646],[122.21069327960348,-30.515644479309074],[122.20907073258162,-30.515448505773467],[122.20859451906698,-30.51872874159468]]]},"properties":{"fmt_tenid":"M 28/84","type":"MINING LEASE","tenstatus":"LIVE","holder1":"NORTHERN STAR (CAROSUE DAM) PTY LTD","holder2":" ","legal_area":103.3,"unit_of_me":"HA.","_colour":"#f5a520","_label":"Mining Lease"}},{"type":"Feature","geometry":{"type":"Polygon","coordinates":[[[122.19854542181312,-30.525249551534895],[122.20173356248075,-30.52720528743478],[122.20117464846862,-30.528173976853903],[122.2058092760394,-30.530319024172403],[122.20820566056928,-30.527192545532714],[122.20370287727494,-30.524383858264123],[122.20314481454457,-30.525084823163045],[122.19975577738431,-30.523068921834543],[122.19854542181312,-30.525249551534895]]]},"properties":{"fmt_tenid":"M 28/89","type":"MINING LEASE","tenstatus":"LIVE","holder1":"NORTHERN STAR (CAROSUE DAM) PTY LTD","holder2":" ","legal_area":33.875,"unit_of_me":"HA.","_colour":"#f5a520","_label":"Mining Lease"}},{"type":"Feature","geometry":{"type":"Polygon","coordinates":[[[122.21066306606328,-30.503361783476944],[122.21068236754105,-30.511195402135947],[122.21145602406277,-30.511583656096036],[122.21068601457746,-30.512681673548144],[122.21069327960348,-30.515644479309074],[122.22109848594056,-30.516900785340646],[122.22109840187157,-30.51666691400266],[122.22109351670203,-30.50339052711633],[122.21666666407066,-30.503378436851122],[122.21066306606328,-30.503361783476944]]]},"properties":{"fmt_tenid":"M 28/90","type":"MINING LEASE","tenstatus":"LIVE","holder1":"NORTHERN STAR (CAROSUE DAM) PTY LTD","holder2":" ","legal_area":142.35,"unit_of_me":"HA.","_colour":"#f5a520","_label":"Mining Lease"}},{"type":"Feature","geometry":{"type":"MultiPolygon","coordinates":[[[[122.22330702417611,-30.524437886640452],[122.22483976278589,-30.532698561956874],[122.22989839254852,-30.532238868120306],[122.23014172111465,-30.53478571202453],[122.23726045237856,-30.533720070779374],[122.23483176734044,-30.52520193114062],[122.23378387236575,-30.52152610694767],[122.23201348218247,-30.52201850099578],[122.23287020914435,-30.52278803594099],[122.23099193107403,-30.524165265436622],[122.22934904226703,-30.522759110477512],[122.22898225796074,-30.52286101687862],[122.22929225830974,-30.524433751393023],[122.22536105113221,-30.52501473197547],[122.22505639155023,-30.523952191756532],[122.22330702417611,-30.524437886640452]]],[[[122.22688741487161,-30.543732535353776],[122.22689893453745,-30.544316655518063],[122.23049634276757,-30.544230005510194],[122.23037170387926,-30.543805942390925],[122.22688741487161,-30.543732535353776]]]]},"properties":{"fmt_tenid":"M 28/92","type":"MINING LEASE","tenstatus":"LIVE","holder1":"NORTHERN STAR (CAROSUE DAM) PTY LTD","holder2":" ","legal_area":123.2,"unit_of_me":"HA.","_colour":"#f5a520","_label":"Mining Lease"}},{"type":"Feature","geometry":{"type":"Polygon","coordinates":[[[122.33674548002908,-30.065353742389682],[122.34296441303658,-30.07196910085765],[122.3680947931841,-30.098687052431682],[122.36809832043865,-30.081498625102615],[122.3690144427596,-30.081191194916336],[122.3680647297986,-30.07878429257981],[122.36810787283247,-30.067672897645185],[122.36639871851514,-30.069128313063185],[122.36447290956905,-30.069687145467007],[122.36834586013936,-30.08096985940513],[122.36011887056637,-30.083094145150085],[122.35647429815184,-30.072007847873135],[122.34763547511258,-30.06555854207578],[122.33674548002908,-30.065353742389682]]]},"properties":{"fmt_tenid":"M 31/156","type":"MINING LEASE","tenstatus":"LIVE","holder1":"NORTHERN STAR (CAROSUE DAM) PTY LTD","holder2":" ","legal_area":359.425,"unit_of_me":"HA.","_colour":"#f5a520","_label":"Mining Lease"}},{"type":"Feature","geometry":{"type":"Polygon","coordinates":[[[122.30885559775665,-29.86240348719894],[122.308864843083,-29.865560496636718],[122.30889704762782,-29.876383033943995],[122.31699233503791,-29.87636397680803],[122.32435377521877,-29.876346370483226],[122.32524715139589,-29.876344407536255],[122.32520420733816,-29.86290439765838],[122.31694802093972,-29.86238475852436],[122.30885559775665,-29.86240348719894]]]},"properties":{"fmt_tenid":"M 31/172","type":"MINING LEASE","tenstatus":"LIVE","holder1":"NORTHERN STAR (CAROSUE DAM) PTY LTD","holder2":" ","legal_area":242.4,"unit_of_me":"HA.","_colour":"#f5a520","_label":"Mining Lease"}},{"type":"Feature","geometry":{"type":"Polygon","coordinates":[[[122.26809425114119,-30.032020950621305],[122.28475989366311,-30.06535446783306],[122.2929019996626,-30.06197248817235],[122.29471614988452,-30.06109757413956],[122.31809411331572,-30.04868749417287],[122.28476092890232,-30.032021232458316],[122.26809425114119,-30.032020950621305]]]},"properties":{"fmt_tenid":"M 31/208","type":"MINING LEASE","tenstatus":"LIVE","holder1":"NORTHERN STAR (CAROSUE DAM) PTY LTD","holder2":" ","legal_area":904.4,"unit_of_me":"HA.","_colour":"#f5a520","_label":"Mining Lease"}},{"type":"Feature","geometry":{"type":"Polygon","coordinates":[[[122.29471614988452,-30.06109757413956],[122.32508548356998,-30.087516492502854],[122.34296441303658,-30.07196910085765],[122.33674548002908,-30.065353742389682],[122.33476130895185,-30.065354136817035],[122.31809411331572,-30.04868749417287],[122.29471614988452,-30.06109757413956]]]},"properties":{"fmt_tenid":"M 31/209","type":"MINING LEASE","tenstatus":"LIVE","holder1":"NORTHERN STAR (CAROSUE DAM) PTY LTD","holder2":" ","legal_area":953.6,"unit_of_me":"HA.","_colour":"#f5a520","_label":"Mining Lease"}},{"type":"Feature","geometry":{"type":"Polygon","coordinates":[[[122.32508548356998,-30.087516492502854],[122.35545531147272,-30.113916134922103],[122.35571048618696,-30.113694183147743],[122.35559296031978,-30.113213422059808],[122.36809473398627,-30.10989153652762],[122.3680947931841,-30.098687052431682],[122.34296441303658,-30.07196910085765],[122.32508548356998,-30.087516492502854]]]},"properties":{"fmt_tenid":"M 31/210","type":"MINING LEASE","tenstatus":"LIVE","holder1":"NORTHERN STAR (CAROSUE DAM) PTY LTD","holder2":" ","legal_area":960.8,"unit_of_me":"HA.","_colour":"#f5a520","_label":"Mining Lease"}},{"type":"Feature","geometry":{"type":"Polygon","coordinates":[[[122.31809411331572,-30.04868749417287],[122.33476130895185,-30.065354136817035],[122.33473854020824,-30.048696324573765],[122.31809411331572,-30.04868749417287]]]},"properties":{"fmt_tenid":"M 31/212","type":"MINING LEASE","tenstatus":"LIVE","holder1":"NORTHERN STAR (CAROSUE DAM) PTY LTD","holder2":" ","legal_area":148.218,"unit_of_me":"HA.","_colour":"#f5a520","_label":"Mining Lease"}},{"type":"Feature","geometry":{"type":"Polygon","coordinates":[[[122.25081388139868,-30.032081105751878],[122.26809425114119,-30.032020950621305],[122.28476092890232,-30.032021232458316],[122.31809411331572,-30.04868749417287],[122.3180818097938,-30.031992216937294],[122.30142938667613,-30.032015235035644],[122.30141959585421,-30.031204733845957],[122.28476034203399,-30.031215953955517],[122.27176469890455,-30.020058290416998],[122.26248392850002,-30.012087712853628],[122.25081388139868,-30.032081105751878]]]},"properties":{"fmt_tenid":"M 31/213","type":"MINING LEASE","tenstatus":"LIVE","holder1":"NORTHERN STAR (CAROSUE DAM) PTY LTD","holder2":" ","legal_area":683.268,"unit_of_me":"HA.","_colour":"#f5a520","_label":"Mining Lease"}},{"type":"Feature","geometry":{"type":"Polygon","coordinates":[[[122.33162521244427,-30.12149631906982],[122.35545531147272,-30.113916134922103],[122.32508548356998,-30.087516492502854],[122.29471614988452,-30.06109757413956],[122.2929019996626,-30.06197248817235],[122.31678107149476,-30.09868772247823],[122.32759884239974,-30.115310836304158],[122.33162521244427,-30.12149631906982]]]},"properties":{"fmt_tenid":"M 31/219","type":"MINING LEASE","tenstatus":"LIVE","holder1":"NORTHERN STAR (CAROSUE DAM) PTY LTD","holder2":" ","legal_area":994.2,"unit_of_me":"HA.","_colour":"#f5a520","_label":"Mining Lease"}},{"type":"Feature","geometry":{"type":"Polygon","coordinates":[[[122.34613978952336,-30.14378660819731],[122.36314706434081,-30.14378288362915],[122.3566616295739,-30.13814260783505],[122.35715181270194,-30.137716668675463],[122.35708140378574,-30.137655113561923],[122.38276500399067,-30.11541373507027],[122.37449598619258,-30.108189941751256],[122.36809473398627,-30.10989153652762],[122.35559296031978,-30.113213422059808],[122.35571048618696,-30.113694183147743],[122.35545531147272,-30.113916134922103],[122.33162521244427,-30.12149631906982],[122.34613978952336,-30.14378660819731]]]},"properties":{"fmt_tenid":"M 31/220","type":"MINING LEASE","tenstatus":"LIVE","holder1":"NORTHERN STAR (CAROSUE DAM) PTY LTD","holder2":" ","legal_area":989.8,"unit_of_me":"HA.","_colour":"#f5a520","_label":"Mining Lease"}},{"type":"Feature","geometry":{"type":"Polygon","coordinates":[[[122.31666666677626,-30.00000000227878],[122.31809370791854,-30.015358939363875],[122.33333334037846,-30.015407581311667],[122.33333333224297,-30.000000008222],[122.31666666677626,-30.00000000227878]]]},"properties":{"fmt_tenid":"M 31/273","type":"MINING LEASE","tenstatus":"LIVE","holder1":"NORTHERN STAR (CAROSUE DAM) PTY LTD","holder2":" ","legal_area":262.473,"unit_of_me":"HA.","_colour":"#f5a520","_label":"Mining Lease"}},{"type":"Feature","geometry":{"type":"Polygon","coordinates":[[[122.3180818097938,-30.031992216937294],[122.31809411331572,-30.04868749417287],[122.33473854020824,-30.048696324573765],[122.33472983191923,-30.036504972832596],[122.35142741120157,-30.03653092799242],[122.35142735243146,-30.033333331093072],[122.34999999746329,-30.033333335319895],[122.35000000106506,-30.016666671659213],[122.33333333947063,-30.016666666778907],[122.33333334037846,-30.015407581311667],[122.31809370791854,-30.015358939363875],[122.3180818097938,-30.031992216937294]]]},"properties":{"fmt_tenid":"M 31/274","type":"MINING LEASE","tenstatus":"LIVE","holder1":"NORTHERN STAR (CAROSUE DAM) PTY LTD","holder2":" ","legal_area":919.93,"unit_of_me":"HA.","_colour":"#f5a520","_label":"Mining Lease"}},{"type":"Feature","geometry":{"type":"Polygon","coordinates":[[[122.33472983191923,-30.036504972832596],[122.33473854020824,-30.048696324573765],[122.33476130895185,-30.065354136817035],[122.33674548002908,-30.065353742389682],[122.34763547511258,-30.06555854207578],[122.34362568842035,-30.055242802403015],[122.35350527665958,-30.0523309791718],[122.35462912765436,-30.051391487785132],[122.35142741120157,-30.03653092799242],[122.33472983191923,-30.036504972832596]]]},"properties":{"fmt_tenid":"M 31/275","type":"MINING LEASE","tenstatus":"LIVE","holder1":"NORTHERN STAR (CAROSUE DAM) PTY LTD","holder2":" ","legal_area":471.633,"unit_of_me":"HA.","_colour":"#f5a520","_label":"Mining Lease"}},{"type":"Feature","geometry":{"type":"Polygon","coordinates":[[[122.36809473398627,-30.10989153652762],[122.37449598619258,-30.108189941751256],[122.38276500399067,-30.11541373507027],[122.3833333324639,-30.115353813384996],[122.38333332962848,-30.100000001158012],[122.38476142918272,-30.09999999981948],[122.38476140542764,-30.098683619966366],[122.3680947931841,-30.098687052431682],[122.36809473398627,-30.10989153652762]]]},"properties":{"fmt_tenid":"M 31/285","type":"MINING LEASE","tenstatus":"LIVE","holder1":"NORTHERN STAR (CAROSUE DAM) PTY LTD","holder2":" ","legal_area":198.878,"unit_of_me":"HA.","_colour":"#f5a520","_label":"Mining Lease"}},{"type":"Feature","geometry":{"type":"Polygon","coordinates":[[[122.30929907830723,-30.115334978946553],[122.31991320059034,-30.134686590503858],[122.32492270462613,-30.143816973120153],[122.34613978952336,-30.14378660819731],[122.33162521244427,-30.12149631906982],[122.32759884239974,-30.115310836304158],[122.30929907830723,-30.115334978946553]]]},"properties":{"fmt_tenid":"M 31/295","type":"MINING LEASE","tenstatus":"LIVE","holder1":"NORTHERN STAR (CAROSUE DAM) PTY LTD","holder2":" ","legal_area":601.65,"unit_of_me":"HA.","_colour":"#f5a520","_label":"Mining Lease"}},{"type":"Feature","geometry":{"type":"Polygon","coordinates":[[[122.28257167715608,-29.788488240387625],[122.28242798939583,-29.79211581335526],[122.28429992847218,-29.792172382261253],[122.28428717896828,-29.794735846693236],[122.28428294313414,-29.79558994350414],[122.28427446446493,-29.797299209125907],[122.2842659927976,-29.799006636748413],[122.28426174696187,-29.799862511559294],[122.2841602593645,-29.802423409959342],[122.28480136004573,-29.80244273920399],[122.28769511173711,-29.802529948320096],[122.29122993460261,-29.802636390054484],[122.29131444903702,-29.80050700864827],[122.2913315625307,-29.800075790768965],[122.29134438331273,-29.797512374516145],[122.2913469918887,-29.796981752670916],[122.29135698609542,-29.79494897326402],[122.29152691004963,-29.794350669394763],[122.29156024501992,-29.793508653634717],[122.29162617294145,-29.79184335411097],[122.29170178212804,-29.78993343967636],[122.29173187175994,-29.789173330082725],[122.2918129524526,-29.78712507218576],[122.29271924356132,-29.786412572492516],[122.290607481547,-29.78436718371391],[122.28781633346901,-29.78166690785972],[122.28804920297725,-29.78041299439577],[122.28833862354105,-29.778054724429445],[122.2855899318607,-29.77798659089136],[122.28558093756416,-29.778262796799343],[122.28313780548342,-29.778194291184032],[122.2826180570339,-29.774425028081808],[122.28013993788193,-29.77468508056689],[122.27998404359194,-29.773553035322156],[122.27989101942339,-29.772877501173454],[122.27953035497913,-29.77291533008998],[122.2774122243552,-29.773137472608422],[122.2775111704871,-29.7738565427947],[122.2778805084629,-29.776540529446468],[122.27832663800973,-29.776565481546193],[122.27893476112557,-29.780247167133997],[122.28142630408387,-29.780386486880325],[122.2797107726362,-29.783693224971863],[122.28167296496866,-29.78471341635487],[122.28198465300076,-29.786022620004346],[122.28257167715608,-29.788488240387625]]]},"properties":{"fmt_tenid":"M 31/3","type":"MINING LEASE","tenstatus":"LIVE","holder1":"NORTHERN STAR (CAROSUE DAM) PTY LTD","holder2":" ","legal_area":238.9,"unit_of_me":"HA.","_colour":"#f5a520","_label":"Mining Lease"}},{"type":"Feature","geometry":{"type":"Polygon","coordinates":[[[122.30361592639922,-29.769888880619888],[122.30628153875101,-29.782945157156902],[122.30900137704874,-29.796263496796048],[122.31012712348208,-29.801774952091385],[122.30976056193802,-29.801751330066153],[122.30932868575015,-29.80662429678809],[122.30856495513945,-29.815240491470227],[122.31681460184038,-29.815795743490312],[122.31800633927422,-29.802305542939425],[122.31947719669462,-29.802404571646335],[122.31884589029026,-29.799302618589476],[122.31794176580492,-29.794874513234642],[122.31631645932939,-29.78850706102184],[122.31747683844023,-29.788276094174385],[122.31711090958474,-29.786655416572223],[122.31666780178351,-29.78469283734768],[122.31683671304837,-29.781725788570487],[122.31685357676753,-29.78142954088943],[122.31703930661259,-29.778166908367332],[122.3163458267694,-29.77813696822506],[122.3162223893825,-29.780312513834705],[122.31414289725386,-29.780222769522247],[122.31413859805922,-29.780298547436747],[122.31180129114034,-29.768854279248863],[122.30361592639922,-29.769888880619888]],[[122.31156432644129,-29.791862470945297],[122.31341983188432,-29.79163713360174],[122.31380297537703,-29.794038120490992],[122.31194747180491,-29.794263229717735],[122.31156432644129,-29.791862470945297]],[[122.31564220338339,-29.801677436195167],[122.31564220042394,-29.803030624238104],[122.31409060378654,-29.803030633386847],[122.31409061786759,-29.801677445396887],[122.31564220338339,-29.801677436195167]]]},"properties":{"fmt_tenid":"M 31/30","type":"MINING LEASE","tenstatus":"LIVE","holder1":"NORTHERN STAR (CAROSUE DAM) PTY LTD","holder2":" ","legal_area":437.1,"unit_of_me":"HA.","_colour":"#f5a520","_label":"Mining Lease"}},{"type":"Feature","geometry":{"type":"Polygon","coordinates":[[[122.30141379689297,-30.098693942142038],[122.30134833364903,-30.10083308244661],[122.30929907830723,-30.115334978946553],[122.32759884239974,-30.115310836304158],[122.31678107149476,-30.09868772247823],[122.30141379689297,-30.098693942142038]]]},"properties":{"fmt_tenid":"M 31/311","type":"MINING LEASE","tenstatus":"LIVE","holder1":"NORTHERN STAR (CAROSUE DAM) PTY LTD","holder2":" ","legal_area":308.9,"unit_of_me":"HA.","_colour":"#f5a520","_label":"Mining Lease"}},{"type":"Feature","geometry":{"type":"Polygon","coordinates":[[[122.3162223893825,-29.780312513834705],[122.3163458267694,-29.77813696822506],[122.31426641088552,-29.778047236982715],[122.31414289725386,-29.780222769522247],[122.3162223893825,-29.780312513834705]]]},"properties":{"fmt_tenid":"M 31/380","type":"MINING LEASE","tenstatus":"LIVE","holder1":"NORTHERN STAR (CAROSUE DAM) PTY LTD","holder2":" ","legal_area":4.861,"unit_of_me":"HA.","_colour":"#f5a520","_label":"Mining Lease"}},{"type":"Feature","geometry":{"type":"Polygon","coordinates":[[[122.31947719669462,-29.802404571646335],[122.32219378319154,-29.78419900199935],[122.32466095242007,-29.767645152435023],[122.32117093788165,-29.76764472969784],[122.3208673760549,-29.76666546758507],[122.31624096508244,-29.76666500753101],[122.31180129114034,-29.768854279248863],[122.31413859805922,-29.780298547436747],[122.31414289725386,-29.780222769522247],[122.31426641088552,-29.778047236982715],[122.3163458267694,-29.77813696822506],[122.31703930661259,-29.778166908367332],[122.31685357676753,-29.78142954088943],[122.31683671304837,-29.781725788570487],[122.31666780178351,-29.78469283734768],[122.31711090958474,-29.786655416572223],[122.31747683844023,-29.788276094174385],[122.31631645932939,-29.78850706102184],[122.31794176580492,-29.794874513234642],[122.31884589029026,-29.799302618589476],[122.31947719669462,-29.802404571646335]]]},"properties":{"fmt_tenid":"M 31/381","type":"MINING LEASE","tenstatus":"LIVE","holder1":"NORTHERN STAR (CAROSUE DAM) PTY LTD","holder2":" ","legal_area":229.05,"unit_of_me":"HA.","_colour":"#f5a520","_label":"Mining Lease"}},{"type":"Feature","geometry":{"type":"Polygon","coordinates":[[[122.2934187932685,-29.772035679814497],[122.2878174524745,-29.7718510691654],[122.2857685761253,-29.75917734612396],[122.28488604453614,-29.759285919929987],[122.2774760332917,-29.760197293705513],[122.27339094958337,-29.760699542995724],[122.27469913025399,-29.768790010763343],[122.27303625636823,-29.768880332262984],[122.27557603123634,-29.768959791084754],[122.27542751288406,-29.773106624109143],[122.2774122243552,-29.773137472608422],[122.27953035497913,-29.77291533008998],[122.27989101942339,-29.772877501173454],[122.27998404359194,-29.773553035322156],[122.28013993788193,-29.77468508056689],[122.2826180570339,-29.774425028081808],[122.28313780548342,-29.778194291184032],[122.28558093756416,-29.778262796799343],[122.2855899318607,-29.77798659089136],[122.28833862354105,-29.778054724429445],[122.28804920297725,-29.78041299439577],[122.28781633346901,-29.78166690785972],[122.290607481547,-29.78436718371391],[122.29271924356132,-29.786412572492516],[122.2918129524526,-29.78712507218576],[122.29173187175994,-29.789173330082725],[122.29170178212804,-29.78993343967636],[122.29162617294145,-29.79184335411097],[122.29156024501992,-29.793508653634717],[122.29152691004963,-29.794350669394763],[122.29135698609542,-29.79494897326402],[122.2913469918887,-29.796981752670916],[122.29134438331273,-29.797512374516145],[122.2913315625307,-29.800075790768965],[122.29131444903702,-29.80050700864827],[122.29326339825342,-29.800637268968323],[122.29380181214015,-29.80067365777942],[122.29393226704782,-29.797380327791526],[122.30072580608092,-29.7963609313442],[122.29794726462065,-29.782276703170485],[122.29278160505626,-29.783050722437064],[122.2934187932685,-29.772035679814497]],[[122.29099838752067,-29.782680291579172],[122.29201648624017,-29.782516628711246],[122.29244561096046,-29.782447751770395],[122.29257917671349,-29.7830810304141],[122.29268932951544,-29.783603294115753],[122.29271174747569,-29.783709580054545],[122.29224501066695,-29.783784477010386],[122.29126442595768,-29.78394182592565],[122.29099838752067,-29.782680291579172]]]},"properties":{"fmt_tenid":"M 31/4","type":"MINING LEASE","tenstatus":"LIVE","holder1":"NORTHERN STAR (CAROSUE DAM) PTY LTD","holder2":" ","legal_area":396.25,"unit_of_me":"HA.","_colour":"#f5a520","_label":"Mining Lease"}},{"type":"Feature","geometry":{"type":"Polygon","coordinates":[[[122.26918345492459,-29.76121682607844],[122.26099372468504,-29.762223297929737],[122.2527815142849,-29.763232003533098],[122.25494144848165,-29.776630582614942],[122.25710166064175,-29.790027271047055],[122.26531795951345,-29.78901811114731],[122.27351209606887,-29.788011146274215],[122.27506353706296,-29.7878204331029],[122.2751135371458,-29.78675025266088],[122.27696233904138,-29.78704383135308],[122.2769525849004,-29.78717652228713],[122.27944503769214,-29.787315808366678],[122.28257167715608,-29.788488240387625],[122.28198465300076,-29.786022620004346],[122.28167296496866,-29.78471341635487],[122.2797107726362,-29.783693224971863],[122.28142630408387,-29.780386486880325],[122.27893476112557,-29.780247167133997],[122.27832663800973,-29.776565481546193],[122.2778805084629,-29.776540529446468],[122.2775111704871,-29.7738565427947],[122.2774122243552,-29.773137472608422],[122.27542751288406,-29.773106624109143],[122.27557603123634,-29.768959791084754],[122.27303625636823,-29.768880332262984],[122.27469913025399,-29.768790010763343],[122.27339094958337,-29.760699542995724],[122.26918345492459,-29.76121682607844]]]},"properties":{"fmt_tenid":"M 31/5","type":"MINING LEASE","tenstatus":"LIVE","holder1":"NORTHERN STAR (CAROSUE DAM) PTY LTD","holder2":" ","legal_area":652.25,"unit_of_me":"HA.","_colour":"#f5a520","_label":"Mining Lease"}},{"type":"Feature","geometry":{"type":"Polygon","coordinates":[[[122.26531795951345,-29.78901811114731],[122.25710166064175,-29.790027271047055],[122.25926656737437,-29.803427978428743],[122.26151784434401,-29.817359437001894],[122.2674277549257,-29.81663209977398],[122.26753256506092,-29.81429150522924],[122.26938583999096,-29.81420939823326],[122.27580793691976,-29.813924669786406],[122.2776864709566,-29.81384132329437],[122.28381212260736,-29.813569432971732],[122.28448783232328,-29.805969904589684],[122.28480136004573,-29.80244273920399],[122.2841602593645,-29.802423409959342],[122.28426174696187,-29.799862511559294],[122.2842659927976,-29.799006636748413],[122.28427446446493,-29.797299209125907],[122.28428294313414,-29.79558994350414],[122.28428717896828,-29.794735846693236],[122.28429992847218,-29.792172382261253],[122.28242798939583,-29.79211581335526],[122.28257167715608,-29.788488240387625],[122.27944503769214,-29.787315808366678],[122.2769525849004,-29.78717652228713],[122.27696233904138,-29.78704383135308],[122.2751135371458,-29.78675025266088],[122.27506353706296,-29.7878204331029],[122.27351209606887,-29.788011146274215],[122.26531795951345,-29.78901811114731]]]},"properties":{"fmt_tenid":"M 31/6","type":"MINING LEASE","tenstatus":"LIVE","holder1":"NORTHERN STAR (CAROSUE DAM) PTY LTD","holder2":" ","legal_area":705.3,"unit_of_me":"HA.","_colour":"#f5a520","_label":"Mining Lease"}},{"type":"Feature","geometry":{"type":"Polygon","coordinates":[[[122.29206268397384,-29.814127210794148],[122.29209771054956,-29.813733985787874],[122.29148813187575,-29.81373361809086],[122.29148921367641,-29.812380354117746],[122.29221816754388,-29.81238079176911],[122.29326339825342,-29.800637268968323],[122.29131444903702,-29.80050700864827],[122.29122993460261,-29.802636390054484],[122.28769511173711,-29.802529948320096],[122.28480136004573,-29.80244273920399],[122.28448783232328,-29.805969904589684],[122.28381212260736,-29.813569432971732],[122.29206268397384,-29.814127210794148]]]},"properties":{"fmt_tenid":"M 31/76","type":"MINING LEASE","tenstatus":"LIVE","holder1":"NORTHERN STAR (CAROSUE DAM) PTY LTD","holder2":" ","legal_area":103.65,"unit_of_me":"HA.","_colour":"#f5a520","_label":"Mining Lease"}},{"type":"Feature","geometry":{"type":"Polygon","coordinates":[[[120.97552309956237,-27.583935561696226],[120.98588472774975,-27.62667586892887],[120.99711825547747,-27.62808398420671],[121.02092419986893,-27.63106494981801],[121.02092268181147,-27.623991642716753],[121.00139664327973,-27.624304307090757],[120.99664061030703,-27.62380813150517],[120.99626278437457,-27.622121349941096],[121.00042230708155,-27.622995859200664],[120.99409369091862,-27.602808400201134],[120.98766480064816,-27.58161948690264],[120.98397304474591,-27.582323043344694],[120.97552309956237,-27.583935561696226]]]},"properties":{"fmt_tenid":"M 36/107","type":"MINING LEASE","tenstatus":"LIVE","holder1":"NORTHERN STAR (MKO) PTY LTD","holder2":" ","legal_area":813.25,"unit_of_me":"HA.","_colour":"#f5a520","_label":"Mining Lease"}},{"type":"Feature","geometry":{"type":"Polygon","coordinates":[[[120.93795303940006,-27.392745860442048],[120.91737087016006,-27.396604454667134],[120.9205294296832,-27.40984498438419],[120.92368859358736,-27.423084610910422],[120.9268552512815,-27.436334072900717],[120.93376888443414,-27.435021727026836],[120.94819043791205,-27.43228304000873],[120.9388359046624,-27.39615733399126],[120.93795303940006,-27.392745860442048]]]},"properties":{"fmt_tenid":"M 36/146","type":"MINING LEASE","tenstatus":"LIVE","holder1":"NORTHERN STAR (MKO) PTY LTD","holder2":" ","legal_area":952.75,"unit_of_me":"HA.","_colour":"#f5a520","_label":"Mining Lease"}},{"type":"Feature","geometry":{"type":"Polygon","coordinates":[[[121.00942400540869,-28.09348348397289],[121.00938004213626,-28.100558186960804],[121.00908272979039,-28.106963984225573],[121.01768629584137,-28.10712003741948],[121.0177911691459,-28.100562341703874],[121.01778863111745,-28.093430822819105],[121.00942400540869,-28.09348348397289]]]},"properties":{"fmt_tenid":"M 36/177","type":"MINING LEASE","tenstatus":"LIVE","holder1":"NORTHERN STAR (THUNDERBOX) PTY LTD","holder2":" ","legal_area":124.95,"unit_of_me":"HA.","_colour":"#f5a520","_label":"Mining Lease"}},{"type":"Feature","geometry":{"type":"Polygon","coordinates":[[[120.9567978121806,-27.391858921921862],[120.9388359046624,-27.39615733399126],[120.94819043791205,-27.43228304000873],[120.94861066556729,-27.43220321352953],[120.9634516859566,-27.429383151727755],[120.96940590355732,-27.42825127010793],[120.95836700351104,-27.391483276928412],[120.95687857224972,-27.391839589974126],[120.9567978121806,-27.391858921921862]]]},"properties":{"fmt_tenid":"M 36/200","type":"MINING LEASE","tenstatus":"LIVE","holder1":"NORTHERN STAR (MKO) PTY LTD","holder2":" ","legal_area":862.25,"unit_of_me":"HA.","_colour":"#f5a520","_label":"Mining Lease"}},{"type":"Feature","geometry":{"type":"Polygon","coordinates":[[[120.9634516859566,-27.429383151727755],[120.94861066556729,-27.43220321352953],[120.95029464472401,-27.439257343962307],[120.951979444047,-27.446313969294458],[120.95366370228977,-27.453367395615956],[120.9553519355028,-27.460436551417494],[120.9570422627635,-27.46751354644761],[120.9587289556067,-27.47457440696543],[120.96041522678095,-27.481632567491424],[120.96210716369947,-27.48870571863047],[120.97694062267219,-27.48588674674229],[120.97546433930944,-27.479706474529667],[120.97525351361061,-27.478823804548547],[120.97356656022316,-27.471760289221603],[120.97230162449956,-27.466463086415455],[120.97188008751287,-27.46469765130331],[120.97019368431276,-27.45763405779026],[120.96913982641416,-27.453219333516508],[120.96850786706463,-27.450571748121277],[120.9668223651862,-27.443509535717094],[120.96513642402326,-27.436444374877777],[120.9634516859566,-27.429383151727755]]]},"properties":{"fmt_tenid":"M 36/201","type":"MINING LEASE","tenstatus":"LIVE","holder1":"NORTHERN STAR (MKO) PTY LTD","holder2":" ","legal_area":960.35,"unit_of_me":"HA.","_colour":"#f5a520","_label":"Mining Lease"}},{"type":"Feature","geometry":{"type":"Polygon","coordinates":[[[120.9634516859566,-27.429383151727755],[120.96513642402326,-27.436444374877777],[120.9668223651862,-27.443509535717094],[120.96850786706463,-27.450571748121277],[120.96913982641416,-27.453219333516508],[120.97019368431276,-27.45763405779026],[120.97188008751287,-27.46469765130331],[120.97230162449956,-27.466463086415455],[120.97356656022316,-27.471760289221603],[120.97525351361061,-27.478823804548547],[120.97546433930944,-27.479706474529667],[120.97694062267219,-27.48588674674229],[120.96210716369947,-27.48870571863047],[120.96380042355233,-27.495766593613272],[120.97867112299596,-27.492915396435606],[120.98658521326294,-27.491397268232998],[120.98509600944732,-27.485221520467555],[120.98339555572035,-27.478168996606243],[120.98169375124188,-27.471110106245966],[120.980210285983,-27.46495625648129],[120.97999810230266,-27.4640718651194],[120.97938858289204,-27.461517597784503],[120.97427462192317,-27.44448020214637],[120.96940590355732,-27.42825127010793],[120.9634516859566,-27.429383151727755]]]},"properties":{"fmt_tenid":"M 36/202","type":"MINING LEASE","tenstatus":"LIVE","holder1":"NORTHERN STAR (MKO) PTY LTD","holder2":" ","legal_area":658.25,"unit_of_me":"HA.","_colour":"#f5a520","_label":"Mining Lease"}},{"type":"Feature","geometry":{"type":"Polygon","coordinates":[[[120.99409369091862,-27.602808400201134],[121.00042230708155,-27.622995859200664],[120.99626278437457,-27.622121349941096],[120.99664061030703,-27.62380813150517],[121.00139664327973,-27.624304307090757],[121.02654402518098,-27.618140894699355],[121.02038937516983,-27.596730854370442],[120.99409369091862,-27.602808400201134]]]},"properties":{"fmt_tenid":"M 36/203","type":"MINING LEASE","tenstatus":"LIVE","holder1":"NORTHERN STAR (MKO) PTY LTD","holder2":" ","legal_area":661.75,"unit_of_me":"HA.","_colour":"#f5a520","_label":"Mining Lease"}},{"type":"Feature","geometry":{"type":"Polygon","coordinates":[[[121.02654402518098,-27.618140894699355],[121.00139664327973,-27.624304307090757],[121.02092268181147,-27.623991642716753],[121.02092419986893,-27.63106494981801],[121.03061670832076,-27.632274460183314],[121.02654402518098,-27.618140894699355]]]},"properties":{"fmt_tenid":"M 36/244","type":"MINING LEASE","tenstatus":"LIVE","holder1":"NORTHERN STAR (MKO) PTY LTD","holder2":" ","legal_area":155.5,"unit_of_me":"HA.","_colour":"#f5a520","_label":"Mining Lease"}},{"type":"Feature","geometry":{"type":"Polygon","coordinates":[[[121.02098281365208,-27.35722552853443],[121.02071827930342,-27.366264527930944],[121.03009615030983,-27.36645764683897],[121.0358642507008,-27.366576116562474],[121.03613810496306,-27.35754950739982],[121.03009485480078,-27.357420472897587],[121.02098281365208,-27.35722552853443]]]},"properties":{"fmt_tenid":"M 36/295","type":"MINING LEASE","tenstatus":"LIVE","holder1":"NORTHERN STAR (MKO) PTY LTD","holder2":" ","legal_area":150.15,"unit_of_me":"HA.","_colour":"#f5a520","_label":"Mining Lease"}},{"type":"Feature","geometry":{"type":"Polygon","coordinates":[[[121.03030834736886,-28.128113656546642],[121.0270251979797,-28.124986764415056],[121.02509807643347,-28.124795534014673],[121.0237503015954,-28.123404083141004],[121.02172561977245,-28.12494557078565],[121.02190471148735,-28.121710163666535],[121.02195424166439,-28.120818005780503],[121.02201377670298,-28.120024582447968],[121.00824486649121,-28.131055870508742],[121.00800725520044,-28.135744412426035],[121.02040629606876,-28.135819760791406],[121.03030834736886,-28.128113656546642]],[[121.01301977000153,-28.12980212674277],[121.01651659547136,-28.127559289825115],[121.01664615712409,-28.127718065996525],[121.0179333006812,-28.129295409719635],[121.01467997986671,-28.131381262483398],[121.01301977000153,-28.12980212674277]]]},"properties":{"fmt_tenid":"M 36/35","type":"MINING LEASE","tenstatus":"LIVE","holder1":"NORTHERN STAR (THUNDERBOX) PTY LTD","holder2":" ","legal_area":197.7,"unit_of_me":"HA.","_colour":"#f5a520","_label":"Mining Lease"}},{"type":"Feature","geometry":{"type":"Polygon","coordinates":[[[121.01584584379249,-28.115177415255193],[121.01762248868692,-28.114502302215712],[121.01798849739482,-28.114363217047096],[121.01641625759643,-28.110760467622626],[121.01522269953847,-28.111258844554527],[121.01430312725275,-28.11164280823287],[121.01584584379249,-28.115177415255193]]]},"properties":{"fmt_tenid":"M 36/421","type":"MINING LEASE","tenstatus":"LIVE","holder1":"NORTHERN STAR (THUNDERBOX) PTY LTD","holder2":" ","legal_area":9.709,"unit_of_me":"HA.","_colour":"#f5a520","_label":"Mining Lease"}},{"type":"Feature","geometry":{"type":"Polygon","coordinates":[[[120.86808432684461,-28.16848141264134],[120.87156319226807,-28.175239391900547],[120.87137811915596,-28.175314098403774],[120.8686479835228,-28.17641832081778],[120.87198939108292,-28.176482377195335],[120.87152362446075,-28.18209117068006],[120.90141875882884,-28.182021157762936],[120.9014172027474,-28.165354469054932],[120.88616285056332,-28.165362586089042],[120.86808573872212,-28.16536972326932],[120.86808432684461,-28.16848141264134]]]},"properties":{"fmt_tenid":"M 36/444","type":"MINING LEASE","tenstatus":"LIVE","holder1":"NORTHERN STAR (TALISMAN) PTY LTD","holder2":" ","legal_area":567.9,"unit_of_me":"HA.","_colour":"#f5a520","_label":"Mining Lease"}},{"type":"Feature","geometry":{"type":"Polygon","coordinates":[[[120.87152362446075,-28.18209117068006],[120.87055075855707,-28.198643458080216],[120.89018860675267,-28.19866388183392],[120.89810696543246,-28.198671117497423],[120.91808569718104,-28.198687705978045],[120.91808454996644,-28.18202099540573],[120.90141875882884,-28.182021157762936],[120.87152362446075,-28.18209117068006]]]},"properties":{"fmt_tenid":"M 36/445","type":"MINING LEASE","tenstatus":"LIVE","holder1":"NORTHERN STAR (TALISMAN) PTY LTD","holder2":" ","legal_area":851.15,"unit_of_me":"HA.","_colour":"#f5a520","_label":"Mining Lease"}},{"type":"Feature","geometry":{"type":"Polygon","coordinates":[[[120.88475244648156,-28.22074570347806],[120.88475264215559,-28.215354862967086],[120.90141965716371,-28.215354640816116],[120.91808536283403,-28.21535452979466],[120.91808569718104,-28.198687705978045],[120.89810696543246,-28.198671117497423],[120.89018860675267,-28.19866388183392],[120.87055075855707,-28.198643458080216],[120.86948327908452,-28.21526193930838],[120.86936481049968,-28.22081390814402],[120.88475244648156,-28.22074570347806]]]},"properties":{"fmt_tenid":"M 36/446","type":"MINING LEASE","tenstatus":"LIVE","holder1":"NORTHERN STAR (TALISMAN) PTY LTD","holder2":" ","legal_area":963.45,"unit_of_me":"HA.","_colour":"#f5a520","_label":"Mining Lease"}},{"type":"Feature","geometry":{"type":"Polygon","coordinates":[[[121.01584584379249,-28.115177415255193],[121.01992445473941,-28.114138398236847],[121.02277527481183,-28.11945094135082],[121.0309986942328,-28.113255521586655],[121.03253415230358,-28.112095480426625],[121.03474821660772,-28.112265368127794],[121.03474810754116,-28.100568808532078],[121.0177911691459,-28.100562341703874],[121.01768629584137,-28.10712003741948],[121.00908272979039,-28.106963984225573],[121.00938004213626,-28.100558186960804],[121.00141376159885,-28.100582138272596],[121.00141419684473,-28.115353514121587],[121.00141468098367,-28.132020241120657],[121.00141516167069,-28.148709076029668],[121.01810760154059,-28.14870659153303],[121.01806972306022,-28.135805647415015],[121.00800725520044,-28.135744412426035],[121.00824486649121,-28.131055870508742],[121.01911823456066,-28.122344733204926],[121.01839221671959,-28.12252967024655],[121.01584584379249,-28.115177415255193]],[[121.01430312725275,-28.11164280823287],[121.01522269953847,-28.111258844554527],[121.01641625759643,-28.110760467622626],[121.01798849739482,-28.114363217047096],[121.01762248868692,-28.114502302215712],[121.01584584379249,-28.115177415255193],[121.01430312725275,-28.11164280823287]]]},"properties":{"fmt_tenid":"M 36/462","type":"MINING LEASE","tenstatus":"LIVE","holder1":"NORTHERN STAR (THUNDERBOX) PTY LTD","holder2":" ","legal_area":970.4,"unit_of_me":"HA.","_colour":"#f5a520","_label":"Mining Lease"}},{"type":"Feature","geometry":{"type":"Polygon","coordinates":[[[120.95141532924077,-28.13202041646172],[120.95141551376523,-28.14868717751013],[120.96808206163394,-28.14868710680636],[120.96808233877655,-28.165353858860776],[120.98474885075441,-28.165353791910373],[120.98474822631213,-28.132020303409615],[120.95141532924077,-28.13202041646172]]]},"properties":{"fmt_tenid":"M 36/473","type":"MINING LEASE","tenstatus":"LIVE","holder1":"NORTHERN STAR (THUNDERBOX) PTY LTD","holder2":" ","legal_area":909.85,"unit_of_me":"HA.","_colour":"#f5a520","_label":"Mining Lease"}},{"type":"Feature","geometry":{"type":"Polygon","coordinates":[[[120.9514149673054,-28.0986869035894],[120.95141532924077,-28.13202041646172],[120.98474822631213,-28.132020303409615],[120.98474784202106,-28.11535356256519],[120.9680814998662,-28.11535361264295],[120.9680812169288,-28.0986868634684],[120.9514149673054,-28.0986869035894]]]},"properties":{"fmt_tenid":"M 36/474","type":"MINING LEASE","tenstatus":"LIVE","holder1":"NORTHERN STAR (THUNDERBOX) PTY LTD","holder2":" ","legal_area":908.75,"unit_of_me":"HA.","_colour":"#f5a520","_label":"Mining Lease"}},{"type":"Feature","geometry":{"type":"Polygon","coordinates":[[[120.98474784202106,-28.11535356256519],[121.00141419784472,-28.115353515121576],[121.00141376159885,-28.100582139272586],[121.001414049951,-28.082019525200483],[121.001414400184,-28.065352274888802],[120.98474789582258,-28.065352417206412],[120.98474784202106,-28.11535356256519]]]},"properties":{"fmt_tenid":"M 36/476","type":"MINING LEASE","tenstatus":"LIVE","holder1":"NORTHERN STAR (THUNDERBOX) PTY LTD","holder2":" ","legal_area":907,"unit_of_me":"HA.","_colour":"#f5a520","_label":"Mining Lease"}},{"type":"Feature","geometry":{"type":"Polygon","coordinates":[[[121.01301977000153,-28.12980212674277],[121.01467997986671,-28.131381262483398],[121.0179333006812,-28.129295409719635],[121.01664615712409,-28.127718065996525],[121.01651659547136,-28.127559289825115],[121.01301977000153,-28.12980212674277]]]},"properties":{"fmt_tenid":"M 36/494","type":"MINING LEASE","tenstatus":"LIVE","holder1":"NORTHERN STAR (THUNDERBOX) PTY LTD","holder2":" ","legal_area":9.7175,"unit_of_me":"HA.","_colour":"#f5a520","_label":"Mining Lease"}},{"type":"Feature","geometry":{"type":"Polygon","coordinates":[[[120.98474952109508,-28.215354142595814],[121.00149329561098,-28.215354071611973],[121.01808245250945,-28.215354016739116],[121.01808231994424,-28.19927457568299],[121.00142077362923,-28.19866023836402],[120.98473777899967,-28.19858083047955],[120.98474952109508,-28.215354142595814]]]},"properties":{"fmt_tenid":"M 36/503","type":"MINING LEASE","tenstatus":"LIVE","holder1":"NORTHERN STAR (THUNDERBOX) PTY LTD","holder2":" ","legal_area":600.75,"unit_of_me":"HA.","_colour":"#f5a520","_label":"Mining Lease"}},{"type":"Feature","geometry":{"type":"Polygon","coordinates":[[[121.00133012404154,-28.165328691183113],[121.00142077362923,-28.19866023836402],[121.01808231994424,-28.19927457568299],[121.01808232236266,-28.19868720833753],[121.01808230555233,-28.19838626467292],[121.01808216455937,-28.18177412711654],[121.01808202940917,-28.16535370484919],[121.01140166400008,-28.165353957089525],[121.01121830118096,-28.165353963904025],[121.00133012404154,-28.165328691183113]]]},"properties":{"fmt_tenid":"M 36/504","type":"MINING LEASE","tenstatus":"LIVE","holder1":"NORTHERN STAR (THUNDERBOX) PTY LTD","holder2":" ","legal_area":611.35,"unit_of_me":"HA.","_colour":"#f5a520","_label":"Mining Lease"}},{"type":"Feature","geometry":{"type":"Polygon","coordinates":[[[121.01808230555233,-28.19838626467292],[121.03460470380747,-28.198559696122462],[121.03464838194384,-28.18320112661307],[121.0346543132506,-28.18111388254365],[121.01808216455937,-28.18177412711654],[121.01808230555233,-28.19838626467292]]]},"properties":{"fmt_tenid":"M 36/512","type":"MINING LEASE","tenstatus":"LIVE","holder1":"NORTHERN STAR (THUNDERBOX) PTY LTD","holder2":" ","legal_area":306.65,"unit_of_me":"HA.","_colour":"#f5a520","_label":"Mining Lease"}},{"type":"Feature","geometry":{"type":"Polygon","coordinates":[[[121.0474487597863,-28.232020877390053],[121.04727036891322,-28.231715291596057],[121.04573246649689,-28.22076465190522],[121.05141561002917,-28.220225466036112],[121.05141557058786,-28.21535391957476],[121.05141547018043,-28.204281430417407],[121.04773381156504,-28.204261604263653],[121.04778621829539,-28.199119260433726],[121.03678723645181,-28.198652435008945],[121.03483206207981,-28.19856935290424],[121.03460470380747,-28.198559696122462],[121.03460433635692,-28.19868714679695],[121.03474890550638,-28.19868713967213],[121.03474900242567,-28.21535396771112],[121.03474912430131,-28.22818722524326],[121.04052035114783,-28.226525637574674],[121.04277864895269,-28.232020972027616],[121.0474487597863,-28.232020877390053]]]},"properties":{"fmt_tenid":"M 36/513","type":"MINING LEASE","tenstatus":"LIVE","holder1":"NORTHERN STAR (THUNDERBOX) PTY LTD","holder2":" ","legal_area":482.5,"unit_of_me":"HA.","_colour":"#f5a520","_label":"Mining Lease"}},{"type":"Feature","geometry":{"type":"Polygon","coordinates":[[[121.00133012404154,-28.165328691183113],[121.01121830118096,-28.165353963904025],[121.0112181463929,-28.150117881945977],[121.001415180303,-28.150117810092073],[121.00133012404154,-28.165328691183113]]]},"properties":{"fmt_tenid":"M 36/516","type":"MINING LEASE","tenstatus":"LIVE","holder1":"NORTHERN STAR (THUNDERBOX) PTY LTD","holder2":" ","legal_area":163.15,"unit_of_me":"HA.","_colour":"#f5a520","_label":"Mining Lease"}},{"type":"Feature","geometry":{"type":"Polygon","coordinates":[[[121.01808216455937,-28.18177412711654],[121.0346543132506,-28.18111388254365],[121.03464838194384,-28.18320112661307],[121.03523447825098,-28.183241014905104],[121.03483206207981,-28.19856935290424],[121.03678723645181,-28.198652435008945],[121.04773979842402,-28.198837053330625],[121.04786832017432,-28.191063499531108],[121.03972271792664,-28.19100607200491],[121.03984435478105,-28.17745323996821],[121.03996718556618,-28.163783736017486],[121.04009025648942,-28.15011401962812],[121.0347486232754,-28.15036313821989],[121.03474870337999,-28.165353685281943],[121.03154776607218,-28.165353838826924],[121.03135090023773,-28.165353849737436],[121.01808202940917,-28.16535370484919],[121.01808216455937,-28.18177412711654]]]},"properties":{"fmt_tenid":"M 36/525","type":"MINING LEASE","tenstatus":"LIVE","holder1":"NORTHERN STAR (THUNDERBOX) PTY LTD","holder2":" ","legal_area":625.6,"unit_of_me":"HA.","_colour":"#f5a520","_label":"Mining Lease"}},{"type":"Feature","geometry":{"type":"Polygon","coordinates":[[[121.00141516167069,-28.148709076029668],[121.00141517217159,-28.149837649880798],[121.01139361533906,-28.1498903087269],[121.01140166400008,-28.165353957089525],[121.01808202940917,-28.16535370484919],[121.03135090023773,-28.165353849737436],[121.03145844298484,-28.149620133365218],[121.03335083731841,-28.150115454953983],[121.03436937019123,-28.150115267710703],[121.03474837076959,-28.124657823445318],[121.03030834736886,-28.128113656546642],[121.02040629706875,-28.13581976179145],[121.01806972306022,-28.135805647415015],[121.01810760254061,-28.148706592533077],[121.00141516167069,-28.148709076029668]]]},"properties":{"fmt_tenid":"M 36/527","type":"MINING LEASE","tenstatus":"LIVE","holder1":"NORTHERN STAR (THUNDERBOX) PTY LTD","holder2":" ","legal_area":695.4,"unit_of_me":"HA.","_colour":"#f5a520","_label":"Mining Lease"}},{"type":"Feature","geometry":{"type":"Polygon","coordinates":[[[120.98474784202106,-28.11535356256519],[120.98474885075441,-28.165353791910373],[121.00133012404154,-28.165328691183113],[121.001415180303,-28.150117810092073],[121.00141517217159,-28.149837649880798],[121.00141516167069,-28.148709076029668],[121.00141468198366,-28.132020242120642],[121.00141419784472,-28.115353515121576],[120.98474784202106,-28.11535356256519]]]},"properties":{"fmt_tenid":"M 36/541","type":"MINING LEASE","tenstatus":"LIVE","holder1":"NORTHERN STAR (THUNDERBOX) PTY LTD","holder2":" ","legal_area":902.85,"unit_of_me":"HA.","_colour":"#f5a520","_label":"Mining Lease"}},{"type":"Feature","geometry":{"type":"Polygon","coordinates":[[[121.00133012404154,-28.165328691183113],[120.98474885075441,-28.165353791910373],[120.98474909023743,-28.182020550372602],[120.98473777899967,-28.19858083047955],[121.00142077362923,-28.19866023836402],[121.00133012404154,-28.165328691183113]]]},"properties":{"fmt_tenid":"M 36/542","type":"MINING LEASE","tenstatus":"LIVE","holder1":"NORTHERN STAR (THUNDERBOX) PTY LTD","holder2":" ","legal_area":600.65,"unit_of_me":"HA.","_colour":"#f5a520","_label":"Mining Lease"}},{"type":"Feature","geometry":{"type":"Polygon","coordinates":[[[121.00156202537566,-28.23773628381781],[121.01547728425722,-28.233733564593752],[121.01808259305554,-28.23298396074305],[121.01808257969019,-28.23202082647886],[121.02142922817785,-28.232020975471386],[121.03474912430131,-28.22818722524326],[121.03474900242567,-28.21535396771112],[121.03474890550638,-28.19868713967213],[121.03460433635692,-28.19868714679695],[121.01808232236266,-28.19868720833753],[121.01808231994424,-28.19927457568299],[121.01808245250945,-28.215354016739116],[121.00149329561098,-28.215354071611973],[121.00156202537566,-28.23773628381781]]]},"properties":{"fmt_tenid":"M 36/582","type":"MINING LEASE","tenstatus":"LIVE","holder1":"NORTHERN STAR (THUNDERBOX) PTY LTD","holder2":" ","legal_area":937.1,"unit_of_me":"HA.","_colour":"#f5a520","_label":"Mining Lease"}},{"type":"Feature","geometry":{"type":"Polygon","coordinates":[[[121.03464838194384,-28.18320112661307],[121.03460470380747,-28.198559696122462],[121.03483206207981,-28.19856935290424],[121.03523447825098,-28.183241014905104],[121.03464838194384,-28.18320112661307]]]},"properties":{"fmt_tenid":"M 36/584","type":"MINING LEASE","tenstatus":"LIVE","holder1":"NORTHERN STAR (THUNDERBOX) PTY LTD","holder2":" ","legal_area":6.7985,"unit_of_me":"HA.","_colour":"#f5a520","_label":"Mining Lease"}},{"type":"Feature","geometry":{"type":"Polygon","coordinates":[[[121.03460470380747,-28.198559696122462],[121.01808230555233,-28.19838626467292],[121.01808232236266,-28.19868720833753],[121.03460433635692,-28.19868714679695],[121.03460470380747,-28.198559696122462]]]},"properties":{"fmt_tenid":"M 36/585","type":"MINING LEASE","tenstatus":"LIVE","holder1":"NORTHERN STAR (THUNDERBOX) PTY LTD","holder2":" ","legal_area":3.8515,"unit_of_me":"HA.","_colour":"#f5a520","_label":"Mining Lease"}},{"type":"Feature","geometry":{"type":"Polygon","coordinates":[[[121.01139361533906,-28.1498903087269],[121.00141517217159,-28.149837649880798],[121.001415180303,-28.150117810092073],[121.0112181463929,-28.150117881945977],[121.01121830118096,-28.165353963904025],[121.01140166400008,-28.165353957089525],[121.01139361533906,-28.1498903087269]]]},"properties":{"fmt_tenid":"M 36/586","type":"MINING LEASE","tenstatus":"LIVE","holder1":"NORTHERN STAR (THUNDERBOX) PTY LTD","holder2":" ","legal_area":5.7345,"unit_of_me":"HA.","_colour":"#f5a520","_label":"Mining Lease"}},{"type":"Feature","geometry":{"type":"Polygon","coordinates":[[[121.03154768377317,-28.150115795384565],[121.03335083731841,-28.150115454953983],[121.03145844298484,-28.149620133365218],[121.03135090023773,-28.165353849737436],[121.03154776607218,-28.165353838826924],[121.03154768377317,-28.150115795384565]]]},"properties":{"fmt_tenid":"M 36/587","type":"MINING LEASE","tenstatus":"LIVE","holder1":"NORTHERN STAR (THUNDERBOX) PTY LTD","holder2":" ","legal_area":2.9130000000000003,"unit_of_me":"HA.","_colour":"#f5a520","_label":"Mining Lease"}},{"type":"Feature","geometry":{"type":"Polygon","coordinates":[[[121.03678723645181,-28.198652435008945],[121.04778621829539,-28.199119260433726],[121.04786832017432,-28.191063499531108],[121.04773979842402,-28.198837053330625],[121.03678723645181,-28.198652435008945]]]},"properties":{"fmt_tenid":"M 36/588","type":"MINING LEASE","tenstatus":"LIVE","holder1":"NORTHERN STAR (THUNDERBOX) PTY LTD","holder2":" ","legal_area":1.893,"unit_of_me":"HA.","_colour":"#f5a520","_label":"Mining Lease"}},{"type":"Feature","geometry":{"type":"Polygon","coordinates":[[[121.03474870337999,-28.165353685281943],[121.0347486232754,-28.15036313821989],[121.0347486225163,-28.150115190620113],[121.03436937019123,-28.150115267710703],[121.03335083731841,-28.150115454953983],[121.03436540886996,-28.15038099934458],[121.03474870337999,-28.165353685281943]]]},"properties":{"fmt_tenid":"M 36/589","type":"MINING LEASE","tenstatus":"LIVE","holder1":"NORTHERN STAR (THUNDERBOX) PTY LTD","holder2":" ","legal_area":3.3805,"unit_of_me":"HA.","_colour":"#f5a520","_label":"Mining Lease"}},{"type":"Feature","geometry":{"type":"Polygon","coordinates":[[[120.98474885075441,-28.165353791910373],[120.96808233877655,-28.165353858860776],[120.96808261792503,-28.182020621284643],[120.98474909023743,-28.182020550372602],[120.98474885075441,-28.165353791910373]]]},"properties":{"fmt_tenid":"M 36/599","type":"MINING LEASE","tenstatus":"LIVE","holder1":"NORTHERN STAR (THUNDERBOX) PTY LTD","holder2":" ","legal_area":303.1,"unit_of_me":"HA.","_colour":"#f5a520","_label":"Mining Lease"}},{"type":"Feature","geometry":{"type":"Polygon","coordinates":[[[120.96808206163394,-28.14868710680636],[120.95141551376523,-28.14868717751013],[120.95141582219934,-28.16535393365984],[120.96808233877655,-28.165353858860776],[120.96808206163394,-28.14868710680636]]]},"properties":{"fmt_tenid":"M 36/600","type":"MINING LEASE","tenstatus":"LIVE","holder1":"NORTHERN STAR (THUNDERBOX) PTY LTD","holder2":" ","legal_area":302.5,"unit_of_me":"HA.","_colour":"#f5a520","_label":"Mining Lease"}},{"type":"Feature","geometry":{"type":"Polygon","coordinates":[[[121.02626385553324,-27.659897316077878],[121.03061670832076,-27.632274460183314],[121.02092419986893,-27.63106494981801],[120.99711825547747,-27.62808398420671],[120.99850156973854,-27.636916262126814],[121.00210221117051,-27.659897398249914],[121.02626385553324,-27.659897316077878]]]},"properties":{"fmt_tenid":"M 36/615","type":"MINING LEASE","tenstatus":"LIVE","holder1":"NORTHERN STAR (MKO) PTY LTD","holder2":" ","legal_area":936.3,"unit_of_me":"HA.","_colour":"#f5a520","_label":"Mining Lease"}},{"type":"Feature","geometry":{"type":"Polygon","coordinates":[[[120.98473352309162,-27.867854868026395],[120.98376189016186,-27.86534679395794],[120.9817788680463,-27.860227631951275],[120.9810676020411,-27.858361382726716],[120.96668292487931,-27.858200784822927],[120.96674345260523,-27.881498276814508],[120.99015479772358,-27.881808654320405],[120.98536728268887,-27.869490724601807],[120.98473352309162,-27.867854868026395]]]},"properties":{"fmt_tenid":"M 36/682","type":"MINING LEASE","tenstatus":"LIVE","holder1":"NORTHERN STAR (THUNDERBOX) PTY LTD","holder2":" ","legal_area":480.69,"unit_of_me":"HA.","_colour":"#f5a520","_label":"Mining Lease"}},{"type":"Feature","geometry":{"type":"Polygon","coordinates":[[[121.03006186573577,-27.337031699096606],[121.00000000189421,-27.337027504093854],[121.00000000241069,-27.349999996777782],[120.98333333326875,-27.35000000013141],[120.98333333696306,-27.391163197712316],[120.9947082538323,-27.391167135603744],[121.01666666812349,-27.39116467644699],[121.0199893393169,-27.39116430304609],[121.0300960895107,-27.391163149570833],[121.03009615030983,-27.36645764683897],[121.02071828030344,-27.366264527930944],[121.02098281365208,-27.357225529534418],[121.021214907805,-27.357230498598106],[121.03009485480078,-27.357420472897587],[121.03006186573577,-27.337031699096606]]]},"properties":{"fmt_tenid":"M 36/698","type":"MINING LEASE","tenstatus":"LIVE","holder1":"NORTHERN STAR (MKO) PTY LTD","holder2":" ","legal_area":2446.55623,"unit_of_me":"HA.","_colour":"#f5a520","_label":"Mining Lease"}},{"type":"Feature","geometry":{"type":"Polygon","coordinates":[[[120.83473706319403,-28.465388413719886],[120.83472946262405,-28.48102604862862],[120.83472073853436,-28.49870346053572],[120.84570906967586,-28.49870555090605],[120.8514291452997,-28.498706410660223],[120.85141989948875,-28.4811291515057],[120.85141131921603,-28.465354014425163],[120.83473706319403,-28.465388413719886]]]},"properties":{"fmt_tenid":"M 37/1063","type":"MINING LEASE","tenstatus":"LIVE","holder1":"NORTHERN STAR (TALISMAN) PTY LTD","holder2":" ","legal_area":603.9,"unit_of_me":"HA.","_colour":"#f5a520","_label":"Mining Lease"}},{"type":"Feature","geometry":{"type":"Polygon","coordinates":[[[120.86808564830184,-28.26535544773072],[120.8680824766534,-28.281918967485804],[120.86807895759743,-28.29870262650526],[120.88775799099982,-28.298742174557706],[120.88377707476488,-28.278400350660473],[120.87783942517476,-28.265355614581942],[120.86808564830184,-28.26535544773072]]]},"properties":{"fmt_tenid":"M 37/1089","type":"MINING LEASE","tenstatus":"LIVE","holder1":"NORTHERN STAR (TALISMAN) PTY LTD","holder2":" ","legal_area":571.25,"unit_of_me":"HA.","_colour":"#f5a520","_label":"Mining Lease"}},{"type":"Feature","geometry":{"type":"Polygon","coordinates":[[[120.86807895759743,-28.29870262650526],[120.86798385974615,-28.315357672007963],[120.88475476226311,-28.31534499531422],[120.88475307719145,-28.33282242730277],[120.88475146541877,-28.34871755354459],[120.88765492188418,-28.34869382146649],[120.88794052931344,-28.334215998239156],[120.8883409666876,-28.301719395453905],[120.88775799099982,-28.298742174557706],[120.86807895759743,-28.29870262650526]]]},"properties":{"fmt_tenid":"M 37/1090","type":"MINING LEASE","tenstatus":"LIVE","holder1":"NORTHERN STAR (TALISMAN) PTY LTD","holder2":" ","legal_area":480.65,"unit_of_me":"HA.","_colour":"#f5a520","_label":"Mining Lease"}},{"type":"Feature","geometry":{"type":"Polygon","coordinates":[[[120.8180897688718,-28.61537538907547],[120.81807613777472,-28.631270834250476],[120.8180608065603,-28.648714021654452],[120.83479348068718,-28.648712306210154],[120.83478087953324,-28.632604330642696],[120.83476708040453,-28.61534676904763],[120.8180897688718,-28.61537538907547]]]},"properties":{"fmt_tenid":"M 37/1126","type":"MINING LEASE","tenstatus":"LIVE","holder1":"NORTHERN STAR (TALISMAN) PTY LTD","holder2":" ","legal_area":603.85,"unit_of_me":"HA.","_colour":"#f5a520","_label":"Mining Lease"}},{"type":"Feature","geometry":{"type":"Polygon","coordinates":[[[120.8180608065603,-28.648714021654452],[120.81802946995238,-28.66427009906123],[120.81799358976765,-28.68203340997111],[120.8348209806297,-28.682060676830744],[120.83480667118137,-28.6643949265433],[120.83479348068718,-28.648712306210154],[120.8180608065603,-28.648714021654452]]]},"properties":{"fmt_tenid":"M 37/1127","type":"MINING LEASE","tenstatus":"LIVE","holder1":"NORTHERN STAR (TALISMAN) PTY LTD","holder2":" ","legal_area":606.05,"unit_of_me":"HA.","_colour":"#f5a520","_label":"Mining Lease"}},{"type":"Feature","geometry":{"type":"Polygon","coordinates":[[[120.83472073853436,-28.49870346053572],[120.83206627209324,-28.516288737625743],[120.82961510856963,-28.532519840094455],[120.82700990106679,-28.549764532257875],[120.82437635830983,-28.567190580307873],[120.84000036748698,-28.567187961738412],[120.84147821014699,-28.54947208167141],[120.8429482103989,-28.531842506953407],[120.84422261010945,-28.516548869635766],[120.84570906967586,-28.49870555090605],[120.83472073853436,-28.49870346053572]]]},"properties":{"fmt_tenid":"M 37/1136","type":"MINING LEASE","tenstatus":"LIVE","holder1":"NORTHERN STAR (TALISMAN) PTY LTD","holder2":" ","legal_area":988.55,"unit_of_me":"HA.","_colour":"#f5a520","_label":"Mining Lease"}},{"type":"Feature","geometry":{"type":"Polygon","coordinates":[[[120.82437635830983,-28.567190580307873],[120.82221033841522,-28.583797755290632],[120.82028704477379,-28.5985405731341],[120.8180897688718,-28.61537538907547],[120.83476708040453,-28.61534676904763],[120.83470420153121,-28.598702300157036],[120.83793100900003,-28.598721393309187],[120.83899705560133,-28.582481629019163],[120.84000036748698,-28.567187961738412],[120.82437635830983,-28.567190580307873]]]},"properties":{"fmt_tenid":"M 37/1137","type":"MINING LEASE","tenstatus":"LIVE","holder1":"NORTHERN STAR (TALISMAN) PTY LTD","holder2":" ","legal_area":849.75,"unit_of_me":"HA.","_colour":"#f5a520","_label":"Mining Lease"}},{"type":"Feature","geometry":{"type":"Polygon","coordinates":[[[120.85563769508535,-28.445468822219052],[120.85518857284802,-28.4487168976118],[120.86812549311806,-28.44873984652667],[120.86813088036206,-28.44546495325009],[120.85563769508535,-28.445468822219052]]]},"properties":{"fmt_tenid":"M 37/1148","type":"MINING LEASE","tenstatus":"LIVE","holder1":"NORTHERN STAR (TALISMAN) PTY LTD","holder2":" ","legal_area":45.025,"unit_of_me":"HA.","_colour":"#f5a520","_label":"Mining Lease"}},{"type":"Feature","geometry":{"type":"Polygon","coordinates":[[[120.98901104064228,-28.44868994728434],[120.98901903576403,-28.463975386574795],[120.9951804135738,-28.464024486952344],[121.00141824894432,-28.46407640262893],[121.00141268692357,-28.448708382786425],[120.98901104064228,-28.44868994728434]],[[120.98935557803136,-28.449433579643852],[120.99349471629596,-28.449455726684363],[120.99351312090924,-28.453030724239287],[120.98935573223274,-28.452992278720707],[120.98935557803136,-28.449433579643852]]]},"properties":{"fmt_tenid":"M 37/1168","type":"MINING LEASE","tenstatus":"LIVE","holder1":"NORTHERN STAR (TALISMAN) PTY LTD","holder2":" ","legal_area":190.25,"unit_of_me":"HA.","_colour":"#f5a520","_label":"Mining Lease"}},{"type":"Feature","geometry":{"type":"Polygon","coordinates":[[[120.85116272621455,-28.403724717743714],[120.84891264835231,-28.419074857309486],[120.84693275092435,-28.43257784195326],[120.844759762759,-28.448982434171437],[120.84284932406729,-28.46339933988724],[120.85138738416147,-28.4646425526725],[120.85297407750808,-28.46484985882469],[120.85518857284802,-28.4487168976118],[120.85563769508535,-28.445468822219052],[120.85766049716122,-28.430836392881066],[120.85980016411465,-28.415353771623447],[120.8614416160991,-28.40386778907356],[120.85116272621455,-28.403724717743714]]]},"properties":{"fmt_tenid":"M 37/1223","type":"MINING LEASE","tenstatus":"LIVE","holder1":"NORTHERN STAR (TALISMAN) PTY LTD","holder2":" ","legal_area":680.65,"unit_of_me":"HA.","_colour":"#f5a520","_label":"Mining Lease"}},{"type":"Feature","geometry":{"type":"Polygon","coordinates":[[[120.85619981276932,-28.315084418302963],[120.83816853833976,-28.36328133246237],[120.83744300624778,-28.398806523294933],[120.84417501388754,-28.398640972229952],[120.84644640659309,-28.390542082118575],[120.86499550120391,-28.39084374819138],[120.87044237880951,-28.36196886295382],[120.86947622559275,-28.355890606455983],[120.87822809408509,-28.355567956479348],[120.87887399559439,-28.354448720364054],[120.88475136003723,-28.354406564895417],[120.88475128124321,-28.34922076059597],[120.85677757590618,-28.34918357229792],[120.86798385974615,-28.315357672007963],[120.85619981276932,-28.315084418302963]]]},"properties":{"fmt_tenid":"M 37/1275","type":"MINING LEASE","tenstatus":"LIVE","holder1":"NORTHERN STAR (TALISMAN) PTY LTD","holder2":" ","legal_area":1961,"unit_of_me":"HA.","_colour":"#f5a520","_label":"Mining Lease"}},{"type":"Feature","geometry":{"type":"Polygon","coordinates":[[[121.13335431136758,-27.64856213573321],[121.11958443138943,-27.64808244642223],[121.10000010442323,-27.647397864939176],[121.10000010614274,-27.672646036387597],[121.1188678595794,-27.673133673643875],[121.13105296146314,-27.673447260282757],[121.14999990055853,-27.67393266924695],[121.14999988692873,-27.649140117757767],[121.13335431136758,-27.64856213573321]]]},"properties":{"fmt_tenid":"M 37/1338","type":"MINING LEASE","tenstatus":"LIVE","holder1":"NORTHERN STAR (MKO) PTY LTD","holder2":" ","legal_area":1368.032,"unit_of_me":"HA.","_colour":"#f5a520","_label":"Mining Lease"}},{"type":"Feature","geometry":{"type":"Polygon","coordinates":[[[121.14201263021407,-27.492678461950334],[121.16590650016877,-27.492724742062816],[121.16666666743743,-27.45045116410395],[121.14251387461857,-27.45013113170231],[121.14201263021407,-27.492678461950334]]]},"properties":{"fmt_tenid":"M 37/1344","type":"MINING LEASE","tenstatus":"LIVE","holder1":"NORTHERN STAR (MKO) PTY LTD","holder2":" ","legal_area":1116.01428,"unit_of_me":"HA.","_colour":"#f5a520","_label":"Mining Lease"}},{"type":"Feature","geometry":{"type":"Polygon","coordinates":[[[120.88431507547813,-28.455520588082322],[120.88888704686235,-28.468774766704243],[120.89615853328377,-28.490275733447874],[120.89876130253248,-28.489602140738107],[120.89718708067356,-28.48500542885692],[120.90738676960203,-28.482578779337395],[120.90884469850744,-28.486856833146746],[120.91873605366557,-28.484191886816216],[120.9113805555902,-28.462785197040645],[120.90686701322764,-28.449605624022915],[120.90490818660184,-28.45014194978945],[120.90959659072492,-28.463969876599815],[120.9110199437954,-28.46815489759922],[120.8954148161996,-28.472713179003016],[120.89535101052051,-28.472526993680503],[120.89356507439534,-28.467315262094814],[120.90142466781877,-28.465212368143845],[120.89716832691788,-28.452198670932404],[120.88918391289856,-28.453965899600945],[120.88431507547813,-28.455520588082322]]]},"properties":{"fmt_tenid":"M 37/339","type":"MINING LEASE","tenstatus":"LIVE","holder1":"NORTHERN STAR (THUNDERBOX) PTY LTD","holder2":" ","legal_area":656.85,"unit_of_me":"HA.","_colour":"#f5a520","_label":"Mining Lease"}},{"type":"Feature","geometry":{"type":"Polygon","coordinates":[[[120.89423849217651,-28.424756208783514],[120.87956704059089,-28.428352190421677],[120.87956617628822,-28.419567443431827],[120.87238307339709,-28.42151131069671],[120.88431507547813,-28.455520588082322],[120.88918391289856,-28.453965899600945],[120.89716832691788,-28.452198670932404],[120.90142466781877,-28.465212368143845],[120.89356507439534,-28.467315262094814],[120.89535101052051,-28.472526993680503],[120.8954148161996,-28.472713179003016],[120.9110199437954,-28.46815489759922],[120.90959659072492,-28.463969876599815],[120.90490818660184,-28.45014194978945],[120.90307797448963,-28.45080330695602],[120.90186450966185,-28.44638363228599],[120.89431126026172,-28.424962610819723],[120.89423849217651,-28.424756208783514]]]},"properties":{"fmt_tenid":"M 37/340","type":"MINING LEASE","tenstatus":"LIVE","holder1":"NORTHERN STAR (THUNDERBOX) PTY LTD","holder2":" ","legal_area":853.45,"unit_of_me":"HA.","_colour":"#f5a520","_label":"Mining Lease"}},{"type":"Feature","geometry":{"type":"Polygon","coordinates":[[[121.15465102931788,-28.34096091745028],[121.15714161823233,-28.348426159200322],[121.16246678845134,-28.36438413202904],[121.16218623858518,-28.35656995325992],[121.16451081055905,-28.34279797908228],[121.16462272603114,-28.34130193398683],[121.16456826612814,-28.33998838788061],[121.16434268197516,-28.33833786072691],[121.15465102931788,-28.34096091745028]]]},"properties":{"fmt_tenid":"M 37/350","type":"MINING LEASE","tenstatus":"LIVE","holder1":"NORTHERN STAR (SR MINING) PTY LTD","holder2":" ","legal_area":129.95,"unit_of_me":"HA.","_colour":"#f5a520","_label":"Mining Lease"}},{"type":"Feature","geometry":{"type":"Polygon","coordinates":[[[120.86947622559275,-28.355890606455983],[120.87044237880951,-28.36196886295382],[120.87103856113161,-28.36571921267126],[120.87146466169376,-28.368399500227078],[120.93570147814681,-28.368645671621447],[120.93570547885543,-28.35497571575902],[120.90538245839095,-28.35506623199947],[120.89215188079552,-28.355103601872955],[120.89220002576837,-28.354480555484887],[120.88754116914811,-28.35447957701105],[120.88475136003723,-28.354406564895417],[120.87887399559439,-28.354448720364054],[120.87822809408509,-28.355567956479348],[120.86947622559275,-28.355890606455983]]]},"properties":{"fmt_tenid":"M 37/356","type":"MINING LEASE","tenstatus":"LIVE","holder1":"NORTHERN STAR (THUNDERBOX) PTY LTD","holder2":" ","legal_area":958.6,"unit_of_me":"HA.","_colour":"#f5a520","_label":"Mining Lease"}},{"type":"Feature","geometry":{"type":"Polygon","coordinates":[[[120.93570147814681,-28.368645671621447],[120.87146466169376,-28.368399500227078],[120.87245925202691,-28.37465436609357],[120.87359562758944,-28.381799980858013],[120.93563965580805,-28.3820377363535],[120.93570147814681,-28.368645671621447]]]},"properties":{"fmt_tenid":"M 37/357","type":"MINING LEASE","tenstatus":"LIVE","holder1":"NORTHERN STAR (THUNDERBOX) PTY LTD","holder2":" ","legal_area":918.65,"unit_of_me":"HA.","_colour":"#f5a520","_label":"Mining Lease"}},{"type":"Feature","geometry":{"type":"Polygon","coordinates":[[[120.87359562758944,-28.381799980858013],[120.87388017011399,-28.38358924631728],[120.87530118978587,-28.392524037577882],[120.87672244558492,-28.401458803413014],[120.8767433978992,-28.401590506828917],[120.87977260470095,-28.401547315410383],[120.88115162987678,-28.401527629586788],[120.88935668404193,-28.401410221601143],[120.8971143256746,-28.401298764675488],[120.90580381071324,-28.401166959307407],[120.91540865232771,-28.401020623485145],[120.91214756219993,-28.38792905368252],[120.93561205003418,-28.388016393256265],[120.93563965580805,-28.3820377363535],[120.87359562758944,-28.381799980858013]]]},"properties":{"fmt_tenid":"M 37/358","type":"MINING LEASE","tenstatus":"LIVE","holder1":"NORTHERN STAR (THUNDERBOX) PTY LTD","holder2":" ","legal_area":957.7,"unit_of_me":"HA.","_colour":"#f5a520","_label":"Mining Lease"}},{"type":"Feature","geometry":{"type":"Polygon","coordinates":[[[120.8795661528248,-28.419328600554536],[120.87956617628822,-28.419567443431827],[120.87956704059089,-28.428352190421677],[120.89423849217651,-28.424756208783514],[120.89431126026172,-28.424962610819723],[120.89959041310443,-28.42517564748651],[120.90550978147215,-28.425414273550835],[120.90550579025235,-28.425673635025344],[120.91502782179371,-28.425787484278775],[120.91503227204684,-28.425497053382315],[120.91513308267878,-28.418945430802868],[120.91520750728874,-28.414108055134818],[120.9152429472688,-28.41180436479674],[120.91540865232771,-28.401020623485145],[120.90580381071324,-28.401166959307407],[120.8971143256746,-28.401298764675488],[120.88935668404193,-28.401410221601143],[120.88115162987678,-28.401527629586788],[120.87977260470095,-28.401547315410383],[120.8767433978992,-28.401590506828917],[120.8781441790534,-28.410393718591113],[120.8795661528248,-28.419328600554536]]]},"properties":{"fmt_tenid":"M 37/359","type":"MINING LEASE","tenstatus":"LIVE","holder1":"NORTHERN STAR (THUNDERBOX) PTY LTD","holder2":" ","legal_area":980.05,"unit_of_me":"HA.","_colour":"#f5a520","_label":"Mining Lease"}},{"type":"Feature","geometry":{"type":"Polygon","coordinates":[[[120.92246377849197,-28.425586074682542],[120.91503227204684,-28.425497053382315],[120.91502782179371,-28.425787484278775],[120.90550579025235,-28.425673635025344],[120.90550978147215,-28.425414273550835],[120.89959041310443,-28.42517564748651],[120.89431126026172,-28.424962610819723],[120.90186450966185,-28.44638363228599],[120.90307797448963,-28.45080330695602],[120.90490818660184,-28.45014194978945],[120.90686701322764,-28.449605624022915],[120.9280742709251,-28.44964934688461],[120.92452304151807,-28.434423273195986],[120.92246377849197,-28.425586074682542]]]},"properties":{"fmt_tenid":"M 37/360","type":"MINING LEASE","tenstatus":"LIVE","holder1":"NORTHERN STAR (THUNDERBOX) PTY LTD","holder2":" ","legal_area":698.3,"unit_of_me":"HA.","_colour":"#f5a520","_label":"Mining Lease"}},{"type":"Feature","geometry":{"type":"Polygon","coordinates":[[[120.9280742709251,-28.44964934688461],[120.90686701322764,-28.449605624022915],[120.9113805555902,-28.462785197040645],[120.91873605366557,-28.484191886816216],[120.90884469850744,-28.486856833146746],[120.90738676960203,-28.482578779337395],[120.89718708067356,-28.48500542885692],[120.89876130253248,-28.489602140738107],[120.90025720917632,-28.493969784207962],[120.90249654594903,-28.49337281555574],[120.90538758277488,-28.49259930180616],[120.9103577844518,-28.49126932490073],[120.91326871639056,-28.49049028846324],[120.91821904754661,-28.48916528687663],[120.9203812773639,-28.48858648046527],[120.93025038342971,-28.490304559423784],[120.93087705934171,-28.46885090210185],[120.93106364416592,-28.4624629602445],[120.92939637923783,-28.45531680730808],[120.9280742709251,-28.44964934688461]]]},"properties":{"fmt_tenid":"M 37/361","type":"MINING LEASE","tenstatus":"LIVE","holder1":"NORTHERN STAR (THUNDERBOX) PTY LTD","holder2":" ","legal_area":874.95,"unit_of_me":"HA.","_colour":"#f5a520","_label":"Mining Lease"}},{"type":"Feature","geometry":{"type":"Polygon","coordinates":[[[120.90538758277488,-28.49259930180616],[120.90249654594903,-28.49337281555574],[120.90025720917632,-28.493969784207962],[120.91313381147036,-28.531562152491873],[120.92799850309068,-28.52772602029815],[120.93017552242833,-28.491549162710452],[120.93025038342971,-28.490304559423784],[120.9203812773639,-28.48858648046527],[120.91821904754661,-28.48916528687663],[120.91326871639056,-28.49049028846324],[120.9103577844518,-28.49126932490073],[120.90538758277488,-28.49259930180616]]]},"properties":{"fmt_tenid":"M 37/362","type":"MINING LEASE","tenstatus":"LIVE","holder1":"NORTHERN STAR (TALISMAN) PTY LTD","holder2":" ","legal_area":981.5,"unit_of_me":"HA.","_colour":"#f5a520","_label":"Mining Lease"}},{"type":"Feature","geometry":{"type":"Polygon","coordinates":[[[120.87485243715153,-28.258792121318823],[120.87783942517476,-28.265355614581942],[120.88377707476488,-28.278400350660473],[120.88775799099982,-28.298742174557706],[120.8883409666876,-28.301719395453905],[120.90732886850773,-28.301731184512967],[120.90813406117024,-28.301731671667643],[120.90562435327007,-28.29535416585942],[120.90108752724804,-28.27770726207446],[120.90102507144823,-28.25886514717726],[120.87485243715153,-28.258792121318823]]]},"properties":{"fmt_tenid":"M 37/366","type":"MINING LEASE","tenstatus":"LIVE","holder1":"NORTHERN STAR (THUNDERBOX) PTY LTD","holder2":" ","legal_area":927.35,"unit_of_me":"HA.","_colour":"#f5a520","_label":"Mining Lease"}},{"type":"Feature","geometry":{"type":"Polygon","coordinates":[[[120.8883409666876,-28.301719395453905],[120.88794052931344,-28.334215998239156],[120.92360482233619,-28.33458190887874],[120.9149750674382,-28.321731652524797],[120.90732886850773,-28.301731184512967],[120.8883409666876,-28.301719395453905]]]},"properties":{"fmt_tenid":"M 37/367","type":"MINING LEASE","tenstatus":"LIVE","holder1":"NORTHERN STAR (THUNDERBOX) PTY LTD","holder2":" ","legal_area":928.4,"unit_of_me":"HA.","_colour":"#f5a520","_label":"Mining Lease"}},{"type":"Feature","geometry":{"type":"Polygon","coordinates":[[[120.88794052931344,-28.334215998239156],[120.88765492188418,-28.34869382146649],[120.88754116914811,-28.35447957701105],[120.89220002676836,-28.354480555484887],[120.9356835470778,-28.354481306194888],[120.93655337042115,-28.354481174522306],[120.93279305190697,-28.348703231031767],[120.92360482233619,-28.33458190887874],[120.88794052931344,-28.334215998239156]]]},"properties":{"fmt_tenid":"M 37/368","type":"MINING LEASE","tenstatus":"LIVE","holder1":"NORTHERN STAR (THUNDERBOX) PTY LTD","holder2":" ","legal_area":922.8,"unit_of_me":"HA.","_colour":"#f5a520","_label":"Mining Lease"}},{"type":"Feature","geometry":{"type":"Polygon","coordinates":[[[120.92452304151807,-28.434423273195986],[120.9280742709251,-28.44964934688461],[120.92939637923783,-28.45531680730808],[120.96718593514535,-28.45532482055848],[120.96734117786855,-28.441790391380025],[120.95815226466915,-28.44179236664577],[120.95820748485674,-28.43442934486802],[120.92452304151807,-28.434423273195986]]]},"properties":{"fmt_tenid":"M 37/383","type":"MINING LEASE","tenstatus":"LIVE","holder1":"NORTHERN STAR (TALISMAN) PTY LTD","holder2":" ","legal_area":841.75,"unit_of_me":"HA.","_colour":"#f5a520","_label":"Mining Lease"}},{"type":"Feature","geometry":{"type":"Polygon","coordinates":[[[120.96718593514535,-28.45532482055848],[120.92939637923783,-28.45531680730808],[120.93106364416592,-28.4624629602445],[120.93087705934171,-28.46885090210185],[120.96703374417288,-28.468858715123105],[120.96718593514535,-28.45532482055848]]]},"properties":{"fmt_tenid":"M 37/384","type":"MINING LEASE","tenstatus":"LIVE","holder1":"NORTHERN STAR (TALISMAN) PTY LTD","holder2":" ","legal_area":536.7,"unit_of_me":"HA.","_colour":"#f5a520","_label":"Mining Lease"}},{"type":"Feature","geometry":{"type":"Polygon","coordinates":[[[120.96703374417288,-28.468858715123105],[120.93087705934171,-28.46885090210185],[120.93025038342971,-28.490304559423784],[120.93017552242833,-28.491549162710452],[120.96929631413198,-28.49155421636612],[120.96703374417288,-28.468858715123105]]]},"properties":{"fmt_tenid":"M 37/385","type":"MINING LEASE","tenstatus":"LIVE","holder1":"NORTHERN STAR (TALISMAN) PTY LTD","holder2":" ","legal_area":926.85,"unit_of_me":"HA.","_colour":"#f5a520","_label":"Mining Lease"}},{"type":"Feature","geometry":{"type":"Polygon","coordinates":[[[120.93017552242833,-28.491549162710452],[120.92799850309068,-28.52772602029815],[120.95387643715158,-28.52103997758059],[120.95386995856705,-28.49780851556661],[120.96929891719559,-28.49780882241549],[120.96929631413198,-28.49155421636612],[120.93017552242833,-28.491549162710452]]]},"properties":{"fmt_tenid":"M 37/386","type":"MINING LEASE","tenstatus":"LIVE","holder1":"NORTHERN STAR (TALISMAN) PTY LTD","holder2":" ","legal_area":983.8,"unit_of_me":"HA.","_colour":"#f5a520","_label":"Mining Lease"}},{"type":"Feature","geometry":{"type":"Polygon","coordinates":[[[120.9152429472688,-28.41180436479674],[120.91520750728874,-28.414108055134818],[120.91513308267878,-28.418945430802868],[120.91503227204684,-28.425497053382315],[120.92246377849197,-28.425586074682542],[120.92452304151807,-28.434423273195986],[120.95820748485674,-28.43442934486802],[120.95820547475081,-28.427232698610684],[120.94926203591054,-28.41171285142615],[120.9308886360309,-28.411715701923843],[120.9152429472688,-28.41180436479674]]]},"properties":{"fmt_tenid":"M 37/424","type":"MINING LEASE","tenstatus":"LIVE","holder1":"NORTHERN STAR (TALISMAN) PTY LTD","holder2":" ","legal_area":905.55,"unit_of_me":"HA.","_colour":"#f5a520","_label":"Mining Lease"}},{"type":"Feature","geometry":{"type":"Polygon","coordinates":[[[120.93561205003418,-28.388016393256265],[120.94926203591054,-28.41171285142615],[120.95820547475081,-28.427232698610684],[120.95819824505945,-28.40167786635141],[120.95819415098428,-28.38791995931219],[120.93561205003418,-28.388016393256265]]]},"properties":{"fmt_tenid":"M 37/426","type":"MINING LEASE","tenstatus":"LIVE","holder1":"NORTHERN STAR (TALISMAN) PTY LTD","holder2":" ","legal_area":482.2,"unit_of_me":"HA.","_colour":"#f5a520","_label":"Mining Lease"}},{"type":"Feature","geometry":{"type":"Polygon","coordinates":[[[120.93570147814681,-28.368645671621447],[120.93563965580805,-28.3820377363535],[120.93561205003418,-28.388016393256265],[120.95819415098428,-28.38791995931219],[120.95818662219042,-28.36367273179284],[120.95818377767107,-28.354522662419587],[120.93655337042115,-28.354481174522306],[120.9356835470778,-28.35448130719487],[120.93570547885543,-28.35497571575902],[120.93570147814681,-28.368645671621447]]]},"properties":{"fmt_tenid":"M 37/427","type":"MINING LEASE","tenstatus":"LIVE","holder1":"NORTHERN STAR (TALISMAN) PTY LTD","holder2":" ","legal_area":818.6,"unit_of_me":"HA.","_colour":"#f5a520","_label":"Mining Lease"}},{"type":"Feature","geometry":{"type":"Polygon","coordinates":[[[121.01727057760957,-28.26726166757799],[121.02572129581006,-28.2635520762656],[121.0243972196656,-28.259698828020433],[121.01547728425722,-28.233733564593752],[121.00156202537566,-28.23773628381781],[120.99653825173202,-28.239180964839747],[120.9999774345794,-28.248687827058305],[121.00235426451125,-28.25525692421765],[121.01109603840972,-28.25236967787402],[121.01727057760957,-28.26726166757799]]]},"properties":{"fmt_tenid":"M 37/437","type":"MINING LEASE","tenstatus":"LIVE","holder1":"NORTHERN STAR (THUNDERBOX) PTY LTD","holder2":" ","legal_area":520.3,"unit_of_me":"HA.","_colour":"#f5a520","_label":"Mining Lease"}},{"type":"Feature","geometry":{"type":"Polygon","coordinates":[[[121.06778811821204,-28.37580028629258],[121.06778735183075,-28.3543232664461],[121.05323660562722,-28.35850425619483],[121.04831559581636,-28.34465716512962],[121.03475014475995,-28.34902460191552],[121.03475031799618,-28.35424380959543],[121.04086608923907,-28.369107014624248],[121.05412478418683,-28.364760893146073],[121.06319682118226,-28.386805049537443],[121.06778802334487,-28.386804564499517],[121.06778811821204,-28.37580028629258]]]},"properties":{"fmt_tenid":"M 37/438","type":"MINING LEASE","tenstatus":"LIVE","holder1":"NORTHERN STAR (THUNDERBOX) PTY LTD","holder2":" ","legal_area":695.95,"unit_of_me":"HA.","_colour":"#f5a520","_label":"Mining Lease"}},{"type":"Feature","geometry":{"type":"Polygon","coordinates":[[[120.87044237880951,-28.36196886295382],[120.86499550120391,-28.39084374819138],[120.86278018130092,-28.402579010608175],[120.86202711259158,-28.41536204870988],[120.861488492918,-28.424490055688988],[120.87238307339709,-28.42151131069671],[120.87956617628822,-28.419567443431827],[120.8795661528248,-28.419328600554536],[120.8781441790534,-28.410393718591113],[120.8767433978992,-28.401590506828917],[120.87672244558492,-28.401458803413014],[120.87530118978587,-28.392524037577882],[120.87388017011399,-28.38358924631728],[120.87359562758944,-28.381799980858013],[120.87245925202691,-28.37465436609357],[120.87146466169376,-28.368399500227078],[120.87103856113161,-28.36571921267126],[120.87044237880951,-28.36196886295382]]]},"properties":{"fmt_tenid":"M 37/465","type":"MINING LEASE","tenstatus":"LIVE","holder1":"NORTHERN STAR (THUNDERBOX) PTY LTD","holder2":" ","legal_area":653.55,"unit_of_me":"HA.","_colour":"#f5a520","_label":"Mining Lease"}},{"type":"Feature","geometry":{"type":"Polygon","coordinates":[[[121.16774683443023,-28.3410376884167],[121.16743653575082,-28.3424636564942],[121.17009819942545,-28.342916868935003],[121.16983479131109,-28.343250506926857],[121.17350507017358,-28.34551850373212],[121.17694503770745,-28.347644011366757],[121.17823734862618,-28.346006969280378],[121.17479740938691,-28.343881493754214],[121.17347866104667,-28.343066620461855],[121.1711271571635,-28.341613550960577],[121.16774683443023,-28.3410376884167]]]},"properties":{"fmt_tenid":"M 37/488","type":"MINING LEASE","tenstatus":"LIVE","holder1":"NORTHERN STAR (SR MINING) PTY LTD","holder2":" ","legal_area":23.695,"unit_of_me":"HA.","_colour":"#f5a520","_label":"Mining Lease"}},{"type":"Feature","geometry":{"type":"Polygon","coordinates":[[[121.04627025854478,-28.240516333500324],[121.04277864895269,-28.232020972027616],[121.04052035114783,-28.226525637574674],[121.03474912430131,-28.22818722524326],[121.02142922817785,-28.232020975471386],[121.01808259305554,-28.23298396074305],[121.01547728425722,-28.233733564593752],[121.0243972196656,-28.259698828020433],[121.04348930018091,-28.25318757322868],[121.04627025854478,-28.240516333500324]]]},"properties":{"fmt_tenid":"M 37/493","type":"MINING LEASE","tenstatus":"LIVE","holder1":"NORTHERN STAR (THUNDERBOX) PTY LTD","holder2":" ","legal_area":736.8,"unit_of_me":"HA.","_colour":"#f5a520","_label":"Mining Lease"}},{"type":"Feature","geometry":{"type":"Polygon","coordinates":[[[121.0226045213503,-28.282151011612747],[121.03324951733332,-28.308038034633654],[121.04856264726314,-28.302643101904298],[121.04860514230828,-28.301822486985458],[121.04786607128479,-28.301459833350446],[121.0381035560393,-28.277718190773708],[121.04348930018091,-28.25318757322868],[121.0243972196656,-28.25969882702044],[121.02572129481007,-28.263552075265615],[121.01727057660958,-28.267261666578],[121.0226045213503,-28.282151011612747]]]},"properties":{"fmt_tenid":"M 37/494","type":"MINING LEASE","tenstatus":"LIVE","holder1":"NORTHERN STAR (THUNDERBOX) PTY LTD","holder2":" ","legal_area":959.35,"unit_of_me":"HA.","_colour":"#f5a520","_label":"Mining Lease"}},{"type":"Feature","geometry":{"type":"Polygon","coordinates":[[[121.06778735183075,-28.3543232664461],[121.06016821999988,-28.331950935915152],[121.05342382600776,-28.31492124837865],[121.04856264726314,-28.302643101904298],[121.03324951733332,-28.308038034633654],[121.0399854324721,-28.32441346488079],[121.04831559581636,-28.34465716512962],[121.05323660562722,-28.35850425619483],[121.06778735183075,-28.3543232664461]]]},"properties":{"fmt_tenid":"M 37/495","type":"MINING LEASE","tenstatus":"LIVE","holder1":"NORTHERN STAR (THUNDERBOX) PTY LTD","holder2":" ","legal_area":935.25,"unit_of_me":"HA.","_colour":"#f5a520","_label":"Mining Lease"}},{"type":"Feature","geometry":{"type":"Polygon","coordinates":[[[121.1597564885883,-28.32681917511973],[121.16085106063834,-28.331525790737672],[121.16396633376579,-28.338439734683963],[121.16434268197516,-28.33833786072691],[121.16456826612814,-28.33998838788061],[121.16462272603114,-28.34130193398683],[121.16451081055905,-28.34279797908228],[121.16218623858518,-28.35656995325992],[121.18978730844184,-28.35671846067205],[121.18996321145045,-28.33688605715425],[121.18759627423097,-28.336517209927475],[121.17846565894992,-28.332784694900432],[121.1597564885883,-28.32681917511973]],[[121.16774683443023,-28.3410376884167],[121.1711271571635,-28.341613550960577],[121.17347866104667,-28.343066620461855],[121.17479740938691,-28.343881493754214],[121.17823734862618,-28.346006969280378],[121.17694503770745,-28.347644011366757],[121.17350507017358,-28.34551850373212],[121.16983479131109,-28.343250506926857],[121.17009819942545,-28.342916868935003],[121.16743653575082,-28.3424636564942],[121.16774683443023,-28.3410376884167]]]},"properties":{"fmt_tenid":"M 37/513","type":"MINING LEASE","tenstatus":"LIVE","holder1":"NORTHERN STAR (SR MINING) PTY LTD","holder2":" ","legal_area":690.3,"unit_of_me":"HA.","_colour":"#f5a520","_label":"Mining Lease"}},{"type":"Feature","geometry":{"type":"Polygon","coordinates":[[[121.16218623858518,-28.35656995325992],[121.16246678845134,-28.36438413202904],[121.16231484999358,-28.369398652399585],[121.16302649759918,-28.367936793444972],[121.16794846923833,-28.369496769130677],[121.1671686489336,-28.371983212686192],[121.17894443755944,-28.371984420514696],[121.1789445262721,-28.37117054888997],[121.18257153352818,-28.371984436361515],[121.18960448919842,-28.371984176942185],[121.18978730844184,-28.35671846067205],[121.16218623858518,-28.35656995325992]]]},"properties":{"fmt_tenid":"M 37/514","type":"MINING LEASE","tenstatus":"LIVE","holder1":"NORTHERN STAR (SR MINING) PTY LTD","holder2":" ","legal_area":435.25,"unit_of_me":"HA.","_colour":"#f5a520","_label":"Mining Lease"}},{"type":"Feature","geometry":{"type":"Polygon","coordinates":[[[121.06431467692151,-28.46819398752151],[121.06375560837282,-28.468557130661647],[121.06332053237084,-28.46883973093992],[121.06101891000593,-28.470334682722545],[121.0577275836603,-28.472472330101922],[121.06023757279227,-28.475489618190494],[121.06346979980177,-28.47937480814312],[121.06679944716336,-28.48337672725551],[121.07009050851364,-28.48123873409045],[121.07297488505122,-28.47936480475017],[121.07338175288012,-28.479100460998882],[121.06431467692151,-28.46819398752151]]]},"properties":{"fmt_tenid":"M 37/590","type":"MINING LEASE","tenstatus":"LIVE","holder1":"NORTHERN STAR (TALISMAN) PTY LTD","holder2":" ","legal_area":120.05,"unit_of_me":"HA.","_colour":"#f5a520","_label":"Mining Lease"}},{"type":"Feature","geometry":{"type":"Polygon","coordinates":[[[121.16200712122382,-28.365510644216567],[121.16002753923233,-28.35991972896821],[121.15957883216491,-28.35573039919914],[121.15714161823233,-28.348426159200322],[121.15465102931788,-28.34096091745028],[121.15132683679434,-28.33413503689557],[121.14938825085667,-28.33466603195699],[121.14140594444673,-28.336850099384556],[121.14546258516157,-28.348446733055276],[121.1459309229891,-28.349785387624568],[121.15045199327321,-28.362706191363554],[121.15327833391532,-28.37097660185441],[121.16200712122382,-28.365510644216567]]]},"properties":{"fmt_tenid":"M 37/638","type":"MINING LEASE","tenstatus":"LIVE","holder1":"NORTHERN STAR (SR MINING) PTY LTD","holder2":" ","legal_area":401.9,"unit_of_me":"HA.","_colour":"#f5a520","_label":"Mining Lease"}},{"type":"Feature","geometry":{"type":"Polygon","coordinates":[[[120.93655337042115,-28.354481174522306],[120.95818377767107,-28.354522662419587],[120.95140670401538,-28.34617173011113],[120.95141753550097,-28.348688488585296],[120.93279305190697,-28.348703231031767],[120.93655337042115,-28.354481174522306]]]},"properties":{"fmt_tenid":"M 37/692","type":"MINING LEASE","tenstatus":"LIVE","holder1":"NORTHERN STAR (TALISMAN) PTY LTD","holder2":" ","legal_area":136.15,"unit_of_me":"HA.","_colour":"#f5a520","_label":"Mining Lease"}},{"type":"Feature","geometry":{"type":"Polygon","coordinates":[[[120.85141862451506,-28.215355320540993],[120.85141885593357,-28.23190251973845],[120.85141909559401,-28.248688841708773],[120.86808550765815,-28.2486886497563],[120.88475192750396,-28.24868845099335],[120.88475220770553,-28.235549071941907],[120.88475244648156,-28.22074570347806],[120.86936481049968,-28.22081390814402],[120.86926076874367,-28.226084221042857],[120.85550668990638,-28.22608450480027],[120.85571948605921,-28.21535545940684],[120.85141862451506,-28.215355320540993]]]},"properties":{"fmt_tenid":"M 37/735","type":"MINING LEASE","tenstatus":"LIVE","holder1":"NORTHERN STAR (TALISMAN) PTY LTD","holder2":" ","legal_area":957.75,"unit_of_me":"HA.","_colour":"#f5a520","_label":"Mining Lease"}},{"type":"Feature","geometry":{"type":"Polygon","coordinates":[[[120.86798385974615,-28.315357672007963],[120.85677757590618,-28.34918357229792],[120.88475128124321,-28.34922076059597],[120.88475146541877,-28.34871755354459],[120.88475307719145,-28.33282242730277],[120.88475476226311,-28.31534499531422],[120.86798385974615,-28.315357672007963]]]},"properties":{"fmt_tenid":"M 37/816","type":"MINING LEASE","tenstatus":"LIVE","holder1":"NORTHERN STAR (TALISMAN) PTY LTD","holder2":" ","legal_area":823.15,"unit_of_me":"HA.","_colour":"#f5a520","_label":"Mining Lease"}},{"type":"Feature","geometry":{"type":"Polygon","coordinates":[[[120.84644640659309,-28.390542082118575],[120.84417501388754,-28.398640972229952],[120.83744300624778,-28.398806523294933],[120.83438332577731,-28.39889657632419],[120.83430319862933,-28.415636271585736],[120.83422252288885,-28.4324582326587],[120.84693275092435,-28.43257784195326],[120.84891264835231,-28.419074857309486],[120.85116272621455,-28.403724717743714],[120.8614416160991,-28.40386778907356],[120.85980016411465,-28.415353771623447],[120.86202711259158,-28.41536204870988],[120.86278018130092,-28.402579010608175],[120.86499550120391,-28.39084374819138],[120.84644640659309,-28.390542082118575]]]},"properties":{"fmt_tenid":"M 37/818","type":"MINING LEASE","tenstatus":"LIVE","holder1":"NORTHERN STAR (TALISMAN) PTY LTD","holder2":" ","legal_area":805.35,"unit_of_me":"HA.","_colour":"#f5a520","_label":"Mining Lease"}},{"type":"Feature","geometry":{"type":"Polygon","coordinates":[[[120.83422252288885,-28.4324582326587],[120.83450197012434,-28.450331152183672],[120.83473706319403,-28.465388413719886],[120.85141131921603,-28.465354014425163],[120.85138738416147,-28.4646425526725],[120.84284932406729,-28.46339933988724],[120.844759762759,-28.448982434171437],[120.84693275092435,-28.43257784195326],[120.83422252288885,-28.4324582326587]]]},"properties":{"fmt_tenid":"M 37/819","type":"MINING LEASE","tenstatus":"LIVE","holder1":"NORTHERN STAR (TALISMAN) PTY LTD","holder2":" ","legal_area":379.65,"unit_of_me":"HA.","_colour":"#f5a520","_label":"Mining Lease"}},{"type":"Feature","geometry":{"type":"Polygon","coordinates":[[[120.98474952109508,-28.215354142595814],[120.98474662231351,-28.232020046945806],[120.9848469446308,-28.232019919706552],[120.9848174583813,-28.248609574846196],[120.99118289058121,-28.24860943966947],[120.99122342044289,-28.24868657600107],[120.9999774345794,-28.24868782605825],[120.99653825073203,-28.239180964839747],[121.00156202537566,-28.23773628381781],[121.00149329561098,-28.215354071611973],[120.98474952109508,-28.215354142595814]]]},"properties":{"fmt_tenid":"M 37/998","type":"MINING LEASE","tenstatus":"LIVE","holder1":"NORTHERN STAR (THUNDERBOX) PTY LTD","holder2":" ","legal_area":568.65,"unit_of_me":"HA.","_colour":"#f5a520","_label":"Mining Lease"}},{"type":"Feature","geometry":{"type":"Polygon","coordinates":[[[122.55142703944382,-29.54873665590905],[122.55142719869045,-29.565348096699264],[122.56810336741998,-29.565347891925395],[122.5680490159625,-29.54871666221525],[122.55142703944382,-29.54873665590905]]]},"properties":{"fmt_tenid":"M 39/1109","type":"MINING LEASE","tenstatus":"LIVE","holder1":"NORTHERN STAR (CAROSUE DAM) PTY LTD","holder2":" ","legal_area":297.3,"unit_of_me":"HA.","_colour":"#f5a520","_label":"Mining Lease"}},{"type":"Feature","geometry":{"type":"Polygon","coordinates":[[[122.55142719869045,-29.565348096699264],[122.55142754075773,-29.582015037628214],[122.56805813620596,-29.582014776235656],[122.56810336741998,-29.565347891925395],[122.55142719869045,-29.565348096699264]]]},"properties":{"fmt_tenid":"M 39/1110","type":"MINING LEASE","tenstatus":"LIVE","holder1":"NORTHERN STAR (CAROSUE DAM) PTY LTD","holder2":" ","legal_area":298.15,"unit_of_me":"HA.","_colour":"#f5a520","_label":"Mining Lease"}},{"type":"Feature","geometry":{"type":"Polygon","coordinates":[[[122.26811656520725,-29.329093345659484],[122.26801124491787,-29.348631100875203],[122.28000771787964,-29.348717287675463],[122.28016236198361,-29.329101622896587],[122.26811656520725,-29.329093345659484]]]},"properties":{"fmt_tenid":"M 39/1112","type":"MINING LEASE","tenstatus":"LIVE","holder1":"NORTHERN STAR (CAROSUE DAM) PTY LTD","holder2":" ","legal_area":253.35,"unit_of_me":"HA.","_colour":"#f5a520","_label":"Mining Lease"}},{"type":"Feature","geometry":{"type":"Polygon","coordinates":[[[122.26345698461877,-29.179128640554136],[122.26808369739749,-29.19216500678577],[122.26817621673186,-29.19242563222235],[122.27656017596564,-29.19037138748947],[122.27160141841216,-29.176969365140206],[122.26808394117847,-29.17790199916708],[122.26345698461877,-29.179128640554136]]]},"properties":{"fmt_tenid":"M 39/118","type":"MINING LEASE","tenstatus":"LIVE","holder1":"ANGLOGOLD ASHANTI AUSTRALIA LIMITED","holder2":"NORTHERN STAR (CAROSUE DAM) PTY LTD","legal_area":129.95,"unit_of_me":"HA.","_colour":"#f5a520","_label":"Mining Lease"}},{"type":"Feature","geometry":{"type":"Polygon","coordinates":[[[122.27932368571234,-29.19812589238752],[122.28949095538786,-29.223106483458732],[122.29731593561417,-29.220876160097372],[122.28929806720939,-29.19868285646432],[122.28833106675917,-29.196009143386917],[122.2839902432615,-29.197029330968384],[122.27932368571234,-29.19812589238752]]]},"properties":{"fmt_tenid":"M 39/119","type":"MINING LEASE","tenstatus":"LIVE","holder1":"ANGLOGOLD ASHANTI AUSTRALIA LIMITED","holder2":"NORTHERN STAR (CAROSUE DAM) PTY LTD","legal_area":248.55,"unit_of_me":"HA.","_colour":"#f5a520","_label":"Mining Lease"}},{"type":"Feature","geometry":{"type":"Polygon","coordinates":[[[122.26817621673186,-29.19242563222235],[122.27785723230903,-29.217124409308106],[122.28511898450844,-29.23564295602488],[122.28835486730762,-29.243892721140796],[122.2961837742641,-29.2416613104911],[122.28949095538786,-29.223106483458732],[122.27932368571234,-29.19812589238752],[122.27656017596564,-29.19037138748947],[122.26817621673186,-29.19242563222235]]]},"properties":{"fmt_tenid":"M 39/120","type":"MINING LEASE","tenstatus":"LIVE","holder1":"ANGLOGOLD ASHANTI AUSTRALIA LIMITED","holder2":"NORTHERN STAR (CAROSUE DAM) PTY LTD","legal_area":500.9,"unit_of_me":"HA.","_colour":"#f5a520","_label":"Mining Lease"}},{"type":"Feature","geometry":{"type":"Polygon","coordinates":[[[122.54088261343801,-29.541130191936478],[122.54890811012864,-29.53935279430237],[122.54612034654521,-29.532011738278158],[122.54392167146773,-29.526221138917762],[122.53659435857149,-29.528265334506287],[122.53784134032563,-29.532006659303846],[122.54088261343801,-29.541130191936478]]]},"properties":{"fmt_tenid":"M 39/129","type":"MINING LEASE","tenstatus":"LIVE","holder1":"NORTHERN STAR (CAROSUE DAM) PTY LTD","holder2":" ","legal_area":116.75,"unit_of_me":"HA.","_colour":"#f5a520","_label":"Mining Lease"}},{"type":"Feature","geometry":{"type":"Polygon","coordinates":[[[122.32418032162491,-29.24811862443383],[122.32228485393672,-29.24806488739248],[122.30620185825752,-29.2480586123763],[122.31042392344686,-29.259794304106165],[122.28072217143274,-29.267900247943356],[122.28075193507567,-29.268012547092948],[122.30542032713011,-29.26329108686757],[122.3355731415548,-29.25751287410591],[122.32710673777427,-29.224035202002437],[122.32359742182564,-29.224840019667276],[122.31858291695848,-29.225989840181665],[122.32418032162491,-29.24811862443383]]]},"properties":{"fmt_tenid":"M 39/165","type":"MINING LEASE","tenstatus":"LIVE","holder1":"ANGLOGOLD ASHANTI AUSTRALIA LIMITED","holder2":"NORTHERN STAR (CAROSUE DAM) PTY LTD","legal_area":602.35,"unit_of_me":"HA.","_colour":"#f5a520","_label":"Mining Lease"}},{"type":"Feature","geometry":{"type":"Polygon","coordinates":[[[122.34292745222612,-29.28657694939495],[122.3355731415548,-29.25751287410591],[122.30542032713011,-29.26329108686757],[122.31276666432613,-29.292356809745776],[122.34292745222612,-29.28657694939495]]]},"properties":{"fmt_tenid":"M 39/166","type":"MINING LEASE","tenstatus":"LIVE","holder1":"ANGLOGOLD ASHANTI AUSTRALIA LIMITED","holder2":"NORTHERN STAR (CAROSUE DAM) PTY LTD","legal_area":990,"unit_of_me":"HA.","_colour":"#f5a520","_label":"Mining Lease"}},{"type":"Feature","geometry":{"type":"Polygon","coordinates":[[[122.314403594035,-29.222299863238405],[122.31198865291942,-29.222868647017197],[122.30206937227376,-29.22520443809967],[122.30221888505284,-29.22560862406813],[122.30552074571384,-29.234533849381698],[122.30160994777721,-29.235646918073314],[122.30329605285897,-29.240204739276248],[122.30620185825752,-29.2480586123763],[122.32228485393672,-29.24806488739248],[122.32418032162491,-29.24811862443383],[122.31858291695848,-29.225989840181665],[122.31573747326598,-29.226660545900767],[122.314403594035,-29.222299863238405]]]},"properties":{"fmt_tenid":"M 39/230","type":"MINING LEASE","tenstatus":"LIVE","holder1":"ANGLOGOLD ASHANTI AUSTRALIA LIMITED","holder2":"NORTHERN STAR (CAROSUE DAM) PTY LTD","legal_area":446.4,"unit_of_me":"HA.","_colour":"#f5a520","_label":"Mining Lease"}},{"type":"Feature","geometry":{"type":"Polygon","coordinates":[[[122.27941583256339,-29.184545426191423],[122.2839902432615,-29.197029330968384],[122.28833106675917,-29.196009143386917],[122.29100156717537,-29.19529913937306],[122.28645392019716,-29.182954729601004],[122.27941583256339,-29.184545426191423]],[[122.28467202273018,-29.19457725607389],[122.28481224493004,-29.19136124828899],[122.28710726995035,-29.191368100838442],[122.28698354360723,-29.194512853751938],[122.28467202273018,-29.19457725607389]]]},"properties":{"fmt_tenid":"M 39/232","type":"MINING LEASE","tenstatus":"LIVE","holder1":"ANGLOGOLD ASHANTI AUSTRALIA LIMITED","holder2":"NORTHERN STAR (CAROSUE DAM) PTY LTD","legal_area":94.485,"unit_of_me":"HA.","_colour":"#f5a520","_label":"Mining Lease"}},{"type":"Feature","geometry":{"type":"Polygon","coordinates":[[[122.46956801574042,-29.5150078204303],[122.48427104553845,-29.54939704559088],[122.50143977554394,-29.548647210409673],[122.50149426232038,-29.515305753241947],[122.46956801574042,-29.5150078204303]]]},"properties":{"fmt_tenid":"M 39/307","type":"MINING LEASE","tenstatus":"LIVE","holder1":"NORTHERN STAR (CAROSUE DAM) PTY LTD","holder2":" ","legal_area":895.15,"unit_of_me":"HA.","_colour":"#f5a520","_label":"Mining Lease"}},{"type":"Feature","geometry":{"type":"Polygon","coordinates":[[[122.51725899245194,-29.614355378767783],[122.52992262192788,-29.60919422481022],[122.52168929728204,-29.582014550040633],[122.51804008902323,-29.581998556849367],[122.51805332690695,-29.59867657209683],[122.51725899245194,-29.614355378767783]]]},"properties":{"fmt_tenid":"M 39/309","type":"MINING LEASE","tenstatus":"LIVE","holder1":"NORTHERN STAR (CAROSUE DAM) PTY LTD","holder2":" ","legal_area":263.8,"unit_of_me":"HA.","_colour":"#f5a520","_label":"Mining Lease"}},{"type":"Feature","geometry":{"type":"Polygon","coordinates":[[[122.30173726948664,-29.181139859876478],[122.30891374724672,-29.20446433249539],[122.314403594035,-29.222299863238405],[122.31573747326598,-29.226660545900767],[122.31858291695848,-29.225989840181665],[122.32359742182564,-29.224840019667276],[122.31812541538251,-29.206927055810606],[122.31025131038437,-29.181139646571427],[122.30173726948664,-29.181139859876478]]]},"properties":{"fmt_tenid":"M 39/471","type":"MINING LEASE","tenstatus":"LIVE","holder1":"ANGLOGOLD ASHANTI AUSTRALIA LIMITED","holder2":"NORTHERN STAR (CAROSUE DAM) PTY LTD","legal_area":406.9,"unit_of_me":"HA.","_colour":"#f5a520","_label":"Mining Lease"}},{"type":"Feature","geometry":{"type":"MultiPolygon","coordinates":[[[[122.35142105137786,-29.39871138596012],[122.36804700427219,-29.398675261689167],[122.36806486569543,-29.39133150100663],[122.36562933378296,-29.392396498146528],[122.36682411679048,-29.394885142167418],[122.36076883169885,-29.396850769901906],[122.35961393918114,-29.395027643832115],[122.35850905747591,-29.393090112212406],[122.36004918274116,-29.39241681991801],[122.35815249034898,-29.389090626275053],[122.35678839901918,-29.38968700334918],[122.35568404558742,-29.38774986459842],[122.35921408035371,-29.386206310327758],[122.36152423539308,-29.38519609572856],[122.36509832080328,-29.383633079975855],[122.36187886799762,-29.380228572908287],[122.36680895823314,-29.377462062356614],[122.37121573775708,-29.382006458044057],[122.38468113975381,-29.38196165549677],[122.38472329109501,-29.365349762781424],[122.36482707406545,-29.36536214698289],[122.35141975396604,-29.365368815175817],[122.35142037278118,-29.3806978957019],[122.35142105137786,-29.39871138596012]]],[[[122.36668203033089,-29.38951648724628],[122.36807075880304,-29.38890927675028],[122.36807592053252,-29.386781575160317],[122.3654523212358,-29.384007413538992],[122.3663156515237,-29.385521654797202],[122.36478598363621,-29.386190550228672],[122.36668203033089,-29.38951648724628]]]]},"properties":{"fmt_tenid":"M 39/588","type":"MINING LEASE","tenstatus":"LIVE","holder1":"ANGLOGOLD ASHANTI AUSTRALIA LIMITED","holder2":"NORTHERN STAR (CAROSUE DAM) PTY LTD","legal_area":762.5,"unit_of_me":"HA.","_colour":"#f5a520","_label":"Mining Lease"}},{"type":"Feature","geometry":{"type":"Polygon","coordinates":[[[122.35142182533963,-29.415350782503825],[122.3704234302245,-29.41531648386934],[122.38475825650387,-29.41528883742865],[122.38471203406392,-29.395305640843308],[122.38468113975381,-29.38196165549677],[122.37121573775708,-29.382006458044057],[122.37306847420463,-29.383916884770567],[122.36826351877409,-29.386979924912353],[122.36807592053252,-29.386781575160317],[122.36807075880304,-29.38890927675028],[122.36821191225677,-29.38884755480183],[122.36931593874019,-29.390784410455353],[122.36806486569543,-29.39133150100663],[122.36804700427219,-29.398675261689167],[122.35142105137786,-29.39871138596012],[122.35142182533963,-29.415350782503825]]]},"properties":{"fmt_tenid":"M 39/589","type":"MINING LEASE","tenstatus":"LIVE","holder1":"ANGLOGOLD ASHANTI AUSTRALIA LIMITED","holder2":"NORTHERN STAR (CAROSUE DAM) PTY LTD","legal_area":876.35,"unit_of_me":"HA.","_colour":"#f5a520","_label":"Mining Lease"}},{"type":"Feature","geometry":{"type":"Polygon","coordinates":[[[122.38472466022594,-29.482037110132367],[122.40139319969744,-29.482015910010375],[122.40142146361117,-29.462052426418552],[122.40144075493882,-29.448687714698178],[122.38130616478226,-29.44866373504155],[122.38468863651696,-29.465366431614676],[122.38472466022594,-29.482037110132367]]]},"properties":{"fmt_tenid":"M 39/591","type":"MINING LEASE","tenstatus":"LIVE","holder1":"NORTHERN STAR (CAROSUE DAM) PTY LTD","holder2":" ","legal_area":629.9,"unit_of_me":"HA.","_colour":"#f5a520","_label":"Mining Lease"}},{"type":"Feature","geometry":{"type":"Polygon","coordinates":[[[122.48477675842821,-29.56544172421154],[122.50189266694451,-29.565155634303096],[122.50141706730574,-29.587888118595668],[122.50118348402845,-29.598657511409527],[122.51805332690695,-29.59867657209683],[122.51804008902323,-29.581998556849367],[122.51809444827774,-29.556909259003195],[122.48473071114525,-29.556981011689544],[122.48477675842821,-29.56544172421154]]]},"properties":{"fmt_tenid":"M 39/638","type":"MINING LEASE","tenstatus":"LIVE","holder1":"NORTHERN STAR (CAROSUE DAM) PTY LTD","holder2":" ","legal_area":890.95,"unit_of_me":"HA.","_colour":"#f5a520","_label":"Mining Lease"}},{"type":"Feature","geometry":{"type":"Polygon","coordinates":[[[122.51809444827774,-29.556909259003195],[122.51812371160409,-29.51532945421343],[122.50149426232038,-29.515305753241947],[122.50143977554394,-29.548647210409673],[122.48427104553845,-29.54939704559088],[122.48473071114525,-29.556981011689544],[122.51809444827774,-29.556909259003195]]]},"properties":{"fmt_tenid":"M 39/639","type":"MINING LEASE","tenstatus":"LIVE","holder1":"NORTHERN STAR (CAROSUE DAM) PTY LTD","holder2":" ","legal_area":888.95,"unit_of_me":"HA.","_colour":"#f5a520","_label":"Mining Lease"}},{"type":"Feature","geometry":{"type":"Polygon","coordinates":[[[122.29731593561417,-29.220876160097372],[122.28949095538786,-29.223106483458732],[122.2961837742641,-29.2416613104911],[122.28835486730762,-29.243892721140796],[122.28511898450844,-29.23564295602488],[122.28511504319816,-29.247849905536345],[122.30620185825752,-29.2480586123763],[122.30329605285897,-29.240204739276248],[122.30160994777721,-29.235646918073314],[122.30552074571384,-29.234533849381698],[122.30221888505284,-29.22560862406813],[122.30206937227376,-29.22520443809967],[122.29239153820696,-29.198682865456792],[122.28929806720939,-29.19868285646432],[122.29731593561417,-29.220876160097372]]]},"properties":{"fmt_tenid":"M 39/652","type":"MINING LEASE","tenstatus":"LIVE","holder1":"ANGLOGOLD ASHANTI AUSTRALIA LIMITED","holder2":"NORTHERN STAR (CAROSUE DAM) PTY LTD","legal_area":432.15,"unit_of_me":"HA.","_colour":"#f5a520","_label":"Mining Lease"}},{"type":"Feature","geometry":{"type":"Polygon","coordinates":[[[122.53474865904684,-29.532004961916016],[122.53475290562007,-29.557663463460727],[122.53475694724465,-29.5820710076515],[122.55142809562298,-29.58213454852452],[122.55142754075773,-29.582015037628214],[122.55142719869045,-29.565348096699264],[122.55142703944382,-29.54873665590905],[122.5514263593985,-29.532014758143113],[122.54612034654521,-29.532011738278158],[122.54890811012864,-29.53935279430237],[122.54088261343801,-29.541130191936478],[122.53784134032563,-29.532006659303846],[122.53474865904684,-29.532004961916016]]]},"properties":{"fmt_tenid":"M 39/740","type":"MINING LEASE","tenstatus":"LIVE","holder1":"NORTHERN STAR (CAROSUE DAM) PTY LTD","holder2":" ","legal_area":822.45,"unit_of_me":"HA.","_colour":"#f5a520","_label":"Mining Lease"}},{"type":"Feature","geometry":{"type":"Polygon","coordinates":[[[122.51811191337667,-29.532097553458183],[122.51809444827774,-29.556909259003195],[122.51804008902323,-29.581998556849367],[122.52168929728204,-29.582014550040633],[122.53475694724465,-29.5820710076515],[122.53475290562007,-29.557663463460727],[122.53474865904684,-29.532004961916016],[122.51811191337667,-29.532097553458183]]]},"properties":{"fmt_tenid":"M 39/741","type":"MINING LEASE","tenstatus":"LIVE","holder1":"NORTHERN STAR (CAROSUE DAM) PTY LTD","holder2":" ","legal_area":895.05,"unit_of_me":"HA.","_colour":"#f5a520","_label":"Mining Lease"}},{"type":"Feature","geometry":{"type":"Polygon","coordinates":[[[118.52368904127987,-20.792196820742518],[118.52253255291481,-20.78125752487501],[118.52101915429216,-20.772993062148547],[118.50472564194864,-20.773083846797824],[118.50480371884066,-20.78557842937463],[118.47700993827875,-20.79841339169921],[118.47718875011006,-20.81522843530753],[118.52368904127987,-20.792196820742518]]]},"properties":{"fmt_tenid":"M 45/1294","type":"MINING LEASE","tenstatus":"LIVE","holder1":"NORTHERN STAR (HEMI) PTY LTD","holder2":" ","legal_area":1018.80628,"unit_of_me":"HA.","_colour":"#f5a520","_label":"Mining Lease"}},{"type":"Feature","geometry":{"type":"Polygon","coordinates":[[[118.60110452541709,-20.84435211107347],[118.58868071238203,-20.83160348634859],[118.57106802222717,-20.846769561743944],[118.58349178232658,-20.85951946037734],[118.60110452541709,-20.84435211107347]]]},"properties":{"fmt_tenid":"M 45/1295","type":"MINING LEASE","tenstatus":"LIVE","holder1":"NORTHERN STAR (HEMI) PTY LTD","holder2":" ","legal_area":475.80842,"unit_of_me":"HA.","_colour":"#f5a520","_label":"Mining Lease"}},{"type":"Feature","geometry":{"type":"Polygon","coordinates":[[[118.65774147176933,-20.811868891238316],[118.65388645893808,-20.802720758548116],[118.65194515426548,-20.80318783951258],[118.65153976386873,-20.801062577143433],[118.63104073800392,-20.80869808401524],[118.6358167609903,-20.820035761826833],[118.65774147176933,-20.811868891238316]]]},"properties":{"fmt_tenid":"M 45/1299","type":"MINING LEASE","tenstatus":"LIVE","holder1":"NORTHERN STAR (HEMI) PTY LTD","holder2":" ","legal_area":326.84792999999996,"unit_of_me":"HA.","_colour":"#f5a520","_label":"Mining Lease"}},{"type":"Feature","geometry":{"type":"Polygon","coordinates":[[[118.03412288037487,-20.880578823772282],[118.0376436746745,-20.884396308164007],[118.04617148772081,-20.884344348715075],[118.04618605465103,-20.88644717099025],[118.06814771443236,-20.886311388661554],[118.06803003715028,-20.86966591215573],[118.03404962620579,-20.86987465048253],[118.03412288037487,-20.880578823772282]]]},"properties":{"fmt_tenid":"M 47/1626","type":"MINING LEASE","tenstatus":"LIVE","holder1":"NORTHERN STAR (INDEE GOLD) PTY LTD","holder2":" ","legal_area":614.52562,"unit_of_me":"HA.","_colour":"#f5a520","_label":"Mining Lease"}},{"type":"Feature","geometry":{"type":"Polygon","coordinates":[[[118.37405534842276,-20.906373917617184],[118.44266279471408,-20.905626574882113],[118.4426627581291,-20.89865435099754],[118.45000045167347,-20.898655112089386],[118.45133178102714,-20.898655249666145],[118.46683055802762,-20.898656856425454],[118.46799854842766,-20.898656822041474],[118.48333333040452,-20.89865638041336],[118.48333333308209,-20.883333332704588],[118.46666666984699,-20.883333328971027],[118.46666666653346,-20.86666666739917],[118.47272691190393,-20.866666666879894],[118.45154298067905,-20.8376329279954],[118.40758147829187,-20.837748184956684],[118.37364589260385,-20.870963230249693],[118.37405534842276,-20.906373917617184]]]},"properties":{"fmt_tenid":"M 47/1628","type":"MINING LEASE","tenstatus":"LIVE","holder1":"NORTHERN STAR (HEMI) PTY LTD","holder2":" ","legal_area":6599.66952,"unit_of_me":"HA.","_colour":"#f5a520","_label":"Mining Lease"}},{"type":"Feature","geometry":{"type":"Polygon","coordinates":[[[118.13550827651237,-20.881883380248965],[118.11799289053468,-20.881709190887236],[118.11793618950392,-20.898738070640295],[118.13473853860764,-20.898329940024933],[118.13464138989426,-20.91541921294585],[118.15105121160423,-20.91539762796051],[118.15119996051162,-20.882038172961487],[118.13550827651237,-20.881883380248965]]]},"properties":{"fmt_tenid":"M 47/473","type":"MINING LEASE","tenstatus":"LIVE","holder1":"NORTHERN STAR (INDEE GOLD) PTY LTD","holder2":" ","legal_area":955.9,"unit_of_me":"HA.","_colour":"#f5a520","_label":"Mining Lease"}},{"type":"Feature","geometry":{"type":"Polygon","coordinates":[[[118.15125794519321,-20.869032071040706],[118.15119996051162,-20.882038172961487],[118.15105121160423,-20.91539762796051],[118.1680353479984,-20.91534577517247],[118.16801267465418,-20.868855229858088],[118.15125794519321,-20.869032071040706]]]},"properties":{"fmt_tenid":"M 47/474","type":"MINING LEASE","tenstatus":"LIVE","holder1":"NORTHERN STAR (INDEE GOLD) PTY LTD","holder2":" ","legal_area":902.2,"unit_of_me":"HA.","_colour":"#f5a520","_label":"Mining Lease"}},{"type":"Feature","geometry":{"type":"Polygon","coordinates":[[[118.16801267465418,-20.868855229858088],[118.1680353479984,-20.91534577517247],[118.18466877594815,-20.91541040464728],[118.18465871188083,-20.868837652320188],[118.16801267465418,-20.868855229858088]]]},"properties":{"fmt_tenid":"M 47/475","type":"MINING LEASE","tenstatus":"LIVE","holder1":"NORTHERN STAR (INDEE GOLD) PTY LTD","holder2":" ","legal_area":891.95,"unit_of_me":"HA.","_colour":"#f5a520","_label":"Mining Lease"}},{"type":"Feature","geometry":{"type":"Polygon","coordinates":[[[118.18465871188083,-20.868837652320188],[118.18466877594815,-20.91541040464728],[118.20133100188042,-20.915323512153662],[118.20133380085065,-20.883324914371823],[118.1917901485128,-20.883311866830635],[118.19207982298687,-20.868722931916455],[118.18465871188083,-20.868837652320188]]]},"properties":{"fmt_tenid":"M 47/476","type":"MINING LEASE","tenstatus":"LIVE","holder1":"NORTHERN STAR (INDEE GOLD) PTY LTD","holder2":" ","legal_area":737.15,"unit_of_me":"HA.","_colour":"#f5a520","_label":"Mining Lease"}},{"type":"Feature","geometry":{"type":"Polygon","coordinates":[[[118.20133380085065,-20.883324914371823],[118.20133100188042,-20.915323512153662],[118.21804734882264,-20.915369642981734],[118.21813625379163,-20.883322570985776],[118.20133380085065,-20.883324914371823]]]},"properties":{"fmt_tenid":"M 47/477","type":"MINING LEASE","tenstatus":"LIVE","holder1":"NORTHERN STAR (INDEE GOLD) PTY LTD","holder2":" ","legal_area":618.2,"unit_of_me":"HA.","_colour":"#f5a520","_label":"Mining Lease"}},{"type":"Feature","geometry":{"type":"Polygon","coordinates":[[[118.28462246609494,-20.883365325859028],[118.28465541295745,-20.89872108100168],[118.28328532787759,-20.898705184943907],[118.28333118705461,-20.899992998350406],[118.2999902421283,-20.899996265913966],[118.29995705745858,-20.883327745321523],[118.28462246609494,-20.883365325859028]]]},"properties":{"fmt_tenid":"M 47/480","type":"MINING LEASE","tenstatus":"LIVE","holder1":"NORTHERN STAR (INDEE GOLD) PTY LTD","holder2":" ","legal_area":296.05,"unit_of_me":"HA.","_colour":"#f5a520","_label":"Mining Lease"}},{"type":"Feature","geometry":{"type":"Polygon","coordinates":[[[120.93125153448621,-26.783340525320433],[120.94025517760667,-26.796728662159577],[120.94090787922788,-26.796736198264036],[120.94293041805808,-26.796759530587405],[120.94282492573782,-26.804020342526645],[120.94271955989613,-26.811271457565415],[120.94261399622134,-26.818535226559305],[120.94250845770867,-26.82579604285055],[120.94147592094028,-26.836674220020228],[120.94387326039237,-26.836678239689604],[120.9436578647423,-26.8499983612156],[120.94998490301427,-26.84998178692938],[120.95000262473617,-26.83444998408058],[120.95002285267798,-26.81665660702362],[120.95140066797357,-26.816691886709165],[120.9514006489177,-26.81533968671449],[120.95809909960116,-26.81533983813377],[120.95809420873644,-26.801028322286495],[120.95808819307791,-26.78336275274743],[120.93125153448621,-26.783340525320433]]]},"properties":{"fmt_tenid":"M 53/1080","type":"MINING LEASE","tenstatus":"LIVE","holder1":"NORTHERN STAR (MKO) PTY LTD","holder2":" ","legal_area":918.05,"unit_of_me":"HA.","_colour":"#f5a520","_label":"Mining Lease"}},{"type":"Feature","geometry":{"type":"Polygon","coordinates":[[[120.95561601893323,-26.750439908531284],[120.94232376923286,-26.75046289220926],[120.93605011287882,-26.750473306841606],[120.93554284080315,-26.77692096893771],[120.960731126527,-26.77689528033429],[120.96122349200454,-26.749972170479587],[120.95561387126307,-26.74996723160186],[120.95561601893323,-26.750439908531284]]]},"properties":{"fmt_tenid":"M 53/1099","type":"MINING LEASE","tenstatus":"LIVE","holder1":"NORTHERN STAR (MKO) PTY LTD","holder2":" ","legal_area":737,"unit_of_me":"HA.","_colour":"#f5a520","_label":"Mining Lease"}},{"type":"Feature","geometry":{"type":"Polygon","coordinates":[[[120.96449620797425,-27.05364303344634],[120.95754886545636,-27.055193263892438],[120.9608112033899,-27.066666666787597],[120.94985141403455,-27.066666669423732],[120.95000000109806,-27.067163339592422],[120.95444173410957,-27.082008648812277],[120.96508482840909,-27.082008540578588],[120.96545481562708,-27.08333333295163],[120.9548382823166,-27.083333337059727],[120.95801219612092,-27.09393461981373],[120.96666666727057,-27.092000516266136],[120.96780437406959,-27.091746261255746],[120.96806922060236,-27.09831432687155],[120.96803023103854,-27.100123319311983],[120.96787053692947,-27.107521001071955],[120.97792861757002,-27.10754006127034],[120.97795315314823,-27.1060052459487],[120.97807375235456,-27.09847290125693],[120.97515837955255,-27.08891572991884],[120.97147897270192,-27.076962291689885],[120.96797966524876,-27.065324573266903],[120.96666666771357,-27.06092152592823],[120.96449620797425,-27.05364303344634]]]},"properties":{"fmt_tenid":"M 53/1111","type":"MINING LEASE","tenstatus":"LIVE","holder1":"NORTHERN STAR (MKO) PTY LTD","holder2":" ","legal_area":777.3282800000001,"unit_of_me":"HA.","_colour":"#f5a520","_label":"Mining Lease"}},{"type":"Feature","geometry":{"type":"Polygon","coordinates":[[[120.94147592094028,-26.836674220020228],[120.93729519864758,-26.83661933482899],[120.93223286948287,-26.83655270945356],[120.92211268441979,-26.83642340181676],[120.9220033658352,-26.843678919441416],[120.92189396518324,-26.850939466011575],[120.92183926515493,-26.854569709602988],[120.92178458512501,-26.858198876194134],[120.92170254257663,-26.863644246581877],[120.92164784711703,-26.8672745976516],[120.92159315339919,-26.870904958012922],[120.92148375494678,-26.87816609176108],[120.93261496493797,-26.878298462401432],[120.94319734570617,-26.878438977453413],[120.94338470052361,-26.866869444295467],[120.9436578647423,-26.8499983612156],[120.94387326039237,-26.836678239689604],[120.94147592094028,-26.836674220020228]]]},"properties":{"fmt_tenid":"M 53/144","type":"MINING LEASE","tenstatus":"LIVE","holder1":"NORTHERN STAR (MKO) PTY LTD","holder2":" ","legal_area":999.35,"unit_of_me":"HA.","_colour":"#f5a520","_label":"Mining Lease"}},{"type":"Feature","geometry":{"type":"Polygon","coordinates":[[[120.92148375494678,-26.87816609176108],[120.91743517077906,-26.878117814083236],[120.91136626511116,-26.878045229381097],[120.91072865925139,-26.87803758720259],[120.9106424153622,-26.88438348180183],[120.91043230916385,-26.899818047952465],[120.91711011627609,-26.899898187944526],[120.93229358529956,-26.900079232593693],[120.93240069401574,-26.89281827919082],[120.93250782131906,-26.885559400934763],[120.93261496493797,-26.878298462401432],[120.92148375494678,-26.87816609176108]]]},"properties":{"fmt_tenid":"M 53/145","type":"MINING LEASE","tenstatus":"LIVE","holder1":"NORTHERN STAR (MKO) PTY LTD","holder2":" ","legal_area":524.65,"unit_of_me":"HA.","_colour":"#f5a520","_label":"Mining Lease"}},{"type":"Feature","geometry":{"type":"Polygon","coordinates":[[[120.94090787922788,-26.796736198264036],[120.94025517760667,-26.796728662159577],[120.93778706704488,-26.79670013876407],[120.92410203913973,-26.796503188470858],[120.92241664098795,-26.796478841182655],[120.92207477716053,-26.79647389912409],[120.91696372630967,-26.796399929221646],[120.91689165543146,-26.800046149753285],[120.91677988009071,-26.80730738483721],[120.91666806222963,-26.814570396189065],[120.92244624847295,-26.814641411844796],[120.92233507422512,-26.821902023420243],[120.92222395112024,-26.829158478388592],[120.92211268441979,-26.83642340181676],[120.93223286948287,-26.83655270945356],[120.93729519864758,-26.83661933482899],[120.94147592094028,-26.836674220020228],[120.94250845770867,-26.82579604285055],[120.94261399622134,-26.818535226559305],[120.94271955989613,-26.811271457565415],[120.94282492573782,-26.804020342526645],[120.94293041805808,-26.796759530587405],[120.94090787922788,-26.796736198264036]]]},"properties":{"fmt_tenid":"M 53/149","type":"MINING LEASE","tenstatus":"LIVE","holder1":"NORTHERN STAR (MKO) PTY LTD","holder2":" ","legal_area":999.95,"unit_of_me":"HA.","_colour":"#f5a520","_label":"Mining Lease"}},{"type":"Feature","geometry":{"type":"Polygon","coordinates":[[[120.79218250207325,-26.62481960279693],[120.82711356483172,-26.6059344318919],[120.84142736877166,-26.59819148214357],[120.84143596977083,-26.5981868281384],[120.8318505492477,-26.59830650899288],[120.8302743259916,-26.59832321262522],[120.79052740876409,-26.598738682770154],[120.79218250207325,-26.62481960279693]]]},"properties":{"fmt_tenid":"M 53/155","type":"MINING LEASE","tenstatus":"LIVE","holder1":"NORTHERN STAR RESOURCES LTD","holder2":" ","legal_area":732.85,"unit_of_me":"HA.","_colour":"#f5a520","_label":"Mining Lease"}},{"type":"Feature","geometry":{"type":"Polygon","coordinates":[[[120.7909187670407,-26.575643094419338],[120.79052740876409,-26.598738682770154],[120.8302743259916,-26.59832321262522],[120.83046401834419,-26.575738364818857],[120.82196440602114,-26.575718815227845],[120.7909187670407,-26.575643094419338]]]},"properties":{"fmt_tenid":"M 53/156","type":"MINING LEASE","tenstatus":"LIVE","holder1":"NORTHERN STAR RESOURCES LTD","holder2":" ","legal_area":999.55,"unit_of_me":"HA.","_colour":"#f5a520","_label":"Mining Lease"}},{"type":"Feature","geometry":{"type":"Polygon","coordinates":[[[120.9423711133685,-26.934181044634435],[120.94498561450224,-26.94657852633056],[120.95247025509252,-26.94528528997713],[120.95259081318109,-26.945912043743068],[120.95546191241404,-26.945870415204162],[120.95301942415338,-26.93235042886058],[120.9423711133685,-26.934181044634435]]]},"properties":{"fmt_tenid":"M 53/160","type":"MINING LEASE","tenstatus":"LIVE","holder1":"NORTHERN STAR (MKO) PTY LTD","holder2":" ","legal_area":150.6,"unit_of_me":"HA.","_colour":"#f5a520","_label":"Mining Lease"}},{"type":"Feature","geometry":{"type":"Polygon","coordinates":[[[120.91401822837885,-26.836324193872258],[120.91065425546437,-26.836282827087924],[120.91068189719991,-26.85179923988557],[120.9106997194074,-26.861800975558157],[120.91072865925139,-26.87803758720259],[120.91136626511116,-26.878045229381097],[120.91743517077906,-26.878117814083236],[120.92148375494678,-26.87816609176108],[120.92159315339919,-26.870904958012922],[120.92164784711703,-26.8672745976516],[120.92170254257663,-26.863644246581877],[120.92178458512501,-26.858198876194134],[120.92183926515493,-26.854569709602988],[120.92189396518324,-26.850939466011575],[120.9220033658352,-26.843678919441416],[120.92211268441979,-26.83642340181676],[120.91401822837885,-26.836324193872258]]]},"properties":{"fmt_tenid":"M 53/170","type":"MINING LEASE","tenstatus":"LIVE","holder1":"NORTHERN STAR (MKO) PTY LTD","holder2":" ","legal_area":510.7,"unit_of_me":"HA.","_colour":"#f5a520","_label":"Mining Lease"}},{"type":"Feature","geometry":{"type":"Polygon","coordinates":[[[120.82691062816052,-26.623600529337086],[120.82711356483172,-26.6059344318919],[120.79218250207325,-26.62481960279693],[120.79176474863554,-26.63551763291561],[120.82677730089169,-26.635203854386877],[120.82691062816052,-26.623600529337086]]]},"properties":{"fmt_tenid":"M 53/182","type":"MINING LEASE","tenstatus":"LIVE","holder1":"NORTHERN STAR RESOURCES LTD","holder2":" ","legal_area":767.2,"unit_of_me":"HA.","_colour":"#f5a520","_label":"Mining Lease"}},{"type":"Feature","geometry":{"type":"Polygon","coordinates":[[[120.93605011287882,-26.750473306841606],[120.94232376923286,-26.75046289220926],[120.95561601893323,-26.750439908531284],[120.95561387126307,-26.74996723160186],[120.95549310987238,-26.72339259729991],[120.92544575225236,-26.72334931210262],[120.92389288992595,-26.73670646077823],[120.92228941835414,-26.7504953407294],[120.93605011287882,-26.750473306841606]]]},"properties":{"fmt_tenid":"M 53/183","type":"MINING LEASE","tenstatus":"LIVE","holder1":"NORTHERN STAR (MKO) PTY LTD","holder2":" ","legal_area":946.55,"unit_of_me":"HA.","_colour":"#f5a520","_label":"Mining Lease"}},{"type":"Feature","geometry":{"type":"Polygon","coordinates":[[[120.90726683691257,-26.814453744108498],[120.90725399481123,-26.81530551928274],[120.90693566666566,-26.83623700822067],[120.90682670159464,-26.843498327883655],[120.90671773453226,-26.850758934523196],[120.90669074604838,-26.85257404138318],[120.90660978159796,-26.85801866096415],[120.90638831469776,-26.861582024622003],[120.89662961130834,-26.861795127055785],[120.89656170556893,-26.884366854885812],[120.9106424153622,-26.88438348180183],[120.91072865925139,-26.87803758720259],[120.9106997194074,-26.861800975558157],[120.91068189719991,-26.85179923988557],[120.91065425546437,-26.836282827087924],[120.91401822837885,-26.836324193872258],[120.92211268441979,-26.83642340181676],[120.92222395112024,-26.829158478388592],[120.92233507422512,-26.821902023420243],[120.92244624847295,-26.814641411844796],[120.91666806222963,-26.814570396189065],[120.91677988009071,-26.80730738483721],[120.91689165543146,-26.800046149753285],[120.91658476348809,-26.80004236770521],[120.90778939715379,-26.79993370631988],[120.90748549521287,-26.79992994327179],[120.90726683691257,-26.814453744108498]]]},"properties":{"fmt_tenid":"M 53/186","type":"MINING LEASE","tenstatus":"LIVE","holder1":"NORTHERN STAR (MKO) PTY LTD","holder2":" ","legal_area":977.75,"unit_of_me":"HA.","_colour":"#f5a520","_label":"Mining Lease"}},{"type":"Feature","geometry":{"type":"Polygon","coordinates":[[[120.58811104286588,-26.34231200805892],[120.57662408764625,-26.35040538922677],[120.58742923940622,-26.36286464786408],[120.60198664051649,-26.379644898311128],[120.60930816302474,-26.388081915649447],[120.61339163511178,-26.385207203308312],[120.61718610913925,-26.38253570700692],[120.6246407478322,-26.37728661878548],[120.62333136131599,-26.37589322561819],[120.62316079497393,-26.37571171385837],[120.6216042046987,-26.374055202066494],[120.61216976314448,-26.36401378899063],[120.60750155417404,-26.3590443765304],[120.60211610187929,-26.353310732013316],[120.60133279149986,-26.352476737953943],[120.59975263950089,-26.35079433998862],[120.59032302659321,-26.34075319548873],[120.58811104286588,-26.34231200805892]]]},"properties":{"fmt_tenid":"M 53/191","type":"MINING LEASE","tenstatus":"LIVE","holder1":"NORTHERN STAR RESOURCES LTD","holder2":" ","legal_area":974.65,"unit_of_me":"HA.","_colour":"#f5a520","_label":"Mining Lease"}},{"type":"Feature","geometry":{"type":"Polygon","coordinates":[[[120.63197405793855,-26.372122121727898],[120.63040061914154,-26.373230290492057],[120.63011348946878,-26.373432510811917],[120.62716776992504,-26.375507053056207],[120.6246407478322,-26.37728661878548],[120.61718610913925,-26.38253570700692],[120.61339163511178,-26.385207203308312],[120.60930816302474,-26.388081915649447],[120.62289082916962,-26.403729658150386],[120.64219872884867,-26.397391639386253],[120.64057655079893,-26.393383323506743],[120.63834653654182,-26.38787260072317],[120.63675529599801,-26.38394005213888],[120.63197405793855,-26.372122121727898]]]},"properties":{"fmt_tenid":"M 53/192","type":"MINING LEASE","tenstatus":"LIVE","holder1":"NORTHERN STAR RESOURCES LTD","holder2":" ","legal_area":621.5,"unit_of_me":"HA.","_colour":"#f5a520","_label":"Mining Lease"}},{"type":"Feature","geometry":{"type":"Polygon","coordinates":[[[120.76155333251027,-26.508715003419898],[120.76230794498623,-26.488814943606364],[120.75147534290703,-26.488823649693707],[120.74248343736616,-26.4938453397352],[120.73745839427664,-26.496064931040138],[120.73738409798264,-26.510623202586817],[120.74749182262542,-26.510491907544257],[120.74749551379257,-26.51590084722391],[120.76291817648303,-26.516360845148434],[120.76254689056638,-26.52493419979596],[120.7846048222257,-26.523972092932024],[120.78264877133492,-26.50856619954344],[120.76155333251027,-26.508715003419898]]]},"properties":{"fmt_tenid":"M 53/196","type":"MINING LEASE","tenstatus":"LIVE","holder1":"NORTHERN STAR RESOURCES LTD","holder2":" ","legal_area":990.15,"unit_of_me":"HA.","_colour":"#f5a520","_label":"Mining Lease"}},{"type":"Feature","geometry":{"type":"Polygon","coordinates":[[[120.8226837351064,-26.546665428871098],[120.79265695411733,-26.54698688487889],[120.7909187670407,-26.575643094419338],[120.82196440602114,-26.575718815227845],[120.82275302344678,-26.563713249761086],[120.8226837351064,-26.546665428871098]]]},"properties":{"fmt_tenid":"M 53/197","type":"MINING LEASE","tenstatus":"LIVE","holder1":"NORTHERN STAR RESOURCES LTD","holder2":" ","legal_area":980.6,"unit_of_me":"HA.","_colour":"#f5a520","_label":"Mining Lease"}},{"type":"Feature","geometry":{"type":"Polygon","coordinates":[[[120.73082856047506,-26.46736367374479],[120.73188392042849,-26.450136058202066],[120.70233427550498,-26.450037313459923],[120.70233891608852,-26.459958888391704],[120.68296858428604,-26.4595739820272],[120.6786581582698,-26.459488334777056],[120.68902377647233,-26.476494169908516],[120.71201108120178,-26.47640818702124],[120.71203672813968,-26.467337452600127],[120.73082856047506,-26.46736367374479]]]},"properties":{"fmt_tenid":"M 53/198","type":"MINING LEASE","tenstatus":"LIVE","holder1":"NORTHERN STAR RESOURCES LTD","holder2":" ","legal_area":991.85,"unit_of_me":"HA.","_colour":"#f5a520","_label":"Mining Lease"}},{"type":"Feature","geometry":{"type":"Polygon","coordinates":[[[120.70026272049043,-26.432841951710788],[120.68178636485342,-26.44238837508702],[120.68296858428604,-26.4595739820272],[120.70233891608852,-26.459958888391704],[120.70233427550498,-26.450037313459923],[120.73188392042849,-26.450136058202066],[120.71811821561276,-26.432165231967783],[120.70026272049043,-26.432841951710788]]]},"properties":{"fmt_tenid":"M 53/199","type":"MINING LEASE","tenstatus":"LIVE","holder1":"NORTHERN STAR RESOURCES LTD","holder2":" ","legal_area":946,"unit_of_me":"HA.","_colour":"#f5a520","_label":"Mining Lease"}},{"type":"Feature","geometry":{"type":"Polygon","coordinates":[[[120.93125153448621,-26.783340525320433],[120.92230063789457,-26.77002711473954],[120.91417937111923,-26.757944482598592],[120.9078400349195,-26.74851085255084],[120.89016206357633,-26.748534357705957],[120.89738816332317,-26.75927937727034],[120.90273858789729,-26.7672338137576],[120.91221307592893,-26.781316873830963],[120.92241664098795,-26.796478841182655],[120.92410203913973,-26.796503188470858],[120.93778706704488,-26.79670013876407],[120.94025517760667,-26.796728662159577],[120.93125153448621,-26.783340525320433]]]},"properties":{"fmt_tenid":"M 53/220","type":"MINING LEASE","tenstatus":"LIVE","holder1":"NORTHERN STAR (MKO) PTY LTD","holder2":" ","legal_area":937.05,"unit_of_me":"HA.","_colour":"#f5a520","_label":"Mining Lease"}},{"type":"Feature","geometry":{"type":"Polygon","coordinates":[[[120.86294707344169,-26.598672185044123],[120.85685405844583,-26.58984197774831],[120.84143596977083,-26.5981868281384],[120.84142736877166,-26.59819148214357],[120.82711356483172,-26.6059344318919],[120.82691062816052,-26.623600529337086],[120.83788932288786,-26.623990816538786],[120.86203040408466,-26.609606716680496],[120.86508235669282,-26.61386145996802],[120.87455507865685,-26.60937631094018],[120.86818323402247,-26.601232513523087],[120.86557767506049,-26.602484061342334],[120.86294707344169,-26.598672185044123]]]},"properties":{"fmt_tenid":"M 53/221","type":"MINING LEASE","tenstatus":"LIVE","holder1":"NORTHERN STAR RESOURCES LTD","holder2":" ","legal_area":957.2,"unit_of_me":"HA.","_colour":"#f5a520","_label":"Mining Lease"}},{"type":"Feature","geometry":{"type":"Polygon","coordinates":[[[120.70967516203844,-26.42797835778507],[120.69528705956706,-26.407626822168798],[120.67225028163529,-26.407630021705],[120.67226314307254,-26.42569068607456],[120.68178636485342,-26.44238837508702],[120.70026272049043,-26.432841951710788],[120.70967516203844,-26.42797835778507]]]},"properties":{"fmt_tenid":"M 53/226","type":"MINING LEASE","tenstatus":"LIVE","holder1":"NORTHERN STAR RESOURCES LTD","holder2":" ","legal_area":965.9,"unit_of_me":"HA.","_colour":"#f5a520","_label":"Mining Lease"}},{"type":"Feature","geometry":{"type":"Polygon","coordinates":[[[120.76193362756443,-26.5772292748928],[120.7909187670407,-26.575643094419338],[120.79265695411733,-26.54698688487889],[120.78614703757943,-26.546860670731636],[120.77419586826599,-26.547200978546098],[120.76127786293706,-26.54758593653872],[120.76193362756443,-26.5772292748928]]]},"properties":{"fmt_tenid":"M 53/228","type":"MINING LEASE","tenstatus":"LIVE","holder1":"NORTHERN STAR RESOURCES LTD","holder2":" ","legal_area":975.25,"unit_of_me":"HA.","_colour":"#f5a520","_label":"Mining Lease"}},{"type":"Feature","geometry":{"type":"Polygon","coordinates":[[[120.76171479264352,-26.598985788823224],[120.79052740876409,-26.598738682770154],[120.7909187670407,-26.575643094419338],[120.76193362756443,-26.5772292748928],[120.76171479264352,-26.598985788823224]]]},"properties":{"fmt_tenid":"M 53/229","type":"MINING LEASE","tenstatus":"LIVE","holder1":"NORTHERN STAR RESOURCES LTD","holder2":" ","legal_area":715.1,"unit_of_me":"HA.","_colour":"#f5a520","_label":"Mining Lease"}},{"type":"Feature","geometry":{"type":"Polygon","coordinates":[[[120.68902377647233,-26.476494169908516],[120.6786581582698,-26.459488334777056],[120.65518447272476,-26.459091434917152],[120.6714800084646,-26.481513489045994],[120.68130121848546,-26.497877124498576],[120.70236101892169,-26.49787424608846],[120.68902377647233,-26.476494169908516]]]},"properties":{"fmt_tenid":"M 53/230","type":"MINING LEASE","tenstatus":"LIVE","holder1":"NORTHERN STAR RESOURCES LTD","holder2":" ","legal_area":915.4,"unit_of_me":"HA.","_colour":"#f5a520","_label":"Mining Lease"}},{"type":"Feature","geometry":{"type":"Polygon","coordinates":[[[120.55777716392075,-26.28580395133768],[120.55679651847072,-26.310138817504345],[120.57726020297955,-26.30342947265136],[120.60107987801726,-26.29561251957776],[120.61165312242845,-26.292318914563026],[120.58729997911034,-26.285664238320116],[120.55777716392075,-26.28580395133768]]]},"properties":{"fmt_tenid":"M 53/235","type":"MINING LEASE","tenstatus":"LIVE","holder1":"NORTHERN STAR RESOURCES LTD","holder2":" ","legal_area":835.35,"unit_of_me":"HA.","_colour":"#f5a520","_label":"Mining Lease"}},{"type":"Feature","geometry":{"type":"Polygon","coordinates":[[[120.52643908832393,-26.283701435890634],[120.53939965982644,-26.315542151217976],[120.54505769485647,-26.313985859087445],[120.55549151557256,-26.310566554205636],[120.55679651847072,-26.310138817504345],[120.55777716392075,-26.28580395133768],[120.54646744065168,-26.283623169787447],[120.52643908832393,-26.283701435890634]]]},"properties":{"fmt_tenid":"M 53/236","type":"MINING LEASE","tenstatus":"LIVE","holder1":"NORTHERN STAR RESOURCES LTD","holder2":" ","legal_area":794.95,"unit_of_me":"HA.","_colour":"#f5a520","_label":"Mining Lease"}},{"type":"Feature","geometry":{"type":"Polygon","coordinates":[[[120.53900782264454,-26.24396752775169],[120.53652640728642,-26.243969720616864],[120.5347086794311,-26.243971300983183],[120.51034119294034,-26.24399022141031],[120.52506484707723,-26.264683014044653],[120.52638378072022,-26.28293570396803],[120.54642807301958,-26.282856781671587],[120.54546563938263,-26.26420404342534],[120.54137923958807,-26.24396539196912],[120.53900782264454,-26.24396752775169]]]},"properties":{"fmt_tenid":"M 53/237","type":"MINING LEASE","tenstatus":"LIVE","holder1":"NORTHERN STAR RESOURCES LTD","holder2":" ","legal_area":998.7,"unit_of_me":"HA.","_colour":"#f5a520","_label":"Mining Lease"}},{"type":"Feature","geometry":{"type":"Polygon","coordinates":[[[120.72234019900404,-26.505380985915476],[120.73690742223975,-26.530238216987662],[120.75164164229056,-26.523584362984717],[120.75646109314722,-26.521316405585765],[120.77419586826599,-26.547200978546098],[120.78614703757943,-26.546860670731636],[120.7846048222257,-26.523972092932024],[120.76254689056638,-26.52493419979596],[120.76291817648303,-26.516360845148434],[120.74749551379257,-26.51590084722391],[120.74749182262542,-26.510491907544257],[120.74293958180792,-26.514087070109614],[120.73738409798264,-26.510623202586817],[120.73745839427664,-26.496064931040138],[120.72234019900404,-26.505380985915476]],[[120.74293958180792,-26.514087070109614],[120.7458910405833,-26.520358756183867],[120.73772657243953,-26.52299002604587],[120.73473789540084,-26.516400824641646],[120.74293958180792,-26.514087070109614]]]},"properties":{"fmt_tenid":"M 53/245","type":"MINING LEASE","tenstatus":"LIVE","holder1":"NORTHERN STAR RESOURCES LTD","holder2":" ","legal_area":997.85,"unit_of_me":"HA.","_colour":"#f5a520","_label":"Mining Lease"}},{"type":"Feature","geometry":{"type":"Polygon","coordinates":[[[120.78878174973211,-26.514462456716167],[120.76105526051627,-26.487188717410717],[120.75147534290703,-26.488823649693707],[120.76230794498623,-26.488814943606364],[120.76155333251027,-26.508715003419898],[120.78264877133492,-26.50856619954344],[120.7846048222257,-26.523972092932024],[120.798660553464,-26.52484659641947],[120.78878174973211,-26.514462456716167]]]},"properties":{"fmt_tenid":"M 53/246","type":"MINING LEASE","tenstatus":"LIVE","holder1":"NORTHERN STAR RESOURCES LTD","holder2":" ","legal_area":369.85,"unit_of_me":"HA.","_colour":"#f5a520","_label":"Mining Lease"}},{"type":"Feature","geometry":{"type":"Polygon","coordinates":[[[120.8174806655388,-26.546420637987666],[120.798660553464,-26.52484659641947],[120.7846048222257,-26.523972092932024],[120.78614703757943,-26.546860670731636],[120.79265695411733,-26.54698688487889],[120.8226837351064,-26.546665428871098],[120.82275302344678,-26.563713249761086],[120.84091314405575,-26.56498458045942],[120.83685137638318,-26.558636051416393],[120.83470986556371,-26.55528854992689],[120.83047149985254,-26.548662681877612],[120.82617115255896,-26.541939006854264],[120.8174806655388,-26.546420637987666]]]},"properties":{"fmt_tenid":"M 53/247","type":"MINING LEASE","tenstatus":"LIVE","holder1":"NORTHERN STAR RESOURCES LTD","holder2":" ","legal_area":831.25,"unit_of_me":"HA.","_colour":"#f5a520","_label":"Mining Lease"}},{"type":"Feature","geometry":{"type":"Polygon","coordinates":[[[120.82275302344678,-26.563713249761086],[120.82196440602114,-26.575718815227845],[120.83046401834419,-26.575738364818857],[120.83207563307906,-26.57574201378184],[120.8318505492477,-26.59830650899288],[120.84143596977083,-26.5981868281384],[120.85685405844583,-26.58984197774831],[120.85188298339865,-26.58209164874649],[120.84091314405575,-26.56498458045942],[120.82275302344678,-26.563713249761086]]]},"properties":{"fmt_tenid":"M 53/248","type":"MINING LEASE","tenstatus":"LIVE","holder1":"NORTHERN STAR RESOURCES LTD","holder2":" ","legal_area":750.45,"unit_of_me":"HA.","_colour":"#f5a520","_label":"Mining Lease"}},{"type":"Feature","geometry":{"type":"Polygon","coordinates":[[[120.73188392042849,-26.450136058202066],[120.73082856047506,-26.46736367374479],[120.73137077686424,-26.485400422820074],[120.74248343736616,-26.4938453397352],[120.75147534290703,-26.488823649693707],[120.76105526051627,-26.487188717410717],[120.76614352183445,-26.484517465863668],[120.75425874784483,-26.46603855292743],[120.73188392042849,-26.450136058202066]]]},"properties":{"fmt_tenid":"M 53/249","type":"MINING LEASE","tenstatus":"LIVE","holder1":"NORTHERN STAR RESOURCES LTD","holder2":" ","legal_area":974.8,"unit_of_me":"HA.","_colour":"#f5a520","_label":"Mining Lease"}},{"type":"Feature","geometry":{"type":"Polygon","coordinates":[[[120.68902377647233,-26.476494169908516],[120.70236101892169,-26.49787424608846],[120.71047328380504,-26.510975022304276],[120.72234019900404,-26.505380985915476],[120.73745839427664,-26.496064931040138],[120.74248343736616,-26.4938453397352],[120.73137077686424,-26.485400422820074],[120.71202522699836,-26.48565050163888],[120.71201108120178,-26.47640818702124],[120.68902377647233,-26.476494169908516]]]},"properties":{"fmt_tenid":"M 53/250","type":"MINING LEASE","tenstatus":"LIVE","holder1":"NORTHERN STAR RESOURCES LTD","holder2":" ","legal_area":977.2,"unit_of_me":"HA.","_colour":"#f5a520","_label":"Mining Lease"}},{"type":"Feature","geometry":{"type":"Polygon","coordinates":[[[121.02906233315065,-27.228429138684188],[121.03610074631881,-27.245016748873557],[121.05215097387268,-27.239737628329166],[121.04539811314802,-27.223087679856338],[121.02906233315065,-27.228429138684188]]]},"properties":{"fmt_tenid":"M 53/294","type":"MINING LEASE","tenstatus":"LIVE","holder1":"CREASY, MARK GARETH","holder2":"NORTHERN STAR (MKO) PTY LTD","legal_area":335.6,"unit_of_me":"HA.","_colour":"#f5a520","_label":"Mining Lease"}},{"type":"Feature","geometry":{"type":"Polygon","coordinates":[[[121.0320755714039,-27.24625980304575],[121.03887028106621,-27.262872625055348],[121.05872698241164,-27.256387681208633],[121.05215097387268,-27.239737628329166],[121.03610074631881,-27.245016748873557],[121.0320755714039,-27.24625980304575]]]},"properties":{"fmt_tenid":"M 53/295","type":"MINING LEASE","tenstatus":"LIVE","holder1":"CREASY, MARK GARETH","holder2":"NORTHERN STAR (MKO) PTY LTD","legal_area":411.45,"unit_of_me":"HA.","_colour":"#f5a520","_label":"Mining Lease"}},{"type":"Feature","geometry":{"type":"Polygon","coordinates":[[[121.03887028106621,-27.262872625055348],[121.04562722880985,-27.279520741472968],[121.04939907996422,-27.278158062417152],[121.065362527701,-27.27305571677467],[121.05872698241164,-27.256387681208633],[121.03887028106621,-27.262872625055348]]]},"properties":{"fmt_tenid":"M 53/296","type":"MINING LEASE","tenstatus":"LIVE","holder1":"CREASY, MARK GARETH","holder2":"NORTHERN STAR (MKO) PTY LTD","legal_area":408.05,"unit_of_me":"HA.","_colour":"#f5a520","_label":"Mining Lease"}},{"type":"Feature","geometry":{"type":"Polygon","coordinates":[[[121.04939907996422,-27.278158062417152],[121.05485921774681,-27.29112204698344],[121.06957342501418,-27.287327677951577],[121.06971137752336,-27.288160833767673],[121.07119972681126,-27.287779541798464],[121.065362527701,-27.27305571677467],[121.04939907996422,-27.278158062417152]]]},"properties":{"fmt_tenid":"M 53/297","type":"MINING LEASE","tenstatus":"LIVE","holder1":"CREASY, MARK GARETH","holder2":"NORTHERN STAR (MKO) PTY LTD","legal_area":265.2,"unit_of_me":"HA.","_colour":"#f5a520","_label":"Mining Lease"}},{"type":"Feature","geometry":{"type":"Polygon","coordinates":[[[120.73137077686424,-26.485400422820074],[120.73082856047506,-26.46736367374479],[120.71203672813968,-26.467337452600127],[120.71201108120178,-26.47640818702124],[120.71202522699836,-26.48565050163888],[120.73137077686424,-26.485400422820074]]]},"properties":{"fmt_tenid":"M 53/326","type":"MINING LEASE","tenstatus":"LIVE","holder1":"NORTHERN STAR RESOURCES LTD","holder2":" ","legal_area":383.2,"unit_of_me":"HA.","_colour":"#f5a520","_label":"Mining Lease"}},{"type":"Feature","geometry":{"type":"Polygon","coordinates":[[[120.85445136950379,-26.549957794370272],[120.83685137638318,-26.558636051416393],[120.84091314405575,-26.56498458045942],[120.85188298339865,-26.58209164874649],[120.86928394533088,-26.573060159765845],[120.85445136950379,-26.549957794370272]]]},"properties":{"fmt_tenid":"M 53/347","type":"MINING LEASE","tenstatus":"LIVE","holder1":"NORTHERN STAR RESOURCES LTD","holder2":" ","legal_area":595.85,"unit_of_me":"HA.","_colour":"#f5a520","_label":"Mining Lease"}},{"type":"Feature","geometry":{"type":"Polygon","coordinates":[[[120.73772657243953,-26.52299002604587],[120.7458910405833,-26.520358756183867],[120.74293958180792,-26.514087070109614],[120.73473789540084,-26.516400824641646],[120.73772657243953,-26.52299002604587]]]},"properties":{"fmt_tenid":"M 53/372","type":"MINING LEASE","tenstatus":"LIVE","holder1":"NORTHERN STAR RESOURCES LTD","holder2":" ","legal_area":66.22,"unit_of_me":"HA.","_colour":"#f5a520","_label":"Mining Lease"}},{"type":"Feature","geometry":{"type":"Polygon","coordinates":[[[120.91711011627609,-26.899898187944526],[120.91043230916385,-26.899818047952465],[120.91075602005795,-26.91768070254999],[120.91115303980689,-26.939586709953183],[120.92037729073837,-26.94028119753829],[120.93153723535423,-26.94046483078017],[120.93159324596976,-26.907351793037034],[120.93159547178898,-26.906035373376096],[120.93229358529956,-26.900079232593693],[120.91711011627609,-26.899898187944526]]]},"properties":{"fmt_tenid":"M 53/379","type":"MINING LEASE","tenstatus":"LIVE","holder1":"NORTHERN STAR (MKO) PTY LTD","holder2":" ","legal_area":922.1,"unit_of_me":"HA.","_colour":"#f5a520","_label":"Mining Lease"}},{"type":"Feature","geometry":{"type":"Polygon","coordinates":[[[121.05485921774681,-27.29112204698344],[121.05464343242693,-27.304845670400535],[121.05721084265943,-27.3048445218242],[121.07298314319073,-27.30483682627544],[121.06971137752336,-27.288160833767673],[121.06957342501418,-27.287327677951577],[121.05485921774681,-27.29112204698344]]]},"properties":{"fmt_tenid":"M 53/393","type":"MINING LEASE","tenstatus":"LIVE","holder1":"CREASY, MARK GARETH","holder2":"NORTHERN STAR (MKO) PTY LTD","legal_area":286.25,"unit_of_me":"HA.","_colour":"#f5a520","_label":"Mining Lease"}},{"type":"Feature","geometry":{"type":"Polygon","coordinates":[[[120.5902197248289,-26.37515241335453],[120.5756111885782,-26.385433398400867],[120.58213007237215,-26.392947506383837],[120.57591801712023,-26.397318780041882],[120.59069949176067,-26.414407297377696],[120.59305393794722,-26.4136348993486],[120.59517963598304,-26.41695078346886],[120.61180248934114,-26.40831053022625],[120.61672012456508,-26.40575428913955],[120.5902197248289,-26.37515241335453]]]},"properties":{"fmt_tenid":"M 53/412","type":"MINING LEASE","tenstatus":"LIVE","holder1":"NORTHERN STAR RESOURCES LTD","holder2":" ","legal_area":992,"unit_of_me":"HA.","_colour":"#f5a520","_label":"Mining Lease"}},{"type":"Feature","geometry":{"type":"Polygon","coordinates":[[[120.62289082916962,-26.403729658150386],[120.60930816302474,-26.388081915649447],[120.60198664051649,-26.379644898311128],[120.58742923940622,-26.36286464786408],[120.55382477427457,-26.386516671711192],[120.56801939632695,-26.402876334269514],[120.57591801712023,-26.397318780041882],[120.58213007237215,-26.392947506383837],[120.5756111885782,-26.385433398400867],[120.5902197248289,-26.37515241335453],[120.61672012456508,-26.40575428913955],[120.62289082916962,-26.403729658150386]]]},"properties":{"fmt_tenid":"M 53/413","type":"MINING LEASE","tenstatus":"LIVE","holder1":"NORTHERN STAR RESOURCES LTD","holder2":" ","legal_area":991.6,"unit_of_me":"HA.","_colour":"#f5a520","_label":"Mining Lease"}},{"type":"Feature","geometry":{"type":"Polygon","coordinates":[[[120.57352896341924,-26.346835771436904],[120.53910982236025,-26.369489579902712],[120.55382477427457,-26.386516671711192],[120.58742923940622,-26.36286464786408],[120.57662408764625,-26.35040538922677],[120.57352896341924,-26.346835771436904]]]},"properties":{"fmt_tenid":"M 53/414","type":"MINING LEASE","tenstatus":"LIVE","holder1":"NORTHERN STAR RESOURCES LTD","holder2":" ","legal_area":988,"unit_of_me":"HA.","_colour":"#f5a520","_label":"Mining Lease"}},{"type":"Feature","geometry":{"type":"Polygon","coordinates":[[[120.89656170556893,-26.884366854885812],[120.89628018146266,-26.901196920607557],[120.8960043557982,-26.917681379232853],[120.91075602005795,-26.91768070254999],[120.91043230916385,-26.899818047952465],[120.9106424153622,-26.88438348180183],[120.89656170556893,-26.884366854885812]]]},"properties":{"fmt_tenid":"M 53/434","type":"MINING LEASE","tenstatus":"LIVE","holder1":"NORTHERN STAR (MKO) PTY LTD","holder2":" ","legal_area":523.75,"unit_of_me":"HA.","_colour":"#f5a520","_label":"Mining Lease"}},{"type":"Feature","geometry":{"type":"Polygon","coordinates":[[[120.79218250207325,-26.62481960279693],[120.79052740876409,-26.598738682770154],[120.76171479264352,-26.598985788823224],[120.72184387951961,-26.599206405694186],[120.72205340884199,-26.60148635307929],[120.77291026497745,-26.60102234311955],[120.78874029511236,-26.626680194203384],[120.79218250207325,-26.62481960279693]]]},"properties":{"fmt_tenid":"M 53/441","type":"MINING LEASE","tenstatus":"LIVE","holder1":"NORTHERN STAR RESOURCES LTD","holder2":" ","legal_area":464.8,"unit_of_me":"HA.","_colour":"#f5a520","_label":"Mining Lease"}},{"type":"Feature","geometry":{"type":"Polygon","coordinates":[[[120.52576688660581,-26.357326374537532],[120.53757800088378,-26.370820980780334],[120.53910982236025,-26.369489579902712],[120.57352896341924,-26.346835771436904],[120.56135789411537,-26.33279593351655],[120.52576688660581,-26.357326374537532]]]},"properties":{"fmt_tenid":"M 53/446","type":"MINING LEASE","tenstatus":"LIVE","holder1":"NORTHERN STAR RESOURCES LTD","holder2":" ","legal_area":860.25,"unit_of_me":"HA.","_colour":"#f5a520","_label":"Mining Lease"}},{"type":"Feature","geometry":{"type":"Polygon","coordinates":[[[120.53939965982644,-26.315542151217976],[120.5257403152757,-26.3203321273487],[120.52574224463088,-26.323020525924207],[120.52575404566417,-26.33945230643072],[120.52576688660581,-26.357326374537532],[120.56135789411537,-26.33279593351655],[120.54505769485647,-26.313985859087445],[120.53939965982644,-26.315542151217976]]]},"properties":{"fmt_tenid":"M 53/451","type":"MINING LEASE","tenstatus":"LIVE","holder1":"NORTHERN STAR RESOURCES LTD","holder2":" ","legal_area":990.15,"unit_of_me":"HA.","_colour":"#f5a520","_label":"Mining Lease"}},{"type":"Feature","geometry":{"type":"Polygon","coordinates":[[[120.50218113714257,-26.284759902467826],[120.50221285708604,-26.302523931142552],[120.50224441612812,-26.320191897303797],[120.50227662118505,-26.338216005140342],[120.50912867806127,-26.33829916991893],[120.52576688660581,-26.357326374537532],[120.52575404566417,-26.33945230643072],[120.52574224463088,-26.323020525924207],[120.5257403152757,-26.3203321273487],[120.51759394711489,-26.32318802328164],[120.51109572086672,-26.30696944382781],[120.50937166593677,-26.302665650202442],[120.50327570048763,-26.28744543813862],[120.50218113714257,-26.284759902467826]]]},"properties":{"fmt_tenid":"M 53/452","type":"MINING LEASE","tenstatus":"LIVE","holder1":"NORTHERN STAR RESOURCES LTD","holder2":" ","legal_area":906.7,"unit_of_me":"HA.","_colour":"#f5a520","_label":"Mining Lease"}},{"type":"Feature","geometry":{"type":"Polygon","coordinates":[[[120.57726020297955,-26.30342947265136],[120.55679651847072,-26.310138817504345],[120.55549151557256,-26.310566554205636],[120.54505769485647,-26.313985859087445],[120.56135789411537,-26.33279593351655],[120.57352896341924,-26.346835771436904],[120.57662408764625,-26.35040538922677],[120.58811104286588,-26.34231200805892],[120.5862466795574,-26.340161943819],[120.57454295198035,-26.326662375531235],[120.57295450756943,-26.327781155502876],[120.56185436424065,-26.3149765843088],[120.57763556103508,-26.303862265251293],[120.57726020297955,-26.30342947265136]]]},"properties":{"fmt_tenid":"M 53/461","type":"MINING LEASE","tenstatus":"LIVE","holder1":"NORTHERN STAR RESOURCES LTD","holder2":" ","legal_area":738.3,"unit_of_me":"HA.","_colour":"#f5a520","_label":"Mining Lease"}},{"type":"Feature","geometry":{"type":"Polygon","coordinates":[[[120.64057655079893,-26.393383323506743],[120.64219872884867,-26.397391639386253],[120.62289082916962,-26.403729658150386],[120.61672012456508,-26.40575428913955],[120.61180248934114,-26.40831053022625],[120.61631291816931,-26.415347478081486],[120.61806945167648,-26.418087662660614],[120.62200412266343,-26.42422518130169],[120.66076956438616,-26.402840492460744],[120.65224544440615,-26.38588742484666],[120.64057655079893,-26.393383323506743]]]},"properties":{"fmt_tenid":"M 53/477","type":"MINING LEASE","tenstatus":"LIVE","holder1":"NORTHERN STAR RESOURCES LTD","holder2":" ","legal_area":859.55,"unit_of_me":"HA.","_colour":"#f5a520","_label":"Mining Lease"}},{"type":"Feature","geometry":{"type":"Polygon","coordinates":[[[120.66076956438616,-26.402840492460744],[120.62200412266343,-26.42422518130169],[120.62706755028123,-26.432122333286895],[120.63423209150821,-26.44329431828985],[120.65619908509508,-26.42569560947474],[120.67226314307254,-26.42569068607456],[120.66076956438616,-26.402840492460744]]]},"properties":{"fmt_tenid":"M 53/478","type":"MINING LEASE","tenstatus":"LIVE","holder1":"NORTHERN STAR RESOURCES LTD","holder2":" ","legal_area":989.05,"unit_of_me":"HA.","_colour":"#f5a520","_label":"Mining Lease"}},{"type":"Feature","geometry":{"type":"Polygon","coordinates":[[[120.63423209150821,-26.44329431828985],[120.63464357961979,-26.443935916476846],[120.66193599438583,-26.486472770288024],[120.6714800084646,-26.481513489045994],[120.65518447272476,-26.459091434917152],[120.65619908509508,-26.42569560947474],[120.63423209150821,-26.44329431828985]]]},"properties":{"fmt_tenid":"M 53/479","type":"MINING LEASE","tenstatus":"LIVE","holder1":"NORTHERN STAR RESOURCES LTD","holder2":" ","legal_area":816.55,"unit_of_me":"HA.","_colour":"#f5a520","_label":"Mining Lease"}},{"type":"Feature","geometry":{"type":"Polygon","coordinates":[[[120.68130121848546,-26.497877124498576],[120.69534060946299,-26.51762118906683],[120.71047328380504,-26.510975022304276],[120.70236101892169,-26.49787424608846],[120.68130121848546,-26.497877124498576]]]},"properties":{"fmt_tenid":"M 53/480","type":"MINING LEASE","tenstatus":"LIVE","holder1":"NORTHERN STAR RESOURCES LTD","holder2":" ","legal_area":368.95,"unit_of_me":"HA.","_colour":"#f5a520","_label":"Mining Lease"}},{"type":"Feature","geometry":{"type":"Polygon","coordinates":[[[120.51034119294034,-26.24399022141031],[120.51514173145019,-26.255835500882892],[120.5187439264771,-26.264722186148443],[120.5250417135222,-26.280255462091578],[120.52643908832393,-26.283701435890634],[120.52638378072022,-26.28293570396803],[120.52506484707723,-26.264683014044653],[120.51034119294034,-26.24399022141031]]]},"properties":{"fmt_tenid":"M 53/492","type":"MINING LEASE","tenstatus":"LIVE","holder1":"NORTHERN STAR RESOURCES LTD","holder2":" ","legal_area":139.25,"unit_of_me":"HA.","_colour":"#f5a520","_label":"Mining Lease"}},{"type":"Feature","geometry":{"type":"Polygon","coordinates":[[[120.93473389976168,-26.56716547617597],[120.93473075237108,-26.582004475549663],[120.93493580743534,-26.583333415430005],[120.95000000160978,-26.58333333570903],[120.94999999874521,-26.593634112460517],[120.94999999854832,-26.611407897981483],[120.95139774782001,-26.611407879585887],[120.95139750136562,-26.593654795548233],[120.95139734804053,-26.58200431876617],[120.9532893449144,-26.58200439891735],[120.94998570633994,-26.567158069623872],[120.93473389976168,-26.56716547617597]]]},"properties":{"fmt_tenid":"M 53/535","type":"MINING LEASE","tenstatus":"LIVE","holder1":"NORTHERN STAR RESOURCES LTD","holder2":" ","legal_area":344.65,"unit_of_me":"HA.","_colour":"#f5a520","_label":"Mining Lease"}},{"type":"Feature","geometry":{"type":"Polygon","coordinates":[[[120.94999999854832,-26.611407897981483],[120.9500006332857,-26.625608251819767],[120.9500008643888,-26.631444363237943],[120.95000142381869,-26.64837357997499],[120.95139752776436,-26.64837390263218],[120.95139769714709,-26.631459245501727],[120.95139776749853,-26.624859597163933],[120.95139774782001,-26.611407879585887],[120.94999999854832,-26.611407897981483]]]},"properties":{"fmt_tenid":"M 53/536","type":"MINING LEASE","tenstatus":"LIVE","holder1":"NORTHERN STAR RESOURCES LTD","holder2":" ","legal_area":56.98,"unit_of_me":"HA.","_colour":"#f5a520","_label":"Mining Lease"}},{"type":"Feature","geometry":{"type":"Polygon","coordinates":[[[120.53464596771079,-26.23194928634151],[120.5347086794311,-26.243971300983183],[120.53652640728642,-26.243969720616864],[120.53900782264454,-26.24396752775169],[120.54137923958807,-26.24396539196912],[120.54546563938263,-26.26420404342534],[120.54642807301958,-26.282856781671587],[120.54646744065168,-26.283623169787447],[120.5570873224438,-26.2753844617195],[120.57001328971874,-26.26535407182071],[120.56804271826901,-26.265268882900337],[120.56805098283368,-26.24868793602878],[120.55120849464849,-26.24954331175115],[120.5509395279834,-26.231752432219835],[120.53464596771079,-26.23194928634151]]]},"properties":{"fmt_tenid":"M 53/537","type":"MINING LEASE","tenstatus":"LIVE","holder1":"NORTHERN STAR RESOURCES LTD","holder2":" ","legal_area":951.25,"unit_of_me":"HA.","_colour":"#f5a520","_label":"Mining Lease"}},{"type":"Feature","geometry":{"type":"Polygon","coordinates":[[[120.57001328971874,-26.26535407182071],[120.5570873224438,-26.2753844617195],[120.54646744065168,-26.283623169787447],[120.55777716392075,-26.28580395133768],[120.58729997911034,-26.285664238320116],[120.61165312242845,-26.292318914563026],[120.60107987801726,-26.29561251957776],[120.60231218465344,-26.298667152312156],[120.61815188130792,-26.29880591476761],[120.61801033149315,-26.281978413512807],[120.60435133272877,-26.282016143521652],[120.58466174777165,-26.282068278913584],[120.5847414097688,-26.265334119832115],[120.57001328971874,-26.26535407182071]]]},"properties":{"fmt_tenid":"M 53/538","type":"MINING LEASE","tenstatus":"LIVE","holder1":"NORTHERN STAR RESOURCES LTD","holder2":" ","legal_area":982.75,"unit_of_me":"HA.","_colour":"#f5a520","_label":"Mining Lease"}},{"type":"Feature","geometry":{"type":"Polygon","coordinates":[[[120.51503900911497,-26.222907514425103],[120.4952954296458,-26.222904348445233],[120.49521637544652,-26.244107828403628],[120.51034119294034,-26.24399022141031],[120.5347086794311,-26.243971300983183],[120.53464596771079,-26.23194928634151],[120.53493925521943,-26.222907878422614],[120.51503900911497,-26.222907514425103]]]},"properties":{"fmt_tenid":"M 53/539","type":"MINING LEASE","tenstatus":"LIVE","holder1":"NORTHERN STAR RESOURCES LTD","holder2":" ","legal_area":922.15,"unit_of_me":"HA.","_colour":"#f5a520","_label":"Mining Lease"}},{"type":"Feature","geometry":{"type":"Polygon","coordinates":[[[120.49521637544652,-26.244107828403628],[120.50176455394482,-26.260256034398186],[120.5052427975689,-26.268831639003864],[120.51171321805874,-26.284780848237208],[120.5250417135222,-26.280255462091578],[120.5187439264771,-26.264722186148443],[120.51514173145019,-26.255835500882892],[120.51034119294034,-26.24399022141031],[120.49521637544652,-26.244107828403628]]]},"properties":{"fmt_tenid":"M 53/540","type":"MINING LEASE","tenstatus":"LIVE","holder1":"NORTHERN STAR RESOURCES LTD","holder2":" ","legal_area":645.9,"unit_of_me":"HA.","_colour":"#f5a520","_label":"Mining Lease"}},{"type":"Feature","geometry":{"type":"Polygon","coordinates":[[[120.51171321805874,-26.284780848237208],[120.50327570048763,-26.28744543813862],[120.50937166593677,-26.302665650202442],[120.51109572086672,-26.30696944382781],[120.51759394711489,-26.32318802328164],[120.5257403152757,-26.3203321273487],[120.53939965982644,-26.315542151217976],[120.52643908832393,-26.283701435890634],[120.5250417135222,-26.280255462091578],[120.51171321805874,-26.284780848237208]]]},"properties":{"fmt_tenid":"M 53/541","type":"MINING LEASE","tenstatus":"LIVE","holder1":"NORTHERN STAR RESOURCES LTD","holder2":" ","legal_area":972.3,"unit_of_me":"HA.","_colour":"#f5a520","_label":"Mining Lease"}},{"type":"Feature","geometry":{"type":"Polygon","coordinates":[[[120.9666666692155,-27.10012338026852],[120.96666667066695,-27.11666666714557],[120.97838138399334,-27.116666874187697],[120.9833333375668,-27.115056694845276],[120.98333332867435,-27.104347490746115],[120.97795315314823,-27.1060052459487],[120.97792861757002,-27.10754006127034],[120.96787053692947,-27.107521001071955],[120.96803023103854,-27.100123319311983],[120.9666666692155,-27.10012338026852]]]},"properties":{"fmt_tenid":"M 53/544","type":"MINING LEASE","tenstatus":"LIVE","holder1":"CREASY, MARK GARETH","holder2":"NORTHERN STAR (MKO) PTY LTD","legal_area":187.35,"unit_of_me":"HA.","_colour":"#f5a520","_label":"Mining Lease"}},{"type":"Feature","geometry":{"type":"Polygon","coordinates":[[[120.97838138399334,-27.116666874187697],[120.98333333800598,-27.11666666515921],[120.9833333375668,-27.115056694845276],[120.97838138399334,-27.116666874187697]]]},"properties":{"fmt_tenid":"M 53/547","type":"MINING LEASE","tenstatus":"LIVE","holder1":"CREASY, MARK GARETH","holder2":"NORTHERN STAR (MKO) PTY LTD","legal_area":4.38,"unit_of_me":"HA.","_colour":"#f5a520","_label":"Mining Lease"}},{"type":"Feature","geometry":{"type":"Polygon","coordinates":[[[120.61719566968297,-26.335549164444117],[120.61784089612033,-26.33714756755309],[120.61827933640998,-26.33823368862711],[120.62754120459851,-26.361157845271467],[120.63855428168424,-26.35313987103173],[120.64215442762173,-26.350518391369715],[120.64211650278473,-26.335980540691363],[120.61719566968297,-26.335549164444117]]]},"properties":{"fmt_tenid":"M 53/552","type":"MINING LEASE","tenstatus":"LIVE","holder1":"NORTHERN STAR RESOURCES LTD","holder2":" ","legal_area":468.25,"unit_of_me":"HA.","_colour":"#f5a520","_label":"Mining Lease"}},{"type":"Feature","geometry":{"type":"Polygon","coordinates":[[[120.92207477716053,-26.79647389912409],[120.92241664098795,-26.796478841182655],[120.91221307592893,-26.781316873830963],[120.90273858789729,-26.7672338137576],[120.89738816332317,-26.75927937727034],[120.89016206357633,-26.748534357705957],[120.88524211658792,-26.762666738153733],[120.88551329639714,-26.77228036290904],[120.88578578833692,-26.781979836897122],[120.90143549385782,-26.781984428049427],[120.90139682568724,-26.798951305764742],[120.90135941409943,-26.81536255014369],[120.90725399481123,-26.81530551928274],[120.90726683691257,-26.814453744108498],[120.90748549521287,-26.79992994327179],[120.90778939715379,-26.79993370631988],[120.91658476348809,-26.80004236770521],[120.91689165543146,-26.800046149753285],[120.91696372630967,-26.796399929221646],[120.92207477716053,-26.79647389912409]]]},"properties":{"fmt_tenid":"M 53/555","type":"MINING LEASE","tenstatus":"LIVE","holder1":"NORTHERN STAR (MKO) PTY LTD","holder2":" ","legal_area":970.55,"unit_of_me":"HA.","_colour":"#f5a520","_label":"Mining Lease"}},{"type":"Feature","geometry":{"type":"Polygon","coordinates":[[[120.8847306483089,-26.565075320011413],[120.86928394533088,-26.573060159765845],[120.85188298339865,-26.58209164874649],[120.85685405844583,-26.58984197774831],[120.86294707344169,-26.598672185044123],[120.86806463667197,-26.598671946067824],[120.86806437988804,-26.58387675650881],[120.86806435695435,-26.582005069810712],[120.87103659051829,-26.582005168704953],[120.88027192845257,-26.582005227025974],[120.88023527887307,-26.577185053510217],[120.88473088649475,-26.574865268215124],[120.8847306483089,-26.565075320011413]]]},"properties":{"fmt_tenid":"M 53/588","type":"MINING LEASE","tenstatus":"LIVE","holder1":"NORTHERN STAR RESOURCES LTD","holder2":" ","legal_area":474.4,"unit_of_me":"HA.","_colour":"#f5a520","_label":"Mining Lease"}},{"type":"Feature","geometry":{"type":"Polygon","coordinates":[[[120.83470986556371,-26.55528854992689],[120.83685137638318,-26.558636051416393],[120.85445136950379,-26.549957794370272],[120.86928394533088,-26.573060159765845],[120.8847306483089,-26.565075320011413],[120.88473059403742,-26.554776751507674],[120.8779544795349,-26.554776663392957],[120.87795437745955,-26.5486716666766],[120.86982737940238,-26.548672731490317],[120.85264040025511,-26.548673440674225],[120.83473080936628,-26.54867193165787],[120.83470986556371,-26.55528854992689]]]},"properties":{"fmt_tenid":"M 53/589","type":"MINING LEASE","tenstatus":"LIVE","holder1":"NORTHERN STAR RESOURCES LTD","holder2":" ","legal_area":641.25,"unit_of_me":"HA.","_colour":"#f5a520","_label":"Mining Lease"}},{"type":"Feature","geometry":{"type":"Polygon","coordinates":[[[120.83046401834419,-26.575738364818857],[120.8302743259916,-26.59832321262522],[120.8318505492477,-26.59830650899288],[120.83207563307906,-26.57574201378184],[120.83046401834419,-26.575738364818857]]]},"properties":{"fmt_tenid":"M 53/611","type":"MINING LEASE","tenstatus":"LIVE","holder1":"NORTHERN STAR RESOURCES LTD","holder2":" ","legal_area":39.715,"unit_of_me":"HA.","_colour":"#f5a520","_label":"Mining Lease"}},{"type":"Feature","geometry":{"type":"Polygon","coordinates":[[[120.94092814427863,-26.93356415915891],[120.94182416206803,-26.939865263957085],[120.94316446645814,-26.94708844722267],[120.95217916967775,-26.94556048948578],[120.95220372714805,-26.945917961952098],[120.95259081318109,-26.945912043743068],[120.95247025509252,-26.94528528997713],[120.94498561450224,-26.94657852633056],[120.9423711133685,-26.934181044634435],[120.95301942415338,-26.93235042886058],[120.95298638344701,-26.932110467771516],[120.94092814427863,-26.93356415915891]]]},"properties":{"fmt_tenid":"M 53/631","type":"MINING LEASE","tenstatus":"LIVE","holder1":"NORTHERN STAR (MKO) PTY LTD","holder2":" ","legal_area":33.04,"unit_of_me":"HA.","_colour":"#f5a520","_label":"Mining Lease"}},{"type":"Feature","geometry":{"type":"Polygon","coordinates":[[[120.59517963598304,-26.41695078346886],[120.60140306103146,-26.426652728482733],[120.60136508075627,-26.41537395663651],[120.61631291816931,-26.415347478081486],[120.61180248934114,-26.40831053022625],[120.59517963598304,-26.41695078346886]]]},"properties":{"fmt_tenid":"M 53/707","type":"MINING LEASE","tenstatus":"LIVE","holder1":"NORTHERN STAR RESOURCES LTD","holder2":" ","legal_area":111.85,"unit_of_me":"HA.","_colour":"#f5a520","_label":"Mining Lease"}},{"type":"Feature","geometry":{"type":"Polygon","coordinates":[[[120.62200412266343,-26.42422518130169],[120.61806945167648,-26.418087662660614],[120.6178356041899,-26.43215090455554],[120.62706755028123,-26.432122333286895],[120.62200412266343,-26.42422518130169]]]},"properties":{"fmt_tenid":"M 53/708","type":"MINING LEASE","tenstatus":"LIVE","holder1":"NORTHERN STAR RESOURCES LTD","holder2":" ","legal_area":71.75,"unit_of_me":"HA.","_colour":"#f5a520","_label":"Mining Lease"}},{"type":"Feature","geometry":{"type":"Polygon","coordinates":[[[120.62636274461774,-26.46552643088953],[120.63473243845472,-26.478571635104313],[120.63476471766113,-26.46493519546274],[120.62636274461774,-26.46552643088953]]]},"properties":{"fmt_tenid":"M 53/711","type":"MINING LEASE","tenstatus":"LIVE","holder1":"NORTHERN STAR RESOURCES LTD","holder2":" ","legal_area":63.295,"unit_of_me":"HA.","_colour":"#f5a520","_label":"Mining Lease"}},{"type":"Feature","geometry":{"type":"Polygon","coordinates":[[[120.61566673925942,-26.448868522568407],[120.61806865581778,-26.452608560982075],[120.61784291889828,-26.448597848151877],[120.61566673925942,-26.448868522568407]]]},"properties":{"fmt_tenid":"M 53/712","type":"MINING LEASE","tenstatus":"LIVE","holder1":"NORTHERN STAR RESOURCES LTD","holder2":" ","legal_area":4.857,"unit_of_me":"HA.","_colour":"#f5a520","_label":"Mining Lease"}},{"type":"Feature","geometry":{"type":"Polygon","coordinates":[[[120.88131174219775,-26.88437094269235],[120.88131172121909,-26.900530527504138],[120.88131169933894,-26.91768051228868],[120.8960043557982,-26.917681379232853],[120.89628018146266,-26.901196920607557],[120.89656170556893,-26.884366854885812],[120.88131174219775,-26.88437094269235]]]},"properties":{"fmt_tenid":"M 53/721","type":"MINING LEASE","tenstatus":"LIVE","holder1":"NORTHERN STAR (MKO) PTY LTD","holder2":" ","legal_area":549.05,"unit_of_me":"HA.","_colour":"#f5a520","_label":"Mining Lease"}},{"type":"Feature","geometry":{"type":"Polygon","coordinates":[[[120.63476471766113,-26.46493519546274],[120.63473243845472,-26.478571635104313],[120.64533782862792,-26.495091458138237],[120.66193599438583,-26.486472770288024],[120.63464357961979,-26.443935916476846],[120.63476471766113,-26.46493519546274]]]},"properties":{"fmt_tenid":"M 53/836","type":"MINING LEASE","tenstatus":"LIVE","holder1":"NORTHERN STAR RESOURCES LTD","holder2":" ","legal_area":720.8,"unit_of_me":"HA.","_colour":"#f5a520","_label":"Mining Lease"}},{"type":"Feature","geometry":{"type":"Polygon","coordinates":[[[120.62754120459851,-26.361157845271467],[120.62802088541129,-26.362344844654267],[120.62834072595886,-26.363136298229243],[120.62883118680752,-26.36434937455676],[120.63197405793855,-26.372122121727898],[120.63675529599801,-26.38394005213888],[120.63834653654182,-26.38787260072317],[120.64057655079893,-26.393383323506743],[120.65224544440615,-26.38588742484666],[120.65709627898126,-26.383489977107264],[120.64781770624491,-26.368304823654153],[120.63855428168424,-26.35313987103173],[120.62754120459851,-26.361157845271467]]]},"properties":{"fmt_tenid":"M 53/874","type":"MINING LEASE","tenstatus":"LIVE","holder1":"NORTHERN STAR RESOURCES LTD","holder2":" ","legal_area":628.1,"unit_of_me":"HA.","_colour":"#f5a520","_label":"Mining Lease"}},{"type":"Feature","geometry":{"type":"Polygon","coordinates":[[[120.83047149985254,-26.548662681877612],[120.83470986556371,-26.55528854992689],[120.83473080936628,-26.54867193165787],[120.83047149985254,-26.548662681877612]]]},"properties":{"fmt_tenid":"M 53/895","type":"MINING LEASE","tenstatus":"LIVE","holder1":"NORTHERN STAR RESOURCES LTD","holder2":" ","legal_area":15.56,"unit_of_me":"HA.","_colour":"#f5a520","_label":"Mining Lease"}},{"type":"Feature","geometry":{"type":"Polygon","coordinates":[[[120.73738409798264,-26.510623202586817],[120.74293958180792,-26.514087070109614],[120.74749182262542,-26.510491907544257],[120.73738409798264,-26.510623202586817]]]},"properties":{"fmt_tenid":"M 53/911","type":"MINING LEASE","tenstatus":"LIVE","holder1":"NORTHERN STAR RESOURCES LTD","holder2":" ","legal_area":19.735,"unit_of_me":"HA.","_colour":"#f5a520","_label":"Mining Lease"}},{"type":"Feature","geometry":{"type":"Polygon","coordinates":[[[120.64211650278473,-26.335980540691363],[120.64215442762173,-26.350518391369715],[120.63855428168424,-26.35313987103173],[120.64781770624491,-26.368304823654153],[120.65709627898126,-26.383489977107264],[120.66582398017326,-26.379175774332438],[120.66074327658716,-26.365310853314146],[120.65630072911799,-26.353184537498063],[120.65013624245638,-26.336353589458668],[120.64211650278473,-26.335980540691363]]]},"properties":{"fmt_tenid":"M 53/929","type":"MINING LEASE","tenstatus":"LIVE","holder1":"NORTHERN STAR RESOURCES LTD","holder2":" ","legal_area":658.45,"unit_of_me":"HA.","_colour":"#f5a520","_label":"Mining Lease"}},{"type":"Feature","geometry":{"type":"Polygon","coordinates":[[[120.52638378072022,-26.28293570396803],[120.52643908832393,-26.283701435890634],[120.54646744065168,-26.283623169787447],[120.54642807301958,-26.282856781671587],[120.52638378072022,-26.28293570396803]]]},"properties":{"fmt_tenid":"M 53/935","type":"MINING LEASE","tenstatus":"LIVE","holder1":"NORTHERN STAR RESOURCES LTD","holder2":" ","legal_area":16.99,"unit_of_me":"HA.","_colour":"#f5a520","_label":"Mining Lease"}},{"type":"Feature","geometry":{"type":"Polygon","coordinates":[[[120.60136508075627,-26.41537395663651],[120.60140306103146,-26.426652728482733],[120.61566673925942,-26.448868522568407],[120.61784291889828,-26.448597848151877],[120.61806865581778,-26.452608560982075],[120.62636274461774,-26.46552643088953],[120.63476471766113,-26.46493519546274],[120.63464357961979,-26.443935916476846],[120.63423209150821,-26.44329431828985],[120.62706755028123,-26.432122333286895],[120.6178356041899,-26.43215090455554],[120.61806945167648,-26.418087662660614],[120.61631291816931,-26.415347478081486],[120.60136508075627,-26.41537395663651]]]},"properties":{"fmt_tenid":"M 53/940","type":"MINING LEASE","tenstatus":"LIVE","holder1":"NORTHERN STAR RESOURCES LTD","holder2":" ","legal_area":939.9,"unit_of_me":"HA.","_colour":"#f5a520","_label":"Mining Lease"}},{"type":"Feature","geometry":{"type":"Polygon","coordinates":[[[120.86806435695435,-26.582005069810712],[120.86806437988804,-26.58387675650881],[120.87103659051829,-26.582005168704953],[120.86806435695435,-26.582005069810712]]]},"properties":{"fmt_tenid":"M 53/966","type":"MINING LEASE","tenstatus":"LIVE","holder1":"NORTHERN STAR RESOURCES LTD","holder2":" ","legal_area":3.0705,"unit_of_me":"HA.","_colour":"#f5a520","_label":"Mining Lease"}}]}