{"type":"FeatureCollection","_source":"WA DMIRS via SLIP public API","_holders":["REGIS RESOURCES LIMITED","DUKETON GOLD PROJECT PTY LTD"],"_ticker":"RRL.AX","features":[{"type":"Feature","geometry":{"type":"MultiPolygon","coordinates":[[[[122.15000000016558,-27.74999999968956],[122.16666666692072,-27.750000000126374],[122.18333333252677,-27.74999999956685],[122.1833333330636,-27.746618666557243],[122.18333333312528,-27.73333333331923],[122.17080183456892,-27.73333333317768],[122.17080200756908,-27.733333521177602],[122.16666666732155,-27.733333333035947],[122.16666666690224,-27.728948447018944],[122.16666666668019,-27.717680616358734],[122.16666666652002,-27.716666666504675],[122.16666666688876,-27.706338872991342],[122.16666666684112,-27.706037318034728],[122.16666666709425,-27.700000000062914],[122.16214110899651,-27.699999999625568],[122.1499999997697,-27.699999999507302],[122.14999999959457,-27.699454302633292],[122.14999999965057,-27.69015531678041],[122.15000000052113,-27.68333333155607],[122.14999999983517,-27.675272702405127],[122.14999999983452,-27.675272614405095],[122.14999999992932,-27.6715471755039],[122.14999999929512,-27.6667056284845],[122.14996430540026,-27.666666667488943],[122.13461560137692,-27.666666737913676],[122.13333333350015,-27.66666666736252],[122.13333333299573,-27.674999999829083],[122.13333333279951,-27.68333333322921],[122.12624552416533,-27.683333333297774],[122.11666666651139,-27.683333333289593],[122.10000000030522,-27.68333333299162],[122.10000000025252,-27.700000000300047],[122.11666666719165,-27.699999999596493],[122.11666666659536,-27.716666666897446],[122.13333333345868,-27.716666666549116],[122.13333333333163,-27.73333333335711],[122.15000000040857,-27.73333333341132],[122.15000000016558,-27.74999999968956]]],[[[122.00000000027167,-27.6833333331866],[122.0166666667911,-27.683333332592102],[122.03333333317511,-27.683333332797197],[122.03333333328767,-27.66666666727198],[122.04999999994459,-27.666666667389382],[122.06666666733766,-27.66666666659073],[122.06666666707298,-27.649999999799903],[122.05000000009426,-27.65000000004847],[122.04999999976745,-27.633333333134985],[122.03471499640351,-27.63333340887724],[122.03468475531115,-27.64372586012206],[122.01821070867067,-27.64378307533771],[122.0000000066461,-27.643843900839645],[122.00000000044189,-27.64999999989615],[121.99999999983676,-27.666666667453068],[122.00000000027167,-27.6833333331866]]],[[[122.06666666733766,-27.66666666659073],[122.06666666729896,-27.683333333029758],[122.08333333278867,-27.6833333329408],[122.08333333304446,-27.66666666680992],[122.06666666733766,-27.66666666659073]]],[[[121.9666666667001,-27.616666666515755],[121.98328111566346,-27.61666666881818],[121.98328056916282,-27.615622237471445],[121.98327230498553,-27.600000003523107],[121.96666666689121,-27.59999999990532],[121.9666666667001,-27.616666666515755]]]]},"properties":{"fmt_tenid":"E 38/1537","type":"EXPLORATION LICENCE","tenstatus":"LIVE","holder1":"REGIS RESOURCES LIMITED","holder2":" ","legal_area":22,"unit_of_me":"BL.","_colour":"#a0c4f0","_label":"Exploration Licence"}},{"type":"Feature","geometry":{"type":"Polygon","coordinates":[[[122.01669641347641,-27.60000000226976],[122.01670936973775,-27.616656689518194],[122.03337366998846,-27.616659579702848],[122.03338074987263,-27.633287839865652],[122.03471503041484,-27.63332169987355],[122.03471499640351,-27.63333340887724],[122.04999999976745,-27.633333333134985],[122.05000000009426,-27.65000000004847],[122.06666666707298,-27.649999999799903],[122.06666666733766,-27.66666666659073],[122.08333333304446,-27.66666666680992],[122.08333333278867,-27.6833333329408],[122.10000000030522,-27.68333333299162],[122.09999999993627,-27.666666667189777],[122.10000000036908,-27.64999999954483],[122.08333333278193,-27.649999999620036],[122.08333333345763,-27.633333332797115],[122.06666666741533,-27.63333333347726],[122.06666666709398,-27.61666666684024],[122.05000000030418,-27.616666666809508],[122.04999999977099,-27.600000000146878],[122.03333333314708,-27.599999999785474],[122.01669641347641,-27.60000000226976]]]},"properties":{"fmt_tenid":"E 38/1800","type":"EXPLORATION LICENCE","tenstatus":"LIVE","holder1":"REGIS RESOURCES LIMITED","holder2":" ","legal_area":9,"unit_of_me":"BL.","_colour":"#a0c4f0","_label":"Exploration Licence"}},{"type":"Feature","geometry":{"type":"Polygon","coordinates":[[[122.30000000040897,-27.449999999837125],[122.30000000030269,-27.433333332720878],[122.31666666667016,-27.43333333256494],[122.31666666691713,-27.416666666650546],[122.31666666672588,-27.40000000002059],[122.2999999997694,-27.399999999761054],[122.30000000045138,-27.383333333334217],[122.2833333332532,-27.383333333426865],[122.26666666689441,-27.38333333282576],[122.26666666678597,-27.399999999513533],[122.26666666735088,-27.416666667036004],[122.26666666707949,-27.43333333303817],[122.26666666670525,-27.449999999589828],[122.28333333298018,-27.450000000041655],[122.30000000040897,-27.449999999837125]]]},"properties":{"fmt_tenid":"E 38/1988","type":"EXPLORATION LICENCE","tenstatus":"LIVE","holder1":"DUKETON RESOURCES PTY LTD","holder2":"REGIS RESOURCES LIMITED","legal_area":10,"unit_of_me":"BL.","_colour":"#a0c4f0","_label":"Exploration Licence"}},{"type":"Feature","geometry":{"type":"Polygon","coordinates":[[[122.41666666713874,-27.83333333337023],[122.41666666725617,-27.850000000119838],[122.43333333305635,-27.85000000021841],[122.43333333284878,-27.833333333234677],[122.4333333331346,-27.81666666745375],[122.4333333331651,-27.79999999971298],[122.43333333261715,-27.783333333277948],[122.41666666744682,-27.78333333307539],[122.41666666721082,-27.766666667347813],[122.41666666712237,-27.74999999952626],[122.39999999951597,-27.75000000021564],[122.38333333321137,-27.750000000444903],[122.38333333315956,-27.766666667453332],[122.38333333309086,-27.78333333269892],[122.40000000015381,-27.783333332865165],[122.39999999994743,-27.79999999979837],[122.39999999964837,-27.816666667150972],[122.39999999966219,-27.83333333256373],[122.41666666713874,-27.83333333337023]]]},"properties":{"fmt_tenid":"E 38/1989","type":"EXPLORATION LICENCE","tenstatus":"LIVE","holder1":"DUKETON RESOURCES PTY LTD","holder2":"REGIS RESOURCES LIMITED","legal_area":11,"unit_of_me":"BL.","_colour":"#a0c4f0","_label":"Exploration Licence"}},{"type":"Feature","geometry":{"type":"Polygon","coordinates":[[[122.26807053310499,-27.616666674133473],[122.2749999995582,-27.61666666724432],[122.2833333327554,-27.616666667197954],[122.2847371417886,-27.61666667386397],[122.30000000009595,-27.616666666676885],[122.30000000023107,-27.59999999973211],[122.2833333333506,-27.59999999989867],[122.2666666673734,-27.599999999888485],[122.24999999985495,-27.599999999830835],[122.24999999972994,-27.61666666668027],[122.26666666713368,-27.61666666732367],[122.26807053310499,-27.616666674133473]]]},"properties":{"fmt_tenid":"E 38/1995","type":"EXPLORATION LICENCE","tenstatus":"LIVE","holder1":"REGIS RESOURCES LIMITED","holder2":" ","legal_area":3,"unit_of_me":"BL.","_colour":"#a0c4f0","_label":"Exploration Licence"}},{"type":"Feature","geometry":{"type":"Polygon","coordinates":[[[121.93333333298595,-27.416666666801884],[121.93333333334701,-27.43333333301203],[121.95000000049211,-27.433333333219476],[121.94999999993232,-27.416666667256404],[121.93333333298595,-27.416666666801884]]]},"properties":{"fmt_tenid":"E 38/1997","type":"EXPLORATION LICENCE","tenstatus":"LIVE","holder1":"REGIS RESOURCES LIMITED","holder2":" ","legal_area":1,"unit_of_me":"BL.","_colour":"#a0c4f0","_label":"Exploration Licence"}},{"type":"Feature","geometry":{"type":"Polygon","coordinates":[[[122.3166666673349,-27.78803022658525],[122.31666666710564,-27.794009067967934],[122.3166666672922,-27.800864343813743],[122.31666666683684,-27.8082609878529],[122.31666666736601,-27.816666666676017],[122.33333333295718,-27.816666667062695],[122.33730119455355,-27.816666849157816],[122.34999999993778,-27.816666667369375],[122.34999999957499,-27.80000000043755],[122.34999999999108,-27.78333333263411],[122.35000000014075,-27.76666666730574],[122.33333333307822,-27.766666666548247],[122.31666666713633,-27.76666666657841],[122.3166666673349,-27.78803022658525]]]},"properties":{"fmt_tenid":"E 38/2001","type":"EXPLORATION LICENCE","tenstatus":"LIVE","holder1":"DUKETON RESOURCES PTY LTD","holder2":"REGIS RESOURCES LIMITED","legal_area":6,"unit_of_me":"BL.","_colour":"#a0c4f0","_label":"Exploration Licence"}},{"type":"Feature","geometry":{"type":"Polygon","coordinates":[[[122.1000000004445,-27.633333333411894],[122.10000000036908,-27.64999999954483],[122.11666666685278,-27.6499999997705],[122.11666666677314,-27.666666667478275],[122.13333333350015,-27.66666666736252],[122.14996430540026,-27.666666667488943],[122.14126535881468,-27.657171647946157],[122.12965928433343,-27.644499688341643],[122.11257258776995,-27.62687601525476],[122.10377725995072,-27.61666666687461],[122.09999999979472,-27.616666666556135],[122.1000000004445,-27.633333333411894]]]},"properties":{"fmt_tenid":"E 38/2004","type":"EXPLORATION LICENCE","tenstatus":"LIVE","holder1":"REGIS RESOURCES LIMITED","holder2":" ","legal_area":7,"unit_of_me":"BL.","_colour":"#a0c4f0","_label":"Exploration Licence"}},{"type":"Feature","geometry":{"type":"MultiPolygon","coordinates":[[[[122.21666666668729,-27.58333333300098],[122.19999999952498,-27.58333333289156],[122.18333333257853,-27.583333332710353],[122.18333333260634,-27.59999999992569],[122.1999999996899,-27.600000000318392],[122.1999999996536,-27.6166666670326],[122.19999999981354,-27.6333333334975],[122.21666666702873,-27.633333332604913],[122.23241610857609,-27.63333333270884],[122.23256248622455,-27.6123439732298],[122.2490601235491,-27.612434231868317],[122.24905930360845,-27.63632057890048],[122.23333333343516,-27.636234482563115],[122.23333333401577,-27.64866871297783],[122.23464575624286,-27.648668621723786],[122.23410925991395,-27.646890179658435],[122.23688392808008,-27.646448897045428],[122.23755189095971,-27.648668747161263],[122.24999999968053,-27.648668594509207],[122.24999999953859,-27.633333332603744],[122.24999999972994,-27.61666666668027],[122.24999999985495,-27.599999999830835],[122.23333333295659,-27.599999999731903],[122.21666666685049,-27.59999999957209],[122.21666666668729,-27.58333333300098]]],[[[122.18333333305866,-27.566666666770697],[122.20000000004033,-27.56666666744255],[122.19999999951673,-27.54999999990811],[122.18333333255654,-27.549999999622514],[122.16666666688769,-27.549999999654478],[122.1666666668903,-27.566666666919875],[122.18333333305866,-27.566666666770697]]]]},"properties":{"fmt_tenid":"E 38/2231","type":"EXPLORATION LICENCE","tenstatus":"LIVE","holder1":"REGIS RESOURCES LIMITED","holder2":" ","legal_area":11,"unit_of_me":"BL.","_colour":"#a0c4f0","_label":"Exploration Licence"}},{"type":"Feature","geometry":{"type":"Polygon","coordinates":[[[122.29999999987523,-27.799999999572407],[122.29999999980889,-27.816666667457433],[122.30000000037016,-27.833333332676403],[122.3000000002998,-27.849940874752427],[122.31666666742542,-27.850000000278065],[122.31666666707775,-27.833333332961093],[122.3166666668084,-27.823675132923427],[122.31666666736601,-27.816666666676017],[122.31666666664428,-27.8000000000429],[122.29999999987523,-27.799999999572407]]]},"properties":{"fmt_tenid":"E 38/2243","type":"EXPLORATION LICENCE","tenstatus":"LIVE","holder1":"DUKETON RESOURCES PTY LTD","holder2":"REGIS RESOURCES LIMITED","legal_area":3,"unit_of_me":"BL.","_colour":"#a0c4f0","_label":"Exploration Licence"}},{"type":"Feature","geometry":{"type":"MultiPolygon","coordinates":[[[[122.33333333349103,-27.88508252794496],[122.33333333345092,-27.883651662360872],[122.33333333261497,-27.875923705510477],[122.3306717795807,-27.864016539978813],[122.33041736705745,-27.863036539835083],[122.32879339984758,-27.856780649789425],[122.34999999962153,-27.856796481536687],[122.34999999982855,-27.849999999752747],[122.35305449817555,-27.850000000147144],[122.35305448951615,-27.848669439658302],[122.36666666735663,-27.848669137818753],[122.36666666679074,-27.83333333294174],[122.36807303011513,-27.83333333301881],[122.36807310987604,-27.832015530294825],[122.38333333307584,-27.83202504358493],[122.38333333307175,-27.816666667176058],[122.38333333330495,-27.800000000257437],[122.38333333309086,-27.78333333269892],[122.36666666697565,-27.783333333013577],[122.34999999999108,-27.78333333263411],[122.34999999957499,-27.80000000043755],[122.36666666726708,-27.79999999985278],[122.36666666724588,-27.816666667000977],[122.34999999993778,-27.816666667369375],[122.34166666720955,-27.816666667362853],[122.33333333295718,-27.816666667062695],[122.33333333264689,-27.825000000021802],[122.33333333289089,-27.830832509316096],[122.33333333256671,-27.833333333013492],[122.32298889503794,-27.833333570131693],[122.31666666707775,-27.833333332961093],[122.31666666731596,-27.841372609199382],[122.31666666742197,-27.841666667133904],[122.31666666742163,-27.849989472280388],[122.31666666742542,-27.850000000278065],[122.31666666685537,-27.85119293401235],[122.31666666711742,-27.858333333074953],[122.31666666730418,-27.866524288397596],[122.31666666734219,-27.86666666735107],[122.31666666747338,-27.872504256463127],[122.32872623970329,-27.883289339743936],[122.32906058969223,-27.884548860324198],[122.3305188304789,-27.88424268022964],[122.33333333349103,-27.88508252794496]]],[[[122.32507718473246,-27.9000002522102],[122.33333333337441,-27.89999999956707],[122.3333333328382,-27.89807734551799],[122.33333333347275,-27.88743775878012],[122.32807586025133,-27.885882119970173],[122.32705293253362,-27.884969592575114],[122.31666666678176,-27.87570296344339],[122.31666666687921,-27.87671380712113],[122.3166666665173,-27.883333333010793],[122.31666666667235,-27.891666666759182],[122.31666666672523,-27.897945474197137],[122.3166666674154,-27.900000000358844],[122.32499999984886,-27.900000000230005],[122.32507711773248,-27.900000000210305],[122.32507718473246,-27.9000002522102]]],[[[122.34348291543562,-27.866666666901516],[122.34999999991692,-27.866666670335302],[122.34999999960755,-27.865336239632047],[122.34315755999167,-27.86533648035002],[122.34348291543562,-27.866666666901516]]]]},"properties":{"fmt_tenid":"E 38/2666","type":"EXPLORATION LICENCE","tenstatus":"LIVE","holder1":"REGIS RESOURCES LIMITED","holder2":" ","legal_area":13,"unit_of_me":"BL.","_colour":"#a0c4f0","_label":"Exploration Licence"}},{"type":"Feature","geometry":{"type":"MultiPolygon","coordinates":[[[[122.26666666662256,-27.799999999654492],[122.27463364352809,-27.79999999999487],[122.28333333328261,-27.800000000463665],[122.2833333326193,-27.783333332945958],[122.28662217480473,-27.783333333439057],[122.28837829695605,-27.78333333775995],[122.29999999995783,-27.78333333326573],[122.3000000000026,-27.766666666691417],[122.31125975805062,-27.76666667256683],[122.31666666713633,-27.76666666657841],[122.33333333307822,-27.766666666548247],[122.33333333315977,-27.76516590864725],[122.32941939960303,-27.76514217768628],[122.32576256545485,-27.76564269265477],[122.32115666540159,-27.754585701515715],[122.31763663005049,-27.746133829645267],[122.31764306791094,-27.74576530673763],[122.3178691504342,-27.73282285989021],[122.3181704798601,-27.715572889615608],[122.31807715846911,-27.698668398870712],[122.31807701225796,-27.68213206899088],[122.31807682531264,-27.665439831730513],[122.3179743341694,-27.665434403745294],[122.31790100619645,-27.64881915238665],[122.33452195953059,-27.648837430305772],[122.33474521040327,-27.626580820063023],[122.33474401329042,-27.618440706400076],[122.33470348939916,-27.602064593710523],[122.3347363301476,-27.583333332266708],[122.33333333251525,-27.583333332709696],[122.31666666725013,-27.583333333363438],[122.29999999999072,-27.58333333291785],[122.28333333266193,-27.5833333325078],[122.26666666690247,-27.58333333347092],[122.2666666673734,-27.599999999888485],[122.2833333333506,-27.59999999989867],[122.30000000023107,-27.59999999973211],[122.30000000009595,-27.616666666676885],[122.2847371417886,-27.61666667386397],[122.2833333327554,-27.616666667197954],[122.28333333260136,-27.624088106957608],[122.28333333305002,-27.63333333268176],[122.28333333343934,-27.638280095374324],[122.28333333347393,-27.649999999839608],[122.28333333403819,-27.651917985165042],[122.28333333250784,-27.666666666567917],[122.28946391027756,-27.666666667473145],[122.30000000045102,-27.666666668995422],[122.30014172151414,-27.666666666966943],[122.31666666652728,-27.666666666727888],[122.31666666716131,-27.68333333319034],[122.31666666685646,-27.699999999971816],[122.29999999958258,-27.69999999953083],[122.29999999976049,-27.716666666682602],[122.30000000026642,-27.73333333309198],[122.28333333307987,-27.733333332647213],[122.26666666717983,-27.733333332845504],[122.2514050388404,-27.733333342920016],[122.24999999983349,-27.73333333255542],[122.24999999971762,-27.733975180322112],[122.25000000009483,-27.741666666671808],[122.2499999995812,-27.745024565028245],[122.2500000003019,-27.750000000074603],[122.25000000031032,-27.758333332733564],[122.25000000012422,-27.759322579574377],[122.24999999993283,-27.766666667093265],[122.24999999951501,-27.78333333317142],[122.26666666700112,-27.783333333173633],[122.26666666662256,-27.799999999654492]]],[[[122.32456641027512,-27.676218720173498],[122.32484850028037,-27.66124422993013],[122.3197012101504,-27.66122267034199],[122.32152848014255,-27.665622590225826],[122.32456641027512,-27.676218720173498]]]]},"properties":{"fmt_tenid":"E 38/2699","type":"EXPLORATION LICENCE","tenstatus":"LIVE","holder1":"REGIS RESOURCES LIMITED","holder2":" ","legal_area":39,"unit_of_me":"BL.","_colour":"#a0c4f0","_label":"Exploration Licence"}},{"type":"Feature","geometry":{"type":"Polygon","coordinates":[[[122.11666666715287,-27.74999999997146],[122.13333333251725,-27.74999999973679],[122.15000000016558,-27.74999999968956],[122.15000000040857,-27.73333333341132],[122.13333333333163,-27.73333333335711],[122.13333333345868,-27.716666666549116],[122.11666666659536,-27.716666666897446],[122.11666666719165,-27.699999999596493],[122.10000000025252,-27.700000000300047],[122.10000000030522,-27.68333333299162],[122.08333333278867,-27.6833333329408],[122.06666666729896,-27.683333333029758],[122.06666666733766,-27.66666666659073],[122.04999999994459,-27.666666667389382],[122.03333333328767,-27.66666666727198],[122.03333333317511,-27.683333332797197],[122.0166666667911,-27.683333332592102],[122.01666666691912,-27.699999999534374],[122.01666666742567,-27.71666666725542],[122.03333333306301,-27.716666666826463],[122.0333333329771,-27.733333333419527],[122.0500000000894,-27.733333333259992],[122.05000000022258,-27.750000000132367],[122.06666666686083,-27.750000000474547],[122.0833333326208,-27.750000000088868],[122.10000000032898,-27.75000000030831],[122.11666666715287,-27.74999999997146]]]},"properties":{"fmt_tenid":"E 38/2714","type":"EXPLORATION LICENCE","tenstatus":"LIVE","holder1":"REGIS RESOURCES LIMITED","holder2":" ","legal_area":25,"unit_of_me":"BL.","_colour":"#a0c4f0","_label":"Exploration Licence"}},{"type":"Feature","geometry":{"type":"Polygon","coordinates":[[[122.24999999906375,-27.866666668882164],[122.24999999966269,-27.865337020588456],[122.25000000020574,-27.850000000474143],[122.24999999971021,-27.83333333306659],[122.24999999974004,-27.816666666986258],[122.2333333325891,-27.816666666795022],[122.21666666735294,-27.816666666737035],[122.2166666669316,-27.8000000000841],[122.23333333274562,-27.799999999988273],[122.24999999971867,-27.7999999995295],[122.25000000031679,-27.791269118881505],[122.24999999951501,-27.78333333317142],[122.24999999993283,-27.766666667093265],[122.25000000012422,-27.759322579574377],[122.2500000003019,-27.750000000074603],[122.24120667355562,-27.75000000350782],[122.2333333329383,-27.750000000297085],[122.21666666659617,-27.74999999997497],[122.20000000035948,-27.749999999619575],[122.18333333252677,-27.74999999956685],[122.16666666692072,-27.750000000126374],[122.15000000016558,-27.74999999968956],[122.13333333251725,-27.74999999973679],[122.11666666715287,-27.74999999997146],[122.11666666726506,-27.766666666834418],[122.13333333349956,-27.76666666699497],[122.13333333300355,-27.78333333255721],[122.14999999985093,-27.78333333326634],[122.14999999998925,-27.80000000016465],[122.15000000036702,-27.816666667115662],[122.16666666670982,-27.816666667120106],[122.1666666673954,-27.833333332866808],[122.16666666732702,-27.849999999984416],[122.16666666656376,-27.86666666731631],[122.18330986052695,-27.86666666796394],[122.20000000374873,-27.86666666531642],[122.21666666925455,-27.866666661838643],[122.23333333123105,-27.866666666189207],[122.24999999906375,-27.866666668882164]]]},"properties":{"fmt_tenid":"E 38/2717","type":"EXPLORATION LICENCE","tenstatus":"LIVE","holder1":"REGIS RESOURCES LIMITED","holder2":" ","legal_area":40,"unit_of_me":"BL.","_colour":"#a0c4f0","_label":"Exploration Licence"}},{"type":"Feature","geometry":{"type":"MultiPolygon","coordinates":[[[[122.16666666745368,-27.533333332636687],[122.14999999954367,-27.533333333012056],[122.13333333315772,-27.53333333288878],[122.11666666655229,-27.53333333263502],[122.10000000039076,-27.53333333251551],[122.08333333274733,-27.533333332932862],[122.08333333367587,-27.549458317185998],[122.09439625037759,-27.549378720116593],[122.09457627456541,-27.566201810825103],[122.08723283082865,-27.566326995426845],[122.08769541955031,-27.568424050205817],[122.08333333324383,-27.56944349846478],[122.08333333287631,-27.583333332654725],[122.08473329218532,-27.583333346916802],[122.09999999983977,-27.58333333264322],[122.11666666686762,-27.58333333343632],[122.11666666650132,-27.6038124957333],[122.12943288951678,-27.59464384953316],[122.1408849331794,-27.607222482902205],[122.14950280131472,-27.616666672761216],[122.14999999975554,-27.61666666667261],[122.149999999558,-27.61721154579893],[122.15691289626007,-27.624787283234312],[122.16075536485408,-27.628451001586644],[122.15398578139073,-27.633333331872738],[122.16666666661516,-27.633333332538633],[122.1666666672091,-27.64866916836033],[122.166666667388,-27.649519282885056],[122.1720152547189,-27.655167600316776],[122.15239450407408,-27.669319262852422],[122.14999999929512,-27.6667056284845],[122.14999999992932,-27.67154717350392],[122.14999999983517,-27.675272702405127],[122.15000000052113,-27.68333333155607],[122.15733139684386,-27.68333333323828],[122.15733162184443,-27.68333358023832],[122.16666666724984,-27.683333333242235],[122.18333333268595,-27.683333333363606],[122.18333333268856,-27.666666666908096],[122.18333333262588,-27.650000000166575],[122.19999999963989,-27.64999999980307],[122.21666666695133,-27.650000000439807],[122.22350836013497,-27.650000014149885],[122.22310707668383,-27.648668919158396],[122.23333333401577,-27.64866871297783],[122.23333333343516,-27.636234482563115],[122.23239591155779,-27.636229350745467],[122.23241610857609,-27.63333333270884],[122.21666666702873,-27.633333332604913],[122.19999999981354,-27.6333333334975],[122.18333333269737,-27.63333333316339],[122.18333333291555,-27.61666666718146],[122.18333333260634,-27.59999999992569],[122.18333333257853,-27.583333332710353],[122.18333333305866,-27.566666666770697],[122.1666666668903,-27.566666666919875],[122.16666666688769,-27.549999999654478],[122.16666666745368,-27.533333332636687]]],[[[122.08576806044127,-27.5574523001094],[122.08576761601763,-27.55382150256596],[122.08333333264594,-27.55382202025373],[122.0833333333892,-27.55745243191084],[122.08576806044127,-27.5574523001094]]]]},"properties":{"fmt_tenid":"E 38/2737","type":"EXPLORATION LICENCE","tenstatus":"LIVE","holder1":"REGIS RESOURCES LIMITED","holder2":" ","legal_area":34,"unit_of_me":"BL.","_colour":"#a0c4f0","_label":"Exploration Licence"}},{"type":"Feature","geometry":{"type":"Polygon","coordinates":[[[122.43333333349277,-28.166666666889792],[122.41666666665608,-28.16666666673208],[122.40041581513579,-28.166666666988924],[122.40058017356314,-28.168865292605634],[122.40276209526036,-28.16873714608181],[122.40314761202734,-28.17711470093274],[122.40342023490068,-28.183038188867414],[122.40404279246718,-28.19656255372353],[122.39906093250674,-28.19685493060797],[122.39882322631757,-28.19686887655478],[122.39591423600118,-28.197039508904872],[122.39529204782389,-28.183515677953395],[122.39573469615533,-28.183489687057477],[122.39507657341255,-28.16918853841914],[122.39243377148557,-28.16934382585688],[122.38766333358753,-28.170009219934162],[122.39017037587355,-28.179174051362857],[122.38333333613369,-28.183333330329482],[122.38333333285908,-28.200000000156606],[122.38886497351284,-28.200000000347238],[122.38812041340607,-28.198279362838736],[122.39000373083748,-28.197693684470515],[122.3909075834817,-28.19975273886511],[122.38991609339708,-28.199999999573492],[122.39999999966926,-28.199999999565918],[122.3999999995455,-28.216666667031937],[122.40000000037546,-28.23333333346171],[122.40000000042014,-28.24867281036666],[122.39999999987849,-28.25000000033974],[122.40141020577377,-28.24999999997245],[122.41666666716998,-28.24999999954877],[122.41666666675971,-28.2666666672588],[122.41666666675216,-28.283333333282414],[122.43333333277565,-28.28333333303888],[122.4499999998378,-28.28333333322627],[122.4499999998204,-28.300000000065786],[122.45000000043437,-28.31666666707173],[122.44999999989972,-28.333333333396695],[122.450000000439,-28.350000000186974],[122.45000000019607,-28.36666666724501],[122.43333333254807,-28.366666666930495],[122.43333333348633,-28.383333332767055],[122.44999999982083,-28.38333333264159],[122.45141230749313,-28.383333332577013],[122.46666666700416,-28.383333333186236],[122.46666666726924,-28.38200689666716],[122.46666666697095,-28.36666666702246],[122.46666666660754,-28.35000000040672],[122.46666666693658,-28.33333333253543],[122.4666666668373,-28.31666666722359],[122.46666666655814,-28.300000000234093],[122.46666666686251,-28.283333333414014],[122.46666666738432,-28.266666666579496],[122.46666639895851,-28.249999936362876],[122.45000000003327,-28.249999999992493],[122.45000000036568,-28.233333332648407],[122.43333333251073,-28.233333333101957],[122.43333333334547,-28.216666667440272],[122.43333333272975,-28.199999999922237],[122.43333333313618,-28.18333333231865],[122.43333333349277,-28.166666666889792]],[[122.42381283047153,-28.26086390975424],[122.4248444696275,-28.26029423012847],[122.42276696031496,-28.257344810343312],[122.42477880030715,-28.256175550031706],[122.42688589334493,-28.259166902815704],[122.42761956040073,-28.258761740056514],[122.43107818964859,-28.262543590179963],[122.42727192020875,-28.264680439791366],[122.42381283047153,-28.26086390975424]]]},"properties":{"fmt_tenid":"E 38/2805","type":"EXPLORATION LICENCE","tenstatus":"LIVE","holder1":"REGIS RESOURCES LIMITED","holder2":" ","legal_area":26,"unit_of_me":"BL.","_colour":"#a0c4f0","_label":"Exploration Licence"}},{"type":"Feature","geometry":{"type":"Polygon","coordinates":[[[122.31666666664428,-27.8000000000429],[122.31666666658715,-27.78333333342699],[122.31666666713633,-27.76666666657841],[122.3000000000026,-27.766666666691417],[122.29999999995783,-27.78333333326573],[122.29999999987523,-27.799999999572407],[122.31666666664428,-27.8000000000429]]]},"properties":{"fmt_tenid":"E 38/2808","type":"EXPLORATION LICENCE","tenstatus":"LIVE","holder1":"REGIS RESOURCES LIMITED","holder2":" ","legal_area":2,"unit_of_me":"BL.","_colour":"#a0c4f0","_label":"Exploration Licence"}},{"type":"Feature","geometry":{"type":"Polygon","coordinates":[[[122.31666666736601,-27.816666666676017],[122.31666666707775,-27.833333332961093],[122.33333333256671,-27.833333333013492],[122.33333333295718,-27.816666667062695],[122.31666666736601,-27.816666666676017]]]},"properties":{"fmt_tenid":"E 38/2809","type":"EXPLORATION LICENCE","tenstatus":"LIVE","holder1":"REGIS RESOURCES LIMITED","holder2":" ","legal_area":1,"unit_of_me":"BL.","_colour":"#a0c4f0","_label":"Exploration Licence"}},{"type":"Feature","geometry":{"type":"Polygon","coordinates":[[[122.36666666726708,-27.79999999985278],[122.34999999957476,-27.799999831437535],[122.34999999993778,-27.816666667369375],[122.36666666724588,-27.816666667000977],[122.36666666726708,-27.79999999985278]]]},"properties":{"fmt_tenid":"E 38/2810","type":"EXPLORATION LICENCE","tenstatus":"LIVE","holder1":"REGIS RESOURCES LIMITED","holder2":" ","legal_area":1,"unit_of_me":"BL.","_colour":"#a0c4f0","_label":"Exploration Licence"}},{"type":"Feature","geometry":{"type":"Polygon","coordinates":[[[122.38333333309086,-27.78333333269892],[122.38333333330495,-27.800000000257437],[122.39999999994743,-27.79999999979837],[122.40000000015381,-27.783333332865165],[122.38333333309086,-27.78333333269892]]]},"properties":{"fmt_tenid":"E 38/2833","type":"EXPLORATION LICENCE","tenstatus":"LIVE","holder1":"REGIS RESOURCES LIMITED","holder2":" ","legal_area":1,"unit_of_me":"BL.","_colour":"#a0c4f0","_label":"Exploration Licence"}},{"type":"Feature","geometry":{"type":"MultiPolygon","coordinates":[[[[121.949999999976,-27.483333332689924],[121.94999999974084,-27.499999999720885],[121.9499999996323,-27.516666666782744],[121.96666666672525,-27.516666666871938],[121.98333333255276,-27.516666667437143],[121.98333333348899,-27.500000000431676],[122.00000000029652,-27.499999999890203],[121.99999999957713,-27.516666667476425],[122.01666666671096,-27.51666666712385],[122.01666666703493,-27.53333333255373],[122.03333333282585,-27.53333333324844],[122.03333333332594,-27.55000000039706],[122.03333333285862,-27.56666666710403],[122.0166666674491,-27.56666666747667],[122.01666666681051,-27.54999999997681],[122.000000000418,-27.549999999939132],[121.98592378045136,-27.550000000429524],[121.98592375173922,-27.55098071257444],[121.97579826286973,-27.55097991130352],[121.97579825247182,-27.550000000150014],[121.96666666671679,-27.549999999785676],[121.96666666703777,-27.566666666853127],[121.98333333255444,-27.56666666667118],[121.98333333312459,-27.599943524521322],[121.99661779185203,-27.599950713419656],[122.01669638053197,-27.599959272254672],[122.01669641247645,-27.60000000226976],[122.03333333314708,-27.599999999785474],[122.04999999977099,-27.600000000146878],[122.05000000030418,-27.616666666809508],[122.06666666709398,-27.61666666684024],[122.06666666741533,-27.63333333347726],[122.08333333345763,-27.633333332797115],[122.08333333278193,-27.649999999620036],[122.10000000036908,-27.64999999954483],[122.09999999979472,-27.616666666556135],[122.10377725995072,-27.61666666687461],[122.10050853709376,-27.612872433421025],[122.08957224850785,-27.600173922134765],[122.09340886891644,-27.597379108146317],[122.10613347115174,-27.6113773942432],[122.11666666650132,-27.6038124957333],[122.11666666726259,-27.599999999839856],[122.11666666686762,-27.58333333343632],[122.09999999983977,-27.58333333264322],[122.08333333287631,-27.583333332654725],[122.08333333324383,-27.569443559464755],[122.07999161999133,-27.57022447999033],[122.08209198969328,-27.577249570033413],[122.07420221033729,-27.579078969607338],[122.07568370119093,-27.583803001269874],[122.06914869037936,-27.583799630151194],[122.06232325538927,-27.575006987620668],[122.06046341758666,-27.568918609135785],[122.05799680643895,-27.56000348486071],[122.0557064295465,-27.553104214203696],[122.07354165748013,-27.549037142604767],[122.0754744939624,-27.55608870717448],[122.08067566362251,-27.55447190779352],[122.08067583489189,-27.555637442695815],[122.08067610224086,-27.557452522694124],[122.08296032022798,-27.55745245088044],[122.0833333333892,-27.55745243191084],[122.08333333264594,-27.55382202025373],[122.08317554462182,-27.55382205523352],[122.08119429523526,-27.549473707804264],[122.08333333367587,-27.549458317185998],[122.08333333274733,-27.533333332932862],[122.0666666665992,-27.53333333294461],[122.04999999990737,-27.533333332763235],[122.05000000046294,-27.5166666668091],[122.03333333347659,-27.516666667084603],[122.03333333303249,-27.499999999692886],[122.0166666665799,-27.499999999577245],[122.0166666671752,-27.483333333180376],[121.99999999984963,-27.48333333282292],[121.98333333349282,-27.483333333467225],[121.96666666703142,-27.483333333025396],[121.949999999976,-27.483333332689924]],[[122.06700138752515,-27.533397034984528],[122.06927885458518,-27.542190258936987],[122.06351704059075,-27.54337591015506],[122.06123950277575,-27.534582909284303],[122.06700138752515,-27.533397034984528]],[[122.03837148127214,-27.550201108315704],[122.04080287896832,-27.5536211491872],[122.03922490679771,-27.55454907131309],[122.03606664377209,-27.55086217639971],[122.03837148127214,-27.550201108315704]],[[122.10056157562349,-27.61325468915953],[122.10032557584765,-27.615855548080596],[122.09713696788036,-27.61594823278311],[122.09752372021006,-27.613051433436524],[122.10056157562349,-27.61325468915953]]],[[[121.95000000010916,-27.449999999645144],[121.94999999989614,-27.454864582963722],[121.95000000030612,-27.4666666665741],[121.96666666695045,-27.466666667041128],[121.98333333347695,-27.46666666663567],[121.9833333326998,-27.450000000450917],[121.9666666668186,-27.450000000028684],[121.95000000010916,-27.449999999645144]]]]},"properties":{"fmt_tenid":"E 38/2834","type":"EXPLORATION LICENCE","tenstatus":"LIVE","holder1":"REGIS RESOURCES LIMITED","holder2":" ","legal_area":42,"unit_of_me":"BL.","_colour":"#a0c4f0","_label":"Exploration Licence"}},{"type":"Feature","geometry":{"type":"Polygon","coordinates":[[[122.4499999998204,-28.300000000065786],[122.4499999998378,-28.28333333322627],[122.43333333277565,-28.28333333303888],[122.41666666675216,-28.283333333282414],[122.41666666706091,-28.29999999992408],[122.4333333325438,-28.300000000157336],[122.43333333259429,-28.316666666794024],[122.43333333337942,-28.333333333224935],[122.4180782115734,-28.333333332708484],[122.41666666657476,-28.33333333318017],[122.41666666729827,-28.348673631093476],[122.41666666708622,-28.350000000306785],[122.43333333257245,-28.3499999996575],[122.43333333254807,-28.366666666930495],[122.45000000019607,-28.36666666724501],[122.450000000439,-28.350000000186974],[122.44999999989972,-28.333333333396695],[122.45000000043437,-28.31666666707173],[122.4499999998204,-28.300000000065786]]]},"properties":{"fmt_tenid":"E 38/2866","type":"EXPLORATION LICENCE","tenstatus":"LIVE","holder1":"REGIS RESOURCES LIMITED","holder2":" ","legal_area":7,"unit_of_me":"BL.","_colour":"#a0c4f0","_label":"Exploration Licence"}},{"type":"Feature","geometry":{"type":"Polygon","coordinates":[[[122.35140777242512,-28.066666662033377],[122.35140794189508,-28.082004983114665],[122.35140795753509,-28.08333333331438],[122.36224653623366,-28.083333337134363],[122.36204994317899,-28.076537901709266],[122.36176442677355,-28.066666668808352],[122.35140777242512,-28.066666662033377]]]},"properties":{"fmt_tenid":"E 38/2868","type":"EXPLORATION LICENCE","tenstatus":"LIVE","holder1":"REGIS RESOURCES LIMITED","holder2":" ","legal_area":1,"unit_of_me":"BL.","_colour":"#a0c4f0","_label":"Exploration Licence"}},{"type":"Feature","geometry":{"type":"Polygon","coordinates":[[[122.09999999993627,-27.666666667189777],[122.11666666677314,-27.666666667478275],[122.11666666685278,-27.6499999997705],[122.10000000036908,-27.64999999954483],[122.09999999993627,-27.666666667189777]]]},"properties":{"fmt_tenid":"E 38/2898","type":"EXPLORATION LICENCE","tenstatus":"LIVE","holder1":"REGIS RESOURCES LIMITED","holder2":" ","legal_area":1,"unit_of_me":"BL.","_colour":"#a0c4f0","_label":"Exploration Licence"}},{"type":"Feature","geometry":{"type":"Polygon","coordinates":[[[121.98327227507043,-27.599943488503897],[121.98333333312459,-27.599943524521322],[121.98333333310678,-27.58333333288933],[121.98333333255444,-27.56666666667118],[121.96666666703777,-27.566666666853127],[121.96666666671679,-27.549999999785676],[121.96666666710587,-27.533333332726496],[121.96666666672525,-27.516666666871938],[121.9499999996323,-27.516666666782744],[121.94999999974084,-27.499999999720885],[121.949999999976,-27.483333332689924],[121.95000000030612,-27.4666666665741],[121.93333333262864,-27.46666666701516],[121.93333333345191,-27.449999999570597],[121.9166666669072,-27.449999999874525],[121.91666666711849,-27.433333333079293],[121.9166666665582,-27.416666666833695],[121.93333333298595,-27.416666666801884],[121.94999999993232,-27.416666667256404],[121.95000000049211,-27.433333333219476],[121.96666666707098,-27.433333332973948],[121.9666666668186,-27.450000000028684],[121.9833333326998,-27.450000000450917],[122.00000000047099,-27.44999999976022],[122.00000000017013,-27.43333333261658],[121.98333333349018,-27.433333332977135],[121.98333333316376,-27.416666667088215],[121.96666666740573,-27.41666666678268],[121.96666666652655,-27.40000000046856],[121.94999999999283,-27.399999999784],[121.95000000009114,-27.383333332914596],[121.93333333334141,-27.383333332904215],[121.93333333270026,-27.36666666694977],[121.91666666660271,-27.366666666894268],[121.9166666668146,-27.383333332909775],[121.91666666722838,-27.399999999865713],[121.9000000002009,-27.400000000211055],[121.9000000000089,-27.416666667219786],[121.89999999952335,-27.43333333322844],[121.8999999999115,-27.450000000210707],[121.90000000020589,-27.466666666832474],[121.91666666666497,-27.466666667418863],[121.91666666745482,-27.48333333272145],[121.91666666724615,-27.499999999909832],[121.93333333315168,-27.500000000363727],[121.9333333334999,-27.516666666509558],[121.93333333299,-27.533333332775527],[121.93333333267948,-27.5499999995329],[121.93333333336358,-27.566666667074767],[121.94999999997951,-27.566666666853777],[121.95000000004053,-27.583333332902033],[121.95000000029225,-27.59999999960874],[121.96666666689121,-27.59999999990532],[121.98327230498553,-27.600000003523107],[121.98327227507043,-27.599943488503897]]]},"properties":{"fmt_tenid":"E 38/2916","type":"EXPLORATION LICENCE","tenstatus":"LIVE","holder1":"REGIS RESOURCES LIMITED","holder2":" ","legal_area":30,"unit_of_me":"BL.","_colour":"#a0c4f0","_label":"Exploration Licence"}},{"type":"Feature","geometry":{"type":"MultiPolygon","coordinates":[[[[122.28813808993944,-27.849992970411662],[122.2898019399419,-27.856561629697065],[122.28911688980536,-27.856281059764143],[122.29105471962374,-27.863596680005212],[122.29145442984812,-27.86510554977052],[122.29186800915117,-27.866666667499526],[122.29999999970657,-27.866666667018755],[122.30000000021832,-27.88333333344046],[122.29999999960243,-27.89735366815251],[122.30012546971858,-27.897826999800756],[122.30081973012524,-27.900446030029098],[122.30193826024386,-27.904665260251637],[122.30316202022954,-27.90928105030473],[122.3037498597237,-27.911498120368723],[122.30511471328039,-27.916626070120255],[122.31554874214879,-27.916666709969014],[122.31666666671345,-27.916666666750974],[122.3166666674154,-27.900000000358844],[122.3166666665173,-27.883333333010793],[122.31666666678176,-27.87570296044336],[122.31102306967162,-27.870666750127423],[122.30074469976934,-27.860143969531084],[122.2908205299766,-27.84998127003848],[122.28813808993944,-27.849992970411662]]],[[[122.29418384952312,-27.849966559568852],[122.30345799989561,-27.85947472952192],[122.312768670475,-27.869018209860855],[122.31666666747338,-27.872504256463127],[122.31666666742542,-27.850000000278065],[122.29999155030598,-27.849940839753593],[122.29418384952312,-27.849966559568852]]]]},"properties":{"fmt_tenid":"E 38/2955","type":"EXPLORATION LICENCE","tenstatus":"LIVE","holder1":"REGIS RESOURCES LIMITED","holder2":" ","legal_area":5,"unit_of_me":"BL.","_colour":"#a0c4f0","_label":"Exploration Licence"}},{"type":"Feature","geometry":{"type":"Polygon","coordinates":[[[122.32245279973044,-27.9820254199431],[122.32494912725572,-27.99143497202233],[122.32910955991566,-28.016588560408838],[122.32445606030295,-28.01769489968936],[122.31694306008573,-27.993169819848895],[122.31666666674371,-27.9921135464441],[122.31666666661766,-27.999954481718543],[122.31666666706845,-28.01666666730988],[122.29999999981537,-28.016666667369805],[122.2999999999512,-28.033333333063812],[122.30000000033321,-28.050000000402967],[122.29999999969861,-28.083333333007236],[122.31666666709127,-28.083333333242088],[122.31666666749672,-28.06666666741932],[122.31666666668892,-28.050000000454833],[122.31937932013335,-28.04999999963487],[122.3168422375567,-28.04228049936868],[122.32377673088511,-28.04093281547799],[122.32395957848992,-28.041863646022136],[122.32585439019422,-28.05000000006459],[122.33333333340306,-28.050000000498613],[122.3333333326026,-28.033333332779414],[122.33333333306109,-28.016666666672517],[122.33333333336518,-27.999999999723247],[122.33333333304333,-27.983333332504227],[122.33333333287665,-27.982041548175495],[122.32245279973044,-27.9820254199431]]]},"properties":{"fmt_tenid":"E 38/2976","type":"EXPLORATION LICENCE","tenstatus":"LIVE","holder1":"REGIS RESOURCES LIMITED","holder2":" ","legal_area":9,"unit_of_me":"BL.","_colour":"#a0c4f0","_label":"Exploration Licence"}},{"type":"Feature","geometry":{"type":"Polygon","coordinates":[[[122.10000000030522,-27.68333333299162],[122.11666666651139,-27.683333333289593],[122.13333333279951,-27.68333333322921],[122.13333333350015,-27.66666666736252],[122.11666666677314,-27.666666667478275],[122.09999999993627,-27.666666667189777],[122.10000000030522,-27.68333333299162]]]},"properties":{"fmt_tenid":"E 38/3022","type":"EXPLORATION LICENCE","tenstatus":"LIVE","holder1":"REGIS RESOURCES LIMITED","holder2":" ","legal_area":2,"unit_of_me":"BL.","_colour":"#a0c4f0","_label":"Exploration Licence"}},{"type":"Feature","geometry":{"type":"Polygon","coordinates":[[[122.24999999971021,-27.83333333306659],[122.25000000020574,-27.850000000474143],[122.260510043589,-27.850000000136653],[122.26050803496213,-27.848670115730123],[122.26029768049989,-27.83333333324601],[122.24999999971021,-27.83333333306659]]]},"properties":{"fmt_tenid":"E 38/3080","type":"EXPLORATION LICENCE","tenstatus":"LIVE","holder1":"REGIS RESOURCES LIMITED","holder2":" ","legal_area":1,"unit_of_me":"BL.","_colour":"#a0c4f0","_label":"Exploration Licence"}},{"type":"Feature","geometry":{"type":"Polygon","coordinates":[[[122.28333333328261,-27.800000000463665],[122.29999999987523,-27.799999999572407],[122.29999999995783,-27.78333333326573],[122.2833333326193,-27.783333332945958],[122.28333333328261,-27.800000000463665]]]},"properties":{"fmt_tenid":"E 38/3081","type":"EXPLORATION LICENCE","tenstatus":"LIVE","holder1":"REGIS RESOURCES LIMITED","holder2":" ","legal_area":1,"unit_of_me":"BL.","_colour":"#a0c4f0","_label":"Exploration Licence"}},{"type":"Feature","geometry":{"type":"Polygon","coordinates":[[[122.24999999951501,-27.78333333317142],[122.24999999971867,-27.7999999995295],[122.26666666662256,-27.799999999654492],[122.26666666700112,-27.783333333173633],[122.24999999951501,-27.78333333317142]]]},"properties":{"fmt_tenid":"E 38/3082","type":"EXPLORATION LICENCE","tenstatus":"LIVE","holder1":"REGIS RESOURCES LIMITED","holder2":" ","legal_area":1,"unit_of_me":"BL.","_colour":"#a0c4f0","_label":"Exploration Licence"}},{"type":"Feature","geometry":{"type":"Polygon","coordinates":[[[122.28333333280904,-27.91666666726095],[122.26796216711564,-27.916666666879397],[122.26799779426493,-27.93200424894534],[122.26807332222448,-27.93200424394027],[122.26807333378585,-27.93333324128161],[122.26807333378582,-27.933333333281556],[122.2666666665396,-27.933333333375643],[122.26666666721674,-27.949999999890068],[122.26666666686303,-27.966666666733566],[122.26666666663891,-27.98333333333475],[122.26666666670776,-27.998671692911767],[122.26666666676387,-28.00000000004525],[122.28333333340132,-28.000000000374587],[122.30000000030304,-28.00000000008126],[122.31666666657632,-27.999999999691088],[122.31666666674371,-27.9921135464441],[122.31001059020205,-27.966676149589635],[122.30417948305566,-27.966666667243565],[122.29999999981318,-27.96666666670849],[122.29999999981752,-27.966659869712345],[122.30000000015833,-27.949999999736345],[122.29999999962017,-27.947129980252402],[122.2997477098241,-27.947187400262536],[122.29617972018677,-27.934124570320666],[122.29916438975692,-27.933544610115813],[122.29911314788119,-27.933333333227548],[122.28333333251516,-27.933333332719034],[122.28333333280904,-27.91666666726095]]]},"properties":{"fmt_tenid":"E 38/3083","type":"EXPLORATION LICENCE","tenstatus":"LIVE","holder1":"REGIS RESOURCES LIMITED","holder2":" ","legal_area":11,"unit_of_me":"BL.","_colour":"#a0c4f0","_label":"Exploration Licence"}},{"type":"Feature","geometry":{"type":"Polygon","coordinates":[[[122.33333333304333,-27.983333332504227],[122.33333333336518,-27.999999999723247],[122.34999999962542,-28.000000000117044],[122.36666666678379,-28.00000000047367],[122.36666666681546,-27.983333332680044],[122.36666666673943,-27.966666667440325],[122.36666666683695,-27.96633620858963],[122.36449906041935,-27.966332930022908],[122.3637507902163,-27.955572909862674],[122.35499305586613,-27.955642750575727],[122.35457905998945,-27.96592880981603],[122.35063257046086,-27.96584608019189],[122.35035887017425,-27.97722424967988],[122.34995555025898,-27.99398333016602],[122.3452477401223,-27.994030409956377],[122.33743988969384,-27.995921489588582],[122.33508263047602,-27.986619830066513],[122.34281409981304,-27.98474080020713],[122.34282268561549,-27.98333333291746],[122.33333333304333,-27.983333332504227]]]},"properties":{"fmt_tenid":"E 38/3090","type":"EXPLORATION LICENCE","tenstatus":"LIVE","holder1":"REGIS RESOURCES LIMITED","holder2":" ","legal_area":4,"unit_of_me":"BL.","_colour":"#a0c4f0","_label":"Exploration Licence"}},{"type":"Feature","geometry":{"type":"Polygon","coordinates":[[[122.2499999995428,-27.71666666733919],[122.24999999983349,-27.73333333255542],[122.26666666717983,-27.733333332845504],[122.26666666733179,-27.73024823008947],[122.26568288044533,-27.72699042952351],[122.26467530042419,-27.7236535802055],[122.25140498984392,-27.723655689797642],[122.25140479666418,-27.71666674411454],[122.2499999995428,-27.71666666733919]]]},"properties":{"fmt_tenid":"E 38/3136","type":"EXPLORATION LICENCE","tenstatus":"LIVE","holder1":"REGIS RESOURCES LIMITED","holder2":" ","legal_area":1,"unit_of_me":"BL.","_colour":"#a0c4f0","_label":"Exploration Licence"}},{"type":"Feature","geometry":{"type":"Polygon","coordinates":[[[122.400000000238,-27.73333333342933],[122.40000000026673,-27.733862997428727],[122.4098394403303,-27.733877469855088],[122.40993776316124,-27.74999999634706],[122.41666666712237,-27.74999999952626],[122.41666666660329,-27.748667567894138],[122.41666666706648,-27.73333333302375],[122.400000000238,-27.73333333342933]]]},"properties":{"fmt_tenid":"E 38/3137","type":"EXPLORATION LICENCE","tenstatus":"LIVE","holder1":"REGIS RESOURCES LIMITED","holder2":" ","legal_area":1,"unit_of_me":"BL.","_colour":"#a0c4f0","_label":"Exploration Licence"}},{"type":"Feature","geometry":{"type":"Polygon","coordinates":[[[122.15398578139073,-27.633333331872738],[122.1524134447384,-27.634467324652732],[122.166666667388,-27.649519282885056],[122.1666666672091,-27.64866916836033],[122.16666666661516,-27.633333332538633],[122.15398578139073,-27.633333331872738]]]},"properties":{"fmt_tenid":"E 38/3138","type":"EXPLORATION LICENCE","tenstatus":"LIVE","holder1":"REGIS RESOURCES LIMITED","holder2":" ","legal_area":1,"unit_of_me":"BL.","_colour":"#a0c4f0","_label":"Exploration Licence"}},{"type":"Feature","geometry":{"type":"Polygon","coordinates":[[[121.9166666665582,-27.416666666833695],[121.9166666669072,-27.449999999874525],[121.93333333345191,-27.449999999570597],[121.93333333262864,-27.46666666701516],[121.95000000030612,-27.4666666665741],[121.95000000010916,-27.449999999645144],[121.9666666668186,-27.450000000028684],[121.96666666688671,-27.44866947179304],[121.9666666670262,-27.441189571468573],[121.96666666707098,-27.433333332973948],[121.93333333334701,-27.43333333301203],[121.93333333298595,-27.416666666801884],[121.9166666665582,-27.416666666833695]]]},"properties":{"fmt_tenid":"E 38/3142","type":"EXPLORATION LICENCE","tenstatus":"LIVE","holder1":"REGIS RESOURCES LIMITED","holder2":" ","legal_area":5,"unit_of_me":"BL.","_colour":"#a0c4f0","_label":"Exploration Licence"}},{"type":"Feature","geometry":{"type":"Polygon","coordinates":[[[122.14999999954367,-27.533333333012056],[122.16666666745368,-27.533333332636687],[122.18333333446935,-27.53333333268609],[122.1999999999164,-27.53333333349418],[122.21666666734731,-27.53333333316332],[122.23333333279541,-27.533333332653008],[122.2500000001263,-27.53333333293919],[122.25000000001204,-27.516666667213823],[122.25000000013165,-27.500000000031893],[122.23333333265114,-27.50000000022035],[122.21666666728498,-27.499999999592188],[122.19999999952971,-27.500000000001908],[122.18333333263634,-27.50000000025064],[122.16666666706611,-27.4999999995444],[122.16666666666029,-27.516666666732203],[122.15000000040033,-27.51666666688599],[122.13333333260407,-27.516666667227238],[122.13333333315772,-27.53333333288878],[122.14999999954367,-27.533333333012056]]]},"properties":{"fmt_tenid":"E 38/3159","type":"EXPLORATION LICENCE","tenstatus":"LIVE","holder1":"REGIS RESOURCES LIMITED","holder2":" ","legal_area":12,"unit_of_me":"BL.","_colour":"#a0c4f0","_label":"Exploration Licence"}},{"type":"Feature","geometry":{"type":"Polygon","coordinates":[[[122.29999999970558,-27.466666667013556],[122.30000000040897,-27.449999999837125],[122.28333333298018,-27.450000000041655],[122.28333333329324,-27.46666666673249],[122.28333333317623,-27.483333332576915],[122.26666666662324,-27.483333333259004],[122.25000000029529,-27.483333332995333],[122.233333332945,-27.48333333315896],[122.21666666673899,-27.483333333049554],[122.21666666710384,-27.466666666950434],[122.20000000014771,-27.46666666659489],[122.18333333291419,-27.466666666707734],[122.16666666718389,-27.46666666705346],[122.1666666665784,-27.48333333333166],[122.14999999967307,-27.48333333275372],[122.15000000046254,-27.499999999823853],[122.16666666706611,-27.4999999995444],[122.18333333263634,-27.50000000025064],[122.19999999952971,-27.500000000001908],[122.21666666728498,-27.499999999592188],[122.23333333265114,-27.50000000022035],[122.25000000013165,-27.500000000031893],[122.26666666692213,-27.50000000022858],[122.28333333250266,-27.50000000001221],[122.28333333340264,-27.516666666580818],[122.29999999988176,-27.516666667477477],[122.30000000018478,-27.533333333028974],[122.29999999950783,-27.55000000036637],[122.31666666668626,-27.550000000056045],[122.31666666742784,-27.533333333305787],[122.3166666665454,-27.516666667499802],[122.31666666682148,-27.49999999999569],[122.3166666673612,-27.483333332630625],[122.29999999992722,-27.483333332609373],[122.29999999970558,-27.466666667013556]]]},"properties":{"fmt_tenid":"E 38/3160","type":"EXPLORATION LICENCE","tenstatus":"LIVE","holder1":"REGIS RESOURCES LIMITED","holder2":" ","legal_area":19,"unit_of_me":"BL.","_colour":"#a0c4f0","_label":"Exploration Licence"}},{"type":"Feature","geometry":{"type":"Polygon","coordinates":[[[122.19999999952498,-27.58333333289156],[122.21666666668729,-27.58333333300098],[122.21666666669685,-27.566666667209837],[122.2166666665518,-27.550000000026426],[122.19999999951673,-27.54999999990811],[122.20000000004033,-27.56666666744255],[122.18333333305866,-27.566666666770697],[122.18333333257853,-27.583333332710353],[122.19999999952498,-27.58333333289156]]]},"properties":{"fmt_tenid":"E 38/3176","type":"EXPLORATION LICENCE","tenstatus":"LIVE","holder1":"REGIS RESOURCES LIMITED","holder2":" ","legal_area":3,"unit_of_me":"BL.","_colour":"#a0c4f0","_label":"Exploration Licence"}},{"type":"Feature","geometry":{"type":"Polygon","coordinates":[[[122.19999999981354,-27.6333333334975],[122.1999999996536,-27.6166666670326],[122.1999999996899,-27.600000000318392],[122.18333333260634,-27.59999999992569],[122.18333333291555,-27.61666666718146],[122.18333333269737,-27.63333333316339],[122.19999999981354,-27.6333333334975]]]},"properties":{"fmt_tenid":"E 38/3177","type":"EXPLORATION LICENCE","tenstatus":"LIVE","holder1":"REGIS RESOURCES LIMITED","holder2":" ","legal_area":2,"unit_of_me":"BL.","_colour":"#a0c4f0","_label":"Exploration Licence"}},{"type":"Feature","geometry":{"type":"Polygon","coordinates":[[[122.23333333293994,-27.583333333070986],[122.21666666668716,-27.583333264000995],[122.21666666685049,-27.59999999957209],[122.24999999985354,-27.59999799883084],[122.25000000037451,-27.583333333134128],[122.23333333293994,-27.583333333070986]]]},"properties":{"fmt_tenid":"E 38/3188","type":"EXPLORATION LICENCE","tenstatus":"LIVE","holder1":"REGIS RESOURCES LIMITED","holder2":" ","legal_area":2,"unit_of_me":"BL.","_colour":"#a0c4f0","_label":"Exploration Licence"}},{"type":"Feature","geometry":{"type":"Polygon","coordinates":[[[122.35000000032329,-28.183333332748994],[122.3499999996992,-28.200000000338957],[122.36666666748377,-28.19999999979593],[122.36666666650262,-28.184672968730673],[122.35912572664319,-28.18636279100163],[122.35457537119969,-28.169685167224916],[122.35375249887134,-28.166666666958513],[122.34999999973135,-28.166666667114786],[122.35000000032329,-28.183333332748994]]]},"properties":{"fmt_tenid":"E 38/3199","type":"EXPLORATION LICENCE","tenstatus":"LIVE","holder1":"REGIS RESOURCES LIMITED","holder2":" ","legal_area":2,"unit_of_me":"BL.","_colour":"#a0c4f0","_label":"Exploration Licence"}},{"type":"Feature","geometry":{"type":"Polygon","coordinates":[[[122.33333333337441,-27.89999999956707],[122.32507718773243,-27.9000002522102],[122.32507712073257,-27.9000000002103],[122.3166666674154,-27.900000000358844],[122.31666652206968,-27.91535010232831],[122.31667492405866,-27.915350132326626],[122.31805467224619,-27.91535060404809],[122.31807279822239,-27.915350582044447],[122.31807280890793,-27.91666674447664],[122.31805376393245,-27.916666744480356],[122.31804317006355,-27.932006709783625],[122.34477811975471,-27.93204181030983],[122.34478323046785,-27.9288789501598],[122.34480290624191,-27.916666976577996],[122.34014956260995,-27.916666782072273],[122.333333332614,-27.916666666796242],[122.3333333335789,-27.915336845286767],[122.33333333337441,-27.89999999956707]]]},"properties":{"fmt_tenid":"E 38/3200","type":"EXPLORATION LICENCE","tenstatus":"LIVE","holder1":"REGIS RESOURCES LIMITED","holder2":" ","legal_area":3,"unit_of_me":"BL.","_colour":"#a0c4f0","_label":"Exploration Licence"}},{"type":"Feature","geometry":{"type":"Polygon","coordinates":[[[122.39999999961817,-28.133333332655805],[122.3999999999698,-28.116666666983832],[122.38474166058661,-28.116666680916],[122.38474176403903,-28.126380528588992],[122.38521179686208,-28.13333333295179],[122.39999999961817,-28.133333332655805]]]},"properties":{"fmt_tenid":"E 38/3234","type":"EXPLORATION LICENCE","tenstatus":"LIVE","holder1":"REGIS RESOURCES LIMITED","holder2":" ","legal_area":1,"unit_of_me":"BL.","_colour":"#a0c4f0","_label":"Exploration Licence"}},{"type":"Feature","geometry":{"type":"Polygon","coordinates":[[[122.35305449817555,-27.850000000147144],[122.34999999982855,-27.849999999752747],[122.34999999962153,-27.856796481536687],[122.35305454208952,-27.85679876231304],[122.35305449817555,-27.850000000147144]]]},"properties":{"fmt_tenid":"E 38/3254","type":"EXPLORATION LICENCE","tenstatus":"LIVE","holder1":"REGIS RESOURCES LIMITED","holder2":" ","legal_area":1,"unit_of_me":"BL.","_colour":"#a0c4f0","_label":"Exploration Licence"}},{"type":"Feature","geometry":{"type":"Polygon","coordinates":[[[122.23152583961132,-27.68333334942089],[122.2166666669679,-27.683333333234266],[122.21666666731409,-27.666666667029595],[122.19999999974662,-27.666666666849768],[122.20000000044226,-27.683333333223075],[122.19999999969984,-27.69999999993939],[122.21666666734113,-27.700000000223596],[122.23333333284334,-27.699999999770117],[122.23333333416116,-27.689322685880335],[122.23333332781824,-27.683333334979675],[122.23152583961132,-27.68333334942089]]]},"properties":{"fmt_tenid":"E 38/3292","type":"EXPLORATION LICENCE","tenstatus":"LIVE","holder1":"REGIS RESOURCES LIMITED","holder2":" ","legal_area":3,"unit_of_me":"BL.","_colour":"#a0c4f0","_label":"Exploration Licence"}},{"type":"Feature","geometry":{"type":"Polygon","coordinates":[[[122.43333333253565,-27.89999999987658],[122.43333333291692,-27.883333332514276],[122.43333333276254,-27.866666667249383],[122.43333333305635,-27.85000000021841],[122.41666666725617,-27.850000000119838],[122.41666666653245,-27.866666666917485],[122.40000000041402,-27.866666667385612],[122.39999999999645,-27.883333332522906],[122.39999999953542,-27.899999999775172],[122.41666666652456,-27.90000000043547],[122.41666666749597,-27.916666666557713],[122.41666666682056,-27.93333333297367],[122.41666666731682,-27.950000000255],[122.40000000046965,-27.94999999967654],[122.39999999979916,-27.96666666691983],[122.3999999998174,-27.983333332640797],[122.4000000000377,-27.999999999793427],[122.4166666669106,-28.000000000062357],[122.41666666694748,-28.016666666775034],[122.41666666740423,-28.033333332803146],[122.41666666651278,-28.049999999823825],[122.43333333270614,-28.049999999552437],[122.43333333301294,-28.033333332701083],[122.43333333256584,-28.01666666677441],[122.43333333275716,-28.000000000037367],[122.43333333284865,-27.98333333279976],[122.43333333301261,-27.96666666741057],[122.43333333322502,-27.949999999569574],[122.43333333294702,-27.93333333323456],[122.4333333333465,-27.91666666735514],[122.43333333253565,-27.89999999987658]]]},"properties":{"fmt_tenid":"E 38/3355","type":"EXPLORATION LICENCE","tenstatus":"LIVE","holder1":"REGIS RESOURCES LIMITED","holder2":" ","legal_area":17,"unit_of_me":"BL.","_colour":"#a0c4f0","_label":"Exploration Licence"}},{"type":"Feature","geometry":{"type":"MultiPolygon","coordinates":[[[[122.2166666665518,-27.550000000026426],[122.21666666669685,-27.566666667209837],[122.21666666668729,-27.58333333300098],[122.23333333293994,-27.583333333070986],[122.25000000037451,-27.583333333134128],[122.24999999985495,-27.599999999830835],[122.2666666673734,-27.599999999888485],[122.26666666690247,-27.58333333347092],[122.28333333266193,-27.5833333325078],[122.28333333346576,-27.566666667468763],[122.2833333334537,-27.549999999903935],[122.28333333271065,-27.533333333132887],[122.28333333340264,-27.516666666580818],[122.28333333250266,-27.50000000001221],[122.26666666692213,-27.50000000022858],[122.25000000013165,-27.500000000031893],[122.25000000001204,-27.516666667213823],[122.2500000001263,-27.53333333293919],[122.26666666658579,-27.5333333328308],[122.26666666679374,-27.549999999961557],[122.25000000030685,-27.549999999673634],[122.23333333253154,-27.54999999995789],[122.2166666665518,-27.550000000026426]]],[[[122.2166666665518,-27.550000000026426],[122.21666666734731,-27.53333333316332],[122.1999999999164,-27.53333333349418],[122.18333333346936,-27.53333333268609],[122.18333333255654,-27.549999999622514],[122.19999999951673,-27.54999999990811],[122.2166666665518,-27.550000000026426]]]]},"properties":{"fmt_tenid":"E 38/3405","type":"EXPLORATION LICENCE","tenstatus":"LIVE","holder1":"REGIS RESOURCES LIMITED","holder2":" ","legal_area":16,"unit_of_me":"BL.","_colour":"#a0c4f0","_label":"Exploration Licence"}},{"type":"Feature","geometry":{"type":"Polygon","coordinates":[[[122.2333333325891,-27.816666666795022],[122.23333333274562,-27.799999999988273],[122.2166666669316,-27.8000000000841],[122.21666666735294,-27.816666666737035],[122.2333333325891,-27.816666666795022]]]},"properties":{"fmt_tenid":"E 38/3460","type":"EXPLORATION LICENCE","tenstatus":"LIVE","holder1":"REGIS RESOURCES LIMITED","holder2":" ","legal_area":1,"unit_of_me":"BL.","_colour":"#a0c4f0","_label":"Exploration Licence"}},{"type":"Feature","geometry":{"type":"Polygon","coordinates":[[[122.26666666707949,-27.43333333303817],[122.26666666735088,-27.416666667036004],[122.26666666678597,-27.399999999513533],[122.26666666689441,-27.38333333282576],[122.25000000025737,-27.383333333428265],[122.23333333296586,-27.383333332516486],[122.21666666714114,-27.38333333292603],[122.21666666747882,-27.39999999960335],[122.21666666682009,-27.416666667181193],[122.21666666731409,-27.43333333309673],[122.21666666707715,-27.450000000002355],[122.21666666710384,-27.466666666950434],[122.21666666673899,-27.483333333049554],[122.233333332945,-27.48333333315896],[122.25000000029529,-27.483333332995333],[122.26666666662324,-27.483333333259004],[122.28333333317623,-27.483333332576915],[122.28333333329324,-27.46666666673249],[122.28333333298018,-27.450000000041655],[122.26666666670525,-27.449999999589828],[122.26666666707949,-27.43333333303817]]]},"properties":{"fmt_tenid":"E 38/3468","type":"EXPLORATION LICENCE","tenstatus":"LIVE","holder1":"REGIS RESOURCES LIMITED","holder2":" ","legal_area":20,"unit_of_me":"BL.","_colour":"#a0c4f0","_label":"Exploration Licence"}},{"type":"Feature","geometry":{"type":"MultiPolygon","coordinates":[[[[122.1500000002229,-27.86666666713213],[122.15000000038366,-27.883333333068627],[122.14999999961655,-27.900000000349237],[122.16666666734974,-27.89999999985504],[122.1666666670599,-27.916666667197088],[122.16666666651837,-27.933333332641695],[122.1833333334451,-27.93333333264628],[122.18333333312104,-27.95000000000541],[122.20000000002108,-27.94999999962213],[122.20000000039862,-27.966666666743244],[122.19999999972342,-27.98333333328661],[122.21666666683207,-27.983333332936613],[122.21666666991571,-27.999999995562796],[122.21666666976775,-28.01666666526699],[122.2333333325833,-28.01666666723573],[122.23333333051215,-28.033333333539197],[122.24999999963816,-28.03333333265195],[122.25000000045475,-28.050000003324786],[122.24999999958922,-28.06666666386383],[122.26666666678669,-28.06666666680579],[122.26666666890092,-28.083333333290785],[122.26666666937332,-28.100000002081376],[122.28333332990515,-28.100000002108732],[122.28333333046037,-28.116666663142574],[122.29999999875194,-28.11666666343743],[122.29999999906954,-28.10000000241594],[122.31666666787928,-28.10000000177065],[122.31666666809126,-28.083333333242088],[122.29999999869862,-28.083333333007236],[122.29999999907415,-28.066666664192066],[122.29999999933322,-28.050000003402932],[122.29999999895118,-28.033333334063798],[122.29999999881538,-28.016666665369826],[122.31666666806856,-28.0166666653099],[122.31666666757631,-27.999999995691134],[122.29999999930307,-27.999999996081307],[122.28333333040123,-27.999999996374573],[122.26666977076219,-27.999999998045084],[122.26666977074922,-28.000018275033142],[122.25000311550086,-28.000018275173115],[122.23333644386504,-28.000018274512936],[122.23333644487813,-27.99999999752675],[122.23333333087936,-27.99999999552633],[122.23333333073268,-27.983333334556967],[122.23333333098304,-27.966666665621364],[122.23333333119982,-27.94999999709045],[122.23333333101243,-27.933351605642688],[122.2166697727718,-27.933351605740114],[122.2166697727722,-27.93333333575065],[122.21666666977252,-27.933333335750387],[122.2166666703649,-27.91666666656305],[122.21666666993166,-27.899999997718275],[122.21666667084834,-27.883351607637756],[122.20000310185443,-27.883351607846105],[122.20000310283238,-27.883333329858612],[122.20000000082962,-27.883333328859557],[122.20000000074876,-27.866666668316388],[122.1833333315422,-27.866666667963585],[122.16666666256369,-27.8666666683163],[122.16666666332695,-27.849999998984426],[122.1500000006473,-27.849999999630743],[122.1500000002229,-27.86666666713213]]],[[[122.1500000006473,-27.849999999630743],[122.15000000218423,-27.833333330446802],[122.13333333336129,-27.833333330248262],[122.13333333267465,-27.84999999867137],[122.1500000006473,-27.849999999630743]]]]},"properties":{"fmt_tenid":"E 38/3479","type":"EXPLORATION LICENCE","tenstatus":"LIVE","holder1":"REGIS RESOURCES LIMITED","holder2":" ","legal_area":45,"unit_of_me":"BL.","_colour":"#a0c4f0","_label":"Exploration Licence"}},{"type":"Feature","geometry":{"type":"Polygon","coordinates":[[[122.44999999980136,-28.18333333284824],[122.45000000048499,-28.166666667467133],[122.43333333349277,-28.166666666889792],[122.43333333313618,-28.183333333318696],[122.43333333272975,-28.199999999922237],[122.43333333334547,-28.216666667440272],[122.43333333251073,-28.233333333101957],[122.45000000036568,-28.233333332648407],[122.45000000003327,-28.249999999992493],[122.46666666695853,-28.250000000362803],[122.46666666738432,-28.266666666579496],[122.46666666686251,-28.283333333414014],[122.46666666655814,-28.300000000234093],[122.4666666668373,-28.31666666722359],[122.46666666693658,-28.33333333253543],[122.46666666660754,-28.35000000040672],[122.46666666697095,-28.36666666702246],[122.46666666700416,-28.383333333186236],[122.48333333298763,-28.38333333281361],[122.48333333306806,-28.3666666674529],[122.49999999991576,-28.366666666961972],[122.49999999996584,-28.350000000358218],[122.50000000016978,-28.333333333142807],[122.51666666708158,-28.333333332837313],[122.51666666727066,-28.316666667436277],[122.5166666668896,-28.300000000377207],[122.51666666674694,-28.283333332563863],[122.51666666691204,-28.266666666969197],[122.49999999990594,-28.266666667426254],[122.48333333311783,-28.266666667003182],[122.48333333340919,-28.25000000014584],[122.48333333267074,-28.233333333366293],[122.48333333255924,-28.21666666672036],[122.46666666669613,-28.216666666564414],[122.46666666707601,-28.199999999797857],[122.44999999960588,-28.20000000016507],[122.44999999980136,-28.18333333284824]]]},"properties":{"fmt_tenid":"E 38/3486","type":"EXPLORATION LICENCE","tenstatus":"LIVE","holder1":"REGIS RESOURCES LIMITED","holder2":" ","legal_area":27,"unit_of_me":"BL.","_colour":"#a0c4f0","_label":"Exploration Licence"}},{"type":"Feature","geometry":{"type":"Polygon","coordinates":[[[122.39999999264846,-27.81666667315096],[122.39999999994743,-27.79999999979837],[122.38333333330495,-27.800000000257437],[122.38333333807171,-27.81666667317605],[122.38333333307584,-27.83202504358493],[122.38473536072692,-27.832025919420428],[122.38473710487617,-27.84880060723207],[122.38473886016878,-27.86533568173237],[122.36807217631626,-27.86533591470634],[122.36807230172882,-27.882002720259116],[122.38472902631223,-27.882015777437626],[122.38473903972861,-27.898669409404782],[122.38473929664882,-27.915336029209247],[122.38542812998948,-27.915332784211238],[122.39553506938637,-27.91538343865072],[122.39553613630402,-27.916666667480357],[122.4000000000895,-27.916666666762104],[122.39999999253538,-27.899999996775207],[122.39999999299638,-27.883333325522933],[122.40000000041402,-27.866666667385612],[122.41666666653245,-27.866666666917485],[122.41666666425618,-27.84999999911985],[122.41666666713874,-27.83333333337023],[122.39999999966219,-27.83333333256373],[122.39999999264846,-27.81666667315096]]]},"properties":{"fmt_tenid":"E 38/3498","type":"EXPLORATION LICENCE","tenstatus":"LIVE","holder1":"REGIS RESOURCES LIMITED","holder2":" ","legal_area":11,"unit_of_me":"BL.","_colour":"#a0c4f0","_label":"Exploration Licence"}},{"type":"Feature","geometry":{"type":"Polygon","coordinates":[[[122.38333333265149,-28.11666666674182],[122.38333333298371,-28.100000000339424],[122.36666666671255,-28.10000000029986],[122.35000000000872,-28.099999999669954],[122.33333333273123,-28.099999999695168],[122.33333333343245,-28.11666666685109],[122.34999999981758,-28.116666666858666],[122.3499999998144,-28.13333333262352],[122.35000000025195,-28.149999999504455],[122.35606697246025,-28.150000000224612],[122.36928219676385,-28.146845097540147],[122.37969470109553,-28.141555179868302],[122.38246708297004,-28.150459777028143],[122.37838317760722,-28.13734219738045],[122.37504660607317,-28.12387301947415],[122.38333333339318,-28.123771136522116],[122.38333333265149,-28.11666666674182]]]},"properties":{"fmt_tenid":"E 38/3517","type":"EXPLORATION LICENCE","tenstatus":"LIVE","holder1":"REGIS RESOURCES LIMITED","holder2":" ","legal_area":7,"unit_of_me":"BL.","_colour":"#a0c4f0","_label":"Exploration Licence"}},{"type":"Feature","geometry":{"type":"MultiPolygon","coordinates":[[[[122.29186800915117,-27.866666667499526],[122.29247744131956,-27.868967074048072],[122.29286862313312,-27.870443578621682],[122.29379497398929,-27.87393990102316],[122.29468561177944,-27.877301216495347],[122.29613621099718,-27.88277540502603],[122.2962840621164,-27.883333332775646],[122.29991124121591,-27.883333329472343],[122.30000000021832,-27.88333333344046],[122.29999999670662,-27.86666667001872],[122.29186800915117,-27.866666667499526]]],[[[122.283717031531,-27.883333333278088],[122.28352557929114,-27.88261006461402],[122.28333333304883,-27.88188375695174],[122.28333333344834,-27.88333333341201],[122.283717031531,-27.883333333278088]]]]},"properties":{"fmt_tenid":"E 38/3561","type":"EXPLORATION LICENCE","tenstatus":"LIVE","holder1":"REGIS RESOURCES LIMITED","holder2":" ","legal_area":1,"unit_of_me":"BL.","_colour":"#a0c4f0","_label":"Exploration Licence"}},{"type":"Feature","geometry":{"type":"Polygon","coordinates":[[[122.40000000040965,-28.141666667342143],[122.39999999961817,-28.133333332655805],[122.39166666713825,-28.133333332686075],[122.38521179686208,-28.13333333295179],[122.38576913498977,-28.141577555880126],[122.39043791962251,-28.142329530107386],[122.3985613190722,-28.141855352818663],[122.39879452453609,-28.14497628158948],[122.3989583330501,-28.147168305726463],[122.39896874989194,-28.14730768867157],[122.39907070034397,-28.14867175113468],[122.39999999968506,-28.14867177242452],[122.40000000040965,-28.141666667342143]]]},"properties":{"fmt_tenid":"E 38/3582","type":"EXPLORATION LICENCE","tenstatus":"LIVE","holder1":"REGIS RESOURCES LIMITED","holder2":" ","legal_area":1,"unit_of_me":"BL.","_colour":"#a0c4f0","_label":"Exploration Licence"}},{"type":"Feature","geometry":{"type":"Polygon","coordinates":[[[122.4833333327773,-27.73333333303885],[122.46666666698817,-27.733333332695082],[122.44999999965634,-27.733333333497303],[122.44999999952924,-27.74999999975423],[122.43333333270567,-27.75000000045293],[122.41666666712237,-27.74999999952626],[122.41666666721082,-27.766666667347813],[122.41666666744682,-27.78333333307539],[122.43333333261715,-27.783333333277948],[122.4333333331651,-27.79999999971298],[122.4333333331346,-27.81666666745375],[122.43333333284878,-27.833333333234677],[122.43333333305635,-27.85000000021841],[122.45000000030252,-27.850000000317397],[122.45000000032339,-27.866666666601983],[122.46666666713327,-27.86666666696427],[122.46666666703462,-27.883333332887222],[122.4666666665574,-27.900000000118705],[122.46666666682263,-27.916666666637532],[122.46666666667227,-27.93333333327932],[122.4833333332529,-27.933333332827527],[122.4833333333623,-27.94999999967922],[122.50000000016401,-27.95000000036873],[122.49999999987301,-27.96666666738804],[122.51666666741335,-27.966666666628864],[122.53333333282855,-27.966666666782242],[122.53333333318237,-27.950000000498964],[122.53333333324179,-27.933333333151786],[122.53333333261443,-27.916666666829453],[122.51666666743269,-27.916666666680527],[122.5166666667307,-27.900000000080478],[122.51666666748422,-27.883333333162835],[122.51666666731053,-27.866666667184816],[122.51666666727664,-27.849999999698824],[122.49999999992109,-27.849999999797795],[122.49999999962745,-27.833333333336995],[122.49999999989257,-27.816666667478547],[122.49999999955978,-27.800000000452297],[122.499999999772,-27.783333332728123],[122.49999999961969,-27.76666666689065],[122.50000000034626,-27.74999999985625],[122.48333333317139,-27.749999999999645],[122.4833333327773,-27.73333333303885]]]},"properties":{"fmt_tenid":"E 38/3996","type":"EXPLORATION LICENCE","tenstatus":"LIVE","holder1":"DUKETON GOLD PROJECT PTY LTD","holder2":" ","legal_area":50,"unit_of_me":"BL.","_colour":"#a0c4f0","_label":"Exploration Licence"}},{"type":"Feature","geometry":{"type":"Polygon","coordinates":[[[122.36580179703137,-27.620770880840553],[122.36579881449532,-27.642829481506055],[122.35151427711399,-27.64282557449164],[122.3514795783134,-27.64865076654725],[122.37525072272288,-27.64885796422726],[122.375249368929,-27.629827508366038],[122.37524871702878,-27.62067360262382],[122.36580179703137,-27.620770880840553]]]},"properties":{"fmt_tenid":"M 38/1092","type":"MINING LEASE","tenstatus":"LIVE","holder1":"DUKETON RESOURCES PTY LTD","holder2":"REGIS RESOURCES LIMITED","legal_area":382.4,"unit_of_me":"HA.","_colour":"#f5a520","_label":"Mining Lease"}},{"type":"Feature","geometry":{"type":"Polygon","coordinates":[[[122.3743032832712,-27.96814839924228],[122.36760502743607,-27.988620051954342],[122.37632112733951,-27.98862714055562],[122.38238629464092,-27.967375091891796],[122.3743032832712,-27.96814839924228]],[[122.37548419696773,-27.973607065644597],[122.37752841280884,-27.973617530775208],[122.37751426514149,-27.975796781767983],[122.37547001926957,-27.975786306632486],[122.37548419696773,-27.973607065644597]]]},"properties":{"fmt_tenid":"M 38/114","type":"MINING LEASE","tenstatus":"LIVE","holder1":"DUKETON RESOURCES PTY LTD","holder2":"REGIS RESOURCES LIMITED","legal_area":183.55,"unit_of_me":"HA.","_colour":"#f5a520","_label":"Mining Lease"}},{"type":"Feature","geometry":{"type":"Polygon","coordinates":[[[122.32395957848992,-28.041863646022136],[122.32377673088511,-28.04093281547799],[122.3168422375567,-28.04228049936868],[122.32561486366399,-28.06897269160311],[122.32793695779638,-28.068190831796866],[122.33088870594442,-28.067260740405548],[122.33000053412644,-28.064408026589742],[122.33046269740241,-28.064241027704128],[122.32913314667402,-28.06060984535551],[122.3288490735974,-28.06070681430619],[122.32696499143636,-28.054653194025796],[122.32685833648628,-28.054310487176544],[122.3259345251365,-28.050344099915392],[122.32395957848992,-28.041863646022136]]]},"properties":{"fmt_tenid":"M 38/1241","type":"MINING LEASE","tenstatus":"LIVE","holder1":"REGIS RESOURCES LIMITED","holder2":" ","legal_area":183.305,"unit_of_me":"HA.","_colour":"#f5a520","_label":"Mining Lease"}},{"type":"Feature","geometry":{"type":"Polygon","coordinates":[[[122.23473822955538,-27.715335849101205],[122.2514047588578,-27.71533556705551],[122.25140498584395,-27.72365569079763],[122.26467529642423,-27.72365357920551],[122.26568288444528,-27.726990426523543],[122.26719635726825,-27.73200221895062],[122.26807173065332,-27.732002247950327],[122.26807158332163,-27.71541338778608],[122.26807139158053,-27.700121624740746],[122.26666661257295,-27.695466944501334],[122.2660074850371,-27.693282969388996],[122.26285338327105,-27.68282720913818],[122.25306587278993,-27.68516411997272],[122.25140452299256,-27.685561811612917],[122.25140446145618,-27.68200189859783],[122.24685747876448,-27.68200232187341],[122.24816666652939,-27.6863363019044],[122.24327710454814,-27.68750547196467],[122.2347381270473,-27.68954299455627],[122.23473822955538,-27.715335849101205]]]},"properties":{"fmt_tenid":"M 38/1247","type":"MINING LEASE","tenstatus":"LIVE","holder1":"DUKETON RESOURCES PTY LTD","holder2":"REGIS RESOURCES LIMITED","legal_area":1220,"unit_of_me":"HA.","_colour":"#f5a520","_label":"Mining Lease"}},{"type":"Feature","geometry":{"type":"Polygon","coordinates":[[[122.34712767713111,-27.88301166027379],[122.35041898870747,-27.89776729876588],[122.35433898044366,-27.91533655851897],[122.36510230090906,-27.915336428541437],[122.36807260558349,-27.9153362451378],[122.36807242363814,-27.898669519890603],[122.3514058076784,-27.898669637340756],[122.35140568986284,-27.881344321480036],[122.35140545654687,-27.864013092831048],[122.34286995054458,-27.863982180830615],[122.34315756199163,-27.865336475350016],[122.34999999960755,-27.865336238632057],[122.35000000491688,-27.86666666833532],[122.34348291943569,-27.866666682901517],[122.34712767713111,-27.88301166027379]]]},"properties":{"fmt_tenid":"M 38/1249","type":"MINING LEASE","tenstatus":"LIVE","holder1":"REGIS RESOURCES LIMITED","holder2":" ","legal_area":449.95,"unit_of_me":"HA.","_colour":"#f5a520","_label":"Mining Lease"}},{"type":"Feature","geometry":{"type":"Polygon","coordinates":[[[122.36807311087603,-27.83201552629481],[122.3680720588023,-27.848669107162614],[122.35305448951615,-27.848669438658312],[122.35305454208952,-27.85679876231304],[122.3287934038475,-27.85678064878944],[122.33067178358064,-27.86401654397882],[122.34286995054458,-27.863982180830615],[122.35140545654687,-27.864013092831048],[122.35140568986284,-27.881344321480036],[122.3514058076784,-27.898669637340756],[122.36807242363814,-27.898669519890603],[122.36807230172882,-27.882002720259116],[122.36807217631626,-27.86533591470634],[122.38473886016878,-27.86533568173237],[122.38473710487617,-27.84880060723207],[122.38473536072692,-27.832025919420428],[122.36807311087603,-27.83201552629481]]]},"properties":{"fmt_tenid":"M 38/1250","type":"MINING LEASE","tenstatus":"LIVE","holder1":"DUKETON RESOURCES PTY LTD","holder2":"REGIS RESOURCES LIMITED","legal_area":1671.5,"unit_of_me":"HA.","_colour":"#f5a520","_label":"Mining Lease"}},{"type":"Feature","geometry":{"type":"Polygon","coordinates":[[[122.36807242363814,-27.898669519890603],[122.36807260558349,-27.9153362451378],[122.36510230090906,-27.915336428541437],[122.36508704481321,-27.931457380120932],[122.3650761076047,-27.943011794765333],[122.38440725563801,-27.942489450490616],[122.38541331432475,-27.942556196496266],[122.38542076697715,-27.928880414635557],[122.38542812998948,-27.915332784211238],[122.38473929664882,-27.915336029209247],[122.38473903972861,-27.898669409404782],[122.36807242363814,-27.898669519890603]]]},"properties":{"fmt_tenid":"M 38/1251","type":"MINING LEASE","tenstatus":"LIVE","holder1":"DUKETON RESOURCES PTY LTD","holder2":"REGIS RESOURCES LIMITED","legal_area":910.9,"unit_of_me":"HA.","_colour":"#f5a520","_label":"Mining Lease"}},{"type":"Feature","geometry":{"type":"Polygon","coordinates":[[[122.36807230172882,-27.882002720259116],[122.36807242363814,-27.898669519890603],[122.38473903972861,-27.898669409404782],[122.38472902631223,-27.882015777437626],[122.36807230172882,-27.882002720259116]]]},"properties":{"fmt_tenid":"M 38/1257","type":"MINING LEASE","tenstatus":"LIVE","holder1":"REGIS RESOURCES LIMITED","holder2":" ","legal_area":302.95,"unit_of_me":"HA.","_colour":"#f5a520","_label":"Mining Lease"}},{"type":"Feature","geometry":{"type":"Polygon","coordinates":[[[122.33530593440479,-27.977692996710413],[122.33529289965512,-27.982044454461597],[122.342830716366,-27.982016391582018],[122.34285509665898,-27.977990994613133],[122.33530593440479,-27.977692996710413]]]},"properties":{"fmt_tenid":"M 38/1258","type":"MINING LEASE","tenstatus":"LIVE","holder1":"REGIS RESOURCES LIMITED","holder2":" ","legal_area":34.455,"unit_of_me":"HA.","_colour":"#f5a520","_label":"Mining Lease"}},{"type":"Feature","geometry":{"type":"Polygon","coordinates":[[[122.28462233507923,-27.833325243280324],[122.28488631777398,-27.834861167462837],[122.28611387108222,-27.842000826472017],[122.28801861966828,-27.84952082757563],[122.28813809093943,-27.84999296641171],[122.2908205339767,-27.849981269038434],[122.29418384452316,-27.849966557568873],[122.29999154730584,-27.849940843753608],[122.29995559736615,-27.833339873690345],[122.28462233507923,-27.833325243280324]]]},"properties":{"fmt_tenid":"M 38/1262","type":"MINING LEASE","tenstatus":"LIVE","holder1":"DUKETON RESOURCES PTY LTD","holder2":"REGIS RESOURCES LIMITED","legal_area":250,"unit_of_me":"HA.","_colour":"#f5a520","_label":"Mining Lease"}},{"type":"Feature","geometry":{"type":"Polygon","coordinates":[[[122.2908205339767,-27.849981269038434],[122.30074470076934,-27.860143965531076],[122.31102306967162,-27.870666746127416],[122.32807585825138,-27.885882116970148],[122.33337778646765,-27.887450911772355],[122.33608976406018,-27.888253166283246],[122.33552731939488,-27.885737211585127],[122.33051883447884,-27.88424268422966],[122.32906058969223,-27.884548862324234],[122.32872623870333,-27.883289343743893],[122.31276866747505,-27.86901820586084],[122.3034579988956,-27.85947472952192],[122.29418384452316,-27.849966557568873],[122.2908205339767,-27.849981269038434]]]},"properties":{"fmt_tenid":"M 38/1263","type":"MINING LEASE","tenstatus":"LIVE","holder1":"REGIS RESOURCES LIMITED","holder2":" ","legal_area":149.05,"unit_of_me":"HA.","_colour":"#f5a520","_label":"Mining Lease"}},{"type":"Feature","geometry":{"type":"Polygon","coordinates":[[[122.25140452299256,-27.685561811612917],[122.25306587278993,-27.68516411997272],[122.26285338327105,-27.68282720913818],[122.2660074850371,-27.693282969388996],[122.26666661257295,-27.695466944501334],[122.26666656225571,-27.693125450076426],[122.26805678271697,-27.69279299141699],[122.26807114392219,-27.68203495331786],[122.25140446145618,-27.68200189859783],[122.25140452299256,-27.685561811612917]]]},"properties":{"fmt_tenid":"M 38/1264","type":"MINING LEASE","tenstatus":"LIVE","holder1":"REGIS RESOURCES LIMITED","holder2":" ","legal_area":73.665,"unit_of_me":"HA.","_colour":"#f5a520","_label":"Mining Lease"}},{"type":"Feature","geometry":{"type":"Polygon","coordinates":[[[122.33333386561375,-27.916666212796326],[122.34480290624191,-27.916666976577996],[122.34480505021729,-27.91533636705942],[122.34214772099604,-27.915336206343817],[122.33832268061647,-27.89823709192296],[122.33608976406018,-27.888253166283246],[122.33337778646765,-27.887450911772355],[122.33335306638024,-27.899991091569206],[122.33333386561375,-27.916666212796326]]]},"properties":{"fmt_tenid":"M 38/1265","type":"MINING LEASE","tenstatus":"LIVE","holder1":"REGIS RESOURCES LIMITED","holder2":" ","legal_area":188.2,"unit_of_me":"HA.","_colour":"#f5a520","_label":"Mining Lease"}},{"type":"Feature","geometry":{"type":"Polygon","coordinates":[[[122.0557064295465,-27.553104214203696],[122.05799680643895,-27.56000348486071],[122.06046341758666,-27.568918609135785],[122.06232325538927,-27.575006987620668],[122.06914869037936,-27.58379962515118],[122.07568370119093,-27.583803001269874],[122.07420221233728,-27.579078972607366],[122.08209198869329,-27.577249567033384],[122.07999161999133,-27.57022447999033],[122.08769541955031,-27.56842404720585],[122.08723283082865,-27.566326995426845],[122.09457627456541,-27.566201810825103],[122.09439624737763,-27.549378718116614],[122.08119429523526,-27.549473707804264],[122.08317093162846,-27.553811723235075],[122.08576400602173,-27.55381135756791],[122.08576427243983,-27.557442114109808],[122.0829565252284,-27.55744226188044],[122.08067228324285,-27.557442339693793],[122.08067221489466,-27.55562691069547],[122.08067217062116,-27.55447253579299],[122.0754744939624,-27.55608870717448],[122.07354165748013,-27.549037142604767],[122.0557064295465,-27.553104214203696]]]},"properties":{"fmt_tenid":"M 38/1268","type":"MINING LEASE","tenstatus":"LIVE","holder1":"REGIS RESOURCES LIMITED","holder2":" ","legal_area":907.4,"unit_of_me":"HA.","_colour":"#f5a520","_label":"Mining Lease"}},{"type":"Feature","geometry":{"type":"Polygon","coordinates":[[[122.30000000381747,-27.96665987471229],[122.31001059120204,-27.966676151589613],[122.30725324555114,-27.95613463969682],[122.30462319249092,-27.946077746304894],[122.29999999562007,-27.94712998125239],[122.30000000381747,-27.96665987471229]]]},"properties":{"fmt_tenid":"M 38/1269","type":"MINING LEASE","tenstatus":"LIVE","holder1":"REGIS RESOURCES LIMITED","holder2":" ","legal_area":161.65,"unit_of_me":"HA.","_colour":"#f5a520","_label":"Mining Lease"}},{"type":"Feature","geometry":{"type":"Polygon","coordinates":[[[122.30550955570904,-27.918116313415936],[122.30556671462588,-27.918332043313942],[122.30597772102472,-27.919883241580525],[122.3078505182128,-27.92695087823573],[122.30972350874056,-27.93401830470687],[122.31019164575196,-27.935784595790242],[122.31206507672418,-27.942852511119867],[122.31219027345094,-27.94332480687445],[122.31347021421814,-27.948153078241972],[122.31487552337049,-27.953453765278418],[122.31674973947364,-27.960522302666575],[122.31721828552472,-27.962289266709085],[122.32096669151917,-27.976422962956914],[122.32245279773046,-27.9820254149431],[122.33529289965512,-27.982044454461597],[122.33530593440479,-27.977692996710413],[122.3361870502044,-27.967857019115677],[122.33612758838356,-27.965674771301806],[122.34457394932862,-27.94620210692327],[122.35499974588261,-27.94611559064766],[122.35540768352367,-27.943271878829496],[122.34475898556975,-27.94323099887206],[122.34477811975471,-27.932041814309844],[122.31804316906354,-27.93200671078361],[122.31805467224619,-27.91535060404809],[122.31667492405866,-27.915350132326626],[122.31666749371122,-27.916671066748904],[122.30511471328039,-27.916626070120255],[122.30550955570904,-27.918116313415936]]]},"properties":{"fmt_tenid":"M 38/1270","type":"MINING LEASE","tenstatus":"LIVE","holder1":"REGIS RESOURCES LIMITED","holder2":" ","legal_area":1540.5,"unit_of_me":"HA.","_colour":"#f5a520","_label":"Mining Lease"}},{"type":"Feature","geometry":{"type":"Polygon","coordinates":[[[122.38542795698942,-27.91533279221126],[122.38542058597704,-27.928880407635578],[122.3854131413246,-27.94255620449623],[122.39555728537245,-27.942506580583643],[122.39554616197807,-27.928777868334667],[122.39553506938637,-27.91538343865072],[122.38542795698942,-27.91533279221126]]]},"properties":{"fmt_tenid":"M 38/1277","type":"MINING LEASE","tenstatus":"LIVE","holder1":"REGIS RESOURCES LIMITED","holder2":" ","legal_area":300.15,"unit_of_me":"HA.","_colour":"#f5a520","_label":"Mining Lease"}},{"type":"Feature","geometry":{"type":"Polygon","coordinates":[[[122.40745918655952,-28.51666692380404],[122.41663847078365,-28.516663750997854],[122.41666665703346,-28.515244820217934],[122.41807380115114,-28.515331432135213],[122.41808328575166,-28.50172410393388],[122.41664051671555,-28.50163513799612],[122.41664522155084,-28.48336524788788],[122.4000184447799,-28.483368165020593],[122.4000073077753,-28.499933953993654],[122.40000572085945,-28.502296697337005],[122.3999941125458,-28.519553224716155],[122.40221759297258,-28.519627556857355],[122.40732157899505,-28.51979780817381],[122.40745918655952,-28.51666692380404]]]},"properties":{"fmt_tenid":"M 38/1291","type":"MINING LEASE","tenstatus":"LIVE","holder1":"REGIS RESOURCES LIMITED","holder2":" ","legal_area":646.515,"unit_of_me":"HA.","_colour":"#f5a520","_label":"Mining Lease"}},{"type":"Feature","geometry":{"type":"Polygon","coordinates":[[[122.38699770321739,-28.167787097016003],[122.38246708597003,-28.150459777028146],[122.37969470109553,-28.141555179868302],[122.36928219676385,-28.146845099540126],[122.34962805125492,-28.151537179540398],[122.35457537119969,-28.169685167224916],[122.35912572664319,-28.18636279100163],[122.36667027147969,-28.18467216074871],[122.3726306648341,-28.183336186120595],[122.37264338075482,-28.183333335182333],[122.3833333381337,-28.183333328329507],[122.39017037587355,-28.179174051362857],[122.38766333358753,-28.170009219934162],[122.38722626242361,-28.16778289307366],[122.38699770321739,-28.167787097016003]]]},"properties":{"fmt_tenid":"M 38/1297","type":"MINING LEASE","tenstatus":"LIVE","holder1":"REGIS RESOURCES LIMITED","holder2":" ","legal_area":1297.7025700000002,"unit_of_me":"HA.","_colour":"#f5a520","_label":"Mining Lease"}},{"type":"Feature","geometry":{"type":"Polygon","coordinates":[[[122.37383952597526,-28.2159849858677],[122.39061245727508,-28.20889798639844],[122.38585489691536,-28.200018934677278],[122.38330954181845,-28.20000636914232],[122.38330262110004,-28.183340375319947],[122.3726306648341,-28.183336186120595],[122.36667027147969,-28.18467216074871],[122.36667307535281,-28.20001337182584],[122.36526602689727,-28.200016774797813],[122.37383952597526,-28.2159849858677]]]},"properties":{"fmt_tenid":"M 38/1299","type":"MINING LEASE","tenstatus":"LIVE","holder1":"REGIS RESOURCES LIMITED","holder2":" ","legal_area":576.0655,"unit_of_me":"HA.","_colour":"#f5a520","_label":"Mining Lease"}},{"type":"Feature","geometry":{"type":"Polygon","coordinates":[[[122.33333333287665,-27.982041548175495],[122.33333333304333,-27.983333332504227],[122.34282268561549,-27.98333333291746],[122.34283072036605,-27.982016389582043],[122.33529289965512,-27.982044450461583],[122.33333333287665,-27.982041548175495]]]},"properties":{"fmt_tenid":"M 38/1301","type":"MINING LEASE","tenstatus":"LIVE","holder1":"REGIS RESOURCES LIMITED","holder2":" ","legal_area":13.44886,"unit_of_me":"HA.","_colour":"#f5a520","_label":"Mining Lease"}},{"type":"Feature","geometry":{"type":"Polygon","coordinates":[[[122.39424536138023,-28.148671643629743],[122.39459437002593,-28.15180549342671],[122.39081500841425,-28.151960250178295],[122.39204328039051,-28.16529829650363],[122.40140872863677,-28.165338632891363],[122.40140849071774,-28.14867180286384],[122.39424536138023,-28.148671643629743]]]},"properties":{"fmt_tenid":"M 38/1304","type":"MINING LEASE","tenstatus":"LIVE","holder1":"REGIS RESOURCES LIMITED","holder2":" ","legal_area":170.27351000000002,"unit_of_me":"HA.","_colour":"#f5a520","_label":"Mining Lease"}},{"type":"Feature","geometry":{"type":"Polygon","coordinates":[[[122.2490601235491,-27.612434231868317],[122.23256248622455,-27.6123439732298],[122.23239591155779,-27.636229350745467],[122.24905930360845,-27.63632057890048],[122.2490601235491,-27.612434231868317]]]},"properties":{"fmt_tenid":"M 38/1305","type":"MINING LEASE","tenstatus":"LIVE","holder1":"REGIS RESOURCES LIMITED","holder2":" ","legal_area":432.88561,"unit_of_me":"HA.","_colour":"#f5a520","_label":"Mining Lease"}},{"type":"Feature","geometry":{"type":"Polygon","coordinates":[[[122.38576913498977,-28.141577555880126],[122.38456433696615,-28.123756001677837],[122.37504660607317,-28.12387301947415],[122.37838317760722,-28.13734219738045],[122.38246708597003,-28.150459777028146],[122.38699770321739,-28.167787097016003],[122.38722626242361,-28.16778289307366],[122.38766333358753,-28.170009219934162],[122.39243377148557,-28.16934382585688],[122.39507657341255,-28.16918853841914],[122.39573469615533,-28.183489687057477],[122.39529204782389,-28.183515677953395],[122.39591423600118,-28.197039508904872],[122.39882322631757,-28.19686887655478],[122.39906093250674,-28.19685493060797],[122.40404279246718,-28.19656255372353],[122.40342023490068,-28.183038188867414],[122.40314761202734,-28.17711470093274],[122.40276209526036,-28.16873714608181],[122.40058017356314,-28.168865292605634],[122.4003161846768,-28.16533392761301],[122.39204328039051,-28.16529829650363],[122.39081500841425,-28.151960250178295],[122.39459437002593,-28.15180549342671],[122.39424536138023,-28.148671643629743],[122.39907070034397,-28.14867175113468],[122.39896874989194,-28.14730768867157],[122.3989583330501,-28.147168305726463],[122.39879452453609,-28.14497628158948],[122.3985613190722,-28.141855352818663],[122.39043791962251,-28.142329530107386],[122.38576913498977,-28.141577555880126]]]},"properties":{"fmt_tenid":"M 38/160","type":"MINING LEASE","tenstatus":"LIVE","holder1":"REGIS RESOURCES LIMITED","holder2":" ","legal_area":725.60747,"unit_of_me":"HA.","_colour":"#f5a520","_label":"Mining Lease"}},{"type":"Feature","geometry":{"type":"Polygon","coordinates":[[[122.27372646057668,-27.85265531480269],[122.27514212293939,-27.85535514054265],[122.27681729979469,-27.858549885477714],[122.27750527254214,-27.859861884427133],[122.27897769717588,-27.865400590536318],[122.27956116010647,-27.867594942544674],[122.27991807881392,-27.868979857543795],[122.28189004518194,-27.87643095150035],[122.28352557829115,-27.88261006761399],[122.28422861520136,-27.88526597130384],[122.2865682928635,-27.8941038115061],[122.28890783738365,-27.902939671959114],[122.29124744386696,-27.911774276496498],[122.29243222874516,-27.916247600051364],[122.2949872856732,-27.916321931602383],[122.30511471328039,-27.916626070120255],[122.30374985472376,-27.911498117368758],[122.30316202122953,-27.909281052304767],[122.30193826224381,-27.904665259251647],[122.30081973312518,-27.900446032029073],[122.30012546671863,-27.897826994800756],[122.29847798472821,-27.891611483765555],[122.298315301523,-27.8909976872564],[122.2964981822876,-27.88414130541351],[122.29613621099718,-27.88277540502603],[122.29468561177944,-27.877301216495347],[122.29379497398929,-27.87393990102316],[122.29286862313312,-27.870443578621682],[122.29247744131956,-27.868967074048072],[122.2914544328482,-27.865105552770487],[122.28344967988275,-27.86678029113322],[122.28077257505988,-27.85885442939549],[122.27777444025052,-27.85097082440916],[122.27372646057668,-27.85265531480269]],[[122.2890881818346,-27.874810146462806],[122.29177889591557,-27.87430375064449],[122.29178528292907,-27.874360499621698],[122.29220883381824,-27.87812351311187],[122.28964859068554,-27.878162865037158],[122.2890881818346,-27.874810146462806]]]},"properties":{"fmt_tenid":"M 38/237","type":"MINING LEASE","tenstatus":"LIVE","holder1":"DUKETON RESOURCES PTY LTD","holder2":"REGIS RESOURCES LIMITED","legal_area":744.45,"unit_of_me":"HA.","_colour":"#f5a520","_label":"Mining Lease"}},{"type":"Feature","geometry":{"type":"Polygon","coordinates":[[[122.27777444025052,-27.85097082440916],[122.28077257505988,-27.85885442939549],[122.28344967988275,-27.86678029113322],[122.2914544328482,-27.865105552770487],[122.2910547156238,-27.863596675005216],[122.2891168918053,-27.856281055764136],[122.2847949342387,-27.848056266621356],[122.27777444025052,-27.85097082440916]]]},"properties":{"fmt_tenid":"M 38/250","type":"MINING LEASE","tenstatus":"LIVE","holder1":"DUKETON RESOURCES PTY LTD","holder2":"REGIS RESOURCES LIMITED","legal_area":159,"unit_of_me":"HA.","_colour":"#f5a520","_label":"Mining Lease"}},{"type":"Feature","geometry":{"type":"Polygon","coordinates":[[[122.36165697683788,-28.062952052452427],[122.36204994317899,-28.076537901709266],[122.3622330943911,-28.08286872371092],[122.36244307138845,-28.090126071802842],[122.37060571894196,-28.08994015149863],[122.37379324993893,-28.089867417885316],[122.37877281997868,-28.089753645147137],[122.37848351249748,-28.079795701097495],[122.37837807494068,-28.076166150677583],[122.3779833936096,-28.062578158959226],[122.37760002839808,-28.049451954718],[122.37212050426558,-28.049575684846996],[122.36944251348086,-28.049636207244163],[122.36807422451302,-28.04966710842517],[122.36128014390819,-28.049820167358206],[122.36165697683788,-28.062952052452427]]]},"properties":{"fmt_tenid":"M 38/262","type":"MINING LEASE","tenstatus":"LIVE","holder1":"DUKETON RESOURCES PTY LTD","holder2":"REGIS RESOURCES LIMITED","legal_area":717.45,"unit_of_me":"HA.","_colour":"#f5a520","_label":"Mining Lease"}},{"type":"Feature","geometry":{"type":"Polygon","coordinates":[[[122.34480290624191,-27.916666976577996],[122.3447832274678,-27.928878953159767],[122.34477811975471,-27.932041814309844],[122.34475898556975,-27.94323099887206],[122.35540768352367,-27.943271878829496],[122.3650761076047,-27.943011794765333],[122.36508704481321,-27.931457380120932],[122.36510230090906,-27.915336428541437],[122.35433898044366,-27.91533655851897],[122.34480505021729,-27.91533636705942],[122.34480290624191,-27.916666976577996]]]},"properties":{"fmt_tenid":"M 38/283","type":"MINING LEASE","tenstatus":"LIVE","holder1":"DUKETON RESOURCES PTY LTD","holder2":"REGIS RESOURCES LIMITED","legal_area":617.25,"unit_of_me":"HA.","_colour":"#f5a520","_label":"Mining Lease"}},{"type":"Feature","geometry":{"type":"Polygon","coordinates":[[[122.3650761076047,-27.943011794765333],[122.35540768352367,-27.943271878829496],[122.35499974588261,-27.94611559064766],[122.35363105104915,-27.955653585033485],[122.35499305586613,-27.955642750575727],[122.3637507902163,-27.95557290486273],[122.3644990644193,-27.966332932022887],[122.38384950912065,-27.966362182429997],[122.38388156610392,-27.9552726892387],[122.38528225117969,-27.955320882282003],[122.38440725563801,-27.942489450490616],[122.3650761076047,-27.943011794765333]]]},"properties":{"fmt_tenid":"M 38/292","type":"MINING LEASE","tenstatus":"LIVE","holder1":"DUKETON RESOURCES PTY LTD","holder2":"REGIS RESOURCES LIMITED","legal_area":651.65,"unit_of_me":"HA.","_colour":"#f5a520","_label":"Mining Lease"}},{"type":"Feature","geometry":{"type":"Polygon","coordinates":[[[122.33743854314326,-27.699238971680906],[122.33730721127182,-27.713010103477846],[122.35346926630214,-27.712941466798814],[122.35471007022008,-27.65870354203934],[122.35142038143816,-27.658585076178646],[122.35038309482132,-27.658547705537774],[122.33782929517174,-27.658094822424893],[122.33743854314326,-27.699238971680906]]]},"properties":{"fmt_tenid":"M 38/302","type":"MINING LEASE","tenstatus":"LIVE","holder1":"REGIS RESOURCES LIMITED","holder2":" ","legal_area":986,"unit_of_me":"HA.","_colour":"#f5a520","_label":"Mining Lease"}},{"type":"Feature","geometry":{"type":"Polygon","coordinates":[[[122.33611180997495,-27.753312899118878],[122.33609499977115,-27.76518265389465],[122.33609326815169,-27.76640549777093],[122.35381734168101,-27.7663614182264],[122.35346926630214,-27.712941466798814],[122.33730721127182,-27.713010103477846],[122.33730843952918,-27.738026771411043],[122.33613351913466,-27.73796308872444],[122.33611180997495,-27.753312899118878]]]},"properties":{"fmt_tenid":"M 38/303","type":"MINING LEASE","tenstatus":"LIVE","holder1":"DUKETON RESOURCES PTY LTD","holder2":"REGIS RESOURCES LIMITED","legal_area":990.4,"unit_of_me":"HA.","_colour":"#f5a520","_label":"Mining Lease"}},{"type":"Feature","geometry":{"type":"Polygon","coordinates":[[[122.32484850028037,-27.66124422893014],[122.32456641127511,-27.676218722173477],[122.32422552528897,-27.699100408693138],[122.33743854314326,-27.699238971680906],[122.33782929517174,-27.658094822424893],[122.32489093697723,-27.65866015674008],[122.32484850028037,-27.66124422893014]]]},"properties":{"fmt_tenid":"M 38/316","type":"MINING LEASE","tenstatus":"LIVE","holder1":"DUKETON RESOURCES PTY LTD","holder2":"REGIS RESOURCES LIMITED","legal_area":583,"unit_of_me":"HA.","_colour":"#f5a520","_label":"Mining Lease"}},{"type":"Feature","geometry":{"type":"Polygon","coordinates":[[[122.32389525235544,-27.724644881224044],[122.3270844451293,-27.72452350750577],[122.32682620842475,-27.737605111694354],[122.33613351913466,-27.73796308872444],[122.33730843952918,-27.738026771411043],[122.33730721127182,-27.713010103477846],[122.33743854314326,-27.699238971680906],[122.32422552528897,-27.699100408693138],[122.32389525235544,-27.724644881224044]]]},"properties":{"fmt_tenid":"M 38/317","type":"MINING LEASE","tenstatus":"LIVE","holder1":"DUKETON RESOURCES PTY LTD","holder2":"REGIS RESOURCES LIMITED","legal_area":518.6,"unit_of_me":"HA.","_colour":"#f5a520","_label":"Mining Lease"}},{"type":"Feature","geometry":{"type":"Polygon","coordinates":[[[122.2890881818346,-27.874810146462806],[122.28964859068554,-27.878162865037158],[122.29220883381824,-27.87812351311187],[122.29178528292907,-27.874360499621698],[122.29177889591557,-27.87430375064449],[122.2890881818346,-27.874810146462806]]]},"properties":{"fmt_tenid":"M 38/319","type":"MINING LEASE","tenstatus":"LIVE","holder1":"DUKETON RESOURCES PTY LTD","holder2":"REGIS RESOURCES LIMITED","legal_area":10.42,"unit_of_me":"HA.","_colour":"#f5a520","_label":"Mining Lease"}},{"type":"Feature","geometry":{"type":"Polygon","coordinates":[[[122.37681326528069,-28.022274961380344],[122.3764186624832,-28.008679936507914],[122.37602432826827,-27.99508935735672],[122.3742755402726,-27.995129444388915],[122.36787534109943,-27.995275965598324],[122.36826703171913,-28.008866360362283],[122.3686600440704,-28.022460067611902],[122.37681326528069,-28.022274961380344]]]},"properties":{"fmt_tenid":"M 38/341","type":"MINING LEASE","tenstatus":"LIVE","holder1":"DUKETON RESOURCES PTY LTD","holder2":"REGIS RESOURCES LIMITED","legal_area":241.65,"unit_of_me":"HA.","_colour":"#f5a520","_label":"Mining Lease"}},{"type":"Feature","geometry":{"type":"Polygon","coordinates":[[[122.2498501937687,-27.807036979629945],[122.26020898896715,-27.826866996788635],[122.26656226410705,-27.83902495532328],[122.2690093525739,-27.843678220761163],[122.26940276955706,-27.844426282347055],[122.2722961513486,-27.84992754028925],[122.27372646057668,-27.85265531480269],[122.27777444025052,-27.85097082440916],[122.2847949342387,-27.848056266621356],[122.2891168918053,-27.856281055764136],[122.28980193694181,-27.856561629697065],[122.28813809093943,-27.84999296641171],[122.28801861966828,-27.84952082757563],[122.28611387108222,-27.842000826472017],[122.28488631777398,-27.834861167462837],[122.28462233507923,-27.833325243280324],[122.28366268376152,-27.827744413880637],[122.27855193895253,-27.82844053880882],[122.27449260593175,-27.828444693835444],[122.27195642197182,-27.823614498148448],[122.26561117719737,-27.811546832319355],[122.26328651688539,-27.807123672050608],[122.2498501937687,-27.807036979629945]]]},"properties":{"fmt_tenid":"M 38/343","type":"MINING LEASE","tenstatus":"LIVE","holder1":"DUKETON RESOURCES PTY LTD","holder2":"REGIS RESOURCES LIMITED","legal_area":779.75,"unit_of_me":"HA.","_colour":"#f5a520","_label":"Mining Lease"}},{"type":"Feature","geometry":{"type":"Polygon","coordinates":[[[122.29916439075691,-27.933544608115835],[122.2961797161868,-27.9341245723207],[122.29974770682412,-27.947187396262585],[122.29999999562007,-27.94712998125239],[122.30462319249092,-27.946077746304894],[122.30725324555114,-27.95613463969682],[122.31001059120204,-27.966676151589613],[122.31694305608579,-27.99316981584888],[122.32445606130294,-28.01769489668934],[122.3291095569156,-28.016588561408884],[122.32494911625574,-27.99143493502234],[122.32471614772777,-27.99055686848383],[122.32245279773046,-27.9820254149431],[122.32096669151917,-27.976422962956914],[122.31721828552472,-27.962289266709085],[122.31674973947364,-27.960522302666575],[122.31487552337049,-27.953453765278418],[122.31347021421814,-27.948153078241972],[122.31219027345094,-27.94332480687445],[122.31206507672418,-27.942852511119867],[122.31019164575196,-27.935784595790242],[122.30972350874056,-27.93401830470687],[122.3078505182128,-27.92695087823573],[122.30597772102472,-27.919883241580525],[122.30556671462588,-27.918332043313942],[122.30550955570904,-27.918116313415936],[122.30511471328039,-27.916626070120255],[122.2949872856732,-27.916321931602383],[122.29916439075691,-27.933544608115835]]]},"properties":{"fmt_tenid":"M 38/344","type":"MINING LEASE","tenstatus":"LIVE","holder1":"DUKETON RESOURCES PTY LTD","holder2":"REGIS RESOURCES LIMITED","legal_area":980.45,"unit_of_me":"HA.","_colour":"#f5a520","_label":"Mining Lease"}},{"type":"Feature","geometry":{"type":"Polygon","coordinates":[[[122.33067178358064,-27.86401654397882],[122.33448523058433,-27.881077034061075],[122.33552731939488,-27.885737211585127],[122.33608976406018,-27.888253166283246],[122.33832268061647,-27.89823709192296],[122.34214772099604,-27.915336206343817],[122.34480505021729,-27.91533636705942],[122.35433898044366,-27.91533655851897],[122.35041898870747,-27.89776729876588],[122.34712767713111,-27.88301166027379],[122.34348291943569,-27.866666682901517],[122.34315756199163,-27.865336475350016],[122.34286995054458,-27.863982180830615],[122.33067178358064,-27.86401654397882]]]},"properties":{"fmt_tenid":"M 38/352","type":"MINING LEASE","tenstatus":"LIVE","holder1":"DUKETON RESOURCES PTY LTD","holder2":"REGIS RESOURCES LIMITED","legal_area":683.75,"unit_of_me":"HA.","_colour":"#f5a520","_label":"Mining Lease"}},{"type":"Feature","geometry":{"type":"Polygon","coordinates":[[[122.33782929517174,-27.658094822424893],[122.35038309482132,-27.658547705537774],[122.34985988256143,-27.642825028016563],[122.34938567669315,-27.62856949076303],[122.33805894262888,-27.628559723715448],[122.33782929517174,-27.658094822424893]]]},"properties":{"fmt_tenid":"M 38/354","type":"MINING LEASE","tenstatus":"LIVE","holder1":"DUKETON RESOURCES PTY LTD","holder2":"REGIS RESOURCES LIMITED","legal_area":388.45,"unit_of_me":"HA.","_colour":"#f5a520","_label":"Mining Lease"}},{"type":"Feature","geometry":{"type":"Polygon","coordinates":[[[122.34457394932862,-27.94620210692327],[122.33612758838356,-27.965674771301806],[122.33871354673566,-27.965682808472547],[122.34090632749079,-27.965465369732154],[122.34129549016083,-27.96542658377761],[122.34147899988515,-27.967296332841364],[122.34087308288021,-27.967362397759487],[122.33886306056627,-27.967581571483727],[122.3361870502044,-27.967857019115677],[122.33530593440479,-27.977692996710413],[122.34285509665898,-27.977990994613133],[122.342830716366,-27.982016391582018],[122.34281409681303,-27.984740801207117],[122.34444560038374,-27.984344015652795],[122.34726213218299,-27.993542410141195],[122.34524774212231,-27.994030408956387],[122.34995554825889,-27.993983327165996],[122.35035887017425,-27.97722425267985],[122.35063257246081,-27.965846081191877],[122.35457905598948,-27.96592881181601],[122.35499305586613,-27.955642750575727],[122.35363105104915,-27.955653585033485],[122.35499974588261,-27.94611559064766],[122.34457394932862,-27.94620210692327]]]},"properties":{"fmt_tenid":"M 38/407","type":"MINING LEASE","tenstatus":"LIVE","holder1":"DUKETON RESOURCES PTY LTD","holder2":"REGIS RESOURCES LIMITED","legal_area":583.8,"unit_of_me":"HA.","_colour":"#f5a520","_label":"Mining Lease"}},{"type":"Feature","geometry":{"type":"Polygon","coordinates":[[[122.08957224850785,-27.600173922134765],[122.10050853709376,-27.612872433421025],[122.11257258776995,-27.62687601525476],[122.12743040680073,-27.616563808298224],[122.1408849331794,-27.607222482902205],[122.12943288851677,-27.594643848533167],[122.10613347115174,-27.6113773942432],[122.09340886891644,-27.597379108146317],[122.08957224850785,-27.600173922134765]]]},"properties":{"fmt_tenid":"M 38/413","type":"MINING LEASE","tenstatus":"LIVE","holder1":"REGIS RESOURCES LIMITED","holder2":" ","legal_area":724.25,"unit_of_me":"HA.","_colour":"#f5a520","_label":"Mining Lease"}},{"type":"Feature","geometry":{"type":"Polygon","coordinates":[[[122.12743040680073,-27.616563808298224],[122.11257258776995,-27.62687601525476],[122.12965928433343,-27.644499688341643],[122.14302690440684,-27.63483254010342],[122.15691289626007,-27.624787283234312],[122.1408849331794,-27.607222482902205],[122.12743040680073,-27.616563808298224]]]},"properties":{"fmt_tenid":"M 38/414","type":"MINING LEASE","tenstatus":"LIVE","holder1":"REGIS RESOURCES LIMITED","holder2":" ","legal_area":891.2,"unit_of_me":"HA.","_colour":"#f5a520","_label":"Mining Lease"}},{"type":"Feature","geometry":{"type":"Polygon","coordinates":[[[122.14302690440684,-27.63483254010342],[122.12965928433343,-27.644499688341643],[122.14126535881468,-27.657171647946157],[122.15239450407408,-27.669319262852422],[122.1720152547189,-27.655167600316776],[122.1524134447384,-27.634467324652732],[122.16075536485408,-27.628451001586644],[122.15691289626007,-27.624787283234312],[122.14302690440684,-27.63483254010342]]]},"properties":{"fmt_tenid":"M 38/415","type":"MINING LEASE","tenstatus":"LIVE","holder1":"REGIS RESOURCES LIMITED","holder2":" ","legal_area":932.45,"unit_of_me":"HA.","_colour":"#f5a520","_label":"Mining Lease"}},{"type":"Feature","geometry":{"type":"Polygon","coordinates":[[[122.34281409681303,-27.984740801207117],[122.335082633476,-27.986619835066513],[122.3374398936939,-27.995921486588614],[122.34524774212231,-27.994030408956387],[122.34726213218299,-27.993542410141195],[122.34444560038374,-27.984344015652795],[122.34281409681303,-27.984740801207117]]]},"properties":{"fmt_tenid":"M 38/488","type":"MINING LEASE","tenstatus":"LIVE","holder1":"DUKETON RESOURCES PTY LTD","holder2":"REGIS RESOURCES LIMITED","legal_area":103.3,"unit_of_me":"HA.","_colour":"#f5a520","_label":"Mining Lease"}},{"type":"Feature","geometry":{"type":"Polygon","coordinates":[[[122.35140549484886,-27.579921677863393],[122.33474232213185,-27.579921261700118],[122.33473867860897,-27.581994206651807],[122.33470348939916,-27.602064593710523],[122.3752506405096,-27.602012954668403],[122.37525063014718,-27.598665227025965],[122.37525051668977,-27.581991109938333],[122.37525049457365,-27.579918867390766],[122.35140549484886,-27.579921677863393]]]},"properties":{"fmt_tenid":"M 38/498","type":"MINING LEASE","tenstatus":"LIVE","holder1":"DUKETON RESOURCES PTY LTD","holder2":"REGIS RESOURCES LIMITED","legal_area":980.8,"unit_of_me":"HA.","_colour":"#f5a520","_label":"Mining Lease"}},{"type":"Feature","geometry":{"type":"Polygon","coordinates":[[[122.33470348939916,-27.602064593710523],[122.33474401329042,-27.618440706400076],[122.36580211056696,-27.618440222321418],[122.37525065782407,-27.618423174686487],[122.3752506405096,-27.602012954668403],[122.33470348939916,-27.602064593710523]]]},"properties":{"fmt_tenid":"M 38/499","type":"MINING LEASE","tenstatus":"LIVE","holder1":"DUKETON RESOURCES PTY LTD","holder2":"REGIS RESOURCES LIMITED","legal_area":726.95,"unit_of_me":"HA.","_colour":"#f5a520","_label":"Mining Lease"}},{"type":"Feature","geometry":{"type":"Polygon","coordinates":[[[122.33474401329042,-27.618440706400076],[122.33474520940327,-27.626580822063],[122.34985906749752,-27.626580183232235],[122.34985988256143,-27.642825028016563],[122.35151427711399,-27.64282557449164],[122.36579881449532,-27.642829481506055],[122.36580179703137,-27.620770880840553],[122.36580211056696,-27.618440222321418],[122.33474401329042,-27.618440706400076]]]},"properties":{"fmt_tenid":"M 38/500","type":"MINING LEASE","tenstatus":"LIVE","holder1":"DUKETON RESOURCES PTY LTD","holder2":"REGIS RESOURCES LIMITED","legal_area":559.7,"unit_of_me":"HA.","_colour":"#f5a520","_label":"Mining Lease"}},{"type":"Feature","geometry":{"type":"Polygon","coordinates":[[[122.38326468328087,-27.733838387727694],[122.38328395518148,-27.749999999375042],[122.40993776316124,-27.74999999634706],[122.40983944233031,-27.733877465855066],[122.38326468328087,-27.733838387727694]]]},"properties":{"fmt_tenid":"M 38/515","type":"MINING LEASE","tenstatus":"LIVE","holder1":"DUKETON RESOURCES PTY LTD","holder2":"REGIS RESOURCES LIMITED","legal_area":469.45,"unit_of_me":"HA.","_colour":"#f5a520","_label":"Mining Lease"}},{"type":"Feature","geometry":{"type":"Polygon","coordinates":[[[122.37548419696773,-27.973607065644597],[122.37547001926957,-27.975786306632486],[122.37751426514149,-27.975796781767983],[122.37752841280884,-27.973617530775208],[122.37548419696773,-27.973607065644597]]]},"properties":{"fmt_tenid":"M 38/630","type":"MINING LEASE","tenstatus":"LIVE","holder1":"DUKETON RESOURCES PTY LTD","holder2":"REGIS RESOURCES LIMITED","legal_area":4.8585,"unit_of_me":"HA.","_colour":"#f5a520","_label":"Mining Lease"}},{"type":"Feature","geometry":{"type":"Polygon","coordinates":[[[122.34090632749079,-27.965465369732154],[122.33871354673566,-27.965682808472547],[122.33612758838356,-27.965674771301806],[122.3361870502044,-27.967857019115677],[122.33886306056627,-27.967581571483727],[122.34087308288021,-27.967362397759487],[122.34147899988515,-27.967296332841364],[122.34129549016083,-27.96542658377761],[122.34090632749079,-27.965465369732154]]]},"properties":{"fmt_tenid":"M 38/802","type":"MINING LEASE","tenstatus":"LIVE","holder1":"REGIS RESOURCES LIMITED","holder2":" ","legal_area":11.26,"unit_of_me":"HA.","_colour":"#f5a520","_label":"Mining Lease"}},{"type":"Feature","geometry":{"type":"Polygon","coordinates":[[[122.36580211056696,-27.618440222321418],[122.36580179703137,-27.620770880840553],[122.37524871702878,-27.62067360262382],[122.37525065782407,-27.618423174686487],[122.36580211056696,-27.618440222321418]]]},"properties":{"fmt_tenid":"M 38/837","type":"MINING LEASE","tenstatus":"LIVE","holder1":"DUKETON RESOURCES PTY LTD","holder2":"REGIS RESOURCES LIMITED","legal_area":23.67,"unit_of_me":"HA.","_colour":"#f5a520","_label":"Mining Lease"}},{"type":"Feature","geometry":{"type":"Polygon","coordinates":[[[122.37525063014718,-27.598665227025965],[122.3752506405096,-27.602012954668403],[122.37525065782407,-27.618423174686487],[122.37524871702878,-27.62067360262382],[122.375249368929,-27.629827508366038],[122.37525072272288,-27.64885796422726],[122.38473877913633,-27.648578772967817],[122.4013765068327,-27.64871435401089],[122.40141306508377,-27.631974646013884],[122.38473016782304,-27.63196501686615],[122.38471358343642,-27.615381009821824],[122.38469685706126,-27.598653307314546],[122.37525063014718,-27.598665227025965]]]},"properties":{"fmt_tenid":"M 38/939","type":"MINING LEASE","tenstatus":"LIVE","holder1":"DUKETON RESOURCES PTY LTD","holder2":"REGIS RESOURCES LIMITED","legal_area":822.4,"unit_of_me":"HA.","_colour":"#f5a520","_label":"Mining Lease"}},{"type":"Feature","geometry":{"type":"Polygon","coordinates":[[[122.4013765068327,-27.64871435401089],[122.38473877913633,-27.648578772967817],[122.38482344111942,-27.665142459544136],[122.40139761188034,-27.665387254226147],[122.40136487688945,-27.686371216033777],[122.41811268775615,-27.686359401465968],[122.41810093228578,-27.66527126746632],[122.41809165153548,-27.648618638265212],[122.4013765068327,-27.64871435401089]]]},"properties":{"fmt_tenid":"M 38/940","type":"MINING LEASE","tenstatus":"LIVE","holder1":"DUKETON RESOURCES PTY LTD","holder2":"REGIS RESOURCES LIMITED","legal_area":990.8,"unit_of_me":"HA.","_colour":"#f5a520","_label":"Mining Lease"}},{"type":"Feature","geometry":{"type":"Polygon","coordinates":[[[122.36807161599779,-27.548621779953496],[122.36807208887376,-27.565324248667928],[122.35145660343997,-27.565325459642537],[122.35140549484886,-27.579921677863393],[122.37525049457365,-27.579918867390766],[122.37525051668977,-27.581991109938333],[122.38461645752704,-27.58193684806637],[122.38471126744047,-27.565412993700853],[122.38480666395131,-27.548780628803968],[122.36807161599779,-27.548621779953496]]]},"properties":{"fmt_tenid":"M 38/943","type":"MINING LEASE","tenstatus":"LIVE","holder1":"REGIS RESOURCES LIMITED","holder2":" ","legal_area":855.45,"unit_of_me":"HA.","_colour":"#f5a520","_label":"Mining Lease"}}]}