{"type":"FeatureCollection","_source":"Multi-state Australian tenement registry","_holders":["ALCOA OF AUSTRALIA LTD"],"_ticker":"S32.AX","features":[{"type":"Feature","geometry":{"type":"Polygon","coordinates":[[[114.07837885206975,-21.969139442018566],[114.07588383138753,-21.975241933786876],[114.07573847791174,-21.982038728393672],[114.07570324638637,-21.98361476833745],[114.07283474937958,-21.99194107658007],[114.08467419926895,-21.994374870473774],[114.08603994720808,-21.994663629880254],[114.08637447253025,-21.993247015745936],[114.09356976285062,-21.99475723661209],[114.09659134296633,-21.98004775761406],[114.08976941580316,-21.97927725463473],[114.09261353084035,-21.972294250969043],[114.07837885206975,-21.969139442018566]]]},"properties":{"fmt_tenid":"M 08/6","type":"MINING LEASE","tenstatus":"LIVE","holder1":"ALCOA OF AUSTRALIA LTD","holder2":" ","legal_area":484,"unit_of_me":"HA.","_colour":"#f5a520","_label":"Mining Lease"}},{"type":"Feature","geometry":{"type":"Polygon","coordinates":[[[126.06737809617385,-13.942198760884219],[126.06786679813486,-13.942563532635914],[126.06840802498546,-13.942644141931316],[126.06864236857763,-13.942715152798394],[126.06881352811577,-13.943115095306958],[126.07652790446676,-13.943936451348106],[126.07652937133369,-13.943775977974495],[126.07645930921066,-13.943729527213705],[126.07613141676511,-13.943611698568676],[126.07578014264602,-13.94347082900341],[126.07540567284919,-13.94330683052281],[126.07500723601056,-13.943188334275849],[126.0745868742148,-13.942909262842722],[126.0744480256668,-13.94267864410265],[126.07424038769477,-13.942263949379958],[126.07410153913321,-13.942033419669203],[126.0738456638372,-13.94175578549926],[126.07366072514945,-13.941433122896065],[126.07361737557902,-13.9410428924314],[126.07362108559678,-13.940653135716543],[126.07388613792406,-13.93996785101693],[126.07407693385368,-13.93967156340163],[126.07433700346519,-13.939513566637109],[126.07468993367277,-13.939471026557946],[126.07518649512765,-13.939154751097606],[126.07561299445392,-13.938792021888746],[126.07608714177327,-13.93836086419725],[126.07634955179536,-13.937950642737448],[126.07661059909034,-13.93767795456477],[126.07705862818348,-13.937521761519047],[126.07757652031513,-13.937434956199382],[126.07819106918176,-13.937073936577127],[126.07885444084138,-13.936507040026301],[126.07928287851719,-13.935937863812534],[126.07973313999815,-13.935552379896675],[126.08015807179589,-13.935350021931043],[126.08074709137186,-13.935195059931957],[126.08117230933254,-13.934969852621068],[126.0817151417041,-13.934722753648721],[126.08221100552655,-13.934475270828159],[126.08265970583886,-13.934250253138154],[126.08291956973392,-13.934115093146161],[126.08303727587527,-13.934093291644551],[126.08350878032644,-13.93393727470046],[126.0839568000016,-13.933780975833017],[126.08468593499498,-13.933719080565805],[126.08517751994148,-13.933930075160767],[126.08571607347079,-13.934141539588182],[126.08597244289093,-13.934373199302492],[126.08615953164833,-13.934466658421764],[126.08665179824962,-13.934608927185952],[126.08705110641606,-13.93463556242649],[126.08752173605176,-13.9345712883843],[126.08834751926747,-13.934235162792728],[126.08879641225657,-13.93398710279233],[126.08955291045223,-13.93351277430766],[126.09002663569547,-13.933127456027414],[126.09047852845897,-13.932558532712168],[126.09060117438536,-13.932009427919324],[126.09072188311407,-13.931666583189715],[126.0911492213162,-13.931212066835673],[126.09126740775987,-13.931144386199842],[126.09166729460762,-13.93110228813453],[126.09187921951234,-13.931058487023456],[126.09190299242266,-13.93103573988715],[126.09214188390199,-13.930625303379422],[126.0923106209244,-13.930168328168623],[126.09266334615889,-13.930148695281526],[126.09348649810164,-13.930087711851655],[126.09369871119796,-13.930020880654403],[126.09402853477614,-13.929932241798399],[126.09417000919264,-13.929887777991382],[126.0943111965497,-13.929866161209347],[126.0946643099887,-13.929800649234036],[126.09501838475667,-13.929643476250186],[126.0953259822815,-13.92941710838555],[126.09570586019343,-13.929007986425427],[126.09615840573875,-13.928370233359951],[126.09649257052541,-13.927823102280627],[126.09689853269427,-13.927139091232611],[126.0971854417747,-13.926614425204416],[126.0972874910238,-13.926468029243413],[126.0976608795565,-13.926045671525202],[126.09797020631,-13.925635884739298],[126.09808983790681,-13.925407722771775],[126.09832890805258,-13.924974246877794],[126.09856671967627,-13.924678490118925],[126.09904032314665,-13.924293145805017],[126.0991821821974,-13.924202711037998],[126.09979812109496,-13.92368114401066],[126.09989301329787,-13.923590330162074],[126.10048373158503,-13.923251896277572],[126.10093239872205,-13.923026834176628],[126.10152263897221,-13.922734274403313],[126.10208920224733,-13.922464461629033],[126.10263141516081,-13.922286120860061],[126.10319797659386,-13.922016306162316],[126.1037182435901,-13.92167720838825],[126.10421551212777,-13.921269191604713],[126.10473443150937,-13.921067718920204],[126.10560885441113,-13.92054848523518],[126.10612930700495,-13.920186530686154],[126.10648480654025,-13.919868859089231],[126.10672452790352,-13.91936664822413],[126.10658411655564,-13.91929651908407],[126.10630213794069,-13.919293893390392],[126.10587888303338,-13.919312891275933],[126.10540702632494,-13.919514836421493],[126.10483999435509,-13.919830533865502],[126.1044138503064,-13.920170484121826],[126.10396278512441,-13.920647781942117],[126.10365453288095,-13.92094288916744],[126.10322790637173,-13.921328712133477],[126.10263613087751,-13.921781752755921],[126.10235261053118,-13.921939598106336],[126.10180953210559,-13.922209689885662],[126.10124489584035,-13.922273148567973],[126.10035237777777,-13.922218907421195],[126.09971807209368,-13.92219004289347],[126.09887232679887,-13.922159202854372],[126.09844675644496,-13.922430327057294],[126.09804273726807,-13.922908080520475],[126.09775757248761,-13.92324933617742],[126.09730716687473,-13.92365780456431],[126.09671470828627,-13.924179552819123],[126.09584421902927,-13.92428605010813],[126.09558803952224,-13.924031463265326],[126.09524179454823,-13.923363233691818],[126.09498281797454,-13.923406659325828],[126.09477350513433,-13.92317548144461],[126.09442079077776,-13.923195028851948],[126.09387751306573,-13.923488040830662],[126.09312018633031,-13.924054145407448],[126.09283008165816,-13.924215641450296],[126.0925042347006,-13.924575690858369],[126.0921266863851,-13.92473258240867],[126.09174981124217,-13.924820748888104],[126.09144434707976,-13.924817914847127],[126.09086009914978,-13.924468458449217],[126.09051299573929,-13.923892067499798],[126.09027817830965,-13.923866864044664],[126.08999639298241,-13.923841280902895],[126.08968938355213,-13.923998919964287],[126.08902839893925,-13.924313725333077],[126.08874748569049,-13.924196389167527],[126.08846870647433,-13.923849855018576],[126.08823805109041,-13.923389103601643],[126.08781614997001,-13.923270534460046],[126.08715904327596,-13.923172633923313],[126.08678362698865,-13.923100318492253],[126.08619599515002,-13.923117678464648],[126.08560652550585,-13.923318446322488],[126.08506624858045,-13.92329048798083],[126.08495262528092,-13.922876654079516],[126.08479358479697,-13.922301965646417],[126.0843990536131,-13.92177088287419],[126.08390855970877,-13.921445294666484],[126.08330279331761,-13.920889285618415],[126.08276660078381,-13.920425688082624],[126.08267781877883,-13.919874600709322],[126.08270498979758,-13.91948503085109],[126.0828474353843,-13.919325883364635],[126.08357661827327,-13.919263982292348],[126.08390778220353,-13.919037818733038],[126.0842393361406,-13.918765869379536],[126.08464269107604,-13.918356955092893],[126.08482125263204,-13.917971815350667],[126.0848600348451,-13.917739894995496],[126.08493590871774,-13.917167474739175],[126.08503031961624,-13.917122452279488],[126.08543153714726,-13.916942823300147],[126.08564538948286,-13.916692674895494],[126.08571980462689,-13.916280638106443],[126.08541687733779,-13.916002636226683],[126.0848326591655,-13.91565326239941],[126.08422689984582,-13.915097258399248],[126.08380928681692,-13.914520110162522],[126.08369779978608,-13.913877080212409],[126.08382053511255,-13.913327980508493],[126.08422300845625,-13.913010726345126],[126.08474317394908,-13.912671755650445],[126.08582910394985,-13.912154667580605],[126.08639797314721,-13.911632662631206],[126.08635575450867,-13.911127832027862],[126.08615198455067,-13.910300537631931],[126.08611044449265,-13.909726894274755],[126.0862365605378,-13.908810965539844],[126.08661593034005,-13.908447729282358],[126.08718352787912,-13.908063255303674],[126.08787016836912,-13.90751943761919],[126.08789452028324,-13.90742796693325],[126.08813271086886,-13.907086252461125],[126.08837205790591,-13.906629938566256],[126.08861111739147,-13.906196562612584],[126.08892003403501,-13.905832660078588],[126.08927523893976,-13.905537859065142],[126.08963034129843,-13.90526608598424],[126.09012545802302,-13.90508729391359],[126.09076183957919,-13.90488697187141],[126.09146808212815,-13.904756031953212],[126.0920570213599,-13.904601022298143],[126.09243318791248,-13.904581660646157],[126.09273871865383,-13.904584488462891],[126.0935147288083,-13.904523013873371],[126.0940796039955,-13.904436623908564],[126.09506693551191,-13.904399969870802],[126.09579637187674,-13.904292141949702],[126.09622171496996,-13.904043954321693],[126.09655410053003,-13.903680226914382],[126.09681796993901,-13.903109489961777],[126.09691670609612,-13.902605970782854],[126.09699485365647,-13.90178131005542],[126.09692614364123,-13.901597238629412],[126.09671723242943,-13.901320098554892],[126.09643652983284,-13.901179928628142],[126.09580555350765,-13.900807180007861],[126.09538387754795,-13.900665693105953],[126.09528947557787,-13.900710630544774],[126.0950772908235,-13.900777470248638],[126.09441763528048,-13.900954679042776],[126.09402011429644,-13.900744564788988],[126.09369371044352,-13.900466385678941],[126.0932761801704,-13.899889256367707],[126.0932294123647,-13.899865940347855],[126.09313819500203,-13.89956698815012],[126.09302243508117,-13.899382447018997],[126.09290812391555,-13.899037518514172],[126.09286376730209,-13.898761886332876],[126.09286675685154,-13.898440932585553],[126.0929154526974,-13.898257986842165],[126.09310599090044,-13.897984604794255],[126.09334358213044,-13.897711691576262],[126.09360397905877,-13.897507782863205],[126.0938647632874,-13.897257995761805],[126.09417385433161,-13.896871139319893],[126.09413373636713,-13.896137097238359],[126.09380569477611,-13.896042242651218],[126.09340750936312,-13.895900942927376],[126.092916370408,-13.895644193560797],[126.09268167139896,-13.89561900121479],[126.09223392254628,-13.895752399011581],[126.09202077264324,-13.895933839352347],[126.09168810787617,-13.896320501895435],[126.09142539495805,-13.896776548778957],[126.09106413031371,-13.897713267160153],[126.09089465939513,-13.898239065308532],[126.09081842611974,-13.89885737190244],[126.09074489900374,-13.899177662930587],[126.09052894454064,-13.899657109869748],[126.0902426503913,-13.900113048881833],[126.0899561603013,-13.900591835098606],[126.08969421266346,-13.900956211242978],[126.08940820197297,-13.901389121076466],[126.08907513453629,-13.901821650095902],[126.088623314229,-13.902390584763841],[126.08826695827098,-13.902799983692825],[126.08783967660153,-13.90325450729846],[126.08731886056408,-13.903662301876729],[126.08691727961273,-13.903887816413228],[126.086090154025,-13.904384435993212],[126.08552227685811,-13.90479184479071],[126.0849290740116,-13.905405323354177],[126.08473590637858,-13.90595376399088],[126.08484865846744,-13.906459256527205],[126.08498527952733,-13.906919064113335],[126.08512092903115,-13.907493561215768],[126.0851608187912,-13.90825052699733],[126.08501286674277,-13.908982849781022],[126.0847965005472,-13.909508162773406],[126.0843670673329,-13.910191963303008],[126.08393821554587,-13.910806947221586],[126.08353361213558,-13.911353490378715],[126.08301228806538,-13.91180705461312],[126.08220880210442,-13.912280995479238],[126.08168970213289,-13.9125053606871],[126.08107570818349,-13.912820621214747],[126.08034314571124,-13.913249252194943],[126.0792802937849,-13.913812468360955],[126.07857236802633,-13.914126776246018],[126.07807713510843,-13.914305538417585],[126.07744033158961,-13.914551693224684],[126.0767084381134,-13.914911587362274],[126.07651738197453,-13.915230819720497],[126.07642014965872,-13.91557375553255],[126.07641664914743,-13.915940575780633],[126.07631727253042,-13.916512888147992],[126.07603180509264,-13.91687695805029],[126.0754611518446,-13.917582340022006],[126.075269699803,-13.917947356479402],[126.07515309037082,-13.918349864438595],[126.07577995451199,-13.918662995988077],[126.0765284332657,-13.919036938570681],[126.0769222623199,-13.91963675178654],[126.07706003420871,-13.919981964138124],[126.07700976334935,-13.920325463823486],[126.07676998700366,-13.920827542445569],[126.07607880004605,-13.921852821013799],[126.07581573382771,-13.922331767827703],[126.07564688380981,-13.922788725074925],[126.07566714991789,-13.923132799311373],[126.07578075755731,-13.923546632818265],[126.07582382573882,-13.923959709780927],[126.07581973336922,-13.924395343005969],[126.07567357952526,-13.924944150937653],[126.07527010718759,-13.92535304278377],[126.0741445420197,-13.925090166516274],[126.07327484087683,-13.925104919090067],[126.0730605766708,-13.92540092692473],[126.07256570905142,-13.925533794866814],[126.07221113769108,-13.925759656733945],[126.07220869967132,-13.926011878284822],[126.07244107890003,-13.926289229277419],[126.07314328652534,-13.926593901194705],[126.07363308914711,-13.926988321314626],[126.07393269810972,-13.927610219240544],[126.07407085913485,-13.927909647799842],[126.07432525875018,-13.928347662355755],[126.07453172407816,-13.92887695105246],[126.074713241192,-13.929566520614914],[126.07482489759875,-13.930186611755056],[126.07470495449303,-13.930437693064816],[126.07456337488046,-13.93050508385185],[126.07421231608872,-13.930341279412577],[126.07390968039076,-13.930040324914309],[126.07380698952295,-13.929856021914544],[126.07377044281388,-13.929855583150543],[126.07356242109348,-13.92948676516853],[126.07328473457498,-13.929025620805161],[126.07298229776228,-13.928701728348452],[126.07270051390859,-13.92867612420942],[126.07251119393167,-13.928811941177816],[126.07241433883308,-13.929109087253705],[126.0722705191103,-13.929405759632703],[126.07201162834428,-13.929449159218999],[126.07161360789495,-13.92928487808357],[126.07119590709608,-13.92873064879387],[126.07084709735477,-13.928337557763975],[126.07058703903401,-13.928495643146489],[126.07048979013726,-13.928838573139988],[126.0702990008084,-13.929134858821532],[126.06975715864871,-13.929267245064825],[126.06937744119469,-13.92965346879613],[126.0693513214817,-13.929928344456973],[126.06958154661999,-13.93043489004061],[126.0696202997185,-13.931306534182921],[126.06956551238883,-13.93213144301334],[126.06951111887953,-13.932910385925943],[126.06938686167169,-13.933620029415735],[126.06933745406208,-13.93387177426899],[126.06924059301912,-13.934168827343806],[126.06909549091313,-13.934603120475563],[126.06904608130834,-13.934854865328719],[126.06890097865514,-13.935289067274478],[126.0688277959153,-13.935563556004265],[126.06873073615336,-13.935883636920243],[126.06846665145315,-13.936477166109837],[126.06818133917601,-13.936818370160918],[126.06794328162641,-13.937137112874044],[126.0676344845757,-13.93747812400277],[126.06715885575414,-13.938069644255151],[126.06682745337315,-13.938318712364001],[126.06640094427685,-13.938681512059095],[126.06586015778618,-13.938699288202114],[126.06513062048609,-13.938806996463834],[126.06477171668223,-13.939468465844],[126.06467405681336,-13.939857264572227],[126.06467053016911,-13.940224079704878],[126.06490319782428,-13.940478502323748],[126.06529966283085,-13.94080326818637],[126.06569828693682,-13.940898751061047],[126.06609691003652,-13.940994323948837],[126.06651705897087,-13.941296343849409],[126.06695941703795,-13.941736179763769],[126.06737809617385,-13.942198760884219]]]},"properties":{"fmt_tenid":"M 80/47","type":"MINING LEASE","tenstatus":"LIVE","holder1":"ALCOA OF AUSTRALIA LTD","holder2":" ","legal_area":511,"unit_of_me":"HA.","_colour":"#f5a520","_label":"Mining Lease"}},{"type":"Feature","geometry":{"type":"Polygon","coordinates":[[[126.07487426612177,-13.943760408086867],[126.06878724636157,-13.943112296436583],[126.06880165947813,-13.943266998511488],[126.0687300365554,-13.943380925977312],[126.06860968517442,-13.943677784850767],[126.06849021123644,-13.94388307462527],[126.06844108656138,-13.944111883069901],[126.06801153108847,-13.94479562571718],[126.06770311743577,-13.945090669405888],[126.06720457542555,-13.94561327010031],[126.0668727660229,-13.94590820981109],[126.06654086363642,-13.946203058488532],[126.0660696192888,-13.946336186674477],[126.06562264915509,-13.946377757693533],[126.06529358915924,-13.94637460116405],[126.06482352857216,-13.946370102590823],[126.06430806736313,-13.946204747797061],[126.06383997188591,-13.945993902688635],[126.06339525506357,-13.945806280438115],[126.06276356056571,-13.94550215132912],[126.06229635144001,-13.945199646179736],[126.06175780658721,-13.944988127507413],[126.06119528975269,-13.94482228999932],[126.06044500682529,-13.944631692664592],[126.05999872725094,-13.944604534467949],[126.0592939361811,-13.944574880899324],[126.05877622691264,-13.944638705184504],[126.05825772727708,-13.944794186508071],[126.05759764584019,-13.944994285741982],[126.05708062386636,-13.944989296000308],[126.0565403162107,-13.944961174396811],[126.05649246230712,-13.945052442732678],[126.05646877944517,-13.945075186890515],[126.05585556049782,-13.945298606842549],[126.05522388082298,-13.944994460710241],[126.05428643399867,-13.944710362509692],[126.0533037942734,-13.94424237851521],[126.05218105017737,-13.943681387356222],[126.0516660048982,-13.943470133509862],[126.05101036112116,-13.943211660526089],[126.05047271935688,-13.942908379778226],[126.04991130078078,-13.942627931161937],[126.04977148362885,-13.942511899951294],[126.04942160920133,-13.942233470930551],[126.04890716444747,-13.941953407894697],[126.04834821700337,-13.9414207410107],[126.04785972380196,-13.940888746699825],[126.04695051660364,-13.940123429795936],[126.04646094193704,-13.939706027532583],[126.04573901648634,-13.939011256524514],[126.0445738955027,-13.937968369986413],[126.04452672989962,-13.9379908282785],[126.04385267008803,-13.937204875918756],[126.04296915291171,-13.936210466693993],[126.04240825442186,-13.935884132869205],[126.04224397810695,-13.935859650833985],[126.04170171488437,-13.93603784614839],[126.04170062554951,-13.936152439212536],[126.04122970091427,-13.936239652058518],[126.04087717538846,-13.936236273154407],[126.0398680407304,-13.936088997082575],[126.03949272462208,-13.936016611277491],[126.0392564185554,-13.93615182675398],[126.03873694396124,-13.936399109975262],[126.03836073660847,-13.936418379224575],[126.03745128958042,-13.935675973236812],[126.03731159032522,-13.93553708999231],[126.03729098433668,-13.935238809953411],[126.03729276781735,-13.935055406843619],[126.03778648105543,-13.935037206901201],[126.03825601833955,-13.935087620139019],[126.03856524910519,-13.934700778076916],[126.03856881395124,-13.934334063836687],[126.03871178661849,-13.934129075866286],[126.03915824127421,-13.934133328221044],[126.03972496619247,-13.933863677702062],[126.0400319190508,-13.933706108790643],[126.0406791937884,-13.932382585192487],[126.03997295785514,-13.932513360444611],[126.03901695107142,-13.93172469763111],[126.03866859663954,-13.931285702426736],[126.03810930042359,-13.930798805434382],[126.03726753661012,-13.930355165127098],[126.03687064074477,-13.93007615229419],[126.03635762264172,-13.929658543056608],[126.0358707656218,-13.928966070489084],[126.03558968470541,-13.928871617082043],[126.03521567521481,-13.928661699147511],[126.03431360630482,-13.927162745257714],[126.0337582060948,-13.926263253745992],[126.0339051456186,-13.925645682537208],[126.03432227838572,-13.923815528066198],[126.03414117556265,-13.9231030216035],[126.0337915503578,-13.922801643327123],[126.0333229305152,-13.92265957080437],[126.03287620969465,-13.92267815926551],[126.0322413415739,-13.922717936772328],[126.03170069365837,-13.922735649748322],[126.031115179231,-13.922523604816103],[126.03020053583222,-13.922331392698231],[126.02961442206207,-13.922188154811089],[126.02911915197927,-13.922366808647434],[126.02890365520636,-13.922777449112962],[126.0285213029378,-13.923438656670546],[126.0281402452973,-13.923962245129456],[126.02771123475068,-13.924577093920405],[126.02770924386925,-13.924783431076875],[126.02768178133584,-13.925195909518976],[126.0273947378512,-13.925720371471183],[126.02713486280518,-13.925855468999671],[126.02668644032232,-13.926057445616452],[126.02560414438312,-13.926184586678012],[126.02517960188887,-13.926340974134181],[126.02465893840039,-13.926725668290084],[126.02439866021352,-13.926906544860753],[126.02439796393598,-13.926975352915335],[126.02435050621621,-13.92702074321098],[126.02397162674379,-13.927315137522603],[126.02368786580958,-13.927495818225719],[126.02330988272675,-13.927698466467396],[126.02288383667153,-13.928015312062472],[126.02229482290286,-13.92817013643976],[126.02175367303113,-13.928233606484085],[126.02128366272282,-13.928229036082863],[126.02088509005749,-13.928133493215888],[126.02043935176862,-13.9280604016266],[126.01999332039027,-13.928010246057523],[126.01924154595612,-13.927980012343648],[126.01879511239629,-13.927975725899538],[126.01823198432795,-13.927878528050943],[126.01738488833895,-13.927984935991212],[126.01653738921907,-13.928137212971388],[126.01606567530294,-13.928316033819364],[126.01585125245137,-13.928611975286616],[126.0156831859211,-13.928977210544293],[126.01556127663721,-13.929434494611733],[126.0154850274502,-13.930029880528712],[126.01543326739858,-13.930510873213336],[126.01543106266962,-13.930740054410565],[126.01568464739576,-13.93124691136054],[126.0158683910464,-13.93168427665511],[126.01609899011162,-13.93214506469796],[126.01644610061705,-13.932698674143142],[126.01672456743196,-13.933068201834674],[126.01718868945527,-13.933668849639353],[126.01732657286558,-13.933991141100966],[126.0175099182129,-13.934474379427726],[126.01766838353363,-13.935094946996884],[126.01794615696687,-13.935533192698724],[126.01855246973835,-13.936020523535923],[126.01887920985844,-13.936253008809427],[126.01941858180821,-13.936372857776073],[126.02012402222738,-13.936333893693982],[126.0201727870004,-13.936150889295133],[126.02036682993442,-13.935533820785134],[126.02034754582122,-13.935098015595925],[126.02018857746067,-13.934523321048461],[126.02016738656097,-13.934293852988333],[126.0201461046614,-13.934064382928579],[126.02017048676014,-13.933972835720862],[126.02052380844489,-13.933884587676301],[126.02104279086252,-13.933683308619054],[126.02125671963192,-13.933433144230971],[126.0214516554049,-13.932724328598427],[126.02159553709619,-13.93242769956852],[126.02193206072432,-13.931651436100111],[126.02210101781806,-13.931194539811672],[126.02227057819074,-13.93066883546922],[126.02246440760523,-13.930074608941855],[126.02263156801762,-13.929801111806817],[126.02296160114852,-13.92968972589075],[126.02319660777846,-13.929691963587938],[126.02369079807465,-13.92962800779703],[126.02416092042928,-13.929609636174115],[126.02463113478416,-13.929591262550826],[126.02505418352,-13.929595344205904],[126.02564160859859,-13.92960097794978],[126.0265358781719,-13.929472086894105],[126.02717215055658,-13.929294801237607],[126.02761948645583,-13.929207415694501],[126.02808909753237,-13.929257847125308],[126.02839256156935,-13.929467095588196],[126.02860229664437,-13.929652533553577],[126.02902257117863,-13.929931753414138],[126.02949238632714,-13.929959243824012],[126.02996061476446,-13.930147109352012],[126.03023950348297,-13.930470843022935],[126.03068286251688,-13.930796038778317],[126.03152789249896,-13.93089592214516],[126.03229789897632,-13.931476522245125],[126.0325973940014,-13.932098442986193],[126.03280425460484,-13.932581873149847],[126.03296544431684,-13.932927382476375],[126.03305678807033,-13.933203313146542],[126.03333608487267,-13.93348117076719],[126.03370632718409,-13.934080834085933],[126.03384164791748,-13.93467826871435],[126.03326835279495,-13.935635638499601],[126.03317164813856,-13.935909822199818],[126.03290718641912,-13.936526320039961],[126.03276152479536,-13.937006360135971],[126.03266292268172,-13.937486881968795],[126.03266182941812,-13.93760147404146],[126.0328679978994,-13.938153713201231],[126.03295983536547,-13.938383861817199],[126.03319217121543,-13.938661239668587],[126.03342470711081,-13.938915680504577],[126.03379962281225,-13.939033950459246],[126.034363592769,-13.939039373283492],[126.03488059622856,-13.939044403372257],[126.03549202712678,-13.939004430737427],[126.03617181281768,-13.939194411780909],[126.03618755454069,-13.939996936128564],[126.03597383209868,-13.940224178532684],[126.03606408715919,-13.940614793207983],[126.03622677802305,-13.940799836335625],[126.03638579088596,-13.941374529698525],[126.03654033956055,-13.942407684337638],[126.0368919797021,-13.94250281727838],[126.03734132689394,-13.942209081421673],[126.03760498663237,-13.94168432255685],[126.03786766214706,-13.941251220749416],[126.03834445626742,-13.940545087516213],[126.03867796317209,-13.940089726278524],[126.03945803965932,-13.9396157683635],[126.03971881869016,-13.939389001686319],[126.04060916491605,-13.93967274550977],[126.04079425316863,-13.939972573556082],[126.04111626673078,-13.940709282003906],[126.04143927759381,-13.94133148538382],[126.04181044328301,-13.941839396413961],[126.04215832325532,-13.942324263569146],[126.04229535758736,-13.942738204952665],[126.04221996082536,-13.943241865656564],[126.04212266178381,-13.943584864412651],[126.04211889763653,-13.94397460662988],[126.04249343125592,-13.944138649457763],[126.04277562339371,-13.944118504749476],[126.04338776139141,-13.944009707012455],[126.04397661371237,-13.943877775405431],[126.04435679315957,-13.943445818910929],[126.04471308772756,-13.943059540584498],[126.04508772941477,-13.94320064140016],[126.04532097440688,-13.943386355085908],[126.04613516109599,-13.944265402599719],[126.04643648450777,-13.94470391498859],[126.0466457585562,-13.944935125834496],[126.04708728615947,-13.945466734416968],[126.04755200840881,-13.946021472865834],[126.0475987778384,-13.94604479859417],[126.04797016227275,-13.946529857570734],[126.04843804453652,-13.946763571849187],[126.04878920934178,-13.946904562790142],[126.04949538427327,-13.946796710476383],[126.04987309693286,-13.946616868116775],[126.05041409868807,-13.946576189715763],[126.05078923966948,-13.946671500385477],[126.05137523631919,-13.946837640751312],[126.05184174236896,-13.947208974956196],[126.0524229041457,-13.947879369555027],[126.0529105279741,-13.948503113720749],[126.0531902633189,-13.948735087041676],[126.0535386661814,-13.949173987008793],[126.05356017817822,-13.949380523954938],[126.05363092155693,-13.94935835149725],[126.0542680352407,-13.949089259349277],[126.05483272186385,-13.949025925743456],[126.05530278216654,-13.949030443764347],[126.05588967102767,-13.94910483507085],[126.05640473204974,-13.949316081883438],[126.05708476758859,-13.949483084630838],[126.05748428358316,-13.94948692609718],[126.05814054624572,-13.949676669001025],[126.05844258480359,-13.950046365213925],[126.05848867018233,-13.950138499950429],[126.05848581669582,-13.95043650106295],[126.05855302242347,-13.950781048744908],[126.0585737456975,-13.95107933470744],[126.05854731544825,-13.951377140969699],[126.05831011545679,-13.951604119550367],[126.05772242537819,-13.951621483294549],[126.05755873219151,-13.951528195305732],[126.05725432846596,-13.951410625203797],[126.05697321146285,-13.951316185960758],[126.05655020674452,-13.951312148649523],[126.05612691199278,-13.951331048347683],[126.05567904831348,-13.95146434624077],[126.05518224282577,-13.951803506516114],[126.05466363385334,-13.95195897686939],[126.05365176194114,-13.952086882353857],[126.0533005897042,-13.951945891539175],[126.0527371805219,-13.951871779098147],[126.05222103388492,-13.951775117347655],[126.05161371754842,-13.951379496067208],[126.05114631562445,-13.951099908936612],[126.05060361882883,-13.951323992470568],[126.04994222516008,-13.951661512787853],[126.04942547780807,-13.951633662919226],[126.04848583307827,-13.951578736611145],[126.04820027179382,-13.951942847489141],[126.04767601272854,-13.952694392973415],[126.04703927847116,-13.952917595938322],[126.04696695108369,-13.953100324451524],[126.04729137204143,-13.953584905667585],[126.04766652081948,-13.95368022341899],[126.0485589129202,-13.953757521010367],[126.04940324741067,-13.953949110937273],[126.04982566067237,-13.954021878389707],[126.04982536964879,-13.954044814400152],[126.0501779248901,-13.954048185201726],[126.05099828715889,-13.954285359056497],[126.05174858818525,-13.954475987338647],[126.05270975092026,-13.954737360298141],[126.0535759944766,-13.955089606892054],[126.05411178119424,-13.955599147647602],[126.0545736741402,-13.956451885989955],[126.05480496514171,-13.956843849644962],[126.05506062901347,-13.957144350111525],[126.05547969798074,-13.957561076569965],[126.05573822225934,-13.957563576915263],[126.05625744015681,-13.957339295515615],[126.0565399402605,-13.957296115692678],[126.0572449638506,-13.957302848181255],[126.05787953218076,-13.957308905120657],[126.05846712900404,-13.957314573360561],[126.05924053646608,-13.95755125348275],[126.0594507160069,-13.957690802180048],[126.06026499382008,-13.958569834231922],[126.0608238018651,-13.959125431815982],[126.0618543721944,-13.959502131315025],[126.06237516241664,-13.959117367861564],[126.06287237391504,-13.958732317562042],[126.06329892713892,-13.958369623724435],[126.06386717402974,-13.95793936996244],[126.06398577501675,-13.957825923171132],[126.0644334515366,-13.957715549273122],[126.0650682229549,-13.95769865035251],[126.06539740382699,-13.957678872961292],[126.0655152137396,-13.957657085459957],[126.06615234319314,-13.957388053720125],[126.06648161806885,-13.957368186334355],[126.0673818800784,-13.956620229439025],[126.06802194121654,-13.9560530997036],[126.06832792438414,-13.956010188433927],[126.06844231155789,-13.956332274996196],[126.06850737263024,-13.956906104786725],[126.06833680181725,-13.957546364571048],[126.06828718367285,-13.957821044811373],[126.06835371809454,-13.95823440357724],[126.06861204854366,-13.958259828485403],[126.069036148704,-13.958149159679406],[126.06997759292,-13.958020615690351],[126.07042321839828,-13.95811657380848],[126.07048769227195,-13.958759126543319],[126.07025068908716,-13.95896327055791],[126.06977756393202,-13.959279717592786],[126.0692567820923,-13.959664499851453],[126.0688072317299,-13.959981228814945],[126.0682879222651,-13.960205537083494],[126.06774393873982,-13.96056718548944],[126.06771996687074,-13.96061277460013],[126.06767270428014,-13.960635324808878],[126.06736543686814,-13.96081576817399],[126.06693996246184,-13.96106396407252],[126.0668204771725,-13.961269160632442],[126.06686204749631,-13.961842707555094],[126.0671882826364,-13.962143871168061],[126.06753996898173,-13.962238971627807],[126.06798648160104,-13.96224318665259],[126.06862322787542,-13.962020026812754],[126.06921339572142,-13.961750514188074],[126.06968613272772,-13.96147985409377],[126.07036945446977,-13.961302949091515],[126.07109847144844,-13.961264051898535],[126.07149732738468,-13.961336686149417],[126.0719667346289,-13.961409899088078],[126.07262461213692,-13.961439051200179],[126.07323571315729,-13.961444877518533],[126.0737292923274,-13.961449559352308],[126.07431554125006,-13.961592723755935],[126.07475706561415,-13.962124304715234],[126.07550654057006,-13.96240653133965],[126.07578621218683,-13.96266142503941],[126.0760170588143,-13.963099250904586],[126.07725656974516,-13.96500247578592],[126.08433715758935,-13.957790785744896],[126.08391743660455,-13.957854931881087],[126.08356583935796,-13.95775985457137],[126.08319173378018,-13.957549988480404],[126.08256387401121,-13.956833292519715],[126.08184285941655,-13.956023990304253],[126.08133252873151,-13.955308344462358],[126.08082327516811,-13.954478099664303],[126.08038301314221,-13.95380908427786],[126.07989422488748,-13.953300065814803],[126.07938370856267,-13.952607355140747],[126.07922351329422,-13.9521472609607],[126.07895125858983,-13.95111295043585],[126.07867471170228,-13.950537117729802],[126.07839787779385,-13.949984223954715],[126.07816849929807,-13.949385928303109],[126.07775349291863,-13.948533693818531],[126.07697841938285,-13.948480484871547],[126.07662626090959,-13.948431275205785],[126.07613192200459,-13.94851826643453],[126.07537721253996,-13.948786277090493],[126.07507367947821,-13.948576978896686],[126.07472786849496,-13.947862941903251],[126.07440563525662,-13.94714918789309],[126.0742676652298,-13.946826818881203],[126.07417607240659,-13.94657382880857],[126.07422607165253,-13.946253268981726],[126.07436834408544,-13.946117069082064],[126.07495787581772,-13.94591634501501],[126.07507929792976,-13.945504792625343],[126.07501548932309,-13.944793426481283],[126.07487426612177,-13.943760408086867]]]},"properties":{"fmt_tenid":"M 80/48","type":"MINING LEASE","tenstatus":"LIVE","holder1":"ALCOA OF AUSTRALIA LTD","holder2":" ","legal_area":769,"unit_of_me":"HA.","_colour":"#f5a520","_label":"Mining Lease"}},{"type":"Feature","geometry":{"type":"Polygon","coordinates":[[[126.10224671740377,-13.955849584311496],[126.10186746369706,-13.95618998165003],[126.1014937233656,-13.955934260747226],[126.10116453366486,-13.955954088400564],[126.1010920496963,-13.95615977830642],[126.10054830628215,-13.956498574063762],[126.10040894266592,-13.956313838562826],[126.10002708507108,-13.956929308724133],[126.09981580984027,-13.956904389211367],[126.09939703930186,-13.956441845570803],[126.09919108811121,-13.955843838567539],[126.09924434646355,-13.95517938208498],[126.09920298202714,-13.95458288672501],[126.09873356897042,-13.95450963667189],[126.09842284436749,-13.955057041795895],[126.09842177856578,-13.955171640702208],[126.09839655245737,-13.95535486259916],[126.09848817199284,-13.955607941204052],[126.09847782029024,-13.956708327297653],[126.09845046158036,-13.957120839010512],[126.09830384049226,-13.957715539847115],[126.09809034267818,-13.957919907173883],[126.09776173852565,-13.957870914971485],[126.0975323064471,-13.957272625931713],[126.0973242285852,-13.95690381665128],[126.09683568093433,-13.956371887052153],[126.09669806350034,-13.956003737567851],[126.09663574196905,-13.955131889221851],[126.09663990193883,-13.954696342476383],[126.09664242281599,-13.95442117663764],[126.09638437402505,-13.954372937144921],[126.09608332952442,-13.95388858495973],[126.09599064713849,-13.953750197197381],[126.09542720070331,-13.953676089228699],[126.09507899432266,-13.953214204026875],[126.09493905335363,-13.953098280666685],[126.09458668349164,-13.953072033337843],[126.09421218277096,-13.952907968230182],[126.0939075557909,-13.952813377567926],[126.09350928313465,-13.952672057631467],[126.0931101378873,-13.952622488665769],[126.09275892965563,-13.952481640374224],[126.09238501720192,-13.952248759291074],[126.09191667947002,-13.95206098890388],[126.09140117707678,-13.95189559486462],[126.09104861594727,-13.951892279529604],[126.09085957137997,-13.952005079912551],[126.09085675673929,-13.952303180813939],[126.09101717149896,-13.952740334426581],[126.09089615879435,-13.953106022193538],[126.09073166565373,-13.953104505436343],[126.09033106355578,-13.953215315416745],[126.09033038618738,-13.953284128394062],[126.09030388873623,-13.953604885464603],[126.09039569642914,-13.953835024678629],[126.0906974046626,-13.954250569233647],[126.09101949877555,-13.954987248506605],[126.0912519234573,-13.955264591641656],[126.09136750389713,-13.955472076686489],[126.09136643625152,-13.95558667564867],[126.0912197976066,-13.95618145951637],[126.09117040277103,-13.956433121787931],[126.09114148086564,-13.957006102776138],[126.09113692018595,-13.95748752361737],[126.09108645473658,-13.957853874850683],[126.09091914416665,-13.958150366992513],[126.09080055102787,-13.95826391984054],[126.09063586099239,-13.95828525007295],[126.09042429968017,-13.958283258667935],[126.0902375828005,-13.958143924131198],[126.09007502997257,-13.957936056440252],[126.08979767815339,-13.957429041736095],[126.08949712966474,-13.956898810217108],[126.08926558141792,-13.956529805113105],[126.08898705969474,-13.956160328364092],[126.08893960503691,-13.956205730703475],[126.08877501803444,-13.956204210945383],[126.08856355160108,-13.956202219541094],[126.08830541295956,-13.956153878507758],[126.08800165952847,-13.955967620875201],[126.08772110467876,-13.95580449105849],[126.08720511641357,-13.955684961000099],[126.08671202653257,-13.955634434740665],[126.08603242056004,-13.955421632956101],[126.08547248104192,-13.954980681365177],[126.08488769613062,-13.954677161905456],[126.08427660528865,-13.954671367519556],[126.08396760253397,-13.955035245697347],[126.08398612233775,-13.955562821334194],[126.0843835147035,-13.95579581623794],[126.08479962479065,-13.956533448788637],[126.0849376148187,-13.956855724612495],[126.08490896697056,-13.957405765597178],[126.08474311349173,-13.957541778790102],[126.08448243885678,-13.957768595659237],[126.08433715758935,-13.957790785744896],[126.07725656974516,-13.96500247578592],[126.07743119699238,-13.965176175937712],[126.07764188289308,-13.965269838947062],[126.07813547200793,-13.965274512691488],[126.07815895677537,-13.965274795584163],[126.07895570983621,-13.965534551849231],[126.07907255366375,-13.965604416288038],[126.07940115939667,-13.965653434763505],[126.07994133003083,-13.965704364266609],[126.08029381513856,-13.965707698788648],[126.0809970187099,-13.965920715416843],[126.08120809857255,-13.965968589811135],[126.08165354991988,-13.966087469415223],[126.08198215602444,-13.96613648492623],[126.08242809436034,-13.966209488545848],[126.08296826830414,-13.966260412466754],[126.08362616351316,-13.96628962651228],[126.08419041416836,-13.966272016280598],[126.08461413398595,-13.966207289123869],[126.0851084077744,-13.966143136436825],[126.08564897476873,-13.966148268373574],[126.0857430153759,-13.966149125666746],[126.0861669312796,-13.966061457517652],[126.08658889979613,-13.966180137299213],[126.08667982876032,-13.966501939485363],[126.0866766140713,-13.966845823369807],[126.08672017662663,-13.967213117893358],[126.086857687743,-13.967581269711028],[126.0870901155832,-13.967858617852833],[126.08760613041174,-13.967978062929152],[126.08818919723096,-13.968465084353575],[126.08832631903151,-13.968879110156752],[126.08832155078967,-13.96938346798889],[126.08822410037598,-13.969749433572712],[126.08808065400729,-13.970000236548211],[126.08800717436748,-13.970320518970345],[126.08793117015136,-13.97089302330933],[126.08748073845264,-13.971301447524569],[126.08724412293415,-13.97145973323617],[126.08698323662978,-13.971709487092665],[126.08688685465417,-13.971960763713952],[126.08697612606082,-13.972465977839004],[126.0871858531584,-13.972651384190206],[126.08715700533259,-13.973224363174284],[126.0870857703756,-13.973292418681062],[126.08691863558184,-13.973565966823841],[126.0866794816939,-13.973999322441756],[126.08629911324162,-13.974454284109656],[126.08618070509075,-13.974544893960884],[126.08566078047654,-13.974838048740713],[126.08530731142169,-13.974926379355479],[126.08478855010036,-13.975104935172755],[126.08429191424496,-13.975421215767437],[126.08409865483797,-13.975969638991637],[126.08409563043823,-13.976290583882648],[126.084306719638,-13.976338458280425],[126.08468534237123,-13.976066911552984],[126.08501707998539,-13.975794891176923],[126.08527709470346,-13.975636891291895],[126.08549013526473,-13.975478415759088],[126.08579750824622,-13.975297861527894],[126.08624648594039,-13.97504991726201],[126.0866704177865,-13.974962251118454],[126.08695177476226,-13.975033725979468],[126.08709172207715,-13.97514965488294],[126.08746653524157,-13.975290800015044],[126.08777030850317,-13.975477063661755],[126.08807544305817,-13.975525792353999],[126.08838427556375,-13.97518485217591],[126.08859945787133,-13.974797086718647],[126.08895292702161,-13.974708752103355],[126.08916294594219,-13.97487122146289],[126.08948962155083,-13.975126486910431],[126.0900709573887,-13.975796919282024],[126.09075256741899,-13.975803374168663],[126.09092018254923,-13.975483948039617],[126.09087593531596,-13.975185465490778],[126.09059827163651,-13.97472423375762],[126.09032139116175,-13.974171432055675],[126.08999753739643,-13.973618066706782],[126.0898860392452,-13.972975034801278],[126.08991147345057,-13.972768877693232],[126.09002929055377,-13.972747078818005],[126.09047563602785,-13.972774285458366],[126.09094527502931,-13.972824528914742],[126.09108755811718,-13.97268832090166],[126.09123275419171,-13.97225401398575],[126.09126255698739,-13.971589464027492],[126.09133515959321,-13.971360839573935],[126.09154887191676,-13.971133546060758],[126.09190641802167,-13.970609568586035],[126.09236101589022,-13.969765588509484],[126.09245913898219,-13.969330897945627],[126.09248825978402,-13.96873497796388],[126.09256610154466,-13.96795620968879],[126.09260800869657,-13.967748804456498],[126.09267058738394,-13.967581835052812],[126.09283309192523,-13.967064552037671],[126.09290403703402,-13.96701933952269],[126.0933295066349,-13.966771095425164],[126.09377603793246,-13.966775355069231],[126.0941988884866,-13.966802270882301],[126.09464502958338,-13.966852314511293],[126.09476255681622,-13.966853449628003],[126.09526110440046,-13.966330791158406],[126.09535815203309,-13.966010695968171],[126.09568724824568,-13.966013817856664],[126.09601537904364,-13.96610859969972],[126.09639077154017,-13.966180916386858],[126.09665280303251,-13.965816549720543],[126.09672442296453,-13.965702613551771],[126.09689241227336,-13.965337304227607],[126.09722635738065,-13.964813123490567],[126.09746422146834,-13.964517287936221],[126.09777167334938,-13.96431386611249],[126.09833601681763,-13.964296222349814],[126.09908486413816,-13.964647195669727],[126.09934195084288,-13.964810126693312],[126.09976092674776,-13.965249733898851],[126.09999269507085,-13.965595795774925],[126.10017690643157,-13.966010200715804],[126.10043709815908,-13.96582924204005],[126.10070105685752,-13.965258518812814],[126.10089233319856,-13.964916423587505],[126.10120306863242,-13.964369108240197],[126.10160669448598,-13.963937243506276],[126.10198596189464,-13.963596849773056],[126.1025300181457,-13.963235118606498],[126.10284738165437,-13.963222648669293],[126.1030335790473,-13.963234714092088],[126.1153326164907,-13.964111705896734],[126.1155677694722,-13.964113957576034],[126.11570888006099,-13.964115273183928],[126.11592016822102,-13.964140180565826],[126.11620220539906,-13.964142807781354],[126.1163906766416,-13.964098712977549],[126.11681373241328,-13.964102652797735],[126.11686099284144,-13.96408018335761],[126.11716891619947,-13.963830857084561],[126.11731099097793,-13.963717568792031],[126.11759542580144,-13.963467964208359],[126.11783346217526,-13.96314925612547],[126.11795435504027,-13.96278345673962],[126.11814321086655,-13.962693572902165],[126.11849752794028,-13.962513437947464],[126.11890073849362,-13.96212741461202],[126.11914107582228,-13.961556472520318],[126.11942569922202,-13.961283925727614],[126.11966229016666,-13.961125695344892],[126.119897734869,-13.96108197289913],[126.12020373443596,-13.961038997208995],[126.12072188237235,-13.960929170806388],[126.12112336228383,-13.960726558134045],[126.12176114808048,-13.960388557938938],[126.12185585937921,-13.960320676940245],[126.12185538184531,-13.96036655293947],[126.12192651252327,-13.960298392688552],[126.12202160936582,-13.96018463368398],[126.12235301010728,-13.95993548814718],[126.1224981410351,-13.959501238579666],[126.12261672355265,-13.95938766779121],[126.12292329813822,-13.959275871954858],[126.12344335494714,-13.958959774236005],[126.12389572360524,-13.958344911600364],[126.12391940352711,-13.958322160830543],[126.12370850261564,-13.958251382642747],[126.12345043513459,-13.958203167990161],[126.12359977487563,-13.957310330107898],[126.12339117195195,-13.956987408888331],[126.12299228374926,-13.95691485589973],[126.12247519846387,-13.956910086766642],[126.12181834388485,-13.956766377235747],[126.12163523979771,-13.956237290398475],[126.12189607993899,-13.955987577925443],[126.12222747409352,-13.955738430108871],[126.122584077139,-13.955306053456495],[126.12296416494151,-13.954873952963977],[126.12329583956459,-13.954601957010484],[126.12379211419984,-13.954308514555452],[126.1240754789123,-13.954173500141595],[126.12424017087794,-13.954152146670793],[126.12440390341777,-13.954245397260419],[126.12522697368671,-13.95420717593383],[126.12546327050744,-13.954071783869342],[126.12579418283795,-13.953868505968947],[126.12617215999036,-13.953665694678689],[126.12666747139656,-13.953486849432005],[126.1270920377948,-13.953330287790436],[126.12758725622031,-13.953151439546764],[126.12794155320577,-13.952971286473826],[126.12820114167593,-13.95285910623713],[126.12886352704783,-13.952406666412921],[126.12995380968715,-13.951430818671945],[126.12997767919374,-13.9513852194417],[126.13030715153705,-13.951342413678617],[126.13077763834507,-13.95130091174703],[126.13080036005782,-13.951392854622975],[126.1308238469687,-13.951393042428284],[126.13103455396318,-13.95148675074598],[126.13134092299686,-13.951397880142524],[126.13155477749449,-13.951147601194469],[126.13157950320772,-13.951010245893892],[126.13179449521473,-13.950645453857938],[126.13198524341826,-13.950349109071377],[126.13224778233683,-13.94991587260366],[126.13248625899969,-13.949551267409403],[126.13277294658069,-13.949049491735803],[126.1329645477875,-13.948661480919116],[126.13298993782672,-13.948455308586444],[126.13294296499919,-13.948454845974691],[126.13270772451209,-13.948475644932794],[126.13249473286098,-13.948634172789529],[126.13206932060928,-13.948882410458594],[126.13166806031876,-13.94906210788813],[126.13129056829352,-13.949219145108456],[126.13072395125376,-13.949489014965238],[126.1302515622234,-13.94973687503069],[126.12959071328282,-13.95002884068977],[126.12888365624443,-13.950228585690844],[126.12836553169954,-13.950338436063356],[126.1276119764541,-13.95049192641958],[126.1270467861014,-13.950601396183853],[126.12648331510643,-13.950527357800732],[126.1260406140609,-13.950110540164635],[126.12583478175549,-13.94948951245128],[126.12565252856355,-13.948868762548726],[126.12567754283913,-13.948708472235465],[126.12587086959071,-13.948137049258216],[126.12597206773461,-13.947358425907378],[126.1259755021401,-13.946991588636816],[126.12612080439652,-13.946534392135803],[126.12633742076669,-13.945986093987862],[126.12643518052866,-13.945574307911455],[126.1262743128543,-13.945182947980417],[126.12618027617995,-13.945182107754745],[126.12582694405188,-13.945270509724866],[126.12542817078764,-13.945175114947842],[126.1248672898293,-13.944825992248854],[126.12442144786152,-13.944753070870222],[126.1239268237839,-13.94486310222446],[126.12357215551532,-13.945089130654315],[126.12323944576848,-13.945475826271299],[126.12283656123515,-13.945838930292327],[126.12236436851502,-13.946063836697327],[126.12191776571997,-13.946059634244785],[126.12147192385318,-13.945986707800426],[126.12105502169261,-13.945317925654118],[126.1207069521315,-13.944833126098368],[126.12037901835703,-13.944715440670569],[126.12033195488655,-13.944714974319314],[126.11979457044728,-13.944366120430404],[126.11932457768089,-13.944361726955828],[126.11857286463515,-13.944308836427394],[126.11791614166478,-13.944165123680616],[126.11732853716848,-13.944159694361863],[126.11676364929788,-13.94424611612446],[126.1161053963225,-13.944262878252836],[126.1154705360934,-13.944279914549188],[126.11469562649083,-13.944203885933213],[126.11404034914794,-13.943899684557646],[126.1134092291938,-13.94352694554531],[126.11289553883506,-13.943155330464137],[126.1124500948781,-13.943036511488133],[126.11191128762736,-13.94284803100113],[126.1114916370049,-13.942477257756668],[126.11126197648929,-13.941901912308934],[126.11093588223467,-13.941577860731986],[126.11039688742682,-13.941412317403541],[126.11004433103005,-13.94140903200748],[126.10950380054827,-13.941403963814727],[126.10934123464443,-13.941196106302204],[126.10936452726871,-13.941219234247487],[126.10936471950019,-13.941196295297818],[126.10936491373162,-13.941173356348093],[126.10924979599513,-13.940920090919413],[126.10922736929406,-13.940805211172497],[126.10915855057237,-13.940621136579933],[126.10901879881638,-13.940482282892264],[126.10887971874804,-13.940274614346446],[126.10883505656498,-13.940022005886167],[126.10883918893795,-13.939586359812914],[126.10884188393032,-13.939288342447183],[126.10884409323195,-13.939059049935292],[126.10879981750399,-13.938760564564458],[126.10856737665526,-13.938483325113049],[126.10819518800007,-13.938067140900868],[126.10819672560277,-13.937906574229777],[126.1080590920881,-13.93753842694312],[126.10803781551044,-13.937308947401963],[126.10804051148223,-13.937010929006801],[126.1080448360536,-13.936552435937834],[126.1080713021202,-13.936231668600172],[126.10819400594171,-13.935682547779598],[126.108386492692,-13.93520280787395],[126.10860188302027,-13.934792160549605],[126.10893450099044,-13.934405487011055],[126.10936076420163,-13.934065534545324],[126.10981022420368,-13.93374870712028],[126.11054388624665,-13.933205303104945],[126.11097053011382,-13.932819469060737],[126.11125684268022,-13.932363598255707],[126.11154334853919,-13.931884788282074],[126.11166402951197,-13.931541926625492],[126.1117631453607,-13.930992611781571],[126.11190548255718,-13.9308563841558],[126.11226051954378,-13.930584492025682],[126.11261449963234,-13.930427291869776],[126.11301621006552,-13.930201743689796],[126.11344073281693,-13.930045287545303],[126.11381819591502,-13.929888273206366],[126.114244251248,-13.929571247597883],[126.11455250717522,-13.929276036637233],[126.11483746953,-13.928957698468205],[126.11496120615608,-13.928293877125942],[126.11474755717035,-13.928521206346662],[126.11458193002608,-13.928634310342591],[126.11424999893978,-13.928952181436024],[126.11391864356285,-13.929201326281222],[126.11370643319398,-13.929268174983282],[126.11363598061159,-13.929267520845919],[126.11328325149978,-13.9292870931885],[126.11290722773067,-13.929283628452616],[126.11238954021695,-13.929347575491647],[126.11194066979597,-13.929595593708669],[126.11137409400602,-13.929865427515965],[126.1110662188995,-13.930114846774858],[126.11075795850128,-13.930409961921468],[126.11049772074804,-13.930591032143823],[126.11028109095365,-13.931139222207632],[126.11002046697229,-13.931366078218575],[126.10959421141403,-13.931706033450158],[126.10945321306873,-13.931704720300647],[126.10929132383015,-13.931428050319342],[126.1091284769042,-13.931243131263127],[126.10903646081128,-13.931035932295154],[126.10901249858688,-13.931081529237558],[126.10901288391602,-13.931035742267893],[126.10904069010951,-13.930577345601533],[126.10880566412442,-13.930575187315402],[126.1086403181857,-13.930665348058803],[126.10835553932523,-13.930960737547656],[126.10786142303775,-13.931024954937698],[126.10762870479451,-13.93077056378498],[126.10729974323245,-13.930767468392633],[126.10692073876088,-13.931084947823328],[126.10644982326518,-13.93117219825426],[126.10609862771858,-13.931031371888801],[126.10591383871987,-13.930685695752086],[126.10591701388674,-13.930341802833365],[126.10592018905425,-13.929997909914999],[126.10571326093704,-13.929514506740578],[126.10574097771048,-13.929056201870655],[126.1057444390052,-13.928689370949494],[126.10548930124902,-13.928320098632081],[126.10521163708188,-13.927858977264584],[126.10493301728927,-13.927489514851862],[126.10493282415092,-13.927512453849518],[126.10460425355298,-13.92746347831042],[126.10425133449034,-13.927506065726856],[126.10401544676775,-13.927595566341434],[126.10373153156874,-13.927799286892686],[126.10358832677073,-13.928027171684557],[126.10353904651902,-13.928278932633008],[126.1036552133115,-13.928417597824158],[126.10369986870731,-13.928670206912734],[126.10364818302979,-13.929174196880494],[126.1035285531995,-13.92940236173493],[126.10333645152113,-13.929836129525837],[126.10314540852144,-13.930155388323072],[126.10295398030658,-13.930520433145093],[126.10273925935839,-13.930862348954047],[126.10271298085632,-13.931160174987868],[126.10271124786887,-13.931343589025905],[126.10287380200458,-13.931551449248204],[126.10305973888552,-13.931782526489913],[126.1031760997074,-13.93189825363065],[126.10338677620594,-13.931991890861573],[126.1036675160994,-13.932132154162105],[126.10390234885182,-13.932157256400203],[126.10427683512745,-13.932321212776719],[126.10453255512633,-13.932621672017724],[126.10464766305502,-13.932875028113367],[126.10464361947147,-13.933310582088348],[126.10464044143234,-13.933654475068904],[126.10459058791358,-13.933952111016676],[126.10447114832006,-13.934157337921185],[126.10432735733184,-13.934454036814902],[126.10420752950445,-13.934705139735383],[126.10420473676353,-13.935003154732117],[126.10422764096886,-13.935072159639489],[126.10413081762746,-13.935369327125668],[126.10398683333703,-13.935688963560143],[126.10391262599259,-13.93607807293549],[126.10386247595764,-13.936421587396714],[126.10388037509982,-13.937017806509381],[126.10394745516733,-13.937385294978462],[126.10396554552311,-13.937958667117115],[126.10384330837098,-13.938461998334754],[126.10362857832729,-13.938803913794873],[126.10362221473918,-13.939491697783922],[126.10392153351934,-13.940159457791156],[126.10401123254323,-13.940618798090368],[126.10398466660281,-13.940939560607182],[126.10391093773312,-13.941282794100804],[126.10371910893592,-13.94169371352716],[126.10350437495735,-13.942035628080351],[126.10328983421086,-13.942354603684677],[126.10324238406754,-13.942400010635243],[126.10290820089354,-13.942947147988994],[126.1025992363413,-13.943311150622614],[126.1023375287269,-13.943652594291231],[126.10198053143273,-13.944130726859969],[126.10150746143334,-13.94444734073577],[126.1013424900635,-13.944491617779425],[126.10103632438953,-13.944557512884005],[126.10070599922955,-13.944692032932684],[126.1002327390774,-13.945031494869347],[126.09959499002572,-13.945369444962928],[126.09923963358699,-13.945664157941312],[126.09900227681422,-13.94591412589457],[126.09833843049971,-13.946526956912592],[126.0978901017945,-13.946706126157668],[126.0974914462736,-13.946610690569578],[126.09695459235661,-13.94621582927596],[126.09650887512063,-13.946119920689497],[126.09592050617309,-13.946206104113289],[126.09547420631844,-13.946179008483888],[126.09505371552979,-13.945899964928344],[126.09465545341595,-13.945758558310656],[126.09427989742593,-13.945709184814996],[126.09366988926794,-13.94558881986928],[126.09329413806113,-13.945562383350362],[126.09291829585176,-13.94553585382762],[126.09278116863292,-13.945121918688955],[126.09231110108784,-13.945117474743851],[126.09169876876402,-13.945249241768346],[126.09146353881219,-13.945270002312098],[126.09092155767644,-13.945425367931607],[126.09059035701145,-13.945651533237392],[126.09035250893481,-13.945947364997522],[126.09030399013618,-13.946107367424183],[126.09051311711015,-13.9463615811713],[126.09098318653521,-13.946366029991061],[126.0914063896023,-13.946347067117829],[126.09208685303336,-13.946468098543766],[126.09267405191937,-13.946519464561161],[126.09316325124769,-13.946982676241445],[126.09403091189803,-13.947197161213778],[126.09428740355554,-13.947405968383745],[126.09484783153057,-13.947801026325315],[126.09536120010186,-13.948195610716512],[126.09571221129309,-13.948359393269245],[126.09582885768123,-13.94845227809878],[126.09611134917473,-13.948409046814053],[126.0964873926232,-13.948412544405192],[126.09679201672769,-13.948507130018108],[126.09730848059391,-13.948580763403443],[126.09766055778128,-13.948629942979668],[126.09798934433354,-13.948655993594976],[126.09827096499565,-13.94870451324301],[126.09862236654806,-13.948822414750959],[126.0989279554619,-13.948825338401791],[126.09932748473489,-13.948829110944995],[126.09989218052051,-13.948765579367436],[126.10015109418224,-13.948722154120368],[126.1005517795234,-13.948611325790766],[126.10102417867921,-13.948363526550162],[126.10159119786562,-13.948047854322548],[126.10189737144825,-13.947981959087675],[126.1024151016071,-13.947918043639534],[126.1030749019132,-13.94774075621461],[126.10347636619535,-13.947538170107904],[126.10378186514352,-13.947541086806623],[126.10392200531695,-13.947634067530293],[126.1042685887652,-13.94827936218875],[126.10436040991893,-13.948509500731495],[126.10437945811957,-13.948991119957194],[126.10437492648063,-13.949472547209599],[126.1043742518177,-13.949541361102849],[126.10439715599257,-13.949610364966645],[126.10467704983121,-13.949842292249807],[126.10495819999201,-13.949936589740323],[126.10540480389719,-13.949940825163752],[126.10601600388772,-13.949923627414663],[126.10639167083218,-13.94997298684656],[126.10690699876538,-13.950161290823118],[126.10746939540753,-13.950349973709592],[126.10788982428531,-13.950628999573471],[126.10814690920358,-13.9507919208799],[126.10847464780299,-13.950932561123738],[126.10877909274207,-13.951050073439301],[126.10901134869486,-13.951350342444092],[126.10912502154365,-13.95176408435527],[126.10921213196414,-13.952498589576567],[126.10913782214561,-13.952910637776181],[126.10894955331642,-13.952931791042493],[126.10848359318265,-13.952491819763098],[126.10817847273672,-13.952443030356509],[126.10775688903523,-13.952278603369141],[126.10738150426225,-13.952206307107135],[126.1067473001478,-13.95215450320273],[126.10620674600084,-13.95214942205745],[126.1054997674375,-13.952349183811407],[126.10509935559037,-13.952437171297623],[126.10467478439539,-13.95259369071891],[126.1046512975642,-13.952593410757396],[126.10441325881385,-13.952912194627952],[126.104386301201,-13.95327883308143],[126.10455060383623,-13.95330327876044],[126.10485572427454,-13.953351983156018],[126.10532408546086,-13.953539823024505],[126.10548405156358,-13.954022757897315],[126.10548106009443,-13.954343800339094],[126.1053365793148,-13.954709218971573],[126.10521442031536,-13.955212548337036],[126.10507331636342,-13.955211227616255],[126.1046504746799,-13.955184333490323],[126.10432099777542,-13.955227101067134],[126.10417747474241,-13.955500857914904],[126.10393836921119,-13.95593423971945],[126.10344063165005,-13.956365261101022],[126.10320799330438,-13.956110863963836],[126.10283598736623,-13.955671732357013],[126.10246079385342,-13.955576490245555],[126.10224671740377,-13.955849584311496]]]},"properties":{"fmt_tenid":"M 80/49","type":"MINING LEASE","tenstatus":"LIVE","holder1":"ALCOA OF AUSTRALIA LTD","holder2":" ","legal_area":793,"unit_of_me":"HA.","_colour":"#f5a520","_label":"Mining Lease"}},{"type":"Feature","geometry":{"type":"Polygon","coordinates":[[[126.11773736260135,-13.98353175449056],[126.11770935302374,-13.984012996675876],[126.11761231963787,-13.984333105257576],[126.11732718324166,-13.984651428686245],[126.11699429156103,-13.985061037182444],[126.11673167754414,-13.98549415129285],[126.11661028634295,-13.985905730653725],[126.11656215425617,-13.986019953332207],[126.11655878319698,-13.986386784794577],[126.11655483850824,-13.986799490819084],[126.11655127463109,-13.98718917107096],[126.11654761675645,-13.987578940326546],[126.11654463232914,-13.987899895246949],[126.11684633726206,-13.988315424424407],[126.11674910498775,-13.988658468967468],[126.11660865337447,-13.988588336656106],[126.11613751308296,-13.988698610650939],[126.11613231547102,-13.989248855769931],[126.11631397006146,-13.989938427241784],[126.11633466795726,-13.990236633445937],[126.11611776989648,-13.990807841993373],[126.11604556580926,-13.990990598669871],[126.11599810614214,-13.991036006470283],[126.11566809664295,-13.991124655120723],[126.1153155568953,-13.991121361658596],[126.11484412664497,-13.991254478792486],[126.1144444208622,-13.991250713619651],[126.11418632182165,-13.991202481050314],[126.11402305313928,-13.991063344504289],[126.113649338934,-13.990807630249588],[126.1134871313845,-13.990553891958422],[126.11332598496395,-13.990185553988564],[126.11330615845723,-13.989795596612398],[126.11331021011321,-13.98935995236197],[126.11321808548348,-13.98915275028204],[126.1130296847401,-13.989196839297252],[126.11293456956952,-13.989310590005541],[126.11272065788248,-13.98956075050208],[126.11236590493255,-13.989786744527871],[126.11208374577741,-13.989784106097074],[126.11182564978732,-13.989735780683906],[126.11140168224048,-13.989823576427474],[126.11135316041336,-13.989983582418681],[126.11125524543938,-13.990395347436483],[126.1111101555958,-13.99082967076332],[126.11087207382238,-13.991148453710924],[126.11065787221172,-13.991421548778813],[126.11016401152257,-13.99143986617486],[126.10997851085355,-13.991162998079002],[126.10993201151872,-13.99111665322039],[126.1096969246075,-13.991114482379546],[126.10920306700805,-13.991132706383706],[126.10901602388644,-13.991016313886607],[126.10894748468763,-13.990809391920335],[126.10878547652973,-13.990532713986216],[126.10848146616638,-13.990369315885811],[126.10822288967705,-13.990366863288568],[126.10807663869656,-13.99091578280934],[126.10785972160565,-13.9914869796591],[126.10773937502725,-13.991783861652571],[126.10742792014757,-13.992400083213894],[126.1070710300673,-13.992855265699687],[126.10681380312963,-13.99271527421697],[126.10665092674222,-13.992530256505932],[126.10655928867197,-13.992277268095066],[126.10637040505569,-13.992367136224711],[126.10637340516239,-13.992046185415175],[126.10618877979962,-13.991677563323258],[126.10607423585641,-13.99135556853335],[126.10603151602929,-13.990896609481489],[126.10596511148972,-13.990460307155976],[126.1058277554811,-13.990069218865285],[126.10557237463023,-13.989722873593179],[126.10512685236655,-13.989604114814906],[126.10496010682316,-13.989831800250572],[126.10495516969327,-13.99035910325507],[126.10495149147842,-13.990748866700395],[126.10480145349644,-13.99171039654416],[126.10458511085673,-13.992212775418912],[126.10448185382991,-13.993197713216471],[126.10447662605502,-13.993747952014347],[126.10440373474243,-13.993999517358167],[126.10405051758052,-13.994064930384127],[126.10374486532787,-13.994062090061595],[126.10332311633061,-13.993920489448094],[126.10299959418376,-13.993321342742172],[126.10262647823568,-13.992996798028093],[126.10199313156276,-13.992853298478119],[126.10115314150185,-13.992180416914126],[126.10087535051488,-13.991719279055152],[126.10064822595496,-13.990868759856784],[126.10050835576432,-13.99075283719119],[126.10053223615067,-13.990707150689884],[126.10055727546171,-13.990546957934015],[126.1005598926626,-13.990271793512601],[126.10051737935056,-13.989789897141563],[126.10033538635578,-13.989146200656187],[126.10001013810994,-13.988730468451074],[126.09963606356827,-13.988520614123399],[126.09935352620636,-13.988563748084397],[126.09892413489504,-13.989224606176721],[126.09884755460969,-13.989865931466825],[126.09883717041083,-13.990966314710823],[126.09876281828815,-13.991378353056957],[126.09859354134794,-13.99188119723291],[126.09832866106167,-13.992543570242853],[126.0983715612298,-13.99297959029035],[126.09888724385154,-13.993144989696885],[126.09878795295978,-13.993694281209295],[126.0980310575589,-13.99419162679338],[126.09732104790079,-13.994689350263119],[126.09707925920694,-13.995397787120705],[126.09731172027868,-13.99567513287483],[126.09756970890702,-13.995746320771936],[126.09825118363379,-13.995775704858515],[126.09894944933218,-13.996515989332972],[126.09936331769674,-13.997505845149973],[126.09940990920002,-13.997552102892408],[126.09945038277324,-13.998240348055955],[126.0993965080976,-13.998973523941888],[126.0994602787983,-13.999684894416136],[126.09959898092399,-13.999938446402968],[126.10016137531373,-14.000127164300077],[126.1007713254034,-14.00027047898774],[126.1013850682867,-14.00000109256519],[126.10231398078844,-13.998725923449669],[126.10269292372602,-13.99843141806886],[126.10306963901114,-13.998366199259742],[126.10403302015496,-13.998421161264204],[126.1046209490057,-13.998403714232058],[126.10537573232658,-13.998135732138557],[126.10603868241823,-13.99763751558223],[126.10655391304866,-13.997848781276188],[126.10675816135435,-13.998630205949992],[126.10661199245372,-13.999179121247085],[126.10658608433913,-13.999431066136578],[126.10645150086022,-14.001241120019627],[126.10748139915876,-14.001732282163399],[126.10777835778373,-14.00265227280938],[126.10725556614761,-14.003243472774836],[126.1072052950593,-14.003586888885087],[126.1074100304995,-14.004322526370368],[126.10721910605803,-14.004618831863995],[126.10681647135739,-14.004935999877823],[126.10664758153726,-14.005392971275912],[126.10671466523485,-14.00576045796637],[126.10682727645367,-14.006288892378702],[126.10630340596643,-14.00699468733488],[126.10563887948295,-14.00765336933565],[126.10547182136898,-14.0079269274431],[126.10516101181591,-14.008474230852798],[126.1048270974643,-14.008975558216994],[126.10503027588872,-14.009871669919443],[126.105192002071,-14.010171196783608],[126.10518725170581,-14.010675557539077],[126.10501903134252,-14.011063803150334],[126.10494855484801,-14.011063141008],[126.10494835944854,-14.011086078756886],[126.10463967825866,-14.011404093432203],[126.10442553905344,-14.011677266561506],[126.10411753346882,-14.011926558383205],[126.10383282439294,-14.012198976684026],[126.10326427633547,-14.012652151644923],[126.10295500356303,-14.013039068170904],[126.1029292829097,-14.013268072563344],[126.10304431026414,-14.013544283229157],[126.10344094707234,-14.013869021545101],[126.10366994544142,-14.014513189636022],[126.10382972989892,-14.01501906843184],[126.10382497298093,-14.015523517716776],[126.10377391166415,-14.015958593340597],[126.10353229653109,-14.016644181914184],[126.10336533245014,-14.016894797087538],[126.10319991715335,-14.016984939437078],[126.10277657616459,-14.017003893070795],[126.10159916849284,-14.017199140654924],[126.10105759788314,-14.017285678006465],[126.1004447857211,-14.017440453708625],[126.10027393135165,-14.018103766457399],[126.10027266512164,-14.01824130160642],[126.10055154679249,-14.018587845404474],[126.10061453292359,-14.019390876568792],[126.1006119090419,-14.019666039053499],[126.10044455017724,-14.019962527731225],[126.1000396533261,-14.020508963928496],[126.0996822232836,-14.021009998279306],[126.09930197827178,-14.02144202690379],[126.09884901795796,-14.022102674695244],[126.09832811383302,-14.022487496244056],[126.09750229858894,-14.02280064875647],[126.09681665372388,-14.02320688040801],[126.09638610479635,-14.023982310504728],[126.09638367005063,-14.024234534219769],[126.09654431365207,-14.024648753220673],[126.09687105703505,-14.02490402404348],[126.09710441622569,-14.025089714147784],[126.09722245701614,-14.025044979524642],[126.09738592778612,-14.02516110067047],[126.09776082200366,-14.025302247901262],[126.09801914048214,-14.025327655440364],[126.09860536867,-14.02549364369241],[126.09946639378892,-14.026441812811784],[126.09998117924172,-14.026698973964288],[126.10040306538468,-14.026840500244342],[126.1011084123272,-14.02684715043746],[126.10148604472457,-14.026690282676705],[126.10202783915051,-14.026580723078407],[126.10249827622603,-14.0265622476806],[126.10315957416802,-14.02624747361266],[126.10356468175532,-14.025678096666457],[126.10342664109807,-14.025355820484174],[126.10307483383497,-14.025260837422307],[126.10265303314553,-14.02511922403121],[126.10215988732008,-14.025045757147517],[126.10162218318307,-14.024719682334746],[126.10120223570495,-14.024371808074719],[126.10073531442139,-14.024023462068591],[126.1006685297918,-14.023633127842754],[126.10076551662092,-14.023313035828238],[126.1010744109598,-14.022972001751214],[126.10133651560797,-14.022607647448016],[126.10164541494723,-14.022266612517011],[126.1018850058145,-14.021787466829958],[126.10226787866716,-14.02108027375087],[126.10271996262071,-14.020511369886295],[126.10310108423998,-14.01998758484126],[126.10383768935682,-14.019169199776869],[126.10424365346255,-14.018508067597843],[126.10453216057839,-14.017822949700749],[126.10472678771029,-14.017136977612074],[126.1047273738178,-14.017068164404149],[126.10475095829048,-14.017068445740161],[126.1051320684332,-14.016544655778427],[126.10527437923983,-14.016408446083453],[126.10563160337618,-14.015930340310284],[126.10575168320946,-14.01565631130199],[126.10575187869394,-14.01563337251678],[126.10599261235282,-14.015039531479522],[126.10623353893772,-14.014422751042098],[126.10642874162453,-14.013667961714685],[126.10652668136,-14.013256205585925],[126.10657579795736,-14.013027388635377],[126.1066752864061,-14.01245506843293],[126.1067723518103,-14.012134973192873],[126.10694270379618,-14.011517528104543],[126.10716013115781,-14.010900554657903],[126.10730417948174,-14.010580929834354],[126.10754296531887,-14.010193345234091],[126.10782912257761,-14.009760445449226],[126.1080909161605,-14.009419015341336],[126.10837716482875,-14.008986024065093],[126.10892578711173,-14.008142877008321],[126.10914087967114,-14.007778037260799],[126.10923591236029,-14.007664289087959],[126.10940440982796,-14.007253192285763],[126.10940460350142,-14.007230254230121],[126.10968862586273,-14.007026549206564],[126.10994934968964,-14.006799715161304],[126.1102601457051,-14.006252400823387],[126.1105017252816,-14.005566799415947],[126.11066944996769,-14.005224512261902],[126.1108854074518,-14.00476791842921],[126.1109817869226,-14.004516632064075],[126.11119678141182,-14.004151788365842],[126.11146097586773,-14.0035581237258],[126.11162937286372,-14.003147023311563],[126.11182174173979,-14.002690235550347],[126.11201304616594,-14.002348139006278],[126.11251426521751,-14.001550383445377],[126.11280040239075,-14.001117381686981],[126.1131340918703,-14.000639066309805],[126.11339567275516,-14.0003204739699],[126.1136324131376,-14.000139320174341],[126.11393846269536,-14.000096362998272],[126.11417336650028,-14.0001214696996],[126.11452553193273,-14.000170644286166],[126.11492622178523,-14.00005972097953],[126.11513802212626,-14.00003876179535],[126.11542029537422,-14.000018550902631],[126.11568148521383,-13.999745831535828],[126.11603711753004,-13.999428175060588],[126.11639313871758,-13.999064641411978],[126.1168654524434,-13.998839773925976],[126.11740698360904,-13.998753192105918],[126.11797287434165,-13.99857504473407],[126.11856273446702,-13.99835129993275],[126.11917742882726,-13.99799020437158],[126.12002963014527,-13.997356187298568],[126.12057635206288,-13.996719259275745],[126.12114541062387,-13.996197208312113],[126.12185434626159,-13.995814102257832],[126.12230229498584,-13.995680692907742],[126.12289118879126,-13.995548597014281],[126.12336137746331,-13.995553005935573],[126.12364066792856,-13.995853741140273],[126.12408544588266,-13.996064225221229],[126.12521144997112,-13.996326958081207],[126.12603831515545,-13.995898993610451],[126.1262293097438,-13.995579814966263],[126.12639834588181,-13.995099878807244],[126.12656613419419,-13.994757484054878],[126.1269967255265,-13.993959024186381],[126.12733287491758,-13.993205505823044],[126.12754888845001,-13.992726034727447],[126.12795645869181,-13.991881416924917],[126.12791302467781,-13.99149126649217],[126.12765358108214,-13.99158058821731],[126.12725252396584,-13.99173732433756],[126.12661762116034,-13.99175436443431],[126.12603056326572,-13.991680115375978],[126.12558684628065,-13.991354944331642],[126.12514235907139,-13.991121527119189],[126.12469614780949,-13.991071435621498],[126.12384974141642,-13.991086500844508],[126.12333210345412,-13.991127504162806],[126.12281513389122,-13.991099780947932],[126.12277324509124,-13.990549063280517],[126.12258887660012,-13.990157601695199],[126.12242771483673,-13.98978926736216],[126.12214843211342,-13.989488531690956],[126.12187059103404,-13.989027408730838],[126.12161758531457,-13.988428845845329],[126.12141069542677,-13.987922502850717],[126.12125366403845,-13.987118519853139],[126.12135520922905,-13.986316976401303],[126.1217616335296,-13.985587060524379],[126.12204715341316,-13.985222854932395],[126.12244992798075,-13.984882708978915],[126.12304041891984,-13.984590129821916],[126.1230421463243,-13.984406712633396],[126.12327799952722,-13.984317206227189],[126.1237490277209,-13.984229945614674],[126.12431401790435,-13.98414343884699],[126.12473672730229,-13.984193248914167],[126.12509184579146,-13.983921445719952],[126.12516691218961,-13.983440666683192],[126.12495896160013,-13.983048928065315],[126.12496452129506,-13.98245280043172],[126.12515464069865,-13.982225283016135],[126.12543670116769,-13.982227903641773],[126.12618978729186,-13.982143259496539],[126.12621269875878,-13.982212262657258],[126.12659216555954,-13.981848891226866],[126.12652447437236,-13.981550217921273],[126.12621988602196,-13.981432717252916],[126.12589534860912,-13.980948193555127],[126.12583053561308,-13.980328561951596],[126.12588220938073,-13.979824563252027],[126.1261205417771,-13.979482911965237],[126.12645130196724,-13.979302489026631],[126.12689921504193,-13.979169156136164],[126.12734579164915,-13.979173271366378],[126.12746208454243,-13.97931193349367],[126.12762746464448,-13.979221766024969],[126.1279597515804,-13.978880952948318],[126.12821812895217,-13.978906230785586],[126.12854544421347,-13.979092731167361],[126.12889739258108,-13.979164816250602],[126.1292962234454,-13.979260216955748],[126.1294137628145,-13.979261336963539],[126.12964683731408,-13.979469842157373],[126.12988000480773,-13.979678348350053],[126.13041680923719,-13.9800961028111],[126.13079225083294,-13.980168373950743],[126.13112290879185,-13.98001097483956],[126.13133612744636,-13.979829517161587],[126.1321182358199,-13.979148907026167],[126.13233040244342,-13.979082050182091],[126.13265886392165,-13.97915394446244],[126.13270526791145,-13.979223135123645],[126.13301062501922,-13.979248871563414],[126.1335298647823,-13.979024424004416],[126.13376790408203,-13.9787056087496],[126.13417475160723,-13.977929875721024],[126.13438863329239,-13.977679597724388],[126.1345055059069,-13.977749440790895],[126.13504632330638,-13.977731532211331],[126.13523442331231,-13.977733301624648],[126.13560986455603,-13.977805565509641],[126.13624434994281,-13.977834372174426],[126.13673799833204,-13.977838934009924],[126.13699818903068,-13.977657933677216],[126.13718886013908,-13.977384618862434],[126.13740359490748,-13.977042672793662],[126.1378300158382,-13.976679741923506],[126.13820640713287,-13.976660246732951],[126.1386286358805,-13.976755909241337],[126.13893399202185,-13.97678163768371],[126.1396862080861,-13.976788611341215],[126.13992299795166,-13.976607421209238],[126.1401379186456,-13.976242533460686],[126.1406117882268,-13.975834181690372],[126.14089622067985,-13.975584638014857],[126.14143941073839,-13.97531447942698],[126.1420770305378,-13.97499936737494],[126.14276124683907,-13.97473050275209],[126.1433751837005,-13.974438139879888],[126.14382365570816,-13.97423595413196],[126.14462474423904,-13.974036923109564],[126.14492990733005,-13.974085674323021],[126.14521091881953,-13.974202873639664],[126.14594068515073,-13.974094944744513],[126.146881184789,-13.974080714583096],[126.14763434701919,-13.97397305553261],[126.14838873669362,-13.973750701513564],[126.14916737460754,-13.973436864185029],[126.14997243543104,-13.972802243894831],[126.15004631004389,-13.97243604809113],[126.15004990647078,-13.972046356708816],[126.14965286928344,-13.97176748068723],[126.14939894361319,-13.971260690194908],[126.14928500296587,-13.970869889343227],[126.1491729572822,-13.970272728137784],[126.14882223859395,-13.9700631289307],[126.14830577508843,-13.969989592859152],[126.14771998628673,-13.969777772667785],[126.14760709192034,-13.969272276765185],[126.14747137101645,-13.96869786951302],[126.1470509515582,-13.968395864859787],[126.14648979143178,-13.968069715816519],[126.14592635586429,-13.967995713102901],[126.14512756820257,-13.967942516057825],[126.14508049920454,-13.967942051630006],[126.14498635403444,-13.967964066675327],[126.1444454628633,-13.96798209217061],[126.14395164167827,-13.968000398111904],[126.14350460827877,-13.968042105435385],[126.14305633859853,-13.968221445487522],[126.14270183260655,-13.968424557475746],[126.14225309023469,-13.968649680782594],[126.14185208042706,-13.968806451748504],[126.14129150016625,-13.968411475253626],[126.14125383274902,-13.96740224726395],[126.14088239537357,-13.966894429638524],[126.14067632508586,-13.966296341883877],[126.14046863895484,-13.965881675943884],[126.14014503627546,-13.965282565833887],[126.13996350183282,-13.96457006202323],[126.1399694865462,-13.963928137563425],[126.139693718151,-13.96323773643279],[126.13896760014497,-13.962955874333014],[126.13858989735415,-13.963135766612405],[126.13856555422215,-13.963227244875537],[126.13828008954532,-13.963591482503206],[126.13823073835911,-13.963843255080349],[126.13815666042765,-13.964232382954258],[126.13801116858826,-13.964712524486668],[126.13800774581946,-13.965079362761907],[126.1381915577592,-13.965539631563345],[126.13840056966279,-13.96581666701603],[126.13870144251729,-13.966323926868467],[126.13883913468891,-13.96669206698631],[126.13888278129578,-13.967059370892777],[126.1388315273021,-13.967517410663516],[126.13873557839943,-13.967722931622207],[126.13871161598996,-13.96776853185742],[126.13842785724205,-13.967949349375637],[126.13811937205219,-13.968267522204581],[126.13797663564587,-13.968449639539894],[126.13778587617061,-13.968745898364322],[126.1375004033753,-13.969110133036219],[126.13723822721973,-13.969497492530534],[126.136951038381,-13.970045146356417],[126.13668933476687,-13.970386628814211],[126.13642801167754,-13.970682323234993],[126.1360482961457,-13.97106856572099],[126.13576453247681,-13.97124937924536],[126.13545832721186,-13.971315310872004],[126.13534145555906,-13.971245468802545],[126.13499103785227,-13.971012914574604],[126.13480341928692,-13.97096527011693],[126.13435676347764,-13.970961169871842],[126.13421535465932,-13.97100574409558],[126.13393159000785,-13.97118655462133],[126.13350651580443,-13.97138890835315],[126.1325618361313,-13.971861679667112],[126.13218239595963,-13.97222497714139],[126.1319695695006,-13.972360560037927],[126.13138045366951,-13.972515630118254],[126.1307414978299,-13.972968252850507],[126.13014874978724,-13.973513003267817],[126.1299588354908,-13.973717678027683],[126.1299584519926,-13.973763466066648],[126.12986335222227,-13.973877226956871],[126.12967190919144,-13.974242289855576],[126.129339823385,-13.97456025890353],[126.12912651747853,-13.974741714843857],[126.12884216819411,-13.974991244437037],[126.12834556426321,-13.97530762487318],[126.12794444359102,-13.975464458379374],[126.1273080568947,-13.975641896886566],[126.12688411509676,-13.975729724531709],[126.12627322349921,-13.97570108466119],[126.12580632658782,-13.975352795320706],[126.12524701408701,-13.974820241610349],[126.12477906726924,-13.974586553494989],[126.12393368234439,-13.974487027919235],[126.12339326151051,-13.974459035554444],[126.12294775166842,-13.974340223452893],[126.12255075240608,-13.974061398985903],[126.12236563028816,-13.973738663406005],[126.12199317553168,-13.973345425334104],[126.1217820711723,-13.973297580507774],[126.12171007205382,-13.973457403562985],[126.12154344817115,-13.973685108348175],[126.1209564375481,-13.97361085646675],[126.12077179666935,-13.973242244024762],[126.12030462990124,-13.972916882856568],[126.12002344429118,-13.972822596149202],[126.11959989522906,-13.972864443522655],[126.11943432546809,-13.972977544284314],[126.11912725311274,-13.973135208135151],[126.1188916041758,-13.973201774964096],[126.11828130206584,-13.973104389889189],[126.11804748087005,-13.972964600871327],[126.11772037707316,-13.972755241683146],[126.11737075163349,-13.972430912321094],[126.11723270800022,-13.972108641776838],[126.11709581426364,-13.971671773366962],[126.1169833739636,-13.971120400401459],[126.11684639015554,-13.970683440042478],[126.11673404177768,-13.970132158130896],[126.1166675225737,-13.969695853709993],[126.11660157271257,-13.969213765353505],[126.11653553183383,-13.968731676009412],[126.11649211478175,-13.968341436864266],[126.11652165442648,-13.96769971686884],[126.1166316056254,-13.967306873589386],[126.1153326164907,-13.964111705896734],[126.1030335790473,-13.963234714092088],[126.10351481114678,-13.963496594251659],[126.10391185878234,-13.963775441611034],[126.10426155261335,-13.964076846053064],[126.10461008537855,-13.964515699245526],[126.10479575588917,-13.96476971723264],[126.10481818182011,-13.96488450696906],[126.10521301545087,-13.965392642810555],[126.10528289647743,-13.965462117458426],[126.1055593317928,-13.966060874471088],[126.10572026222603,-13.96645215121629],[126.10569475227885,-13.966658220930096],[126.10574047011073,-13.96679622852081],[126.10599477032966,-13.967257169782279],[126.1061567643675,-13.967533845690395],[126.1062966275039,-13.967649854970714],[126.10641357809826,-13.967719709417448],[126.10657808467342,-13.967721217822312],[126.1069088358672,-13.967540912987713],[126.10702742950578,-13.967427351789686],[126.10731014246528,-13.967361266916962],[126.10752191077268,-13.96734030820783],[126.10773300568346,-13.967388162358828],[126.10796614045695,-13.96759668208881],[126.10855264370055,-13.96771683572367],[126.10876421986733,-13.967718813957726],[126.10907003335497,-13.96769879290217],[126.1094468906446,-13.967610614750459],[126.10989478460694,-13.967477220460946],[126.11041381350474,-13.967275757561467],[126.11083774045234,-13.967187955872705],[126.11100060634726,-13.967372969433795],[126.11106875749651,-13.96762576571233],[126.11106702434881,-13.96780918029538],[126.11106470976958,-13.968061409722637],[126.11120438433043,-13.968200265136387],[126.11169867374267,-13.968136150330128],[126.11214695478903,-13.967956874169362],[126.11254739412246,-13.967868881223456],[126.11297045442315,-13.967872919376664],[126.11313332416537,-13.968057840045475],[126.11336540464208,-13.968380957346021],[126.1137166581997,-13.968521875443859],[126.11409380310272,-13.968410752264862],[126.11447075386367,-13.968322567032665],[126.11477628426039,-13.968325384785016],[126.11517480007134,-13.96844374153247],[126.11545558984318,-13.968583999819755],[126.11550237380354,-13.968607316369178],[126.11573397965833,-13.968976397799949],[126.11589617966098,-13.969230131529326],[126.11608033295333,-13.969644532375817],[126.11621452957816,-13.9703795092809],[126.11618825369843,-13.970677336627704],[126.11616265035902,-13.970906350053761],[126.11616072675112,-13.97111270380708],[126.11620472334418,-13.971434127031165],[126.11620405180841,-13.971502850949168],[126.11620020558821,-13.971915559458667],[126.1161965525482,-13.972305327994588],[126.11619251415134,-13.972740884475817],[126.11616710200606,-13.972947048918],[126.11604783690537,-13.973129339134017],[126.11571621731457,-13.973401410399902],[126.1154796087727,-13.973559634042514],[126.11507752168203,-13.973831047297274],[126.11460266540043,-13.974331000200092],[126.11414965546825,-13.975014648024622],[126.11402826791719,-13.97542622773033],[126.1139778272694,-13.975792590469926],[126.11397542147533,-13.976044819048019],[126.11416139794174,-13.976275806292895],[126.11434766871585,-13.9764610056271],[126.11458081831971,-13.976669522602297],[126.1147201110312,-13.976854254306508],[126.11475986831701,-13.977634170796007],[126.11480540014014,-13.977795117226332],[126.11482850230324,-13.97784118349423],[126.11484833393074,-13.97823114124984],[126.11489357957342,-13.978415023653977],[126.11514858012981,-13.978807236829496],[126.1155716610268,-13.978811183968725],[126.1162520562849,-13.97895511169792],[126.11672105823827,-13.979074127409621],[126.11711535998707,-13.979650978654375],[126.1171371179966,-13.979834672814695],[126.11708629168326,-13.98024691332582],[126.11691937228838,-13.980497549368403],[126.11682147465001,-13.980909318865873],[126.11709795336486,-13.981508073216943],[126.11709775954978,-13.981531010973152],[126.11730444425727,-13.982060293725501],[126.11748841174874,-13.982497632897479],[126.11767132119022,-13.983049664463302],[126.11773736260135,-13.98353175449056]]]},"properties":{"fmt_tenid":"M 80/50","type":"MINING LEASE","tenstatus":"LIVE","holder1":"ALCOA OF AUSTRALIA LTD","holder2":" ","legal_area":704,"unit_of_me":"HA.","_colour":"#f5a520","_label":"Mining Lease"}},{"type":"Feature","geometry":{"type":"Polygon","coordinates":[[[126.04518710177503,-14.046124224177785],[126.0449968111717,-14.046398340863009],[126.04461714352409,-14.046831711063867],[126.04414474256178,-14.047080612624836],[126.04386212106898,-14.04712420860076],[126.04369747203229,-14.047122826712256],[126.04327512823497,-14.046981562357214],[126.04292387660566,-14.046771897416841],[126.04252554497354,-14.046561835791156],[126.04208002162235,-14.04637431651515],[126.04154062997975,-14.0461630698332],[126.04130437363077,-14.04629898663517],[126.04130345404118,-14.046413851817306],[126.04141999175653,-14.046552642242904],[126.0415823794596,-14.046852656604324],[126.0415342661443,-14.04699015413948],[126.04158134815452,-14.046990549821796],[126.04174487588489,-14.047129733928333],[126.04193044616773,-14.047475911199585],[126.04206729798932,-14.048028394111855],[126.04208884310785,-14.048281349349619],[126.04222650580577,-14.048741906113577],[126.04252964614552,-14.049089069578722],[126.04271584332196,-14.04934331669586],[126.0429489198026,-14.049620985527383],[126.04323051603221,-14.049715193751357],[126.04351190954804,-14.049832339010026],[126.04377032320613,-14.049880475321428],[126.04421668121412,-14.049953036387981],[126.04449787402395,-14.050093205678667],[126.04454301017911,-14.050346268743924],[126.04470551166591,-14.050623345042995],[126.04472838281748,-14.05071547102236],[126.04496177776403,-14.050947083768419],[126.04528974318208,-14.051133613800326],[126.04540485223575,-14.051456169483867],[126.04549626356963,-14.051801554361619],[126.04551678444781,-14.052192311790112],[126.04546815800371,-14.052398711424157],[126.04539532069192,-14.052696752358306],[126.04539122427555,-14.05322520515709],[126.04548530032085,-14.05322590251159],[126.04586025979985,-14.053412827205792],[126.04614094252364,-14.053621896577972],[126.04646748128825,-14.053992192864479],[126.04665337412462,-14.054292403015472],[126.04665082214957,-14.054614061494876],[126.04646092691792,-14.054842215133032],[126.04617789090662,-14.05493177621571],[126.04598994051321,-14.054907261477627],[126.04561385772739,-14.054858230002187],[126.04519098562996,-14.054785776814757],[126.04467414719885,-14.054689686239708],[126.04413370504241,-14.054616244859231],[126.04371114638626,-14.054497913597615],[126.04333638862326,-14.054288050867846],[126.04284345465534,-14.05414610005133],[126.04228106495881,-14.053865753501043],[126.04193103925374,-14.053495347347418],[126.04132239615117,-14.05309973792736],[126.04108952037325,-14.052799130065708],[126.04113691683156,-14.052753560670405],[126.04088085948548,-14.052406790894203],[126.0406926184007,-14.052405299182789],[126.04043193837624,-14.052655881358152],[126.04043070534344,-14.05281661961535],[126.04063864635306,-14.053300885935295],[126.04143204990628,-14.054134511756539],[126.04171129385732,-14.05452735343173],[126.04203782456256,-14.054897652742401],[126.04231758486034,-14.055221592553952],[126.04257497304914,-14.055407533820436],[126.04278435663436,-14.05570794430971],[126.04285258216183,-14.05600716674892],[126.04292284895153,-14.056053725048812],[126.04294479992032,-14.056260626295277],[126.04294152284398,-14.05667421109407],[126.04296152254086,-14.057133869501907],[126.04314618024748,-14.057594911936281],[126.04319039439383,-14.057962838725405],[126.04323389107074,-14.058422695043902],[126.04323245514139,-14.058606461080528],[126.04311221441179,-14.058950069423139],[126.0430865640256,-14.059225566095424],[126.04320095391898,-14.059640050284377],[126.043410029125,-14.059986423874324],[126.04352235758368,-14.060676603712123],[126.04349702142218,-14.060906135643243],[126.04333195625128,-14.060950716211273],[126.04300304160742,-14.06090207606641],[126.0426515706543,-14.060715343795463],[126.04230050490938,-14.06048273882142],[126.04202105279654,-14.060112834313044],[126.0420239265949,-14.059745212380022],[126.04198054296238,-14.059262417849377],[126.04179434121913,-14.059008169810115],[126.04137229315155,-14.058820843213162],[126.0411858882662,-14.058589620614407],[126.04100164068043,-14.058082614679794],[126.04095763353499,-14.057691660778957],[126.04084499857292,-14.057047446330321],[126.04063429018959,-14.056907863463232],[126.04037782354094,-14.056607055393494],[126.04035432753594,-14.056606857540707],[126.03993248839993,-14.056396592993291],[126.03944067753402,-14.05611683389666],[126.03904222524767,-14.055929792672284],[126.0385738203249,-14.05565022857287],[126.03817557209204,-14.055440160114248],[126.03803677434048,-14.055140341604153],[126.03792127024336,-14.054863658101969],[126.03759279066759,-14.054746110181213],[126.0370785263797,-14.054328256057813],[126.03698640727528,-14.054074798284878],[126.03670573363063,-14.053865717880619],[126.036684102567,-14.053612761621167],[126.03644887044861,-14.053610871236339],[126.03632985960445,-14.053793645351215],[126.03580952376139,-14.054156904524582],[126.03557460508468,-14.054109048064722],[126.03536379159264,-14.053992399325779],[126.03501315110093,-14.053713822282267],[126.03487498576514,-14.053322165246025],[126.03464263821637,-14.052952560627498],[126.03462244895033,-14.052515931029271],[126.03453270001624,-14.051963752562237],[126.03458216643946,-14.05164249184333],[126.03458865069211,-14.050815503525904],[126.03459092317078,-14.050516874049897],[126.03459627904238,-14.049827686949829],[126.0345999933498,-14.04934520117897],[126.03453249951345,-14.048954049910058],[126.03432520012386,-14.048378032093273],[126.03413726029821,-14.048353419030757],[126.03397220434204,-14.048398083950309],[126.03366619769332,-14.048418441561791],[126.03347785039223,-14.048439881564175],[126.03289034787277,-14.048366110511095],[126.03244400080314,-14.048293439743754],[126.03185805316357,-14.048012964513674],[126.03145901184674,-14.047894723505074],[126.03110518429453,-14.048029637484948],[126.0309620684788,-14.048281201436442],[126.03079453172417,-14.048647428585408],[126.03074569190215,-14.048876760007209],[126.03072023537926,-14.049129227323926],[126.03069209432668,-14.049726376905257],[126.0307371220461,-14.049979437873722],[126.03080294058893,-14.050600320027053],[126.03084693173744,-14.050991274120587],[126.0308418782626,-14.051634493638302],[126.03095653875992,-14.052026045433408],[126.03116745966919,-14.052119669581352],[126.03158731942719,-14.052582703166118],[126.0316794305341,-14.052836163010117],[126.03177102538805,-14.05315852293252],[126.03167674715401,-14.053180755346943],[126.03153507215829,-14.053248463999301],[126.03141461537801,-14.053615089825628],[126.03143624012903,-14.053867954963449],[126.03124448085768,-14.054325913125655],[126.03093815085731,-14.054392320380888],[126.03041967910448,-14.05450281048449],[126.03008737007582,-14.054890674013363],[126.03001503066582,-14.055119805996728],[126.0297759811073,-14.055600300485967],[126.02998616212116,-14.055808791553726],[126.03038212077519,-14.05631750204852],[126.03073203509359,-14.05668801182971],[126.03110502024768,-14.057127622483993],[126.0311511782936,-14.057242883897626],[126.0311241625718,-14.057702143313094],[126.03131055397333,-14.057933461806861],[126.03177885925713,-14.058213037931173],[126.03203334910312,-14.05876660862448],[126.03217110266043,-14.05920423115361],[126.03198109866928,-14.059432368989548],[126.03167631805952,-14.05929198416465],[126.03115844451409,-14.0593336646232],[126.03057091691079,-14.059259883748116],[126.03031435438238,-14.05898200486891],[126.0297050006122,-14.058678294931822],[126.02954199512817,-14.0584702016782],[126.02891007688633,-14.058051427268744],[126.028490012124,-14.057611414803818],[126.02809270129366,-14.057286467837391],[126.0275065365238,-14.057028825499234],[126.02701558178637,-14.056634177951517],[126.02671234983129,-14.056310024673083],[126.02633876329467,-14.055939309032356],[126.02587223576086,-14.055429994869463],[126.0255230555318,-14.054967643365238],[126.02529176427129,-14.05446023144558],[126.02478085301969,-14.053605926871683],[126.02457129187788,-14.053328531879638],[126.0241958361273,-14.053210478507397],[126.02398265236789,-14.053392538271376],[126.02388712918693,-14.053575503537711],[126.02374191916145,-14.054102752747335],[126.02352717171374,-14.054491512300253],[126.02317054099834,-14.054971000281645],[126.02286171794219,-14.05535896126237],[126.0225264954785,-14.056114337696268],[126.02240540786119,-14.056549857011362],[126.02240270942436,-14.056894446659083],[126.02239969319774,-14.057285000926449],[126.022323716062,-14.057973583473498],[126.02224814578383,-14.058616291398424],[126.02224585617358,-14.058914919424256],[126.02209836554867,-14.059717763759837],[126.02206967267033,-14.06038380782028],[126.0221610485017,-14.060729197136528],[126.02234659345154,-14.061075386128412],[126.02234566197967,-14.061190247677425],[126.02255647183686,-14.061306909494048],[126.02302445289713,-14.061632376208944],[126.02353983462947,-14.061912367152047],[126.02400709060241,-14.062329850133098],[126.02463880347501,-14.062771663876935],[126.02508288473324,-14.063142891341531],[126.02517270224934,-14.063695070508832],[126.02514412900148,-14.064338089321758],[126.02514195175314,-14.064613780064986],[126.02539674686354,-14.065121301064211],[126.02565412703154,-14.06530725870049],[126.02588594572904,-14.065745771856209],[126.025880962166,-14.066388989604992],[126.02592224470102,-14.067124534450562],[126.02589439698812,-14.067675626025942],[126.02581862370712,-14.06834127331525],[126.02576893265909,-14.06868546515218],[126.02569565072143,-14.069029548064677],[126.02552590893086,-14.069671369332296],[126.02542788374556,-14.070175989364772],[126.02540064492888,-14.070658271149306],[126.02541987892488,-14.071209851880983],[126.0256551269311,-14.071211758109767],[126.02584360546221,-14.07116738942588],[126.02614995815793,-14.071100992322704],[126.026456514516,-14.071011659186269],[126.02674061594671,-14.070784324926503],[126.02709489175194,-14.070603460503557],[126.02733199937649,-14.070375638399284],[126.02770925009378,-14.070263963001285],[126.02827486667256,-14.070130763954964],[126.02862830416338,-14.070064852701417],[126.02905087606095,-14.070183213482128],[126.02925993424279,-14.07052959728547],[126.02918572931232,-14.070988455178153],[126.02906753782423,-14.071056358662902],[126.02885350111868,-14.071353283787458],[126.02880526168592,-14.07151371417352],[126.02894602176698,-14.071560781776766],[126.02918086245312,-14.071608737071362],[126.0294350381662,-14.072208185081037],[126.02948078933785,-14.0723693201577],[126.02964409935474,-14.072554479880287],[126.0299942349551,-14.072902058214465],[126.03041774217718,-14.072905552820924],[126.03060714901474,-14.072746316971893],[126.03089073045581,-14.072587878813676],[126.03138628832647,-14.072385174894901],[126.03169356832662,-14.072203997628385],[126.03216551563105,-14.072024121821801],[126.03249557188506,-14.071934888609915],[126.03270515507059,-14.072212371304689],[126.03277264154967,-14.07260352262524],[126.03277212256842,-14.072672423722638],[126.03279333988574,-14.07297125206746],[126.03283918506676,-14.073132478139817],[126.0330735097786,-14.073249239527524],[126.0334256186594,-14.073344059495144],[126.03382418370438,-14.07353120443622],[126.03408241364163,-14.073602289680364],[126.03433960761994,-14.07381117811743],[126.03464266644656,-14.074158353592141],[126.03513604106278,-14.074254274187991],[126.03546558012191,-14.074234028307114],[126.03598235852967,-14.07433023309149],[126.0360961077455,-14.074836648435943],[126.03606972319452,-14.075203979971102],[126.03592658918448,-14.075455543677707],[126.03585207776365,-14.075960368529973],[126.03584763322151,-14.07653469228226],[126.036033725895,-14.076811974110154],[126.03638460187763,-14.077067527427626],[126.03673423820136,-14.077483998924222],[126.0369212581562,-14.077646416571742],[126.03743597441299,-14.078018224485511],[126.0380433331003,-14.07857468028109],[126.03829992452609,-14.078852464796853],[126.03813225556834,-14.079241723721243],[126.03773160381604,-14.079330278055055],[126.03707415696867,-14.079163981895277],[126.03674585069648,-14.079023399737077],[126.03644113536308,-14.078883018498068],[126.03608985011351,-14.078673337304332],[126.03552649199536,-14.078507830792331],[126.03519818568556,-14.078367337591402],[126.03473036013565,-14.078018770607624],[126.03428334397914,-14.078015084095059],[126.03411743203895,-14.078174519868838],[126.03411546578143,-14.078427276223863],[126.0341366831063,-14.078726103564945],[126.03394666128091,-14.078954240515227],[126.03338206060133,-14.078949558397596],[126.03291278915677,-14.078784841739052],[126.03232521155677,-14.078711057601382],[126.03178307281819,-14.07884437160022],[126.03093416003047,-14.079090048783938],[126.03050960080377,-14.079224355393398],[126.03020219710882,-14.079428556709688],[126.02989386210724,-14.079747712192002],[126.02984324107466,-14.080206769008672],[126.02984086247805,-14.08050539643756],[126.03014256302151,-14.08103634217203],[126.03028124618922,-14.081359103159901],[126.03048834313877,-14.08195815330505],[126.03079004569354,-14.082489098033975],[126.03106897699088,-14.082927917708375],[126.03155688452517,-14.083713121159189],[126.03155511991801,-14.083942849486148],[126.03113003068124,-14.084146145208164],[126.03058819421986,-14.08423349016365],[126.0300474907246,-14.08418303292203],[126.02967395382423,-14.083812315662746],[126.02903886905263,-14.083784085769558],[126.02866252357364,-14.083780986037254],[126.02781681262853,-14.083613066656735],[126.02741812588023,-14.083448937769703],[126.02678324777416,-14.083397675840795],[126.0264760397125,-14.083578935138192],[126.02616769367414,-14.08389799263805],[126.02576485168879,-14.084262305524161],[126.02484678440003,-14.084323503718942],[126.02446982492907,-14.084389297089821],[126.02409057083561,-14.084753715902057],[126.02342855262653,-14.08516178768078],[126.02300188858413,-14.085571768579314],[126.02271630797058,-14.085982857002454],[126.02266587476144,-14.086418973655716],[126.02285195518003,-14.086696265329397],[126.0234388162655,-14.086862000516147],[126.02381505210992,-14.086888047264935],[126.02430709896714,-14.087144908872132],[126.0244946376085,-14.08723834533592],[126.02461190583651,-14.087285307988045],[126.02482160182313,-14.087539769551622],[126.02514720382655,-14.088024957970593],[126.02575661692592,-14.088328691222058],[126.02599188199251,-14.088330689421598],[126.02664881786599,-14.088565919433941],[126.02701819898213,-14.089464995140103],[126.02743696538505,-14.090065843352699],[126.02762180627603,-14.09050386818918],[126.02789855699098,-14.091218382005037],[126.02808339988809,-14.091656406838672],[126.02906773335692,-14.09214709097902],[126.02941809587254,-14.092471647118314],[126.0300273233817,-14.092798399367343],[126.03045004812937,-14.092893825012618],[126.03108434140242,-14.093013980954781],[126.03155187052504,-14.093408432756812],[126.03199923208238,-14.093366166171055],[126.03244824748283,-14.093117197365213],[126.03306205388614,-14.092846593971206],[126.03386288700855,-14.092738410103102],[126.03445267254861,-14.092536503866281],[126.03457533024758,-14.091894277786782],[126.03436801529075,-14.091318165908469],[126.0343760914762,-14.090284388820878],[126.03437753966354,-14.090100533627444],[126.03490210891033,-14.08920893392065],[126.03509152921511,-14.089049696688427],[126.03563430562895,-14.088847390261297],[126.03629457781152,-14.08864607317885],[126.03671935666583,-14.088488823084216],[126.03763900611963,-14.088220697746358],[126.03853607904537,-14.087837598417769],[126.0389607648987,-14.087680252075907],[126.03973695152611,-14.087709737869828],[126.04058558090414,-14.0875099972844],[126.04129406619103,-14.087171171731299],[126.04202676765806,-14.086740704162661],[126.04326008973236,-14.085464375422402],[126.04356801312898,-14.08519116439254],[126.044138907106,-14.08439177059567],[126.04440003322485,-14.084095226525822],[126.04489776816727,-14.08361689456318],[126.04506439921258,-14.083365521882314],[126.04603521954449,-14.082569485267728],[126.04691401246221,-14.081496867059862],[126.04703343901633,-14.08126812462332],[126.04793448627154,-14.080356528578704],[126.04805288073783,-14.080265589193035],[126.04859697114689,-14.07987957044901],[126.04909314525618,-14.079607929892969],[126.04954191611803,-14.079381857507268],[126.05017711165706,-14.079387095361847],[126.05081425597072,-14.07913966183067],[126.05175734884229,-14.078871680203513],[126.0526073580825,-14.078488138910423],[126.05319791207005,-14.078171322730107],[126.05383666955824,-14.077717098004857],[126.0541479366903,-14.077007439490782],[126.05419533726881,-14.076961869134811],[126.05419553841126,-14.076938932251473],[126.05419625298575,-14.076847002720214],[126.05422343523222,-14.076364708907207],[126.05422752062478,-14.075836343624411],[126.05432538006275,-14.07535464211763],[126.0545399009577,-14.074988880917314],[126.05484850424868,-14.07462381799828],[126.05539368007192,-14.074099806238069],[126.05567775778957,-14.073872439275755],[126.05596183612334,-14.073644981470624],[126.05607992778323,-14.073577062982874],[126.0565994578895,-14.073328636659298],[126.05709457732449,-14.073194788839977],[126.05763617698908,-14.073130325172585],[126.05841313842673,-14.073044798987574],[126.05890825468347,-14.072911036631611],[126.0594039914393,-14.07268534348898],[126.0596643650149,-14.072480711014956],[126.06011432681308,-14.072093881638507],[126.06061279753301,-14.071523585767709],[126.06106326682796,-14.071067762286887],[126.0613006519764,-14.070793938805446],[126.06189503653074,-14.06997175279282],[126.06210872121447,-14.069720758749863],[126.06239471884739,-14.06924061964843],[126.06251422786205,-14.068988839936019],[126.06259760475831,-14.068654073645508],[126.06374895963552,-14.065552761853079],[126.0525918592826,-14.065208410452396],[126.0525640808164,-14.056569560048372],[126.05242414779795,-14.05640763684646],[126.05249758328434,-14.056040604397017],[126.05249829689498,-14.055948674642554],[126.0525981890221,-14.055191364576844],[126.05262188719826,-14.055168534987565],[126.05271698421201,-14.055031518755024],[126.052791843867,-14.054480717975801],[126.05291032753414,-14.054366836051152],[126.05293718898399,-14.053930506298459],[126.05315382499674,-14.053288956039182],[126.05317874567294,-14.053105384634865],[126.05339629420254,-14.052348969224616],[126.05344399607708,-14.0522575227947],[126.05351865138722,-14.051729657617123],[126.05342529111488,-14.051637032100603],[126.05314460918142,-14.051427964643771],[126.05291091829922,-14.051219200881027],[126.05274738437295,-14.051080020754974],[126.05256108595886,-14.050825775622336],[126.05237661661869,-14.050341800169898],[126.05232973628016,-14.050318469441534],[126.05223862720914,-14.049927118507085],[126.05226272635318,-14.049858415259898],[126.05229132288011,-14.04919235218647],[126.0521553652568,-14.04852491316913],[126.05211042170193,-14.048248913088557],[126.05213585450134,-14.047996348587475],[126.05204352149119,-14.047765829871102],[126.05195210201953,-14.047420443994113],[126.05197681999203,-14.04725989962062],[126.05197753382086,-14.047167971492811],[126.05193350680615,-14.04677701525028],[126.05202860012864,-14.046639998458781],[126.05210447840241,-14.045951302052293],[126.05208240904167,-14.045767337946856],[126.05206935844534,-14.045485946653365],[126.0519312963761,-14.044860024693328],[126.05173942238545,-14.044477921399684],[126.05171868668945,-14.044110188036774],[126.0516269588197,-14.04381067821551],[126.05160673524901,-14.043374042755596],[126.05153809898425,-14.043120692848607],[126.05151868124628,-14.042592131258644],[126.05147456124699,-14.042201173009879],[126.0514309356656,-14.041764343695387],[126.05138895516302,-14.041097690059406],[126.05158187938305,-14.040478969011923],[126.0517010668184,-14.04027315698649],[126.05191625918812,-14.039815463002874],[126.0520849738354,-14.03928838318598],[126.05229894130174,-14.038991429420518],[126.05246745321584,-14.038487374644705],[126.05261603149984,-14.037523661339073],[126.05280660965325,-14.037203570696724],[126.05280874628352,-14.03692787429021],[126.05269118623343,-14.036926892018906],[126.05252543184709,-14.037063409243794],[126.0524066487594,-14.037223258211094],[126.05226438837988,-14.037359971291941],[126.05212079523952,-14.037680452646423],[126.05204848800796,-14.037909595426887],[126.05192807743272,-14.038276237706397],[126.05185505731632,-14.03859721862579],[126.05164140128836,-14.038848209323637],[126.05140302520019,-14.039259832411847],[126.0512603426405,-14.03946544660422],[126.0510224727015,-14.03980807959442],[126.05085640084387,-14.039990561902755],[126.05068930582854,-14.040310847388414],[126.050593609397,-14.040516765270274],[126.05035491208608,-14.040974354396191],[126.05018894802531,-14.041133806658834],[126.04990602407896,-14.04122337659662],[126.04974086495808,-14.041290991789483],[126.04950544125596,-14.04131196238611],[126.04910588268974,-14.041262742978288],[126.04877842080501,-14.041030347833688],[126.04826283664762,-14.040773348902814],[126.04814527165435,-14.040772364683114],[126.04795621511066,-14.040885747100369],[126.04762509201346,-14.04111272062475],[126.04757749688186,-14.041181319038861],[126.04748045978887,-14.041571094238714],[126.0473826158451,-14.04205270557587],[126.04735523718762,-14.042557936477657],[126.04709406421465,-14.042877429678818],[126.0470201146833,-14.04331336479637],[126.04696843316633,-14.04391032599612],[126.04685035401978,-14.043978242885213],[126.04642352044459,-14.044411311371443],[126.04613936257223,-14.04466161464111],[126.04592588941722,-14.044889663405845],[126.04580617584305,-14.045164372609293],[126.04611075089296,-14.045327674796182],[126.04587266344774,-14.045693326928841],[126.045588922695,-14.04587481810458],[126.04542364981293,-14.045965367350645],[126.04518710177503,-14.046124224177785]]]},"properties":{"fmt_tenid":"M 80/51","type":"MINING LEASE","tenstatus":"LIVE","holder1":"ALCOA OF AUSTRALIA LTD","holder2":" ","legal_area":992,"unit_of_me":"HA.","_colour":"#f5a520","_label":"Mining Lease"}},{"type":"Feature","geometry":{"type":"Polygon","coordinates":[[[126.05751926506996,-14.053038674308102],[126.05769256859061,-14.053296911500274],[126.0578092026776,-14.053602867118974],[126.05799479835983,-14.053949039336272],[126.05818121355532,-14.05418034340471],[126.05841502321059,-14.054366075106245],[126.0586244253362,-14.054666477105766],[126.05878826001987,-14.054782629176547],[126.05885488151922,-14.0552886478089],[126.05871239386624,-14.055471329402474],[126.05819473723052,-14.055490036121473],[126.05716217687005,-14.05515990924713],[126.05683409173503,-14.05499641721919],[126.05634257900624,-14.054670718023132],[126.05566302878034,-14.054320507017824],[126.05503005251262,-14.054039589789335],[126.05465346438413,-14.05405946927182],[126.05422814914908,-14.054308688370616],[126.05398986488893,-14.054697372433228],[126.05386872955133,-14.055155851622924],[126.05386556765396,-14.05556935160976],[126.05390979811402,-14.05593737241743],[126.05397863955089,-14.056167695419665],[126.05423471828254,-14.056514368495327],[126.05442113075226,-14.05674567480131],[126.05451458614371,-14.05683830201212],[126.05463001721729,-14.05711498165875],[126.05460336023059,-14.05752828483738],[126.05457803557084,-14.057757820441873],[126.0545285942496,-14.058079088967535],[126.05452645527124,-14.058354785322495],[126.05443115511095,-14.058514828990548],[126.05426660826252,-14.058490513499402],[126.05396262285335,-14.058258221830197],[126.05384587264012,-14.05814246230007],[126.05358939266534,-14.057841662061024],[126.05344934957976,-14.057702677242208],[126.05338030698103,-14.057495290683939],[126.0532878603647,-14.057287799272581],[126.05300839674308,-14.056917900920118],[126.05270381066865,-14.056754508698235],[126.05258737367673,-14.056592784344556],[126.0525640808164,-14.056569560048372],[126.0525918592826,-14.065208410452396],[126.06374895963552,-14.065552761853079],[126.06402259714002,-14.065554918594563],[126.06437551049889,-14.065557860975039],[126.0651047431834,-14.065563754938658],[126.06555275354107,-14.065429582855428],[126.06602476929834,-14.065226703093758],[126.06647419653504,-14.064908669856388],[126.06678214905429,-14.064635515615587],[126.0670425065313,-14.064430871776153],[126.06730266409873,-14.064249164500389],[126.06749254587353,-14.064020994855897],[126.06791544076528,-14.064093329175037],[126.06824425711542,-14.064164970177192],[126.0684124560791,-14.063706870492444],[126.06839169789806,-14.063339043837095],[126.06839260623461,-14.06322417693652],[126.06862754106902,-14.063272097570708],[126.06909742812316,-14.063344820387977],[126.06942593578952,-14.063462425308767],[126.07001258599121,-14.063650991452374],[126.0704811539022,-14.063907482383986],[126.07083316038847,-14.06402528138221],[126.07118607357678,-14.064028121809839],[126.07128015382548,-14.064028903057602],[126.07139762282158,-14.064052817149541],[126.0714211196315,-14.064053011711097],[126.07196562997656,-14.06359794129805],[126.07243773015638,-14.063395047556803],[126.07279044334582,-14.063420912528414],[126.07316675962332,-14.063423944829204],[126.07338284677789,-14.062851360558458],[126.07343740004393,-14.061863814377537],[126.07353500538954,-14.06140512161101],[126.07391312797758,-14.061178415940935],[126.0743839177624,-14.06113634965788],[126.07490148812865,-14.061140549084213],[126.07539667942933,-14.060983716765744],[126.07556224303102,-14.06087021264203],[126.07535643892619,-14.060087319353766],[126.0751233102225,-14.059809759491293],[126.07444511204648,-14.059275821950461],[126.0741406996276,-14.059089517070653],[126.073531678485,-14.058739933051083],[126.0729473663831,-14.058229709554677],[126.07248061495888,-14.057743400315365],[126.07229781251343,-14.057029694316476],[126.07258427301353,-14.056480631953386],[126.07310143165829,-14.056530797208385],[126.07385362975658,-14.05660584765041],[126.0744645619335,-14.05670266630473],[126.07493433172425,-14.056798403005821],[126.07559285302763,-14.0568267954974],[126.07606172344606,-14.05703730762894],[126.0768373150315,-14.057135573124173],[126.07724002298444,-14.056771248976931],[126.0775482575294,-14.056452020167379],[126.07811351220388,-14.056364758309575],[126.0786565838232,-14.056093437381717],[126.07896450901448,-14.05582026157311],[126.07922515117515,-14.055569635354235],[126.07960536367322,-14.055067214340664],[126.07963497885666,-14.054263328485177],[126.07954401598955,-14.05384904069047],[126.07891301228821,-14.053292478067254],[126.07846924483034,-14.05287536641227],[126.07792889964034,-14.052779053619348],[126.07743715070052,-14.052476420346126],[126.07737139976135,-14.05183250017559],[126.07770492174907,-14.05128381666726],[126.07801404626228,-14.050849808413455],[126.07846302920551,-14.050577708458933],[126.0787257683591,-14.050051468415635],[126.07879805731056,-14.04982222278162],[126.078754985965,-14.049293455586158],[126.07833090555751,-14.049381980219247],[126.07797389356739,-14.049930469851835],[126.07728656591624,-14.050614133609365],[126.07697764008009,-14.051025204845827],[126.07666871223483,-14.051436274086848],[126.07631259261485,-14.051869891639404],[126.07616972351698,-14.052098461714547],[126.0758625045108,-14.052279792747225],[126.07576843135134,-14.052279015318534],[126.07513502414534,-14.05204411195264],[126.07471265155668,-14.05190289138738],[126.07443053477007,-14.05187761607729],[126.07400664999605,-14.051943103713754],[126.07365395509102,-14.051917242831651],[126.0732080904713,-14.051775736404085],[126.07278633165139,-14.051542579739262],[126.0725746892985,-14.051540827021748],[126.07208033209723,-14.051582788062452],[126.07165725877115,-14.051533401580995],[126.07132896636314,-14.051392866433247],[126.07102688335296,-14.050907920780862],[126.07081878150612,-14.050423755555595],[126.07047032420247,-14.049846490080457],[126.07014435080495,-14.049407314602734],[126.06969789517011,-14.049334794220522],[126.06922814419164,-14.04923904995359],[126.0688772682469,-14.048983448802955],[126.06859828895817,-14.048544663025547],[126.0682456021015,-14.048518796119593],[126.06789311393898,-14.048469991187833],[126.06770689127089,-14.048215755038512],[126.06752117668502,-14.047892525811191],[126.06738002346849,-14.04789135365724],[126.06721203703974,-14.04832652012999],[126.06699575367637,-14.048922127067842],[126.06678179332442,-14.049219095675276],[126.06652013511574,-14.049607512671367],[126.066167138859,-14.049627608822844],[126.06579267890015,-14.049371806802743],[126.06551441343693,-14.04884117889803],[126.06521033290915,-14.048608901472278],[126.06471516945592,-14.048765715742265],[126.06426931922228,-14.048624194450225],[126.06420360864563,-14.047980366150822],[126.06420664347695,-14.04758979869357],[126.06389973103438,-14.047725149812736],[126.0638316817207,-14.047402897885608],[126.0638126528056,-14.046805427333574],[126.0637908837494,-14.04657549721334],[126.06334727261867,-14.046135335547795],[126.06282983620089,-14.046131119845207],[126.0623823747471,-14.046196391776144],[126.062121837558,-14.046423971702785],[126.06202705768925,-14.046515119413863],[126.06172480540253,-14.046053103806422],[126.0616106922763,-14.04559274599707],[126.06161454664019,-14.04508731238247],[126.06162123917672,-14.044214249320804],[126.0616727903674,-14.043617367297438],[126.061819214411,-14.042929247568784],[126.06210638514281,-14.042288268010005],[126.06255799726644,-14.041671685449689],[126.06291310455009,-14.041375892873463],[126.06324715156593,-14.04075824006716],[126.0634623236237,-14.040300531195617],[126.063677388049,-14.039865759343542],[126.0637514102628,-14.039406875325207],[126.06378056695401,-14.038671901255421],[126.06378633834034,-14.037913703304087],[126.06374624266762,-14.036994371443411],[126.06368073019289,-14.03632760704406],[126.06365814472743,-14.036212544044911],[126.063615619138,-14.035614787584745],[126.06366594362348,-14.035178735746092],[126.06376202645204,-14.034926755848446],[126.0637626422863,-14.03483482373365],[126.06381133468102,-14.034628509184309],[126.06388413891521,-14.03433036737621],[126.0640282220037,-14.033940971020664],[126.06431435566917,-14.033437880658681],[126.06443505244643,-14.03302526142477],[126.06453437470991,-14.032336835994945],[126.0646080824686,-14.031923916052214],[126.06468179022347,-14.03151090611064],[126.064755188562,-14.031143952226897],[126.06480833833814,-14.030340177949045],[126.06481056453795,-14.030041539581115],[126.06500222671586,-14.029583630876406],[126.06528714056591,-14.029241279861733],[126.06557337306567,-14.028715156628138],[126.06590648188572,-14.02821245216389],[126.06609814116844,-14.027754450553081],[126.06609915340876,-14.027616645387356],[126.06610177800846,-14.027272041972484],[126.06598664481324,-14.026949491243212],[126.06580074386119,-14.026649291934728],[126.06566152153266,-14.026395358417131],[126.06561746651899,-14.026004489205954],[126.0655493223672,-14.025682238208903],[126.06543540413578,-14.025198854276875],[126.06520646286596,-14.024369890540957],[126.065090428296,-14.024162116928641],[126.06509254597181,-14.023886416576381],[126.06514365962987,-14.023358433641523],[126.06514952320961,-14.022577295645162],[126.06510668053446,-14.022025594200192],[126.06511071816202,-14.021497129525427],[126.06511596585102,-14.020807923645659],[126.06502604615613,-14.020255832455438],[126.06477149956233,-14.019702285251308],[126.06467895710021,-14.019494796535215],[126.06461110497129,-14.019149608502383],[126.06461242375791,-14.018965838265743],[126.06454366701487,-14.018735518380126],[126.06454487907816,-14.01857468517249],[126.06454781037493,-14.018184115668374],[126.06464469391219,-14.017817264647448],[126.0648363423024,-14.017359352964625],[126.06483654102584,-14.017336415935029],[126.06498091270461,-14.016901050558056],[126.0651251767533,-14.01648862426316],[126.06531581093739,-14.016168517842901],[126.06534212350951,-14.01580117124961],[126.0653433345684,-14.01564033804532],[126.06532589885693,-14.014836068149476],[126.06539787765776,-14.014652791539303],[126.0655196590319,-14.014102364213509],[126.06559315333246,-14.013712379344032],[126.06559587989275,-14.013344836879499],[126.06555061410718,-14.013114711838165],[126.06545937564857,-14.012746391870794],[126.06510986931123,-14.012307025182182],[126.06482991779555,-14.012006049359337],[126.06459765723775,-14.01161353219182],[126.06450602142561,-14.011291176310198],[126.06439311803568,-14.010669898174058],[126.06439371620624,-14.01060099608451],[126.06416317257994,-14.009978741899701],[126.06385832263054,-14.009861432070934],[126.063622122529,-14.009997378721893],[126.06336213968196,-14.010156067356196],[126.06281705466495,-14.010703075138407],[126.06239315377707,-14.010768465622933],[126.0622992965668,-14.01074474912373],[126.06211168887198,-14.01067428709446],[126.0619010053721,-14.010534725105048],[126.06180805279315,-14.010396141449883],[126.06171692920125,-14.010004792453097],[126.06160231300107,-14.009613339632818],[126.06148699318837,-14.00931363577969],[126.06099555315589,-14.008988055225185],[126.06083154590274,-14.008894758179213],[126.0603175240535,-14.008454112933558],[126.06001389425462,-14.00817587565649],[126.05956873489072,-14.007942520545692],[126.0591689294215,-14.007939291606329],[126.0587221420132,-14.007935581909328],[126.05823273956096,-14.00733429587289],[126.05792739187359,-14.007285790885923],[126.05790632981129,-14.00696402242975],[126.05793275793177,-14.006573651480842],[126.05802933464591,-14.00625276947179],[126.05833872583281,-14.005772811243947],[126.05852875701781,-14.005521611128541],[126.05900296406813,-14.00502008257006],[126.05940347176205,-14.004931380858448],[126.059427162116,-14.004908639011601],[126.05963966764442,-14.004795438383486],[126.05992243017454,-14.004728876952564],[126.05994612052028,-14.004706045111405],[126.06013634889592,-14.004431906426383],[126.06020933935135,-14.004110825771766],[126.05997839468722,-14.00355756593205],[126.05967507726056,-14.003233454720576],[126.05937043862808,-14.003093114417036],[126.05911571587396,-14.002562595212869],[126.05911732857483,-14.002355798489495],[126.05923860380611,-14.001874367396466],[126.05954919916564,-14.001233573506239],[126.059739423347,-14.00095943497714],[126.0601887162919,-14.00064138619452],[126.06061301203957,-14.000507000460845],[126.06099021953925,-14.00039525163538],[126.06127418935323,-14.000167766452002],[126.06130010276662,-13.999846295123904],[126.06116160127397,-13.999500522524356],[126.06090434355953,-13.999314699358278],[126.06052976119561,-13.999081845005042],[126.06036847554643,-13.99864403840467],[126.06051151829497,-13.998392443931875],[126.06081917423339,-13.998142213085929],[126.06110223386337,-13.998029682741214],[126.06176179503387,-13.997897151809873],[126.06246884006526,-13.997696104645081],[126.0630106583002,-13.99758562481052],[126.0634822185989,-13.997428683727893],[126.06360066388355,-13.997314787881182],[126.06362445951379,-13.997269017395586],[126.06371992202538,-13.99708593345873],[126.06372445374339,-13.99648865081911],[126.06370549658737,-13.995891085223525],[126.06352273926692,-13.995177378292032],[126.0632918988779,-13.99460108782671],[126.0632004672969,-13.994255702810893],[126.06287648109021,-13.993563857096007],[126.06271600620958,-13.993011088238811],[126.06253082997836,-13.992619049861567],[126.06253203955883,-13.992458216494262],[126.06242044448061,-13.991676100279033],[126.0623542169471,-13.991101263030949],[126.06219535153164,-13.990341695386189],[126.06217619571594,-13.989767157066401],[126.06204011504839,-13.989099804801944],[126.06173579691323,-13.988913503155887],[126.06126506407628,-13.988955665399775],[126.06072285290556,-13.98913504881008],[126.06022640856678,-13.989475655243675],[126.05940246487539,-13.989583795434138],[126.0588620765736,-13.989510500209906],[126.05865090472089,-13.989439841958482],[126.05836825343037,-13.989506495778796],[126.0578493299196,-13.98970900613714],[126.0574519808053,-13.989384113202954],[126.05646272291372,-13.989582898005194],[126.05613401503835,-13.989511263180221],[126.05571277964256,-13.989232138110772],[126.05524123433268,-13.989389065620538],[126.05488590212943,-13.989730830933711],[126.05434197952205,-13.990116997275422],[126.05401367338219,-13.989999393899225],[126.05368476564847,-13.989950783356946],[126.05330857252879,-13.989947746500919],[126.05302390534165,-13.990267067050015],[126.05288117045635,-13.990472690826556],[126.05242631896988,-13.991525812015297],[126.05223649740708,-13.991754074060392],[126.05237285845116,-13.992375459694403],[126.05234613362629,-13.992788860394144],[126.0521564198467,-13.992994002092894],[126.05184916479642,-13.993198346994063],[126.05168353948167,-13.993334782829008],[126.05135230170355,-13.993584805204025],[126.05111752997281,-13.993536974131525],[126.05067209099661,-13.993349485985142],[126.0504132267324,-13.99337036071604],[126.05008309227827,-13.993482577536863],[126.04979901056431,-13.99373299117365],[126.04960837947262,-13.994053089307824],[126.04944234772526,-13.994235487895708],[126.04920564625725,-13.994440326998522],[126.04906472266002,-13.994416214341404],[126.04887763886268,-13.994276842703032],[126.04878480768875,-13.994115227448084],[126.0485996531999,-13.993723184254433],[126.04843849850892,-13.9932623432865],[126.0483017454903,-13.992686832079348],[126.04830265616809,-13.992571964915596],[126.04816397295355,-13.992249215295283],[126.04776845054855,-13.991694576571618],[126.04767582060238,-13.991510024166239],[126.04767715016034,-13.991326164325551],[126.04760851895607,-13.99107290512982],[126.04751588906832,-13.990888351740951],[126.04735371832146,-13.990565407326642],[126.04730755835658,-13.990450148411869],[126.0470773605024,-13.989804951185535],[126.04703323903995,-13.989413992556063],[126.04651765317207,-13.989180037922267],[126.04635304531196,-13.989178665761958],[126.04614034496934,-13.989314796182784],[126.04561459263196,-13.990413277424038],[126.04547256059851,-13.990526967213649],[126.04526148282126,-13.990456299580861],[126.04495839748611,-13.990109239794386],[126.04474895869384,-13.989808838012415],[126.04463386334693,-13.9894862845631],[126.0444955901964,-13.9891174798144],[126.04442747261996,-13.988795319152393],[126.04424221993816,-13.98842621268364],[126.04417359544696,-13.988172862689607],[126.04412794680137,-13.987988702221365],[126.04408270116585,-13.98775857632686],[126.04389624468051,-13.987527272201321],[126.04354323050703,-13.987570384537582],[126.04330624027388,-13.98779815492179],[126.04309252075605,-13.9880720865803],[126.04285308211242,-13.988621607851542],[126.04261282217355,-13.98928590711217],[126.04254104049127,-13.98944614892548],[126.042465078186,-13.990157695711554],[126.04248632071676,-13.990456617293676],[126.04257507543576,-13.99114660107199],[126.04257140593522,-13.991629005435815],[126.04273123148714,-13.99225067630149],[126.04277474084253,-13.992710535262082],[126.04281600596077,-13.993469028944558],[126.04281427175786,-13.993698762032508],[126.04292640672028,-13.994411881020145],[126.0429016016686,-13.994572513581375],[126.04264324857859,-13.994524479222724],[126.04207925354257,-13.994473888123112],[126.04128121966396,-13.994260588588388],[126.04081138748657,-13.994187753938814],[126.04015365410744,-13.994090497891397],[126.03958946224856,-13.994062839056506],[126.03904855724727,-13.994058403321972],[126.03850765224922,-13.994053964588355],[126.03820160919783,-13.99409737024672],[126.037965831779,-13.994164390794161],[126.03770757391807,-13.994116350499981],[126.03723876859975,-13.993905706805924],[126.03646698439289,-13.993347902734037],[126.03616248053439,-13.993184600798548],[126.03562372543395,-13.992904462026551],[126.03534168583668,-13.99287915909572],[126.03503595521727,-13.992876686446989],[126.03461299793668,-13.992827261848838],[126.03433167634088,-13.992710030144895],[126.03398265567172,-13.992224671993593],[126.03391372850609,-13.992017376745249],[126.03372665764522,-13.991877996512404],[126.0333281113528,-13.991713812015636],[126.03285797559568,-13.9916870188491],[126.03241020964933,-13.991798222588542],[126.03203238047051,-13.992001856680172],[126.03167680776384,-13.992366517808524],[126.03129733966793,-13.992776943328655],[126.03094104786913,-13.993233530038825],[126.03056178060476,-13.993620927315932],[126.0302530718025,-13.994008916275787],[126.02985113937928,-13.994281338776089],[126.02961545393303,-13.994348353177118],[126.02930920881637,-13.99441468184955],[126.0288391806062,-13.994364852377402],[126.0282989982405,-13.994268553878578],[126.02782957980472,-13.994149730960062],[126.0274064222263,-13.994123321479952],[126.0269364881498,-13.994073488037072],[126.0265601991019,-13.99407031952682],[126.02625375066184,-13.994159672333588],[126.02582533922092,-13.99482244628955],[126.02567835477213,-13.99557934332909],[126.02570009248569,-13.99580927018232],[126.02605033064557,-13.996133899258583],[126.02659092217458,-13.996184238816866],[126.0273441328275,-13.996098649158952],[126.02800298186477,-13.996058138679777],[126.02865967584664,-13.996293319817635],[126.02870510910314,-13.996500417578096],[126.02889186624739,-13.996685766858164],[126.03034905336179,-13.996812717115274],[126.03070196931505,-13.996792654747882],[126.0315274905801,-13.996477825040236],[126.0318834768074,-13.996067202865376],[126.03230910221785,-13.995772037805228],[126.0327348380598,-13.995453843916216],[126.033158826024,-13.995365468746087],[126.03351163137836,-13.995368341334762],[126.03447509298067,-13.99546818092707],[126.0350389739983,-13.995541817233542],[126.03597915253962,-13.995618426839876],[126.0366602649631,-13.995738919230185],[126.03720045731366,-13.995835291343703],[126.03778711708038,-13.996000955792168],[126.03837489569798,-13.996028728117476],[126.03893929486838,-13.996033363692087],[126.03929190124799,-13.996059254020906],[126.03978522721337,-13.996132199426757],[126.0399963060941,-13.996202872042078],[126.04048860918873,-13.996413709474227],[126.04072286803343,-13.996530541649626],[126.04081701272501,-13.996531240237859],[126.0413790716651,-13.99683459365694],[126.0419182491063,-13.997068759619726],[126.04224451587935,-13.997461986338605],[126.04235849390588,-13.99792243449165],[126.04298836389366,-13.9985939126962],[126.04345596164487,-13.998965288765802],[126.04371289497848,-13.999197181825535],[126.0441332213904,-13.999591189864429],[126.04504719564615,-14.000012259239277],[126.04535069435488,-14.000313446434044],[126.04588714647583,-14.000892201274985],[126.04625887365788,-14.001492608688002],[126.04651439008961,-14.001908268095898],[126.04693461794501,-14.002325210596748],[126.04747199041678,-14.00278909804205],[126.04784576634592,-14.003113807419602],[126.04798516302087,-14.003344716791922],[126.04821750246313,-14.003714213515265],[126.04852029816975,-14.00410732762819],[126.04875314905263,-14.004407921858535],[126.04912804185338,-14.004594737215418],[126.04962017226612,-14.004828497495776],[126.05013426639104,-14.005269248047114],[126.05039019408511,-14.005638939775842],[126.05067022971905,-14.00591698813483],[126.05095158074828,-14.006034114848521],[126.0513263687174,-14.00624395729843],[126.05153674799703,-14.00640655088771],[126.05151203972812,-14.006567095575333],[126.05146201776533,-14.006957268347158],[126.05124768599683,-14.007300193350986],[126.05084452553409,-14.007733389551495],[126.05060669566303,-14.008076118783725],[126.0503922502217,-14.008441891742924],[126.05032015395962,-14.008648100355103],[126.0500363609044,-14.008852543117325],[126.04975267496432,-14.0090340473345],[126.04956415868455,-14.0090784431504],[126.04916312376137,-14.00923602936917],[126.04885655046226,-14.009348346381861],[126.04859644554247,-14.009530045537824],[126.04840579546243,-14.0098501371276],[126.0480494975916,-14.010306746673088],[126.04799997932041,-14.010627925489572],[126.04809128204434,-14.010996337470681],[126.04846598299714,-14.011206182379576],[126.04943095153469,-14.011122117026837],[126.05022916345504,-14.01131246335461],[126.05076798225679,-14.011592578730204],[126.05147111449486,-14.011920033237205],[126.05224531291388,-14.012179084225924],[126.05302175089932,-14.012139496745911],[126.05353869337351,-14.012212619911734],[126.0539605762419,-14.012399914786085],[126.0539827413583,-14.01258387993146],[126.05407679830155,-14.012584663396272],[126.05487347736009,-14.01298170743186],[126.05513195847543,-14.013006796992078],[126.05590647543363,-14.013219872874057],[126.05618873927084,-14.013222222263959],[126.05654147806658,-14.013225066251614],[126.0565403446832,-14.013277704332895],[126.05729168940705,-14.013552900423697],[126.05761972211069,-14.013716379774705],[126.05799372141547,-14.014018144052043],[126.0583442297412,-14.014319623458979],[126.0588119805587,-14.014668135252068],[126.05930342710496,-14.014993722870535],[126.05972379751688,-14.015387806984101],[126.05993165540141,-14.015894910469392],[126.06013891211283,-14.016471004046206],[126.06023003370353,-14.01686235304362],[126.06046087842039,-14.017438553475484],[126.06050653858321,-14.017622714456111],[126.06080532238468,-14.018544192943633],[126.06099061168938,-14.018913295351858],[126.061176195727,-14.019259459725072],[126.06152631572017,-14.019606992133932],[126.06159688469764,-14.019607487721375],[126.06173700729886,-14.019746555082861],[126.06203853078787,-14.020300403037313],[126.06208136635576,-14.020852103503419],[126.06224164717402,-14.02142780830739],[126.06254549412587,-14.021683018845662],[126.06259004996211,-14.022005074998035],[126.06251694509584,-14.0223490918741],[126.06232660942476,-14.022623229354945],[126.06209039411186,-14.022759171930286],[126.06152542402943,-14.022823476361406],[126.06140767032333,-14.02284552708809],[126.06119545517832,-14.022912670434236],[126.06105188602653,-14.02323316170916],[126.06095640822645,-14.023416240518335],[126.06086002278863,-14.023714095485966],[126.06085719315641,-14.024081633990571],[126.06085526915997,-14.0243343973375],[126.06085334616255,-14.024587068684328],[126.06092250034038,-14.024771424516386],[126.06113076394573,-14.025232653868763],[126.06150356770759,-14.02569525122],[126.06166506290924,-14.026110123771634],[126.06184985140548,-14.02654812920954],[126.06214915112656,-14.027400616469706],[126.06216990576526,-14.027768441800655],[126.06214307427078,-14.028204778503426],[126.0620463796103,-14.028548599514046],[126.06197216368656,-14.029030420561629],[126.06192154547462,-14.029489589439407],[126.0618959289467,-14.029765092937673],[126.06194159226929,-14.029949253889692],[126.06208050405499,-14.030249065418438],[126.06214504492266,-14.030476173307793],[126.06222761143995,-14.030675323052261],[126.06223987777597,-14.030939638304819],[126.06223583144266,-14.031468008983676],[126.06187921674143,-14.031970511785264],[126.06164188216223,-14.032244345578023],[126.06133386784757,-14.032540439834055],[126.0611902908574,-14.032860931116685],[126.06104722099737,-14.033112519311041],[126.06074022093422,-14.033270807394967],[126.06059856776106,-14.033338625350543],[126.0602918761159,-14.033450948376716],[126.06005615691349,-14.03351798291019],[126.0591867972314,-14.03339596109169],[126.05855315676422,-14.033206993734384],[126.05838882714782,-14.033159746680576],[126.05787223858076,-14.033040659692174],[126.05749517462267,-14.033129453123],[126.05735250315172,-14.033335074272891],[126.05730460556427,-14.033449548719908],[126.05718491695146,-14.03372426682277],[126.0571813666515,-14.034183734459793],[126.0572471703706,-14.034804620885243],[126.05738394654828,-14.035380131809886],[126.0575882566102,-14.036346705833724],[126.05779591726352,-14.036876840249757],[126.05807466010037,-14.037338660129036],[126.05814361270414,-14.037545953973828],[126.05816699800138,-14.03756917785896],[126.05830479749987,-14.038006794577532],[126.0583950048396,-14.038513010680928],[126.05827043722202,-14.03943096666765],[126.0582437013581,-14.039844363379792],[126.05802760861428,-14.040416933453738],[126.05781293656071,-14.040805733282157],[126.05755087406777,-14.041240105468312],[126.05745538339372,-14.041423179296737],[126.0576623345692,-14.042045153763707],[126.05824616611129,-14.042601363763524],[126.05852400276865,-14.043178051713237],[126.05875556420914,-14.043662418838025],[126.05891410979557,-14.04446785981255],[126.05914405194916,-14.04515893318933],[126.05946846559225,-14.045804914903652],[126.05965152743681,-14.046472748539559],[126.05978841975046,-14.04702523232819],[126.05994960889119,-14.047486072848676],[126.06016022687511,-14.04762564166598],[126.06008761341651,-14.04790075446004],[126.05968662886409,-14.048035314193568],[126.05926448139404,-14.04787104170335],[126.05886684915498,-14.047569069886023],[126.05858545441752,-14.047451938545997],[126.05841876585976,-14.047726264949679],[126.05841592363757,-14.048093802418048],[126.0584597600565,-14.048507786643503],[126.058549862013,-14.049036940711472],[126.058827398347,-14.049659503683742],[126.05892004882904,-14.04984405731095],[126.05898909558961,-14.050051443117576],[126.05914968363278,-14.050581184723246],[126.05902745229619,-14.051177564236987],[126.05893133979038,-14.051452478193243],[126.05878967454258,-14.051520202193384],[126.05843729628467,-14.051448355388334],[126.05778011622792,-14.05125917941122],[126.05754366707399,-14.051418047139034],[126.05732928932291,-14.051760967954197],[126.05732755729892,-14.051990701251318],[126.05734687646694,-14.052542292812147],[126.05751926506996,-14.053038674308102]]]},"properties":{"fmt_tenid":"M 80/52","type":"MINING LEASE","tenstatus":"LIVE","holder1":"ALCOA OF AUSTRALIA LTD","holder2":" ","legal_area":978,"unit_of_me":"HA.","_colour":"#f5a520","_label":"Mining Lease"}},{"type":"Feature","geometry":{"type":"Polygon","coordinates":[[[126.13626831489047,-14.075831563762414],[126.13648213110625,-14.075557552549988],[126.13709513188745,-14.075378512699944],[126.13754266658734,-14.075313202191667],[126.13810934743758,-14.0750419360673],[126.1386274735167,-14.074977100282549],[126.13910045476389,-14.074636166693596],[126.13945612937555,-14.074271350576842],[126.13971771898468,-14.073882746619525],[126.13995570652588,-14.073517075136335],[126.14026370925865,-14.073220783527923],[126.14031177237432,-14.073083258489174],[126.14029011605996,-14.072830382409135],[126.14019884060134,-14.072439034045306],[126.13992006355501,-14.071954329798528],[126.139476516126,-14.071468303336855],[126.13940709024244,-14.071306983135301],[126.13912812308098,-14.07084521816477],[126.13872787899004,-14.070888063104162],[126.13853999426804,-14.07084058324359],[126.13856620967478,-14.070473209594176],[126.13859126144975,-14.070266589336375],[126.13871175793375,-14.06987694284561],[126.1388555616074,-14.069510424496068],[126.13914209558371,-14.068938228608614],[126.13933298804852,-14.068572178328044],[126.13950018833516,-14.068228786478894],[126.13978584645054,-14.06777155444509],[126.14009432274976,-14.06740635536446],[126.14054368564197,-14.067088167422833],[126.14085060576258,-14.066952718266533],[126.14125171215326,-14.06679508281247],[126.1416772883234,-14.066499731184908],[126.14200857451571,-14.066249593831106],[126.14236375220491,-14.06593073622819],[126.14236394497836,-14.065907708254008],[126.1425295895083,-14.06577121309312],[126.14295544766185,-14.065452831499565],[126.1434283021469,-14.06513491424787],[126.14383056631536,-14.064816340992536],[126.14420922962795,-14.06452060804297],[126.14475382925824,-14.064042409995873],[126.1450861774009,-14.063631422849532],[126.14548998000268,-14.063106124848991],[126.145870381367,-14.062557698211243],[126.14613203551438,-14.062169174038399],[126.14637106736093,-14.061642556362493],[126.14675155599039,-14.061094127735348],[126.14720032275288,-14.060844828769762],[126.14757772607183,-14.060709931657739],[126.14767200250243,-14.060687745365993],[126.13994153306601,-14.056084523573753],[126.1394598721175,-14.057613317309269],[126.138866737475,-14.058297937264859],[126.13790337386969,-14.058129533640212],[126.13752811000779,-14.057965670317188],[126.1369650615778,-14.057754506797721],[126.13649387073461,-14.057842663060624],[126.13620938808265,-14.05813914132775],[126.13594723842854,-14.058596558929702],[126.13545536424502,-14.058294023118126],[126.13484493751145,-14.05812835548675],[126.13395148803926,-14.058052350367893],[126.13376118566785,-14.058326640767401],[126.13373098040105,-14.05924544507124],[126.13379835890856,-14.059682481117317],[126.13410080157102,-14.060144437468876],[126.13426187234882,-14.06065122656816],[126.1342962485998,-14.061279524011601],[126.13354704352247,-14.06257101301056],[126.13332701945794,-14.063010411730684],[126.13296862599962,-14.063765811720154],[126.1325395503134,-14.064520641084869],[126.13234563280807,-14.065300303768144],[126.13226919851368,-14.066103853099566],[126.13193556553594,-14.066675657812088],[126.13146474294638,-14.066717833987626],[126.13128037256986,-14.066187915394384],[126.13128446218259,-14.065636575135333],[126.13126340441745,-14.065291763063039],[126.13077240299418,-14.064874253347538],[126.13048995042679,-14.06489500587442],[126.12997291597634,-14.064822017160447],[126.12971630369853,-14.064521275673735],[126.1294838729416,-14.064128788857502],[126.12972586303529,-14.063211696501359],[126.13038611313341,-14.063010109779515],[126.13081207791211,-14.06266881188525],[126.13098035097774,-14.062187706283284],[126.13094086110777,-14.061153371615886],[126.13087631386787,-14.060325748137307],[126.13045805388337,-14.059610153513708],[126.13022737394995,-14.058988012039702],[126.129947950481,-14.058595148192905],[126.129198504579,-14.058129673815678],[126.12851487206186,-14.058308132134346],[126.12797416266704,-14.058257889968365],[126.12750667893995,-14.057840565938582],[126.12708404085383,-14.057722364542435],[126.12677458359734,-14.058225447880961],[126.12676980370053,-14.058868720925126],[126.12699871089433,-14.059743640953627],[126.12701547201705,-14.060662818126556],[126.12705690300857,-14.061421344073405],[126.12709891534726,-14.06211096512264],[126.12695021679339,-14.063143776380542],[126.12666396104441,-14.063669985168032],[126.1261643718605,-14.064424229771749],[126.12568896216335,-14.065086728028804],[126.12557011167992,-14.065246617099477],[126.12499982540255,-14.066023317000454],[126.12466450999628,-14.06682485548242],[126.1244273875866,-14.067075727065701],[126.12412271202597,-14.066912411918635],[126.12365639621748,-14.066334328834145],[126.1232133776082,-14.065802314470837],[126.12298281891125,-14.0651571384981],[126.12277614656513,-14.064466277397456],[126.12272974316575,-14.064373960943211],[126.12245218992022,-14.063728405361623],[126.12198372587763,-14.063448972776566],[126.12149137748605,-14.063215316314547],[126.12103926114074,-14.06390102199007],[126.12093792117449,-14.06488814821214],[126.12090814825827,-14.065738034058034],[126.12080827838093,-14.06651844261213],[126.12056772221747,-14.067228800474023],[126.12013957521634,-14.067868727043805],[126.11999771241705,-14.0679595160959],[126.11917394672206,-14.067998895008722],[126.11905665842357,-14.067952064078858],[126.11839314867181,-14.068590075658076],[126.11822336561669,-14.069278063975897],[126.11780042003092,-14.069205720680856],[126.11759258417501,-14.06867560730447],[126.11676950463007,-14.068623133366076],[126.11646118973854,-14.068965266427199],[126.11577859969086,-14.069005779149757],[126.11554530839702,-14.068728243573592],[126.11531378498039,-14.068220876349795],[126.11455992145784,-14.068352745526262],[126.1142514077778,-14.06871790355834],[126.1139696418423,-14.06864670306014],[126.11373723748889,-14.068254295653773],[126.11383782052857,-14.067381961188973],[126.11350975798561,-14.067195594261849],[126.11341862428026,-14.0668042466541],[126.1127869779075,-14.066316650768538],[126.11262535966762,-14.065901789790393],[126.11286643020551,-14.065122538985548],[126.11305972104233,-14.064434839442267],[126.11330127994327,-14.063586680748756],[126.11339861301244,-14.063150896619481],[126.11373386343476,-14.062349380068362],[126.11401827218451,-14.062075965108965],[126.11423416985352,-14.061503234204599],[126.11416977689387,-14.060675617065028],[126.11419868688162,-14.059940607993381],[126.11427477641705,-14.059205982525611],[126.11437495687905,-14.058379613003218],[126.11444977089971,-14.057805825291672],[126.11464167342787,-14.05730180848887],[126.11523407448304,-14.056732133440816],[126.11554394045808,-14.056183192728785],[126.11554874951725,-14.055539925721503],[126.11510273253326,-14.055398485676303],[126.11475265352416,-14.05502806619434],[126.1147787056744,-14.054683639655293],[126.11504423067129,-14.053766762840835],[126.1150786294983,-14.052296552348023],[126.11491612964222,-14.0519965654947],[126.11494325749096,-14.051514237639743],[126.11518253200957,-14.050964724243999],[126.11549247968134,-14.05041578336976],[126.11573125972622,-14.04993517301719],[126.11615828943131,-14.049456090338529],[126.11658659727209,-14.048793137244445],[126.11677779937297,-14.048381138317499],[126.11723413246547,-14.047121064198887],[126.11728682273835,-14.046363208709943],[126.11715038159286,-14.045718791017912],[126.11698690328214,-14.045556705940946],[126.1172262707234,-14.045007093995372],[126.1177710639261,-14.04450601576011],[126.11801121739599,-14.043841619412117],[126.11754123444193,-14.043768902440194],[126.11704539328514,-14.044017675928133],[126.11640839000718,-14.044265395356128],[126.11591304111883,-14.044445259997289],[126.11541779267372,-14.044602185355448],[126.11513506979952,-14.044668802111145],[126.11499764798593,-14.044162287036286],[126.1152601225778,-14.043658835442763],[126.11564350565162,-14.042719873196116],[126.11583569386923,-14.042169968522774],[126.1160527431676,-14.041459416557377],[126.11624413767008,-14.041024386527134],[126.11659999280063,-14.040613628900068],[126.1172143708232,-14.040250935486334],[126.11789825007887,-14.040026620590583],[126.11841727987245,-14.039823910807693],[126.11858380127318,-14.039572466878491],[126.11879819233498,-14.039206619934383],[126.11868464937993,-14.038654238626382],[126.11802868780299,-14.038281440031733],[126.11753659250138,-14.038024756188753],[126.1170675017444,-14.037837257851757],[126.11671470086785,-14.037834402073134],[126.1167902947723,-14.037145731622042],[126.11710052512204,-14.036550810743918],[126.11743326533336,-14.036093892854334],[126.11767115043942,-14.035728146688275],[126.11781436704888,-14.03545357527869],[126.11753381606057,-14.035221633818823],[126.1171098550035,-14.03528720331324],[126.11666141471488,-14.035490394155007],[126.11630547819583,-14.035901153108602],[126.11578458884114,-14.036356545148122],[126.11535885117264,-14.036674797318511],[126.11509924209317,-14.036787662636325],[126.11484081384083,-14.036739599272844],[126.11456026610178,-14.0365076548797],[126.11432808634353,-14.036092223026019],[126.11409541353261,-14.035745695775052],[126.11395632206158,-14.035468929477222],[126.1139334225233,-14.035376802556483],[126.11381684003483,-14.035238038236528],[126.11334815003053,-14.0350045682705],[126.11278529509676,-14.034770333000996],[126.1121523577536,-14.034466527742383],[126.11130620949247,-14.034367901625025],[126.1108122585053,-14.034363982085523],[126.1102477313659,-14.034359488041733],[126.10961430489671,-14.034124673674043],[126.10904977909557,-14.034120177314588],[126.10858001600626,-14.034024509449571],[126.10808518209528,-14.034135455592253],[126.10782389445104,-14.034477970396354],[126.10798597811836,-14.034823925675616],[126.10852424835393,-14.035195880515282],[126.1091348706457,-14.035338573967724],[126.10969871015703,-14.035435005084848],[126.11000412505591,-14.035483366293859],[126.11021486993806,-14.035622896876161],[126.11047201925933,-14.035831714667776],[126.11054259716525,-14.035832288193948],[126.11079297829897,-14.035990718140829],[126.1108880981639,-14.036823041591026],[126.11097733400166,-14.037490104666945],[126.11137465470713,-14.037837879744837],[126.11217136844965,-14.038257807922388],[126.1126848842444,-14.038790313539447],[126.113198493791,-14.03932291226487],[126.1136437891509,-14.039556194773148],[126.1140646139496,-14.039904158067172],[126.11439126116346,-14.040274387010225],[126.11450627404933,-14.040619960135947],[126.1145042080178,-14.040895672966617],[126.11435969948153,-14.041354021172301],[126.11428557330471,-14.041835970305893],[126.11418844435869,-14.042248822631757],[126.11349924106071,-14.043185299967924],[126.11319125253809,-14.043481560067738],[126.11231931146226,-14.043681390415603],[126.1117774640675,-14.043791959439272],[126.11168101854751,-14.044112874658735],[126.1115580301046,-14.044824183672214],[126.11124855455277,-14.045327157955793],[126.11133849125554,-14.04587934731678],[126.112016770397,-14.046413198377197],[126.1123401677949,-14.047219893650693],[126.11247531766081,-14.048025150150917],[126.11249358726107,-14.0487376061427],[126.11248867026211,-14.049403809643595],[126.11241110640462,-14.05034524160314],[126.11224182406399,-14.050964229699147],[126.1121917798794,-14.051377459974237],[126.1119052166769,-14.05194952537103],[126.11164322830375,-14.052383970655633],[126.11149714005329,-14.05304911737553],[126.11149221669079,-14.053715409999242],[126.11170022579223,-14.05422258658566],[126.11165097069446,-14.05452085427238],[126.11158038844358,-14.054520278847775],[126.11143646624585,-14.054886775313413],[126.11101000217201,-14.055296942041183],[126.11063151932686,-14.055569588778292],[126.11041690696176,-14.055958537965607],[126.11046074353646,-14.056395379917417],[126.11076214411345,-14.056995167458224],[126.11108911092187,-14.057319434213115],[126.11113206255824,-14.057871237989119],[126.11110581017495,-14.05823860063382],[126.11060707584679,-14.058878024816288],[126.11011169527876,-14.059057868691903],[126.10964011039256,-14.059191936754928],[126.10954316510991,-14.059581752621758],[126.10921106976384,-14.059946713061949],[126.10885734956662,-14.060058800211536],[126.10850067418185,-14.060561375934173],[126.10854618515323,-14.06076856498619],[126.10830856147405,-14.06108832319848],[126.10804911909887,-14.061178147041138],[126.10752964707328,-14.061426697691722],[126.10712823903167,-14.061630240628677],[126.10682121346959,-14.06178867418982],[126.10660777453364,-14.062016689270951],[126.10639403609402,-14.062290671339138],[126.10634250028824,-14.062887671654577],[126.10633904301135,-14.063347157338397],[126.10650203062457,-14.06357824358981],[126.10687628208328,-14.06387987442963],[126.10722655248755,-14.06422736655791],[126.10755520185084,-14.064321897247439],[126.1077172017155,-14.064690794274428],[126.10771611808495,-14.06482869314169],[126.10792619746098,-14.065060072523325],[126.10818208629794,-14.065452765957783],[126.10815562767623,-14.065843154924114],[126.108154925587,-14.065935990826162],[126.10820098979195,-14.066069578921045],[126.10819846820313,-14.066417896548655],[126.10826747756668,-14.066625186174562],[126.10854686670788,-14.067018070113145],[126.10873305791621,-14.06729522469524],[126.10906033273874,-14.067573529920901],[126.10929410810405,-14.067782253759322],[126.1096910852364,-14.068176004588048],[126.1099241723894,-14.068476572240645],[126.11003977870824,-14.06875315120469],[126.11003613015963,-14.069235665484596],[126.1097035237222,-14.06966952914742],[126.10927840722304,-14.069895909043392],[126.10878329874221,-14.070029779310646],[126.10842837719072,-14.070302700171053],[126.10830940862171,-14.070485517080913],[126.10842688035896,-14.07104092368633],[126.10851694601787,-14.071177659040334],[126.10877252882706,-14.071477233414159],[126.10935935593356,-14.071665717119409],[126.10980599559056,-14.071715239345968],[126.11018204667663,-14.071764185390435],[126.11046390786449,-14.071835391921416],[126.1106982871302,-14.071952090812985],[126.11093079081536,-14.072321652477353],[126.11125678579256,-14.072783733251423],[126.11139589412149,-14.073060593796267],[126.11108717343107,-14.0734486830609],[126.1109453040795,-14.073539466186947],[126.11035491499761,-14.073833408957228],[126.11023713148546,-14.073855478944235],[126.10978791916564,-14.074150572449096],[126.10959865873288,-14.074286935678968],[126.10940860488971,-14.074538081833884],[126.1094070257494,-14.07474488668679],[126.1094508556131,-14.075181818533878],[126.10963478485995,-14.075757621740154],[126.10984309891798,-14.07621883557775],[126.11024186269928,-14.076382845514434],[126.11061762207687,-14.076477760191588],[126.11068475759103,-14.076937821175362],[126.11096593384835,-14.077100962597394],[126.11101302635896,-14.077101257191398],[126.11103632942745,-14.077124475968308],[126.11113041845172,-14.077125243156924],[126.1112939139156,-14.077287333592027],[126.1113140528776,-14.07774701297501],[126.1114298580596,-14.078000744730717],[126.11142946667917,-14.078046620689753],[126.11222917760296,-14.078075988757584],[126.11232059853862,-14.078444399606367],[126.11220074178007,-14.078742090350017],[126.11215048713095,-14.0791782563572],[126.11219629978811,-14.079339477802721],[126.1125009796851,-14.079502719004672],[126.11311320525151,-14.079438707767595],[126.11346725436212,-14.079280653861085],[126.11384528462914,-14.079076914795207],[126.11441248611122,-14.078736806235376],[126.11490810518583,-14.078534022159564],[126.1154957488821,-14.0786076240052],[126.1156369313927,-14.078608771783868],[126.11591683858441,-14.078932657025737],[126.11560772449928,-14.079366718246948],[126.11529830904468,-14.079846747427956],[126.115200472648,-14.080351435753782],[126.11519761274562,-14.08074202037468],[126.11524037273185,-14.081316763408731],[126.11547072084927,-14.081984881712641],[126.11556382561184,-14.082123457758135],[126.11579821752397,-14.082240244595665],[126.11612610558342,-14.082449640520633],[126.11647473911192,-14.083026873873496],[126.11701519929866,-14.083123029057333],[126.11736609591574,-14.083401610697555],[126.1181646483569,-14.083591802520854],[126.11842313005519,-14.083639783211517],[126.11851672987888,-14.083709454317972],[126.1185836871978,-14.08419245520446],[126.11867511879122,-14.084560866001237],[126.11878759684116,-14.085251056379903],[126.11906741394206,-14.085597877716452],[126.11932215850435,-14.086151315146434],[126.11943571666626,-14.086703694813671],[126.11950257165469,-14.087209724918365],[126.11956903835755,-14.087761631998719],[126.11982290079315,-14.088430031370274],[126.11996084599292,-14.088867639897286],[126.12021716552157,-14.089214361446334],[126.12073257158197,-14.089517126760239],[126.12106195304767,-14.08951980188184],[126.12150853132522,-14.08959224893779],[126.12225785183023,-14.090080700100815],[126.12277405221118,-14.090268679481662],[126.12324276020372,-14.09052509123741],[126.12359436337708,-14.090711734057715],[126.12406032627602,-14.091335791622535],[126.12455076616345,-14.09184516804418],[126.12501820790898,-14.092262507721605],[126.12569851714076,-14.092543571576195],[126.12616575818333,-14.09300687818979],[126.12658571297389,-14.09349265119996],[126.12707842435064,-14.093680431746487],[126.12769039536612,-14.093662268368146],[126.12834966423353,-14.093598605602349],[126.12906033271666,-14.092960865753842],[126.12934634527562,-14.092457688562956],[126.1294424971338,-14.092182736895843],[126.1296347988669,-14.091632830563828],[126.13001529394526,-14.091084446583189],[126.13056106254389,-14.090468397204907],[126.13091746999162,-14.089988726402531],[126.1312964913855,-14.0896470583141],[126.13139146479779,-14.089532944560021],[126.13170116302864,-14.089006924207643],[126.13177595962374,-14.088433125944062],[126.13189736087799,-14.087928614227804],[126.13194826939561,-14.08740050314402],[126.13230680982542,-14.08664511453713],[126.13247364988686,-14.086347790289292],[126.13252611529813,-14.085612960340107],[126.13252699054902,-14.085498086411818],[126.13279270366844,-14.08455815649653],[126.13260754085324,-14.084143110386377],[126.13254046067087,-14.08366010596535],[126.13252047607556,-14.083177392121284],[126.1324779679563,-14.082556675946181],[126.13264674983695,-14.08200657481098],[126.13290855523042,-14.081595135119658],[126.13307577700469,-14.081251751669452],[126.13324299865145,-14.080908459136769],[126.13350616549182,-14.080313147137842],[126.13461790727828,-14.079517763158881],[126.1346435521357,-14.079219297117655],[126.13462102934298,-14.07908120461515],[126.13457549234774,-14.078874107024102],[126.134484226938,-14.078482758014198],[126.13455822640974,-14.078023832411526],[126.13482021621265,-14.07758935926162],[126.1352227075079,-14.077247867505035],[126.13591019669583,-14.07654099797327],[126.1359350568195,-14.076357406378206],[126.13626831489047,-14.075831563762414]]]},"properties":{"fmt_tenid":"M 80/53","type":"MINING LEASE","tenstatus":"LIVE","holder1":"ALCOA OF AUSTRALIA LTD","holder2":" ","legal_area":642,"unit_of_me":"HA.","_colour":"#f5a520","_label":"Mining Lease"}},{"type":"Feature","geometry":{"type":"Polygon","coordinates":[[[126.18074574731128,-14.04173380567263],[126.17997798982942,-14.031620649199862],[126.17751382697877,-14.029622423532665],[126.17779914856115,-14.029326689110873],[126.17827322054929,-14.028824777399498],[126.17853384405488,-14.028574094280732],[126.17891279779302,-14.028209265736875],[126.1792914654611,-14.027890498239453],[126.17971702811515,-14.027595036248481],[126.1798120493745,-14.02745794804838],[126.17985941846786,-14.027412344476794],[126.18009796130127,-14.026954565322827],[126.18028828385943,-14.026657359882421],[126.18052720580688,-14.026130669626507],[126.18091002140937,-14.02523740832929],[126.18093738726643,-14.024686219427553],[126.18049702336191,-14.023763701389571],[126.18040766842887,-14.023096717733702],[126.18000938932065,-14.022863845926235],[126.17927509567627,-14.023570569724484],[126.17873197204729,-14.023865118001726],[126.17842634801922,-14.023839796357922],[126.17812148152373,-14.023699683604809],[126.17791173070971,-14.023422303681613],[126.1778446489169,-14.022939296001724],[126.17784805415607,-14.022456745541774],[126.17747119166492,-14.022522812783944],[126.17676417549312,-14.02270119278335],[126.17612763824927,-14.022903151011382],[126.17579729346386,-14.02303849178345],[126.17537277553082,-14.02319612961336],[126.17537306074303,-14.023150158573985],[126.1752322818919,-14.02310308909715],[126.17471520997694,-14.02303022977204],[126.17417454694518,-14.022980127728081],[126.1737290956949,-14.022769909513528],[126.17330638192558,-14.022674754135362],[126.17293141770423,-14.022465085149731],[126.17265109584051,-14.022187241070787],[126.17213449912974,-14.022068409732883],[126.17178179707274,-14.022042711637713],[126.17155036438359,-14.021512446865561],[126.17155539564413,-14.020800140344969],[126.17155767311624,-14.020478532109724],[126.17193984297955,-14.019677228305216],[126.17227123050824,-14.01938104239167],[126.17250806967652,-14.019153119579313],[126.17276849685771,-14.018925292498244],[126.17314743873115,-14.018560561984065],[126.17326689795036,-14.018308782461444],[126.17286844570083,-14.018098929798422],[126.17239951141443,-14.017888527935048],[126.17171733007237,-14.01788328861791],[126.17162297281475,-14.017928524710708],[126.17112390530988,-14.018636969784387],[126.17076598688075,-14.01934651825065],[126.17026738670361,-14.019986051230727],[126.16984021487444,-14.020511347483708],[126.16936595928364,-14.021036181604082],[126.16903304658183,-14.02153909099081],[126.16867777773773,-14.021881057483437],[126.16829796908252,-14.02236065598014],[126.16813170012752,-14.022589125430795],[126.16725355744,-14.02366236652277],[126.16673267829798,-14.024140858470625],[126.16644693415459,-14.02462119112431],[126.16571355535154,-14.025189956406177],[126.16533906849345,-14.024934397775201],[126.16459143957039,-14.024216280036521],[126.16400484154568,-14.024005027830368],[126.16360753909132,-14.02363431261434],[126.1634695312199,-14.023196630399847],[126.16297595834914,-14.023146873192122],[126.16271370422824,-14.02362738374635],[126.16223932808526,-14.024175231737733],[126.16162818963397,-14.024101607421203],[126.16115792177966,-14.024074968686964],[126.16082546620575,-14.024508954426619],[126.1608231705114,-14.02483064882381],[126.16079652066823,-14.025267037701138],[126.16020457386,-14.025790923515432],[126.15970832111682,-14.026108732851784],[126.15958826309165,-14.026452533076968],[126.15958357687286,-14.027095831734483],[126.1602385560764,-14.027606405657583],[126.16101225115662,-14.027979997111196],[126.16169254933635,-14.028237966584644],[126.16225546661543,-14.028472071051596],[126.16263004605187,-14.02872772593682],[126.16309765226418,-14.029121937019891],[126.16316593895046,-14.029444187132249],[126.16285668396735,-14.029924327713253],[126.16233883856142,-14.029966320286377],[126.16189243514236,-14.029893897528327],[126.16160992546861,-14.029914708476273],[126.16139693862468,-14.03009692066733],[126.16122912860033,-14.030532109087973],[126.1612011393114,-14.031152284207769],[126.1611736280615,-14.031703551434505],[126.16109960191807,-14.032185539075327],[126.16149701214995,-14.032533228940396],[126.16210712211239,-14.032744765747287],[126.16271761407758,-14.032910332681434],[126.16344663794298,-14.032938913085632],[126.16382284934663,-14.032964810707174],[126.16436295439577,-14.033106789206814],[126.16433678411816,-14.033474270027256],[126.16431128492094,-14.033749721925393],[126.16428778795901,-14.033749627068593],[126.16431032780349,-14.033887629803424],[126.16411883173048,-14.034345665502144],[126.1637622939269,-14.034848466059085],[126.16375971263635,-14.035216041680616],[126.16371033446802,-14.035537367609612],[126.16337833879228,-14.035902444034972],[126.16335465281897,-14.035925199138385],[126.1624443481639,-14.034930229540144],[126.16178628837051,-14.0348332004694],[126.16167186882052,-14.034395791835413],[126.16124924059663,-14.034277581521264],[126.16073023837075,-14.034480417212817],[126.1602818160463,-14.034683715440487],[126.15976338989755,-14.034794608214098],[126.1596934780517,-14.034702203813065],[126.15926807169949,-14.034974593675559],[126.15905440899492,-14.035248652277794],[126.1583447551445,-14.035794631955074],[126.15789795997159,-14.035768260489494],[126.15754390060326,-14.035926324024425],[126.15714304033659,-14.03606107885367],[126.15697837964464,-14.036059779755593],[126.15695709370341,-14.035737989772459],[126.15707773551172,-14.035325285253274],[126.1571729653544,-14.035165180156126],[126.1572205302761,-14.035096643074693],[126.15724440823807,-14.035050859064878],[126.15731614112754,-14.034890569091084],[126.1573426101231,-14.034477212058226],[126.15737013213366,-14.033925947389017],[126.15687874995696,-14.0335545693855],[126.15652593852022,-14.033551785544772],[126.15638611974279,-14.033366886943023],[126.15685986001797,-14.032910995324647],[126.15719271955064,-14.032431050564256],[126.15648700759075,-14.032425577081261],[126.15630528284721,-14.0315280999115],[126.15671131431594,-14.030681048661597],[126.15569767863892,-14.03097191566919],[126.15550501695404,-14.031590880001579],[126.1549354766126,-14.03227578066775],[126.15415553620971,-14.032775221581728],[126.15328113276544,-14.033319884652013],[126.15262038714593,-14.03361343362804],[126.15200759610153,-14.03376953637379],[126.15142253069584,-14.03335143640787],[126.1511429043942,-14.032981627207386],[126.15103072676958,-14.032222518880802],[126.15080598548651,-14.030773214018362],[126.15010192713329,-14.030537938035568],[126.14970242636926,-14.030488879476438],[126.14947133702474,-14.029912622163597],[126.14971022555837,-14.029409016418127],[126.14999831836106,-14.028607029874983],[126.15018915855528,-14.028240866393258],[126.15045240445824,-14.027622567679328],[126.15057266468017,-14.027255841140216],[126.149797749706,-14.027065974874182],[126.14930081398762,-14.027475677261114],[126.1488056128937,-14.027632683343903],[126.14840794732012,-14.027330929419877],[126.14803840370014,-14.02638597889451],[126.1474778318604,-14.025830129779845],[126.14674779191033,-14.025939292054789],[126.14606512560329,-14.026002856836662],[126.1456429136696,-14.025838728814728],[126.14510342575622,-14.025627784449714],[126.14435250336737,-14.0253690909719],[126.14385990812688,-14.02518145891397],[126.14308549277463,-14.02492266559715],[126.14226602586155,-14.024387773007708],[126.14181984157673,-14.024292360364708],[126.14174878202958,-14.024360705323001],[126.14181259268713,-14.025280368459011],[126.14253944213138,-14.025607697100474],[126.14307679817347,-14.02611739873796],[126.14368424936991,-14.026696570254229],[126.1444586709096,-14.026955363394492],[126.14518369554222,-14.02753546931482],[126.14593337689465,-14.027954915313307],[126.1460950374072,-14.02836976506359],[126.1452687903987,-14.028776922882711],[126.14472621206859,-14.028979422515063],[126.14416100509783,-14.029066947756592],[126.14338879797407,-14.028509403418205],[126.14310870682326,-14.028208579896429],[126.14228323468087,-14.028500759037367],[126.14143271908723,-14.02899965000165],[126.14074888301319,-14.029224043478317],[126.14009192848522,-14.028989116753202],[126.13976194973672,-14.029078421017246],[126.13982535855827,-14.030066902235447],[126.14021991087942,-14.030805323531775],[126.14045223977035,-14.031197711464204],[126.13990984555038,-14.031377259424227],[126.13934298515855,-14.031694523173044],[126.13910629759408,-14.031899455043481],[126.13816236779898,-14.032305641287035],[126.13741027230424,-14.032207767676374],[126.13700922413796,-14.032365499614722],[126.13653604628728,-14.032729387158518],[126.13625042751245,-14.033186719167979],[126.13607907395004,-14.034104404314979],[126.13609877871994,-14.03463300252737],[126.13635148520075,-14.035462235180555],[126.13726785940831,-14.035607310268222],[126.13792531363214,-14.035773249323615],[126.13903109921013,-14.035758981529217],[126.13966583791483,-14.03580994157522],[126.1403705721609,-14.035953312665038],[126.14100405022992,-14.036188053547347],[126.14175626313778,-14.036262889226737],[126.14236702537379,-14.036382562692742],[126.1429524541249,-14.036754738841736],[126.14372787433363,-14.036875725067762],[126.14415048704178,-14.036993892055776],[126.14489884026708,-14.037597222355311],[126.14560126630978,-14.03806217961622],[126.14616311622981,-14.038434253009735],[126.14665477107336,-14.038759793466818],[126.1470063258026,-14.038946302192757],[126.14712447406703,-14.038878331776115],[126.1475469005163,-14.039019523660594],[126.1479693299356,-14.039160623541193],[126.14841274630483,-14.039646632175588],[126.14824509537188,-14.040058949353861],[126.14833637449996,-14.040450209310684],[126.14906395322446,-14.040685682923066],[126.14913019300853,-14.041283659784943],[126.14877313482668,-14.041855232473605],[126.14843841083977,-14.042587926536125],[126.14843425978636,-14.043162312414422],[126.14869039151567,-14.043531945152454],[126.14927768254192,-14.043651418871471],[126.14998370805701,-14.043610982296162],[126.15078535268057,-14.043364476848053],[126.1517048626072,-14.04309594784469],[126.15236400062958,-14.043032160971588],[126.15278692761031,-14.043104329035916],[126.15323123200517,-14.043475436160417],[126.15381699668173,-14.043801599439009],[126.15423944380532,-14.04394276334932],[126.15442548893029,-14.044242914145578],[126.15378541367225,-14.044927249423592],[126.15326570834102,-14.04522190891205],[126.15298366218258,-14.045173795884828],[126.15282034270302,-14.044988707523407],[126.15204054050123,-14.04546519419939],[126.15161327434627,-14.045990348947171],[126.15146815129172,-14.046540678773125],[126.15160681422704,-14.046886428132238],[126.15131743962223,-14.047849178073962],[126.15086580711251,-14.04848900494819],[126.15048813429895,-14.048669880777732],[126.15027676303399,-14.048622315793649],[126.14964207954353,-14.048548435703248],[126.14938198693007,-14.048730156914248],[126.14914635488519,-14.048774249074368],[126.14900788368506,-14.048405555746443],[126.14865621542506,-14.048241986932672],[126.14858611538311,-14.048172516041916],[126.14783366575271,-14.04812063252059],[126.14724375334806,-14.048368813149736],[126.14650959297971,-14.049029396947727],[126.14641233154535,-14.049465209416578],[126.14647790510205,-14.050155025126413],[126.14649532611061,-14.05100531017883],[126.14668214185129,-14.051190505218825],[126.14644187761891,-14.051877968168647],[126.14594353568592,-14.052471427897322],[126.14537450743232,-14.05308735257743],[126.14480586594188,-14.053634367403907],[126.1443555710144,-14.054090383775016],[126.14407245438427,-14.0542030014966],[126.14405185760138,-14.053789279590564],[126.14412514589651,-14.053422190287609],[126.14414912666791,-14.053353470088416],[126.14415501365151,-14.0525493445773],[126.14411227051207,-14.051951653337799],[126.14383263368912,-14.051581830936628],[126.14350494326962,-14.051349446930166],[126.1431319008926,-14.050887025992386],[126.14330062183922,-14.05033690671974],[126.14344507620285,-14.04987844460928],[126.14344826140484,-14.049441973410778],[126.14304912285917,-14.049323899152398],[126.14222125717977,-14.049937835414859],[126.14184290352816,-14.050210541127736],[126.14132251242528,-14.050597080595994],[126.14089542409113,-14.051099157564229],[126.14054085552915,-14.05132617105136],[126.14051735931578,-14.051325983377318],[126.14051765098824,-14.051280014459248],[126.14028375453513,-14.051094348046492],[126.13997956581913,-14.05086223773899],[126.13951138992066,-14.050536871769287],[126.1389957371117,-14.050280036193978],[126.13850435842299,-14.049908602055009],[126.13819920338823,-14.049814303740542],[126.13791744605992,-14.049743133020728],[126.13779696427667,-14.05013278091339],[126.13833320207192,-14.05080334038694],[126.13875157958692,-14.051495893153913],[126.13895781261688,-14.052255746016797],[126.13914151860827,-14.05287759614649],[126.13934901634568,-14.05345366668014],[126.13939223147156,-14.053982450191924],[126.13957613247159,-14.054581271809399],[126.13978276099877,-14.055272216732304],[126.13994394267375,-14.055755974924192],[126.13994154406576,-14.05608452957352],[126.14767200250243,-14.060687745365993],[126.14779334504219,-14.060183215322473],[126.14796014166593,-14.059885781374426],[126.14826878653213,-14.059497628560882],[126.14883859566973,-14.058789763516216],[126.14942910429684,-14.05847277067579],[126.1498297104548,-14.058383935192127],[126.15049090256558,-14.058044472399953],[126.15086916539914,-14.05779469344659],[126.15129480528805,-14.057499317894594],[126.15186124264201,-14.057251015315472],[126.15247371441394,-14.057140896909585],[126.15277956471904,-14.057143230634674],[126.15296841049141,-14.05705278612011],[126.15325258686298,-14.056802241492885],[126.15346694593671,-14.056436260999613],[126.1533761280237,-14.05597600989533],[126.15314557167764,-14.055330947990909],[126.15307729085772,-14.05500870038182],[126.15310261501891,-14.054756103567064],[126.15324666862828,-14.05436662640157],[126.15350802233985,-14.054001015554153],[126.15400376259008,-14.053775175146011],[126.1539839125005,-14.053269515524066],[126.15382135497109,-14.052969551436489],[126.15351781510599,-14.05264553035696],[126.15351886857196,-14.052507624641391],[126.15387506791036,-14.052050822689772],[126.15432601983666,-14.051502916631213],[126.15468135276957,-14.051160989456125],[126.15517737559733,-14.05088917480558],[126.1556002224229,-14.050984370689795],[126.15564693040582,-14.051030621482205],[126.1559058754317,-14.051009636992735],[126.15600158937978,-14.050780627316799],[126.15598039244604,-14.050458841101872],[126.15605279940898,-14.050206615518654],[126.15643171906102,-14.04986487041768],[126.15688016992884,-14.049661586800504],[126.15718629977036,-14.049618033161865],[126.15751449015401,-14.04978138905853],[126.15791249862644,-14.050060179602477],[126.15807611847364,-14.050199295968627],[126.1584288583422,-14.050225021128146],[126.15880576486718,-14.050158994391548],[126.15923024004526,-14.05002442864642],[126.15941907715451,-14.049933975353037],[126.15975004341585,-14.049706817923482],[126.15972836280038,-14.049453849353291],[126.15972855273738,-14.049430910388098],[126.15987049195624,-14.049317055209107],[126.16020021174587,-14.04927368346441],[126.16041178010954,-14.049298291912017],[126.16064588775932,-14.04946099312823],[126.16097207480628,-14.0499000688015],[126.1612744770205,-14.050384929539126],[126.16136540981952,-14.05082215083776],[126.16164479389035,-14.051237917797891],[126.16192456376338,-14.051584774872842],[126.16208732386481,-14.051861707283942],[126.16236957785465,-14.051863930743707],[126.16260502695646,-14.05184275531639],[126.16295891736391,-14.051707627751442],[126.16321996468108,-14.051387971482221],[126.163552266556,-14.050976932091654],[126.16376698586502,-14.050564966900867],[126.16395820427336,-14.050152905726485],[126.16417216082795,-14.049832877409871],[126.16433835581117,-14.04962735712613],[126.16464829952257,-14.049055281636697],[126.16441352113895,-14.048984523257676],[126.16439154675355,-14.048777612417092],[126.16465192440712,-14.048549800846612],[126.16507658669644,-14.048392283793984],[126.16554557062564,-14.04860270950116],[126.1658951684384,-14.04906490651609],[126.16622241196693,-14.049366160670397],[126.16638508397806,-14.049643091256137],[126.16676161067547,-14.049623019359244],[126.16680888947296,-14.049600450248741],[126.1671614423844,-14.049649101413042],[126.16751418524859,-14.049674812581232],[126.16809838029047,-14.050230795368682],[126.16818961168136,-14.050622048288409],[126.16846862953045,-14.051083779863145],[126.16893772024328,-14.05129420199922],[126.16938483762974,-14.051274681082866],[126.16990292269423,-14.051209652989698],[126.17032720723456,-14.05109809652758],[126.17051851257725,-14.050662997158847],[126.17035612303118,-14.050340008453567],[126.17007510367945,-14.050154096085675],[126.16979465595199,-14.049899184328826],[126.16981863075952,-14.04983036922466],[126.17008042450588,-14.049418853279416],[126.17043621092397,-14.049007984266659],[126.17065072634998,-14.048619037693882],[126.17093745642929,-14.048000796140682],[126.1708708675377,-14.047448878233322],[126.17073169706592,-14.047172044356383],[126.17085108769308,-14.046920176876826],[126.17118309319136,-14.046555092107843],[126.17137278191096,-14.046349747953636],[126.17151661836559,-14.045983278090398],[126.17142415397834,-14.045752781786724],[126.17147200480885,-14.045638271173939],[126.17163762663377,-14.045501652331504],[126.1725558107279,-14.045416808839258],[126.17264970478853,-14.045440483904644],[126.17269679280076,-14.045440853423038],[126.1733584163271,-14.045032282178969],[126.17366577508626,-14.044827856789405],[126.17406617308608,-14.044761985603133],[126.17462981245042,-14.044904221989304],[126.1750044319403,-14.04515986445788],[126.175520512394,-14.045370550430064],[126.17608311096323,-14.045650601022322],[126.17713981365466,-14.045934421583386],[126.17746649829543,-14.046304572732332],[126.1779331212458,-14.046859615711648],[126.17823630987448,-14.047229583122725],[126.17842267729992,-14.04748375157192],[126.17844636427094,-14.04746099530052],[126.17868000867196,-14.047692592243042],[126.17893810087061,-14.047786460752802],[126.17926744394764,-14.04778894141527],[126.17971493594959,-14.047723428783863],[126.1800448459244,-14.047657000342209],[126.18023396176406,-14.047520647228605],[126.18068344235998,-14.047179403172116],[126.18075648886729,-14.046835313932169],[126.18073526438573,-14.046513430683488],[126.18045604266868,-14.046074738901334],[126.18017748581245,-14.04554410799134],[126.18008434858321,-14.045405553747885],[126.18029989385421,-14.044878685789266],[126.18060753256135,-14.044628281272908],[126.18096311407947,-14.044240420057893],[126.18127046685841,-14.044035983597475],[126.18164869059052,-14.043786037334794],[126.18193226339964,-14.043604446142632],[126.18190971219084,-14.043466352169284],[126.18181903445661,-14.04298315938621],[126.181657297802,-14.042568326443407],[126.18147102634165,-14.042291128963022],[126.18122244372563,-14.041921295997415],[126.18074574731128,-14.04173380567263]]]},"properties":{"fmt_tenid":"M 80/54","type":"MINING LEASE","tenstatus":"LIVE","holder1":"ALCOA OF AUSTRALIA LTD","holder2":" ","legal_area":960,"unit_of_me":"HA.","_colour":"#f5a520","_label":"Mining Lease"}},{"type":"Feature","geometry":{"type":"Polygon","coordinates":[[[126.19238393625623,-14.04253946907836],[126.19253674387755,-14.042527058450013],[126.1926915895057,-14.042514490800757],[126.19271668362852,-14.042284909555855],[126.1927646173407,-14.04217039405995],[126.19283698655356,-14.041918148325736],[126.19297919344505,-14.041758387854177],[126.193144422824,-14.041690754134253],[126.19342704778079,-14.041646878185526],[126.19368579984531,-14.041648881477478],[126.19377941355418,-14.0417185204747],[126.19394361256204,-14.041788704728084],[126.19424813972661,-14.041974864450761],[126.19443583686252,-14.04204523043945],[126.1947883915989,-14.042093840692388],[126.19514113422952,-14.042119510950249],[126.19547094227858,-14.04205305551188],[126.19551877986898,-14.041938538089374],[126.19570966368536,-14.041572320358481],[126.19594613764141,-14.041390255036255],[126.19622894939364,-14.041323527151645],[126.19658244128028,-14.041234221563531],[126.19717137293367,-14.041123793574991],[126.19780898530495,-14.040783965394125],[126.19830439301785,-14.040603897545838],[126.19915338519428,-14.040311579304417],[126.19943628859718,-14.040221814570465],[126.19978996407494,-14.040109655168331],[126.20012014245486,-14.03999722276024],[126.20047129430512,-14.040252649084035],[126.2005636031236,-14.040506077567764],[126.20065684599707,-14.040621685265007],[126.20088985889186,-14.040945114982444],[126.20100650517271,-14.041083934387288],[126.2011236189857,-14.041153750893109],[126.20152372543127,-14.041133819161558],[126.20168680482607,-14.041364771926014],[126.20196811594835,-14.041504787427014],[126.20305057100873,-14.04146712568736],[126.20307416127807,-14.041467309408606],[126.20309765754642,-14.041467492130916],[126.20340508062759,-14.041240009690656],[126.20338176921737,-14.041216886986868],[126.20333486853566,-14.041193491563853],[126.20359520310627,-14.040965733650543],[126.20392602666115,-14.040761464844561],[126.20413852842694,-14.040648134369892],[126.20442151816155,-14.04055838101981],[126.20458618407618,-14.040559658035841],[126.20496260445194,-14.040562485501004],[126.20515076763934,-14.040563944234346],[126.20557390281986,-14.04061310712474],[126.20594995144458,-14.040661902591719],[126.20632637081098,-14.04066482006771],[126.20663183460464,-14.04071306939642],[126.20696117042016,-14.040715529443078],[126.2074322295131,-14.040650169775745],[126.20790329150189,-14.040561869085346],[126.20816390023823,-14.040311074850841],[126.20818786216631,-14.040242343534015],[126.20835559703914,-14.039807026021794],[126.208358294365,-14.03941640423231],[126.20847791796037,-14.039141577242308],[126.20861698871886,-14.038941492160268],[126.2086704486376,-14.038522643697918],[126.20855603065408,-14.038062201200352],[126.20855621767312,-14.038039170153464],[126.20860655759924,-14.037557058606723],[126.20868039376954,-14.03709807181861],[126.20875209269674,-14.036937762634963],[126.20891833773794,-14.036709178167637],[126.2091557206169,-14.03641231670203],[126.20953492314152,-14.036001572289507],[126.20970302231126,-14.035520279311795],[126.21001043186808,-14.03529278312896],[126.21022283128053,-14.03520247536829],[126.21041145541257,-14.035135014941353],[126.21062329777747,-14.035113618320755],[126.21081155086877,-14.035115072031445],[126.21099989697119,-14.035093492696607],[126.21121127530033,-14.03514109821485],[126.21139915837078,-14.035188432018625],[126.21170350368378,-14.035397527716311],[126.21196150552335,-14.035514408800152],[126.21250258356164,-14.035518492219618],[126.21290277503722,-14.035475513263947],[126.21351489987447,-14.035411224686808],[126.21368215777659,-14.035044810945351],[126.21375431459917,-14.034815585625887],[126.21382702842968,-14.034517449167213],[126.21382925248119,-14.03419573552136],[126.2138310105216,-14.033943026013915],[126.21376172377857,-14.033758685502706],[126.21347800164679,-14.033963339349999],[126.213455711426,-14.03377927026713],[126.21341075497415,-14.03348022623889],[126.21362491134859,-14.033137204972359],[126.21371963938716,-14.033045985644028],[126.21421492177235,-14.032865903270098],[126.21433444307371,-14.032591067287235],[126.214666635655,-14.03217994645483],[126.21473897642598,-14.03192777909014],[126.21478763594014,-14.031698282057238],[126.21495340770439,-14.031538691733761],[126.2151195495095,-14.031333130722007],[126.21526210107088,-14.03112747807256],[126.21538051037108,-14.031013407810436],[126.2155709794539,-14.030693142511701],[126.21571288301307,-14.030579343039223],[126.21580807205369,-14.03041920888679],[126.2159746738748,-14.03014473387798],[126.21609391317592,-14.029915869373976],[126.21633294377747,-14.029366193172041],[126.21645144407721,-14.029252121894716],[126.2168062009722,-14.02897909220059],[126.21706669382817,-14.028728278381488],[126.2172795471646,-14.028569047166089],[126.21758786253875,-14.028203707677957],[126.21791976817191,-14.027838549969589],[126.21808701198881,-14.027472126722106],[126.21801689221083,-14.027402672207357],[126.21797386769461,-14.026827885414354],[126.21821353728822,-14.026186259940115],[126.2186185076943,-14.025454042770566],[126.21871387673062,-14.025270874527063],[126.21843884028631,-14.024234832896928],[126.21839378641279,-14.023935696093504],[126.21837075130111,-14.023866603255813],[126.21823235657462,-14.023474983256405],[126.21802319999857,-14.023105671946237],[126.21783504689358,-14.023104319698412],[126.21750361158716,-14.023400566964881],[126.21717143906608,-14.023811609275329],[126.2166745147475,-14.02422147605815],[126.21638942280748,-14.024632967856542],[126.21615076849253,-14.025113732408148],[126.21588833763589,-14.025640287815982],[126.21555551100103,-14.026143268800128],[126.21507948580452,-14.026943937629504],[126.21481603509262,-14.027608314855241],[126.21438718070887,-14.028386399564212],[126.21417404850735,-14.02859159955015],[126.2139623053234,-14.028589971121633],[126.2137743343869,-14.028565583360349],[126.21356388523851,-14.028380155562436],[126.21337934041343,-14.027850256786548],[126.21321838385192,-14.027320539723679],[126.21291450681936,-14.027042536882345],[126.21265780928861,-14.026741864423435],[126.21235458232754,-14.026371917396183],[126.21202619307239,-14.02623155711676],[126.21169937992343,-14.025861427374824],[126.21132464827434,-14.02562885247999],[126.21090237014447,-14.025464826294817],[126.21057463200162,-14.025232520828647],[126.21046215735261,-14.024496431399424],[126.21032470544348,-14.02396689569148],[126.21025774123648,-14.023437814124094],[126.21014304327824,-14.023023345203056],[126.21007617010434,-14.022494353619678],[126.21005869835324,-14.021621074193334],[126.21001485822524,-14.021161176375996],[126.20964152608312,-14.020721774440787],[126.20945365552923,-14.020674353610756],[126.20916920803113,-14.020993891210015],[126.20897790600058,-14.021429034822738],[126.2086676422101,-14.02207009903796],[126.20852314338853,-14.022551576173242],[126.20842313082036,-14.023401007113302],[126.20846539009388,-14.024090671210654],[126.20822625705257,-14.024640332589836],[126.20787057137015,-14.02505126533425],[126.20739796344328,-14.025346402649065],[126.20713811572284,-14.025505261114708],[126.2067849361725,-14.025548599490525],[126.20614999188842,-14.025520846152284],[126.20577294504582,-14.025609881907073],[126.20534713942624,-14.025951349745355],[126.20499312170485,-14.026109477355243],[126.20447630864909,-14.026013626449544],[126.20396070585495,-14.0257339791709],[126.20344529012903,-14.025431391844602],[126.20325695222958,-14.025452967175214],[126.2031118820208,-14.026003347011256],[126.20303971897735,-14.026232566335207],[126.20287124350425,-14.026782764455954],[126.20216450917094,-14.026915215304742],[126.20178885552113,-14.026820449685786],[126.20158112333527,-14.026244490085446],[126.20137357821784,-14.025645410437136],[126.20073974822684,-14.025456812770559],[126.20015505536743,-14.02496990693147],[126.20025416773831,-14.02425830855403],[126.20103782520076,-14.023207225431225],[126.20085237525835,-14.022815250028925],[126.20047709849352,-14.022651500244923],[126.20027076517529,-14.021891668454609],[126.20058040161749,-14.021342550894277],[126.2005140158304,-14.020744656706771],[126.2000440149473,-14.020672125108199],[126.19954967771247,-14.020714381572892],[126.19879484056159,-14.021007351225272],[126.19832297187163,-14.021210639658374],[126.19768607737029,-14.021458539938559],[126.19747387127732,-14.021525909337578],[126.19723798298948,-14.021616037027076],[126.19726138496334,-14.02163915881079],[126.19681422424802,-14.021658832669255],[126.19664928943588,-14.021703533519222],[126.19648351307004,-14.02186311655525],[126.196459177432,-14.021977816994973],[126.19596371666492,-14.022180828648061],[126.19570395907364,-14.022316743653601],[126.19532793894592,-14.022267958630767],[126.19481253652668,-14.021965380734484],[126.19524012991873,-14.021371120231521],[126.1951038347267,-14.020680740672137],[126.1950120039348,-14.020358401185966],[126.19447376586473,-14.01996370044107],[126.194356945993,-14.019847910539475],[126.19447554307874,-14.019710997049712],[126.19447582429942,-14.01966502597895],[126.19438268662283,-14.019526386787563],[126.1941029913705,-14.019156623289387],[126.19379970692155,-14.018809709088934],[126.19363795631143,-14.018394882253808],[126.19361726821049,-14.01798114388333],[126.19362054341538,-14.017521619185231],[126.19383517716696,-14.017109609238817],[126.19400319607983,-14.016628322696745],[126.1945727735494,-14.015920361398775],[126.1947861905329,-14.015669199677626],[126.1951410411414,-14.015396099360801],[126.19549645219305,-14.015031144892111],[126.19580459096419,-14.014688856970826],[126.19585457012712,-14.014275573789414],[126.19576273933268,-14.013953234315816],[126.19614219980777,-14.013519550448205],[126.19602780859175,-14.01305911601314],[126.19614761557062,-14.012738317190472],[126.19624299480029,-14.01255515884846],[126.19617549864515,-14.012118118929013],[126.19610772326858,-14.011726960085099],[126.19578949357644,-14.010790337211764],[126.19578533781902,-14.010736456176392],[126.19583363287646,-14.01055302635673],[126.19604666753936,-14.010370774692195],[126.19633121212593,-14.010051245011647],[126.19604956140995,-14.00995721876019],[126.19583652686762,-14.01013946969498],[126.19578972480589,-14.010116078184275],[126.19524851770697,-14.010135028282441],[126.19465948288374,-14.010268405085352],[126.19432935012198,-14.010380836950963],[126.19367011226241,-14.010467697463428],[126.19322203984979,-14.010625189707566],[126.1926564030068,-14.01078177526101],[126.19228002962586,-14.010778869468902],[126.19169183435768,-14.010797448076945],[126.19143311840851,-14.010795448969318],[126.19086944688588,-14.010676296117222],[126.19035285864405,-14.010534564712877],[126.18955490591276,-14.010275769315104],[126.18910814638048,-14.01024937328924],[126.18863704921472,-14.010337673681665],[126.18842438378091,-14.010473947235688],[126.18844628377359,-14.010703891278576],[126.18860858273719,-14.01104980889742],[126.1887699471525,-14.011510606676186],[126.18881346391748,-14.012016465831099],[126.18869158664252,-14.012612900942417],[126.18875944204055,-14.013004060682269],[126.18861491222756,-14.013485522894428],[126.18849500126694,-14.013806315627187],[126.18846925465049,-14.014127747315657],[126.18867967154695,-14.01431317722041],[126.18888755680092,-14.014843248593497],[126.18944935999357,-14.015238140898601],[126.189987482988,-14.015655790510403],[126.19017159593028,-14.016231652240432],[126.1902381414449,-14.01680660426695],[126.19016596909262,-14.017035820360434],[126.18981261248523,-14.017102091320947],[126.18922243093154,-14.017396303167212],[126.18917215657119,-14.017855554305472],[126.18950005077679,-14.018064834990563],[126.18982654010418,-14.01845790593554],[126.18970540726895,-14.018962490912873],[126.18965560223654,-14.019352739961734],[126.18962919917995,-14.019766111784831],[126.18979188145785,-14.020043119378068],[126.18997862114912,-14.020251306623576],[126.19009440836643,-14.020504918700713],[126.190446927416,-14.020553619944726],[126.1902339707776,-14.020735774492454],[126.1902306875843,-14.02119529813375],[126.19037053321388,-14.021380181866288],[126.19062813537467,-14.021543036299605],[126.19114296436568,-14.021937564272514],[126.19146655470156,-14.022744188881822],[126.19188609557906,-14.023298839133462],[126.19216626015874,-14.023599694543234],[126.19218628682319,-14.024105374030874],[126.19211017583179,-14.0248860559282],[126.19184947507866,-14.025159788131784],[126.1918257919544,-14.025182636422016],[126.19163726520027,-14.025227150505973],[126.19135484914887,-14.02524799755208],[126.19095917682075,-14.02464755789871],[126.19084263916965,-14.024485794927388],[126.1906091855372,-14.024231272084771],[126.19028081401959,-14.02409090241387],[126.19002048599943,-14.024318751499996],[126.18992462745824,-14.024570725854952],[126.18961843614787,-14.024614418184814],[126.18921891894058,-14.024565441392323],[126.18896291187824,-14.024172822629676],[126.18877889505072,-14.02357401984177],[126.18811874973149,-14.022714989856341],[126.1881027926563,-14.022718689032581],[126.18774801608178,-14.022991777184385],[126.18774632498923,-14.023221538484709],[126.18781483582175,-14.023520758117115],[126.18757791188871,-14.023748695937412],[126.18734258193913,-14.023769903485888],[126.1868721132579,-14.023766345524768],[126.1864700614117,-14.02406200618387],[126.18644459001956,-14.02433755478196],[126.18653659493815,-14.02463695715211],[126.18606160805766,-14.025276712045807],[126.1855409474721,-14.025709278204634],[126.18551481477286,-14.026076766997788],[126.18626629215744,-14.026266310278205],[126.18680395927973,-14.02675288027086],[126.18703637546103,-14.027145317378364],[126.18719830538961,-14.027537117237465],[126.18712330309137,-14.028157032937713],[126.1870718888778,-14.02877704238613],[126.18713983650845,-14.029145172209438],[126.1875133231456,-14.02956164389762],[126.1879343670638,-14.02990948099664],[126.18800015418451,-14.03057628230479],[126.18774028599704,-14.03073521725937],[126.18731623034468,-14.030823872822923],[126.18686990091933,-14.030728555348949],[126.18630807057889,-14.030333650657253],[126.18581832883089,-14.02973256393551],[126.18528197802566,-14.029062108629871],[126.18502465645163,-14.028853369047992],[126.18495416734514,-14.02885282180501],[126.18450916261294,-14.028573709262092],[126.18385081541429,-14.028522711357422],[126.18337882988179,-14.028725874762301],[126.18299988212878,-14.029090621359922],[126.18273718412813,-14.02964016092562],[126.18275747139232,-14.03009986530198],[126.18310886919718,-14.030309339772998],[126.18362379580334,-14.030680853697604],[126.18369154919375,-14.031072013486828],[126.18300762051743,-14.031319591187929],[126.18251458654963,-14.03117792931935],[126.18188123771046,-14.03092037782331],[126.1812704426558,-14.030800828267152],[126.18080043458167,-14.030728256253186],[126.18013849158994,-14.03118273794699],[126.17997798982942,-14.031620649199862],[126.18074574731128,-14.04173380567263],[126.18122244372563,-14.041921296997407],[126.18339883259027,-14.042775629739491],[126.18339673360832,-14.042788431781045],[126.18624984532748,-14.041022446449228],[126.18647266490835,-14.04088313596952],[126.18656325911168,-14.04081346494873],[126.18679964166805,-14.040654442326069],[126.18687032188234,-14.040631958575124],[126.18710642050546,-14.040518906028376],[126.1872478739211,-14.04047403053364],[126.18779009350861,-14.040317290845394],[126.18795513598695,-14.040272600124354],[126.1881673605684,-14.040205332907137],[126.18840289728332,-14.040161098479933],[126.18863843199082,-14.040116953057465],[126.18868551915708,-14.040117317581036],[126.18870835749622,-14.040209441422617],[126.18884811458679,-14.040417268162628],[126.18896456547868,-14.0405790320946],[126.18924587093592,-14.040719042311725],[126.18964466194244,-14.040882905316586],[126.18966674768178,-14.041089820208809],[126.18973516890254,-14.04138912866982],[126.18980368413855,-14.041688349120687],[126.18989598034095,-14.041941781287735],[126.18996572001147,-14.042057208612553],[126.19003470506446,-14.042287517998812],[126.19012784792913,-14.042426069076939],[126.19036159766466,-14.042634623679156],[126.19068933694577,-14.042866940259811],[126.19115966017556,-14.04289343721807],[126.19163035823749,-14.042874054160206],[126.19238393625623,-14.04253946907836]]]},"properties":{"fmt_tenid":"M 80/55","type":"MINING LEASE","tenstatus":"LIVE","holder1":"ALCOA OF AUSTRALIA LTD","holder2":" ","legal_area":505,"unit_of_me":"HA.","_colour":"#f5a520","_label":"Mining Lease"}},{"type":"Feature","geometry":{"type":"Polygon","coordinates":[[[126.13790849604767,-13.922269889318896],[126.13762858949583,-13.922037998287818],[126.13734470475427,-13.922241768489023],[126.13719632330098,-13.92304297423487],[126.13716943071228,-13.923409541415136],[126.13716602226961,-13.923776382536808],[126.1371855283711,-13.924212228797282],[126.1372024771233,-13.924923160887815],[126.1370826897791,-13.925174289073098],[126.13703107901381,-13.925678303817323],[126.13698155453035,-13.92595292786216],[126.13697852519515,-13.926273891875285],[126.13697520781372,-13.926640735033684],[126.13704044793279,-13.92721458552943],[126.13710625857296,-13.927719619777092],[126.13717254221486,-13.928178866852738],[126.13719337241396,-13.928477078649532],[126.13728370761223,-13.928867784351123],[126.13746836042708,-13.929236296439326],[126.13760689521781,-13.929512770463985],[126.1377925885377,-13.929766677121323],[126.13814191675043,-13.930113821021338],[126.13835175853632,-13.930299187248913],[126.13872589779024,-13.930508973503471],[126.13907560667536,-13.930810330031603],[126.13933166096454,-13.931087824006772],[126.13993742660283,-13.931666672183779],[126.13995750638985,-13.932033700687464],[126.13990883282881,-13.932216661338028],[126.13955296703475,-13.93258026547454],[126.13926821703026,-13.932875700080228],[126.13900676055746,-13.933194348644736],[126.13886377177973,-13.933399322148905],[126.13872030538377,-13.933673203843028],[126.13867096739897,-13.933924979801526],[126.1387134846841,-13.934406888590626],[126.1386387678278,-13.934864749253107],[126.13851670020074,-13.935368025764774],[126.13839681364105,-13.935619152878397],[126.13834899135968,-13.935710447317966],[126.13827673673032,-13.935893219006722],[126.13822749096968,-13.936144994545701],[126.13822369959222,-13.936557625801925],[126.13821877444259,-13.937084950130007],[126.13821630718961,-13.93736012830045],[126.13821498206411,-13.93749767138637],[126.13828041334475,-13.938048583152359],[126.13844262794079,-13.93830230496444],[126.13883798761036,-13.938764518981554],[126.1389042732864,-13.939223766687084],[126.13906734228452,-13.939385733439511],[126.13911222858266,-13.939615404195544],[126.13903959325022,-13.93984405491342],[126.13889669149903,-13.940049118194583],[126.1386817234917,-13.940414014153433],[126.13844336156977,-13.940778635305367],[126.13822933799746,-13.941051866209422],[126.13796806023258,-13.941347481514518],[126.13749332698758,-13.941847509685958],[126.13708999394726,-13.94225652122474],[126.13659243388621,-13.94268763355324],[126.13607157728138,-13.943095530064141],[126.13573936211998,-13.943436370989287],[126.1355702139582,-13.943939269667464],[126.1354509825537,-13.94412157675286],[126.13506884768441,-13.944783007278613],[126.13480518718394,-13.945330854766937],[126.13454218874878,-13.945809885212507],[126.13432606381213,-13.946312319287351],[126.13427709683683,-13.946518303811416],[126.13431988568989,-13.946977273725588],[126.13441392435416,-13.946978110949578],[126.1347664960934,-13.946981363040145],[126.13497824868702,-13.946960375279563],[126.13535658919669,-13.946711666013144],[126.13557004859832,-13.946507347134476],[126.1358067145729,-13.946326062078215],[126.13613893367965,-13.945985222144287],[126.13630561261823,-13.945757409641057],[126.13675886932512,-13.945027900495315],[126.1371145723956,-13.944687245375158],[126.13746951106624,-13.944438345314266],[126.13770645644298,-13.944234119250854],[126.13813308601635,-13.943848322527995],[126.13846444579983,-13.943599143666043],[126.13881824673798,-13.943464844683183],[126.13924298015608,-13.943285317093675],[126.13964270916848,-13.943266082796514],[126.14016081455709,-13.943156205357797],[126.1405608267833,-13.943114030747116],[126.1408654789768,-13.943208566063506],[126.14128850545744,-13.943212455270283],[126.14157033275194,-13.943237986754957],[126.14182886443353,-13.94324039343667],[126.14201542368461,-13.943402633845801],[126.1420853125191,-13.943472009254055],[126.14238835481814,-13.943749964675543],[126.14264556433041,-13.94388991343735],[126.1430426444941,-13.944168703012188],[126.14353385988466,-13.944425474728435],[126.14386247173373,-13.944474404800753],[126.1440977097916,-13.944453593677283],[126.14440368811987,-13.944410581907666],[126.144803230602,-13.944414280320458],[126.14496611948296,-13.944599182946726],[126.14524662756943,-13.944762253504972],[126.14552788974194,-13.944856599022659],[126.14590347651688,-13.94490589767079],[126.14618596987383,-13.944862607111475],[126.1462812369395,-13.944725895190887],[126.14644989202648,-13.94426886146068],[126.14652441087455,-13.94383393558729],[126.14664448511105,-13.943559865381047],[126.14727888495177,-13.943588622700757],[126.14811312854428,-13.942059148518094],[126.14816296520651,-13.942014663051316],[126.14823408422707,-13.941946492383117],[126.14844687118708,-13.941810885415368],[126.14858853912692,-13.941743450115835],[126.14901364232438,-13.941518023207117],[126.1493680962426,-13.94131488894267],[126.14965199924605,-13.941111199310864],[126.14991222791447,-13.940930082901929],[126.15024338324794,-13.940703912839545],[126.15043306100459,-13.940522150063465],[126.15055161872766,-13.940408649953707],[126.15081372974974,-13.940021259442508],[126.15081646356944,-13.939723140289951],[126.15081872564603,-13.939470988161434],[126.15079589878214,-13.939401986335747],[126.1507984442308,-13.939126806194777],[126.15080240127254,-13.938691230972196],[126.15080324975601,-13.938599473925239],[126.15106385121243,-13.938372565501323],[126.1513242643038,-13.938168597089938],[126.15158571125886,-13.937850016621931],[126.15175170970764,-13.937691004073933],[126.15189375243612,-13.937577683759221],[126.15203645428363,-13.937395547410185],[126.15246286186071,-13.937032558457087],[126.15262904669632,-13.936850694900492],[126.15298499635897,-13.93648706157901],[126.15338697650049,-13.93621555288733],[126.15386044409236,-13.935853020524572],[126.15419234106716,-13.935535080442731],[126.15435852493502,-13.935353124891368],[126.15480925711677,-13.934898648764179],[126.15514143280878,-13.93455776680733],[126.15540437400232,-13.934078698438306],[126.15578502156323,-13.933577698986356],[126.15600052177017,-13.933143958096652],[126.15671850921089,-13.932457410616339],[126.15721917054113,-13.931750563247544],[126.15760202635066,-13.930867008109272],[126.15777872480672,-13.930189617811573],[126.15798487277681,-13.929276616385314],[126.15801431489031,-13.928422520550813],[126.15813211105304,-13.92768622987116],[126.15830881235355,-13.92712664658965],[126.1588683738764,-13.926301993094254],[126.15966354721499,-13.925565688559834],[126.16037036761401,-13.924947192810176],[126.16060596877873,-13.924269804253676],[126.16007584507079,-13.924004751016842],[126.15936901804666,-13.92400476411012],[126.15848549485126,-13.92503558516289],[126.15786702678547,-13.925654079243674],[126.1573369127144,-13.926243120624353],[126.1563944940725,-13.927833524344548],[126.15577603004917,-13.928746534591719],[126.15495141044482,-13.929865712718735],[126.15403843507998,-13.930896538101186],[126.15315490919781,-13.931721203481063],[126.15233215318055,-13.932389726514717],[126.15215246899648,-13.93242089605566],[126.15189244164634,-13.932579082306185],[126.15151367194863,-13.932873711616917],[126.151088401072,-13.933122001347181],[126.15066284663865,-13.933393224114866],[126.1502135256679,-13.93368719912861],[126.1497175150608,-13.933957774575637],[126.14919877214945,-13.9341364972108],[126.1490577683344,-13.93413520644856],[126.14901070539675,-13.934134745861645],[126.1488703609613,-13.934064638055473],[126.14863701897991,-13.933879092994363],[126.14838141988098,-13.93355572803102],[126.14828955370639,-13.933325596686108],[126.14812836650526,-13.93295727384512],[126.14813006425788,-13.932773850711198],[126.1481095018787,-13.932452606678371],[126.14811091816361,-13.932292122561504],[126.14811581895465,-13.931764793175821],[126.1481195903968,-13.93135215787497],[126.14805224665041,-13.931007606214388],[126.14798594228536,-13.93054835746238],[126.14789652898203,-13.9300431348618],[126.14785248276738,-13.929721707004404],[126.147717516058,-13.929055540642779],[126.14760528044275,-13.928481226141127],[126.14742645732088,-13.927470691829443],[126.14731214611142,-13.927125680472523],[126.14717463703919,-13.92673460325103],[126.14691932673652,-13.926388390966347],[126.14670947884902,-13.926203031441856],[126.1464071100038,-13.925856267480222],[126.14627026070998,-13.92539646312318],[126.14629591448443,-13.925167347723232],[126.14643841852023,-13.925030825519809],[126.14712388569221,-13.924578848962284],[126.14743238130056,-13.924260647402459],[126.14781132829314,-13.923943089343917],[126.14804795736589,-13.923761874461269],[126.14809501902599,-13.923762245112021],[126.14859204330205,-13.923377062193852],[126.14904218871999,-13.922991418668907],[126.14906567354014,-13.922991603496943],[126.14927900699148,-13.922787172831967],[126.14944527431193,-13.922605313531504],[126.1496366279973,-13.922240124973921],[126.1498271328182,-13.92196678248002],[126.15001763858135,-13.921693348999693],[126.15004112338423,-13.92169353383175],[126.15016032892305,-13.921511213908582],[126.15032716034848,-13.921260534627814],[126.15044655426577,-13.921055275708955],[126.15061395091307,-13.920735779421149],[126.15089989357995,-13.920302778286153],[126.15116112876167,-13.92000704838926],[126.15180007282272,-13.919531382308776],[126.15203716410889,-13.919304281833812],[126.15251012446609,-13.918987535787307],[126.1528642565121,-13.918807324462275],[126.15326441496953,-13.918742267731435],[126.15359431031874,-13.918653538505588],[126.1540649202934,-13.91858903228406],[126.15439387761079,-13.918592057996804],[126.15441698485165,-13.918638120802754],[126.15472142689995,-13.918755568602897],[126.15512074075544,-13.918782085649935],[126.15549694737629,-13.918762628550896],[126.15625170387328,-13.91847147251677],[126.15667740883829,-13.918177290208147],[126.15729182486031,-13.917815939387772],[126.15776636928935,-13.917315847826465],[126.15788641032336,-13.917041765033419],[126.15798605990625,-13.91642358766014],[126.15803949088355,-13.915713285736585],[126.15803967918005,-13.91569034575176],[126.15790158995071,-13.91536809412864],[126.15764458516533,-13.915205229372232],[126.15736362889,-13.915088057780396],[126.15703542652658,-13.914993277562798],[126.15645068796329,-13.914689933617293],[126.15626976185182,-13.91390861668022],[126.15606178981098,-13.913516903683375],[126.15566379463512,-13.913352845091397],[126.15531164477501,-13.913303757037074],[126.15488866856316,-13.913299907393593],[126.15429952951679,-13.91347792338273],[126.15375651136542,-13.913748151980078],[126.15311862182887,-13.914109130170496],[126.15271659257111,-13.914380641776802],[126.15231418800649,-13.914697941349647],[126.15177013068053,-13.915082771857904],[126.15129699176121,-13.915422364902224],[126.1508700639693,-13.915854171551715],[126.15058507066395,-13.91617256629564],[126.15032261732776,-13.916605841793329],[126.14991917014468,-13.917037739271413],[126.14946819120932,-13.917515144042042],[126.14901796217376,-13.917923730857098],[126.14863836906034,-13.918310111195426],[126.14837798057734,-13.91851408084565],[126.14804667243648,-13.918763284952124],[126.14773912739025,-13.91898973391005],[126.14752655341213,-13.919102405297222],[126.14733708497324,-13.91926114048721],[126.14703010361661,-13.919418860492987],[126.1466983217303,-13.919713938560825],[126.1460812476077,-13.920373193955117],[126.14589158936174,-13.920554866450816],[126.14553632004815,-13.920849668231805],[126.14522764019036,-13.92119080675783],[126.14496648983011,-13.921486439923873],[126.14463489148677,-13.921758574589061],[126.14432733888158,-13.92198501805227],[126.14401988171767,-13.922188610505883],[126.14364282315714,-13.92229980136596],[126.14321879592731,-13.922410529576913],[126.142581339468,-13.922725679631725],[126.14227388097285,-13.922929180161432],[126.14191869556674,-13.923223975191597],[126.14158652175757,-13.923564923148467],[126.14123086398953,-13.92390559430934],[126.14089906904555,-13.92420057225026],[126.14061518393092,-13.924404344707522],[126.14021501498132,-13.924469464822582],[126.13981512937666,-13.924511646115251],[126.13939166610758,-13.924553548581738],[126.13906327313616,-13.924481770506269],[126.13890002264864,-13.924342655727525],[126.13873970789722,-13.923882576180354],[126.13864804346366,-13.923629593860255],[126.13832305898845,-13.923190881694142],[126.1381385991061,-13.922799433173461],[126.13790849604767,-13.922269889318896]]]},"properties":{"fmt_tenid":"M 80/56","type":"MINING LEASE","tenstatus":"LIVE","holder1":"ALCOA OF AUSTRALIA LTD","holder2":" ","legal_area":340,"unit_of_me":"HA.","_colour":"#f5a520","_label":"Mining Lease"}},{"type":"Feature","geometry":{"type":"Polygon","coordinates":[[[126.21117929864555,-13.971224324106702],[126.21096678415816,-13.971337046159592],[126.21068324439136,-13.97149501689322],[126.2103054684859,-13.971675028535492],[126.20983492382197,-13.971716681109193],[126.20964644854728,-13.97176085193333],[126.20938704299247,-13.971850272434681],[126.20905735017975,-13.971916121624465],[126.20884575238573,-13.971914231684005],[126.20868086030916,-13.971958583274612],[126.2083507058103,-13.972070311449642],[126.20790245628837,-13.972249688744704],[126.20752384799135,-13.972521455321472],[126.20712174848808,-13.972793041115503],[126.20674341352229,-13.973041866678068],[126.20622340032037,-13.973358248570475],[126.20572853405581,-13.9734913822885],[126.20523403747471,-13.97357863401867],[126.20476266240406,-13.973711945498042],[126.20429109998427,-13.973868285960586],[126.2038190768718,-13.974070414394651],[126.20322997244048,-13.974225578972153],[126.2026185748739,-13.974243013839672],[126.20212619873014,-13.974101041664461],[126.20168366883487,-13.973638453229501],[126.2016605483261,-13.973592393483164],[126.20161356692599,-13.973591940936686],[126.20137931130678,-13.973498105260228],[126.20119203508868,-13.97340472113204],[126.20084069516348,-13.97326402062402],[126.20041814560096,-13.973191416759907],[126.19983070339626,-13.973163252465577],[126.19924298396036,-13.973157934172008],[126.19874931807358,-13.973153515965393],[126.19846826716164,-13.973036292788988],[126.1982363239991,-13.97269030332988],[126.19803009280103,-13.972092245841258],[126.19754142627497,-13.971537543090308],[126.19705044693202,-13.97123508716314],[126.19669846693176,-13.971163109676818],[126.19651064019024,-13.971138455540194],[126.19641510620524,-13.971298131328941],[126.19606257015958,-13.971294972784387],[126.1957097567645,-13.971314753220735],[126.1953323434874,-13.971448959785366],[126.19479151699944,-13.971467024059772],[126.19451111915751,-13.971281067992729],[126.19416053060827,-13.971048598666927],[126.19366853954635,-13.970860743690045],[126.19312790141562,-13.970855865001528],[126.19253879955966,-13.971011018610765],[126.19197467229061,-13.971005956149146],[126.19148240488722,-13.970841037169318],[126.19110656706074,-13.970814750889545],[126.19061244650023,-13.970856105690363],[126.19018851564356,-13.970943973743235],[126.18966895442344,-13.971214452501306],[126.18926767628668,-13.9713943492037],[126.1890309211037,-13.971575602288311],[126.1886036435937,-13.972030319873175],[126.18822381005431,-13.97243961003737],[126.18772670917416,-13.972824964358187],[126.18734826709215,-13.973073764696005],[126.1870410374783,-13.973254472428387],[126.18680455662965,-13.97341278350111],[126.18623661095714,-13.973820438425067],[126.18566959369223,-13.974136333450398],[126.18484250926308,-13.974610352915146],[126.18448755112912,-13.9748594203462],[126.18422636625176,-13.975155094646672],[126.18391699041793,-13.975565011206957],[126.18349016031097,-13.975973928919542],[126.18325404715694,-13.976086447155724],[126.18263994804695,-13.976401878850782],[126.18195490984598,-13.976762551051287],[126.18164580666928,-13.977149525253514],[126.1815018798818,-13.977469315907841],[126.18149954753501,-13.977721469303201],[126.18166145976606,-13.97802104696605],[126.18184639832123,-13.978366686322472],[126.18200551259811,-13.97896429637361],[126.18200262114637,-13.979285268648423],[126.1818813437687,-13.979696907816203],[126.18159591287042,-13.980061213682667],[126.18131150779188,-13.980310821090491],[126.18088615824543,-13.980559155795344],[126.18034167530548,-13.98096697344139],[126.1800783288697,-13.981492035371696],[126.18005362407703,-13.981629310468737],[126.18005231636022,-13.981766946350273],[126.1803575078034,-13.981815554501043],[126.18036082980645,-13.981816225469913],[126.18056349375864,-13.981876019553042],[126.18221438031463,-13.982045989247561],[126.1823540281538,-13.982017077990966],[126.18273016040379,-13.982020440536473],[126.18280063263802,-13.982021076889275],[126.18291761817088,-13.982090985757402],[126.18305697835407,-13.982275684325893],[126.1832196413302,-13.98248350266391],[126.18324275883728,-13.982529564414385],[126.18342807474905,-13.982829323473547],[126.18356706136167,-13.983059900016176],[126.18365962567572,-13.983221204040696],[126.18377493592574,-13.983474448785433],[126.18400751428109,-13.98375172244523],[126.18419385662223,-13.983936873602998],[126.18419348305092,-13.983982752570412],[126.18435680188655,-13.984121752976446],[126.18454379808543,-13.984238086186512],[126.18468427669858,-13.984308176856269],[126.18491890791101,-13.984356143688274],[126.18522429226044,-13.984381807873127],[126.18548287883225,-13.98438416949733],[126.18562475683282,-13.984293772260273],[126.18586106497698,-13.984158313186663],[126.18605039083528,-13.98402239954274],[126.18621557269218,-13.98395512407073],[126.18640471126275,-13.983842241408853],[126.18678122011912,-13.983799718972124],[126.1870632988324,-13.983802259373647],[126.18741594197334,-13.983805524125174],[126.18767471683013,-13.983784851756187],[126.1879347933978,-13.9836267244608],[126.18803089682126,-13.983398324717394],[126.18812756010024,-13.983101106009538],[126.18812821095659,-13.983032287046012],[126.18827585593961,-13.982299851129868],[126.18832497707676,-13.982070998813953],[126.18835051507052,-13.98184196371627],[126.18842480063145,-13.981429867275564],[126.1885219264768,-13.981086859577758],[126.1886180288974,-13.98085836981828],[126.18861905232261,-13.980743761877083],[126.18871561931218,-13.980469484138077],[126.18871831501832,-13.98017145028946],[126.18879269363698,-13.979736411036074],[126.1889156315083,-13.979141339650791],[126.18901089718612,-13.979004607930152],[126.18906103775386,-13.97866114789883],[126.1891338330509,-13.978409626534056],[126.1892049555294,-13.978341441949283],[126.18934729348481,-13.978205162777282],[126.1895601018595,-13.978069517935738],[126.18958442840807,-13.977978030820674],[126.18972853052942,-13.977635384885096],[126.18980049041457,-13.977475441402133],[126.18994421982853,-13.977178674406007],[126.18999166581165,-13.977133248011237],[126.19034578736834,-13.976975930836186],[126.19053463889121,-13.976885892148145],[126.19062869344832,-13.976886797251575],[126.19079322042508,-13.976888244683495],[126.19112152897296,-13.9769829014459],[126.19137927310193,-13.977077011883114],[126.19170813970584,-13.97710284672539],[126.19220153428635,-13.977130219002362],[126.19234321917544,-13.97706275673091],[126.19250904425635,-13.976926657305402],[126.19281590517275,-13.976791822532881],[126.19305173696773,-13.97670223338411],[126.19331059585132,-13.976681644939475],[126.19368560933103,-13.976799688240563],[126.1938970242364,-13.976824526200865],[126.19418030100734,-13.976689508642623],[126.19453293609843,-13.976692672278757],[126.19460183172127,-13.976876732435757],[126.19481130048305,-13.977107936209595],[126.19492717838793,-13.977292356923709],[126.19546060538795,-13.978099673071858],[126.1957664465587,-13.978079534197494],[126.1961437808932,-13.977945326752925],[126.19638035373296,-13.977787006659517],[126.19720493576551,-13.977588042021633],[126.19734412147331,-13.977795671518725],[126.19798031368757,-13.977640869621462],[126.19838113715137,-13.97750683993123],[126.1988523386838,-13.977396469548347],[126.19974563399673,-13.97740449505986],[126.19981444064291,-13.977588554266964],[126.20004787039947,-13.977774054915992],[126.2009835275612,-13.978309871711714],[126.20123878626138,-13.978678980056225],[126.2019860574855,-13.979236038676788],[126.20245421211526,-13.979469592147252],[126.20278308463192,-13.979495420056175],[126.20313609538681,-13.979452790780819],[126.2035610551681,-13.97925021292215],[126.20391471095388,-13.979138762672767],[126.20433911569414,-13.979005003768082],[126.20476223036754,-13.97900879279967],[126.20520892724618,-13.979012761610246],[126.2054920174119,-13.978900677009614],[126.20610591717524,-13.978608140380883],[126.20636606916047,-13.978426963014778],[126.20695647470428,-13.978134242579959],[126.20742638643287,-13.978161327143974],[126.2076612951256,-13.978186428922744],[126.20789694218722,-13.978119680727508],[126.20822811745133,-13.977893434684237],[126.20855745064104,-13.977873375584938],[126.20907599950064,-13.977717567740015],[126.2091938228583,-13.977695709634169],[126.20954535920319,-13.97781346828378],[126.20973199844508,-13.9779756684807],[126.20991882102936,-13.978114925684666],[126.21041231596344,-13.978142275030134],[126.21076486501602,-13.97814542270921],[126.21106739556537,-13.978492129793008],[126.21118209283044,-13.97881409665435],[126.21129559205804,-13.9792737945056],[126.21136256989925,-13.979664131808855],[126.21140670055469,-13.979985560339884],[126.21159279037639,-13.980216577692204],[126.21182521981535,-13.980516684655113],[126.21212849142844,-13.980771629946581],[126.21245414958285,-13.98116439510002],[126.2126411618401,-13.981280713420013],[126.21287487995467,-13.981443360331372],[126.21326917823819,-13.982043031975488],[126.2135254704537,-13.982297526737584],[126.21385214501367,-13.982575590869676],[126.21420148467386,-13.982945593850669],[126.2144572280661,-13.983268907676596],[126.21459643081225,-13.983476534513859],[126.2149464173132,-13.983777807476715],[126.21520151842137,-13.98416985141112],[126.21545827289441,-13.98437855524293],[126.21590250370042,-13.984657694453293],[126.21620606144404,-13.984889695896372],[126.21662716854266,-13.985122775302859],[126.21707094381144,-13.9854477015791],[126.21735165212444,-13.98561079420176],[126.21775028134628,-13.985728991753675],[126.21805530903885,-13.985800503104741],[126.21833712001157,-13.985825952629645],[126.21850156463292,-13.985850328192681],[126.21857387492518,-13.9856445864008],[126.21855240241022,-13.985415097421312],[126.218413193268,-13.985207471503642],[126.21822819424104,-13.984861848895692],[126.21809146441188,-13.984379124765482],[126.2180470494574,-13.98408063594807],[126.21805053514731,-13.983690836638145],[126.2179368370408,-13.983254171345612],[126.21772734037727,-13.983022978062916],[126.21749324806423,-13.982906306084791],[126.21716620105956,-13.982674035867275],[126.2168871459775,-13.982327605149303],[126.21646631918263,-13.982071587778586],[126.21604493883696,-13.981861449451515],[126.21562365449665,-13.981651310131994],[126.2151794277237,-13.981372169988704],[126.21468922963167,-13.980978062273344],[126.21461875601472,-13.980977433927004],[126.21459930735071,-13.980518635854128],[126.21460279806169,-13.980128836606346],[126.21474833837279,-13.979625686181322],[126.21491819457147,-13.979031043594341],[126.21501555882432,-13.97866499268311],[126.21506557041931,-13.97832152322083],[126.2150698855092,-13.977840054177475],[126.21507236456152,-13.977564865152425],[126.21483929071103,-13.977333491340849],[126.21432597765819,-13.976893233209175],[126.21414098910222,-13.976547607976501],[126.21400472765691,-13.976019003294969],[126.21400977910105,-13.975445774273076],[126.21401391185624,-13.974987246254504],[126.21397115454683,-13.974505328686945],[126.2136451318019,-13.97415844583916],[126.21317724550588,-13.9739020663617],[126.21301391513218,-13.973762988948016],[126.21291967599069,-13.97378511985404],[126.21275781398884,-13.97348555444638],[126.21255154399228,-13.97288749950841],[126.21243721441175,-13.972519651661216],[126.21242828600076,-13.972270254779037],[126.2124249663389,-13.97217727382291],[126.21241841000538,-13.971992033909892],[126.2124208910706,-13.97171693592032],[126.21242355547466,-13.971418896931715],[126.21244732201347,-13.971396136702706],[126.21242474950822,-13.971281256937326],[126.21244952573889,-13.971143977712487],[126.21254596659823,-13.97086968680304],[126.21261983761346,-13.970503458122703],[126.2126713194604,-13.969999408675015],[126.21273292906409,-13.9697219181001],[126.21274066134218,-13.969571346040441],[126.21267563557129,-13.969517939686861],[126.2125884697791,-13.96952118454518],[126.21251137126397,-13.969579463297597],[126.2124152223476,-13.969721974226525],[126.21210553099579,-13.970177807209705],[126.21200982448978,-13.970360427122628],[126.2117485818996,-13.970656128637964],[126.21141641002954,-13.970997081831213],[126.21117929864555,-13.971224324106702]]]},"properties":{"fmt_tenid":"M 80/57","type":"MINING LEASE","tenstatus":"LIVE","holder1":"ALCOA OF AUSTRALIA LTD","holder2":" ","legal_area":269,"unit_of_me":"HA.","_colour":"#f5a520","_label":"Mining Lease"}},{"type":"Feature","geometry":{"type":"Polygon","coordinates":[[[126.18284374897796,-14.113567188114214],[126.1829864794402,-14.113648250903545],[126.18324502242204,-14.113696166805171],[126.18352744765454,-14.113698389546494],[126.183809781885,-14.11370052128968],[126.18418613057042,-14.113726423293562],[126.18472691113028,-14.113799589053764],[126.18512647881025,-14.113871553141124],[126.18557305616044,-14.113943977259941],[126.18592571187766,-14.113992629976265],[126.18606645138127,-14.114062648128549],[126.18655899345522,-14.11429619615438],[126.186652441198,-14.114388782652908],[126.18672304839274,-14.11438933818579],[126.18695884792946,-14.114322278536763],[126.18717133303012,-14.114232005010695],[126.18743101688952,-14.114119071139843],[126.18776121394616,-14.114006779798569],[126.18799654059497,-14.114008538237416],[126.18827925363418,-14.11396478629987],[126.18874990493359,-14.113968390176833],[126.18900882764913,-14.113970422458909],[126.189291165428,-14.113972546585487],[126.189384139279,-14.114134133194412],[126.18940641030451,-14.114318104305022],[126.18940470600509,-14.114547857639037],[126.18942612588062,-14.114846706917396],[126.1894472590494,-14.115191525279352],[126.18944621766862,-14.1153294324921],[126.18944441846828,-14.115582126881144],[126.1894434680878,-14.115720034093258],[126.18944100463372,-14.116064666623844],[126.18943939299781,-14.11629442297733],[126.18943692854374,-14.116639054507743],[126.18945863340792,-14.116891933743881],[126.18964524728798,-14.11712316687654],[126.18988029180429,-14.11717089342132],[126.19016120750433,-14.117379925915527],[126.19034877176303,-14.117473249842204],[126.19067707771498,-14.117636591967374],[126.19079365208889,-14.11779836346435],[126.19102784578149,-14.117960965204635],[126.19128554353875,-14.118123842797315],[126.19180028078948,-14.118541355145748],[126.191940835915,-14.118634310391327],[126.1921285897331,-14.11870469529843],[126.1922936903097,-14.118660018165098],[126.19241301127538,-14.118431184024896],[126.19265496706534,-14.117490973922573],[126.19265515463081,-14.117468033883657],[126.19282157872696,-14.117239479427543],[126.19298753169639,-14.117056982047345],[126.19317698616614,-14.116897609549861],[126.19338928444054,-14.11683027005506],[126.19369588253964,-14.116740727906944],[126.19388439418617,-14.11669623160288],[126.19419052059058,-14.11667559757208],[126.19444916673561,-14.116700563928989],[126.19475415918318,-14.116840777185143],[126.19501204850032,-14.116980620751107],[126.19531761020673,-14.117028893848731],[126.19548233165823,-14.117030182779867],[126.19616510165865,-14.1169894622664],[126.19637758650231,-14.116899179720205],[126.19677896112647,-14.116718429775833],[126.19715645155601,-14.116583465065403],[126.19751006079008,-14.116494283591743],[126.19777040359801,-14.116289488506775],[126.1977945699274,-14.116197734175975],[126.19770149306702,-14.116059180524426],[126.19760860733813,-14.115874655786735],[126.19754035607053,-14.115552408631036],[126.19744945113509,-14.115092157368942],[126.19735779109851,-14.114746786351942],[126.19733522882952,-14.114608783256129],[126.19728991965647,-14.114355627107145],[126.19729208787945,-14.114056960563317],[126.19729435173396,-14.11373526397794],[126.19729529452951,-14.11359744472729],[126.19732238350974,-14.113092143650308],[126.19734607720812,-14.113069388451501],[126.19762916552186,-14.112979655397755],[126.19788799823904,-14.112981585669084],[126.19814682895762,-14.1129836069407],[126.1984766451364,-14.112940119654127],[126.19880627168334,-14.112919662409904],[126.19925417509067,-14.112808272203585],[126.19963184656807,-14.112650271375797],[126.20015082841981,-14.112470429596543],[126.20052802786661,-14.112381427003484],[126.20107013478474,-14.112270678304698],[126.20158845994976,-14.112182663798219],[126.20205911634075,-14.112186304777277],[126.20257584315947,-14.11232803773899],[126.20299770432437,-14.112584013549707],[126.203442508698,-14.112909080365922],[126.20365320632276,-14.113071477353643],[126.20391203963331,-14.113073477703269],[126.20417172112026,-14.11296050780664],[126.20450294778064,-14.112710263159576],[126.20469333300032,-14.11241304630957],[126.20469427281392,-14.112275135011338],[126.20467142523854,-14.11218310396332],[126.20429488132582,-14.11218019537987],[126.20408408906373,-14.112040739444629],[126.20408521651191,-14.111879888101141],[126.20396882099739,-14.111695189466543],[126.20375624374431,-14.111808523074306],[126.20333231631953,-14.111851219897042],[126.20283730763255,-14.11196237031546],[126.20255732072104,-14.111615637419769],[126.20215877639787,-14.111405814574942],[126.2017841840296,-14.111311339811385],[126.2017830796524,-14.111288023772298],[126.20178439572908,-14.111104235399363],[126.20169019124863,-14.11110350600878],[126.20152547240846,-14.111102232074407],[126.20121953684948,-14.111099953053845],[126.20100799640443,-14.111075364377758],[126.200703851819,-14.110820280857562],[126.2004227424488,-14.110634290327242],[126.20025868214353,-14.110541157216709],[126.20023593119247,-14.110426094145033],[126.20019052329047,-14.11019596900186],[126.20012132863278,-14.109988599058493],[126.20007591972998,-14.109758473917436],[126.20003032319372,-14.109551377822383],[126.19993913025921,-14.109137096652683],[126.19991741415899,-14.108884126322488],[126.19991901549265,-14.108654366875953],[126.19992164862752,-14.1082867891611],[126.19992259142687,-14.108148879893186],[126.19992701252949,-14.107528603686708],[126.19993134163057,-14.106908238480479],[126.1997453819577,-14.10658507316768],[126.19951137834917,-14.106399450455202],[126.19918326547068,-14.106213184405068],[126.19887875228996,-14.106004070152839],[126.19864456204363,-14.105841386497596],[126.1983859259323,-14.105816428269081],[126.19824471552576,-14.105815327259274],[126.19805583845337,-14.10590579774999],[126.1979373759526,-14.1060198497875],[126.19781835155219,-14.10620271995131],[126.19772329948677,-14.106339894863437],[126.1975802991219,-14.106591491314127],[126.19753159566093,-14.106820881063761],[126.19753046523297,-14.106981730358585],[126.19752820337716,-14.107303426948206],[126.19752622378627,-14.107579154453767],[126.19750121302485,-14.10778569799566],[126.19735905782798,-14.107922505224382],[126.19721652736682,-14.10810528053521],[126.19709844113457,-14.108173273472199],[126.19686208267139,-14.108309343345445],[126.19676731287495,-14.108400548159757],[126.19629553711229,-14.108557720689017],[126.19591824688432,-14.108669749483148],[126.19561137522518,-14.108805267828084],[126.19532800663379,-14.108940969007728],[126.1948331977068,-14.109029045558335],[126.19426778158252,-14.109116658589313],[126.1937516296775,-14.108649284385145],[126.19370652387339,-14.10860684862798],[126.19349480027219,-14.108605193085427],[126.19311741604855,-14.108717214864676],[126.19295080900848,-14.108991653443704],[126.19262081118265,-14.109058073816712],[126.19259749574631,-14.109034859940987],[126.1922456021631,-14.108871339109257],[126.19196355462503,-14.108823249977519],[126.19161071625483,-14.10879754636839],[126.19106965735031,-14.108770368054493],[126.19078940774578,-14.108469581543092],[126.19079300261406,-14.107964101775462],[126.19084237557331,-14.107642775960565],[126.19094111849464,-14.107000216326533],[126.19056421215618,-14.107043235016745],[126.1902094812146,-14.107293255849457],[126.18987787608255,-14.107589428579157],[126.18961706478377,-14.107863124777282],[126.18935644111765,-14.108113880935322],[126.18897744760004,-14.10845565303088],[126.18857513764814,-14.108774209243233],[126.18822182538908,-14.108817499735347],[126.1879648005778,-14.108562685164488],[126.18787344001183,-14.108171435273078],[126.1878752409347,-14.107918649923596],[126.18799616985959,-14.107460063471756],[126.18811709878591,-14.107001476014752],[126.18816647373369,-14.106680152237727],[126.18819130283777,-14.106496550816761],[126.18819310376185,-14.106243766463377],[126.18798195167174,-14.106150256817662],[126.18770256418908,-14.105734502225404],[126.1876584013822,-14.105320591988175],[126.1877537390597,-14.105160484103527],[126.18806089397833,-14.104979005692448],[126.18843855647442,-14.104821110809427],[126.18874542513736,-14.104685601452791],[126.18900689596317,-14.104319967095043],[126.18905674180657,-14.10392973419948],[126.18903532092607,-14.103630884937251],[126.1890598647729,-14.103493162571075],[126.18927460972843,-14.103081280462858],[126.18953503878234,-14.10285346127836],[126.18974949948155,-14.102487457221798],[126.18996358092288,-14.102167422226456],[126.19019917987286,-14.102123294467285],[126.190459037413,-14.101987413399126],[126.19093108546744,-14.101784278698162],[126.19128552217869,-14.101580223836573],[126.19166516226697,-14.101146506439001],[126.19168979875082,-14.100985842017748],[126.19164468218145,-14.100709838928363],[126.19164487081126,-14.100686808892213],[126.19138681120123,-14.100569996592348],[126.19134349056448,-14.100041117116577],[126.19132197038842,-14.099765299145911],[126.1910654232535,-14.099441579928168],[126.19090298238083,-14.09911868702461],[126.19052778728653,-14.098931955714436],[126.19026897248654,-14.098930020605254],[126.19012682051408,-14.099066733681134],[126.18984242358984,-14.099340338832473],[126.18958115149876,-14.09968294683191],[126.18936792209263,-14.099888105442787],[126.18922539103657,-14.100070875611447],[126.18903566481106,-14.10027621828033],[126.18891654179532,-14.100482113432632],[126.1887260574233,-14.100802333258137],[126.18841834159525,-14.101052720832461],[126.18811375072976,-14.100866538789994],[126.18776130157677,-14.100794865252649],[126.18755015546972,-14.100701356662457],[126.18729190922289,-14.100607480416045],[126.18694012258521,-14.100443956762446],[126.18642211379644,-14.10048586658504],[126.1859498781183,-14.100712021301808],[126.18566670514205,-14.100824774497662],[126.18538344116502,-14.100937434691044],[126.1850997943049,-14.101119094967338],[126.18467427708086,-14.101391494296406],[126.18436674652663,-14.10161893636572],[126.18391801042516,-14.101845269969878],[126.18356309352585,-14.102118219632052],[126.18304270955797,-14.102481812100905],[126.18254582417619,-14.102868617776663],[126.18221393174284,-14.103210749261768],[126.1819991759765,-14.103622621404321],[126.18190345054758,-14.103851724678163],[126.18199584979341,-14.1040822167468],[126.18206303223988,-14.104565218895898],[126.18154225696459,-14.104997713567567],[126.1813293030391,-14.10515698262373],[126.1811605014135,-14.1057300689649],[126.18080538551291,-14.10602604161486],[126.18047415393801,-14.106276230854677],[126.18011789397066,-14.106733046630104],[126.18013711551178,-14.107330553406051],[126.18004053331883,-14.107674439590673],[126.18001388793179,-14.108110821479146],[126.18005927707974,-14.108340944117217],[126.18017593677054,-14.108479686164284],[126.1804566454284,-14.10871166288883],[126.18066779449843,-14.108805177976139],[126.18099512839146,-14.109106433145818],[126.1811093159722,-14.109589804607499],[126.18143550751883,-14.110051904814917],[126.18173943779688,-14.110329944871225],[126.1819722860827,-14.110676426744279],[126.18208761674606,-14.110998953028213],[126.182225879983,-14.111413603023248],[126.182248433354,-14.111551603613009],[126.18224510414615,-14.112011200036417],[126.18235872201822,-14.112586420249102],[126.18238060893214,-14.112816358775255],[126.18254133241378,-14.113369098777195],[126.18265789823072,-14.113530870656739],[126.18268140225113,-14.113531056465083],[126.18284374897796,-14.113567188114214]]]},"properties":{"fmt_tenid":"M 80/58","type":"MINING LEASE","tenstatus":"LIVE","holder1":"ALCOA OF AUSTRALIA LTD","holder2":" ","legal_area":137,"unit_of_me":"HA.","_colour":"#f5a520","_label":"Mining Lease"}},{"type":"Feature","geometry":{"type":"Polygon","coordinates":[[[126.08503468627106,-14.058856236237219],[126.08482204293665,-14.058969359100654],[126.08460739019453,-14.05935827814516],[126.08451171263034,-14.059564212071388],[126.0843925387913,-14.059770043190214],[126.08432115050186,-14.059884330853137],[126.08399022878851,-14.060088505726096],[126.08361312090278,-14.0601773319103],[126.08347165338593,-14.060222134109175],[126.08335368084306,-14.060267129111864],[126.08328259572356,-14.060335450736023],[126.08318611018586,-14.060656343692758],[126.08318350528243,-14.06100095088183],[126.08320529490108,-14.061230882814426],[126.0833665438891,-14.061691718720231],[126.08360159037811,-14.06171659681053],[126.08379115136239,-14.061534287162035],[126.08381103795281,-14.062016985260172],[126.08390060831545,-14.062615043858182],[126.08408465475067,-14.063168004679902],[126.08436388209796,-14.063583753676847],[126.08497374592224,-14.063818445939871],[126.08527867711243,-14.063935836580855],[126.08555810489383,-14.064328647622462],[126.08574386066729,-14.064651869375327],[126.08611887835515,-14.064838654543536],[126.08654128503257,-14.064979951314692],[126.08658707710319,-14.065141174079676],[126.08656237848882,-14.065301815399806],[126.08660806559588,-14.065485976185194],[126.08677082958924,-14.065740010111018],[126.08681441739787,-14.066199875139493],[126.08678702388163,-14.066705122757673],[126.086667040827,-14.067025824940101],[126.08664244806282,-14.067163438238317],[126.08664054506042,-14.06741620545229],[126.08673102162945,-14.067899395142337],[126.08708254610387,-14.068086076612213],[126.08708195205169,-14.068154978673684],[126.08698596800157,-14.068406880610818],[126.08696247053972,-14.068406686789068],[126.08695916779327,-14.068843227170541],[126.08688528019469,-14.069279184081797],[126.08681008360128,-14.069898916144878],[126.08676109266992,-14.070151293809511],[126.08675848978179,-14.070495902326142],[126.08680347936155,-14.070771904389098],[126.08710761546547,-14.071004164457369],[126.08734166931036,-14.071166847947598],[126.0877885904841,-14.07117053062174],[126.08809533147281,-14.071058092173256],[126.08847276235726,-14.070923295165693],[126.08875680888897,-14.070695790720409],[126.08887528790899,-14.07058189067308],[126.08908854954333,-14.070376832787808],[126.08923181891329,-14.070102290324035],[126.08923251754638,-14.070010449186405],[126.08928331193351,-14.06950539128838],[126.08945027662058,-14.06920801372915],[126.0896161450097,-14.069048534314142],[126.08980590669017,-14.068843281665318],[126.08983230574742,-14.068452900049053],[126.08983529924556,-14.068062325609185],[126.08965522864997,-14.066980983843884],[126.0896823251039,-14.06649876112617],[126.0897093147893,-14.066039476431275],[126.08968581772815,-14.066039282614346],[126.08973420943035,-14.065855896042656],[126.08987727663758,-14.065604289654804],[126.08997325643719,-14.065352296630392],[126.09011652018869,-14.06507775320438],[126.09030758144901,-14.064688725266507],[126.0904740377299,-14.064460339691806],[126.09061690571075,-14.064231671297879],[126.09083035635412,-14.064003673335863],[126.09087804930007,-14.063912126849283],[126.09097352499474,-14.063729126873145],[126.09097461916723,-14.063591229703356],[126.09092842773182,-14.0634759729394],[126.09090662884391,-14.063246039847163],[126.09090793183236,-14.063062264623166],[126.09088672616735,-14.062763429447397],[126.09098479544288,-14.062235820037817],[126.0910103861103,-14.061960307507075],[126.09103577932781,-14.061707733003654],[126.0911317532836,-14.061455828921092],[126.09122912442197,-14.061020059604008],[126.0912549116843,-14.06072152003558],[126.09128049952766,-14.06044609849513],[126.09132938903406,-14.060193715787337],[126.09137937009632,-14.059803526902432],[126.09138126428202,-14.059550848582584],[126.09138405390165,-14.05918321211674],[126.09138544820537,-14.058999437883825],[126.09138764494743,-14.058700793505805],[126.09146001811358,-14.058471544617415],[126.09160337798548,-14.058174060040562],[126.09162726919376,-14.058128286781702],[126.08922457728202,-14.055108640121404],[126.0890785346319,-14.05291521546877],[126.0889631614696,-14.05261560453989],[126.0887767080343,-14.052384318885126],[126.08875491117713,-14.052154385532198],[126.08878169833697,-14.05171812923241],[126.08878279135837,-14.051580232268133],[126.08880768231651,-14.051396651720246],[126.08892824187035,-14.051007043633748],[126.08897762918696,-14.050685757802704],[126.0890050079848,-14.050180506914518],[126.08884325032479,-14.049788579148027],[126.0886584957693,-14.049327643289109],[126.088424159982,-14.049210840483676],[126.08821142235178,-14.04934699808561],[126.08774026020869,-14.049435060600125],[126.08743514666001,-14.049340704883683],[126.0872486983848,-14.049109418894728],[126.08725179392728,-14.04869590643673],[126.08718361630066,-14.048373744462356],[126.08718811827207,-14.047776364934968],[126.08723710080514,-14.047524074788324],[126.08731158641723,-14.046996179641786],[126.08714923249582,-14.046696182229297],[126.08689181407948,-14.046510279921257],[126.08675255875028,-14.046256440561528],[126.08680484243772,-14.045567607971705],[126.08675955467677,-14.0453374823962],[126.08650283806575,-14.045059736879244],[126.08631589453589,-14.044897353956785],[126.08608186918103,-14.044734672821262],[126.08570548796597,-14.044731576774403],[126.08535249536354,-14.044751702463524],[126.08490523246132,-14.044794080729258],[126.08452764898409,-14.044951818326435],[126.0841500636118,-14.045109645841714],[126.08391383234704,-14.045245607007885],[126.08353554622002,-14.045495273691758],[126.08334650158156,-14.045608593946989],[126.0832754222809,-14.04567691724304],[126.08329751482285,-14.045860973480762],[126.08329390350877,-14.046343390037661],[126.08338526623405,-14.046711712860837],[126.08326499857326,-14.047055441667254],[126.08328438142306,-14.047606956104987],[126.08344632101762,-14.047975860046234],[126.08353848924015,-14.04822940262365],[126.08369933425055,-14.048736113181477],[126.0838852770779,-14.049036304804641],[126.0840930116571,-14.049566430071618],[126.08439512666772,-14.050051363168617],[126.08444061346533,-14.05025855142377],[126.08460236256181,-14.050650391050693],[126.0847414220792,-14.05092725755301],[126.08485659075633,-14.051249805572224],[126.08487947996501,-14.051341931700076],[126.08494916192069,-14.051457383404745],[126.08520339075552,-14.052056798211565],[126.08529565925,-14.05231025035501],[126.08538643555738,-14.052747564384637],[126.08554869030168,-14.05307050021865],[126.08580462525096,-14.053440176426491],[126.08594268545048,-14.053854850117695],[126.08610563901797,-14.054085944728877],[126.08633927989119,-14.05429459162205],[126.0865737128417,-14.05441139908128],[126.08657251228685,-14.0545722339574],[126.08657211670615,-14.054618199208242],[126.08666359452424,-14.054963582261761],[126.08666119453856,-14.05528516170635],[126.08672867708285,-14.05569925544622],[126.08672627620871,-14.05602092572318],[126.0867475697825,-14.056319762776864],[126.08674527501175,-14.056618404034905],[126.08676636966261,-14.056940269110312],[126.08676276844696,-14.057422774526923],[126.08676086880442,-14.057675450745071],[126.08675807085588,-14.058043087062575],[126.08680395686562,-14.058204219801937],[126.08680205728388,-14.058456987020943],[126.08639985783186,-14.058752425651562],[126.08609412731528,-14.058749908229236],[126.08581179862371,-14.058747672609819],[126.08562364316519,-14.058746122196327],[126.08524703895569,-14.058766049387366],[126.08503468627106,-14.058856236237219]]]},"properties":{"fmt_tenid":"M 80/59","type":"MINING LEASE","tenstatus":"LIVE","holder1":"ALCOA OF AUSTRALIA LTD","holder2":" ","legal_area":136,"unit_of_me":"HA.","_colour":"#f5a520","_label":"Mining Lease"}},{"type":"Feature","geometry":{"type":"Polygon","coordinates":[[[125.98459001626271,-14.02259803232317],[125.9844452857226,-14.023056346961711],[125.98444466303327,-14.023125243969968],[125.98441895701205,-14.023400723273438],[125.98451110122538,-14.023654189197892],[125.98483813620331,-14.023932614310688],[125.9852354151671,-14.024257609482396],[125.98553600946617,-14.024903436560749],[125.98553241207031,-14.02536287734301],[125.98545709511716,-14.025959594574841],[125.98524200260698,-14.026394277227304],[125.98498048141066,-14.026736628291035],[125.98464889676823,-14.027032500167538],[125.98450480811597,-14.027398889851526],[125.98447930961768,-14.027651342766662],[125.98461769920014,-14.027997136795141],[125.9846869968794,-14.028158567275646],[125.98470741952934,-14.028549310910556],[125.98470425787957,-14.028939850849298],[125.98470119022899,-14.029330301786997],[125.98465136644045,-14.029674566233185],[125.98476446441765,-14.030249878063906],[125.98504738520612,-14.030160295118659],[125.9852858576784,-14.02974884306019],[125.98535758104654,-14.029611565816394],[125.98547681723709,-14.029405794804607],[125.98571413514988,-14.02913213711434],[125.98590361573736,-14.028972936307952],[125.98632893925397,-14.0287238342647],[125.9865427636959,-14.02844997294399],[125.98666010259566,-14.028318501167151],[125.98759969041582,-14.02687371041393],[125.98768431644051,-14.026874401342962],[125.98791983271343,-14.026830461281543],[125.98810910325032,-14.026694192649181],[125.98834471249803,-14.026650252596815],[125.98855726756975,-14.026537121724516],[125.98886376604126,-14.026447825715278],[125.98924094802615,-14.026336108791208],[125.98954597187803,-14.026430660094665],[125.9897562038514,-14.026616146716156],[125.98989660177709,-14.026709284076523],[125.9901071552413,-14.026848898453295],[125.99027104653757,-14.026942145792269],[125.99064664246139,-14.027037212098],[125.99092870628459,-14.027062570759316],[125.9912807178429,-14.02715743414697],[125.9913037730009,-14.02722653510435],[125.9913956256079,-14.027503024926027],[125.99158121787752,-14.027826195299648],[125.99174458081968,-14.027988430610588],[125.99179145065821,-14.028011771389837],[125.99235516943038,-14.028108449555488],[125.99280080654871,-14.028273017340013],[125.99317525753115,-14.02850587648509],[125.99345574033109,-14.02873801908099],[125.99375983005429,-14.028947335502636],[125.99404095569322,-14.029087552999483],[125.9943931793336,-14.029159476075272],[125.99453452365523,-14.029137661297655],[125.99472390808734,-14.028978450263347],[125.99493813919896,-14.028658618129992],[125.99524704981177,-14.02827060355527],[125.99555586558549,-14.027882678054562],[125.99572175600439,-14.027723265261963],[125.99591187287452,-14.02747212840103],[125.99612483895602,-14.027313118414371],[125.99619520103542,-14.027336659055884],[125.99638215181488,-14.027499094043955],[125.99663958140214,-14.02766204265796],[125.99689659733663,-14.027870953216041],[125.99710651484604,-14.028102487967196],[125.99726947054671,-14.028310592953998],[125.99750235478353,-14.028611228467044],[125.99768889563951,-14.02881962527564],[125.9979933113792,-14.028982975463864],[125.99865192372344,-14.028988520871327],[125.9988891164593,-14.02873778390903],[125.99884256541019,-14.02866848224904],[125.9986783491907,-14.02862111218641],[125.99842071117071,-14.028481099724287],[125.9980690120132,-14.02834037473434],[125.9978583604355,-14.02820067497907],[125.99746093925128,-14.027898722311814],[125.99708701118897,-14.02759688045291],[125.99690099849033,-14.027319674581681],[125.99664503722522,-14.026972877061548],[125.99657678265227,-14.026673650572006],[125.9963922390654,-14.026212595698643],[125.99637168140094,-14.025844875992307],[125.99632838835322,-14.025362002441499],[125.99623632174296,-14.025108537967244],[125.99605093223701,-14.02476234402138],[125.99581752520614,-14.02453069824717],[125.9955835917817,-14.024367861432262],[125.99518471156539,-14.024249666317134],[125.99464460554279,-14.02413025985655],[125.99401074221775,-14.023987021884315],[125.99337719872746,-14.023797910032005],[125.9932126884444,-14.023773561818626],[125.99281266338694,-14.023793159601484],[125.99257641411863,-14.02392903042612],[125.99229235369462,-14.02415642127409],[125.99193740548108,-14.02442907830902],[125.99177151610321,-14.02458848771039],[125.99158298478903,-14.024632836434483],[125.99113597484022,-14.024652027322716],[125.99066643894915,-14.024533217623679],[125.99040922667916,-14.024347239185197],[125.99003437091741,-14.0241603402965],[125.98965983966859,-14.023927387068595],[125.98944896689825,-14.023833735782395],[125.98893392380546,-14.023530763484906],[125.98870032127833,-14.02332195661456],[125.98853537259333,-14.023366595445918],[125.98823141115425,-14.02313424737136],[125.98790363562625,-14.022947659433836],[125.98757576808592,-14.022761161442023],[125.98734172880891,-14.022621343277974],[125.98701460085499,-14.0223428302875],[125.98687408993881,-14.022272718930877],[125.98666312910936,-14.022179065370038],[125.98650009432068,-14.021970955366733],[125.98640857084251,-14.021648501653374],[125.98596357367404,-14.021415028634594],[125.98573133433493,-14.021045491336977],[125.98537903593162,-14.020973557089825],[125.98526054407536,-14.021087405298259],[125.98504631105318,-14.021407228484856],[125.98492507274771,-14.021865744693924],[125.98459001626271,-14.02259803232317]]]},"properties":{"fmt_tenid":"M 80/60","type":"MINING LEASE","tenstatus":"LIVE","holder1":"ALCOA OF AUSTRALIA LTD","holder2":" ","legal_area":93,"unit_of_me":"HA.","_colour":"#f5a520","_label":"Mining Lease"}}]}