{"type":"FeatureCollection","_source":"Multi-state Australian tenement registry","_holders":["BIG BELL GOLD OPERATIONS PTY LTD","KARORA (HIGGINSVILLE) PTY LTD","MURCHISON GOLD MINES PTY LTD","NEW MURCHISON GOLD LIMITED"],"_ticker":"WGX.AX","features":[{"type":"Feature","geometry":{"type":"Polygon","coordinates":[[[121.78002472937098,-31.800000011379986],[121.78002481153504,-31.80052075939141],[121.78002617479899,-31.81405912268841],[121.7833333289901,-31.814059629833316],[121.78333333426694,-31.804321221363736],[121.7827512703967,-31.804489020376405],[121.78191380993839,-31.802529700450236],[121.78333333365279,-31.802124955483364],[121.78333333420476,-31.80052295757061],[121.78333333305855,-31.799999999599123],[121.78002472937098,-31.800000011379986]]]},"properties":{"fmt_tenid":"E 15/1402","type":"EXPLORATION LICENCE","tenstatus":"LIVE","holder1":"KARORA (HIGGINSVILLE) PTY LTD","holder2":" ","legal_area":1,"unit_of_me":"BL.","_colour":"#a0c4f0","_label":"Exploration Licence"}},{"type":"Feature","geometry":{"type":"Polygon","coordinates":[[[121.68333333287526,-31.7333333325334],[121.6833333327086,-31.74999999986479],[121.70000000010909,-31.750000000482963],[121.70000000029738,-31.733333333379008],[121.68333333287526,-31.7333333325334]]]},"properties":{"fmt_tenid":"E 15/1512","type":"EXPLORATION LICENCE","tenstatus":"LIVE","holder1":"KARORA (HIGGINSVILLE) PTY LTD","holder2":" ","legal_area":1,"unit_of_me":"BL.","_colour":"#a0c4f0","_label":"Exploration Licence"}},{"type":"Feature","geometry":{"type":"MultiPolygon","coordinates":[[[[121.61666666662317,-31.511268028565],[121.6166666666774,-31.499999999508262],[121.60000000009164,-31.499999999659128],[121.597115799511,-31.500000000381156],[121.60711210971313,-31.512231989552536],[121.61404847025551,-31.508067970106406],[121.61666666662317,-31.511268028565]]],[[[121.58677696863448,-31.50000017845529],[121.58333333279603,-31.499999999571628],[121.58333333296827,-31.508439661447703],[121.58412635014459,-31.509410419677746],[121.59106453018116,-31.50524903970402],[121.58677696863448,-31.50000017845529]]]]},"properties":{"fmt_tenid":"E 15/1586","type":"EXPLORATION LICENCE","tenstatus":"LIVE","holder1":"KARORA (HIGGINSVILLE) PTY LTD","holder2":" ","legal_area":2,"unit_of_me":"BL.","_colour":"#a0c4f0","_label":"Exploration Licence"}},{"type":"Feature","geometry":{"type":"Polygon","coordinates":[[[121.61921305598085,-31.579360556405735],[121.6244500001226,-31.579033333318243],[121.6294811536839,-31.578718956518866],[121.62938550351302,-31.57841416345235],[121.62674797361656,-31.57000622199101],[121.61666666997905,-31.57000692464929],[121.61666667233844,-31.579519555005508],[121.61921305598085,-31.579360556405735]]]},"properties":{"fmt_tenid":"E 15/1613","type":"EXPLORATION LICENCE","tenstatus":"LIVE","holder1":"KARORA (HIGGINSVILLE) PTY LTD","holder2":" ","legal_area":1,"unit_of_me":"BL.","_colour":"#a0c4f0","_label":"Exploration Licence"}},{"type":"Feature","geometry":{"type":"Polygon","coordinates":[[[122.11666666727346,-31.63333333237629],[122.11666666740335,-31.61666666691603],[122.11666666667719,-31.59999999982281],[122.0999999998925,-31.60000000033451],[122.0833333328954,-31.60000000032378],[122.08333333322469,-31.61666666651615],[122.06666666760091,-31.616666667422948],[122.06666666763383,-31.633333331515548],[122.04999999968044,-31.63333333228417],[122.0500000003073,-31.616666666688644],[122.03333333259026,-31.61666666731916],[122.03333333324812,-31.633333332403016],[122.03333333313459,-31.64999999956692],[122.05000000023958,-31.649999999919444],[122.04999999998373,-31.666666666976063],[122.04999999991496,-31.683333333496247],[122.05000000042305,-31.700000000363207],[122.04999999974115,-31.716666667022178],[122.04999999961002,-31.73333333260701],[122.06666666765973,-31.73333333262468],[122.06666666766958,-31.71666666669811],[122.06666666830033,-31.700000000440888],[122.06666666765918,-31.683333332874124],[122.08333333264758,-31.683333333021938],[122.09999999969254,-31.68333333343867],[122.11666666689749,-31.683333333094534],[122.11666666748872,-31.66666666729046],[122.11666666710306,-31.64999999979878],[122.11666666727346,-31.63333333237629]]]},"properties":{"fmt_tenid":"E 15/1628","type":"EXPLORATION LICENCE","tenstatus":"LIVE","holder1":"KARORA (HIGGINSVILLE) PTY LTD","holder2":" ","legal_area":22,"unit_of_me":"BL.","_colour":"#a0c4f0","_label":"Exploration Licence"}},{"type":"Feature","geometry":{"type":"MultiPolygon","coordinates":[[[[121.79999999964949,-31.750954649970716],[121.8000000030083,-31.750000002526445],[121.80000000317801,-31.733333332491746],[121.79052942076818,-31.73333333344575],[121.7905081981052,-31.75097113498645],[121.79999999964949,-31.750954649970716]]],[[[121.76963058310983,-31.75124337823003],[121.76964692087239,-31.734956202203442],[121.76666666722969,-31.735958333324586],[121.76666666123285,-31.750000002866173],[121.7666666640942,-31.751324092564015],[121.76963058310983,-31.75124337823003]]]]},"properties":{"fmt_tenid":"E 15/1792","type":"EXPLORATION LICENCE","tenstatus":"LIVE","holder1":"KARORA (HIGGINSVILLE) PTY LTD","holder2":" ","legal_area":4,"unit_of_me":"BL.","_colour":"#a0c4f0","_label":"Exploration Licence"}},{"type":"Feature","geometry":{"type":"Polygon","coordinates":[[[122.00000000044336,-31.749999999546628],[121.9999999999939,-31.733333332920612],[121.98333333309581,-31.733333332997056],[121.98333333300285,-31.749999999671797],[122.00000000044336,-31.749999999546628]]]},"properties":{"fmt_tenid":"E 15/1793","type":"EXPLORATION LICENCE","tenstatus":"LIVE","holder1":"KARORA (HIGGINSVILLE) PTY LTD","holder2":" ","legal_area":1,"unit_of_me":"BL.","_colour":"#a0c4f0","_label":"Exploration Licence"}},{"type":"Feature","geometry":{"type":"Polygon","coordinates":[[[121.66998581291563,-31.846855065631747],[121.66999015274354,-31.841674228525534],[121.66999340163478,-31.837791292083416],[121.67000097754948,-31.828736430902534],[121.66962120927107,-31.819678829314363],[121.66935602160495,-31.810625967320295],[121.66936438722132,-31.801571333817797],[121.66666667078086,-31.801558565050033],[121.66666666735271,-31.816666666700247],[121.66666666739101,-31.833333332663212],[121.66666666655634,-31.85000000041845],[121.6666666669722,-31.86666666715947],[121.66666666708535,-31.883333332745433],[121.68333333297424,-31.883333333322607],[121.68333333254762,-31.86666666720935],[121.68333333334444,-31.85000000017611],[121.68333333313085,-31.833333332892675],[121.68333333655549,-31.818712123692116],[121.68235604181272,-31.818730623611586],[121.68238477706541,-31.81968395768716],[121.68275031739574,-31.828742911700118],[121.68274283454906,-31.83779722233409],[121.6827353422213,-31.846862322090047],[121.68229782242916,-31.87243235246555],[121.66993368382239,-31.872432489749137],[121.66998581291563,-31.846855065631747]]]},"properties":{"fmt_tenid":"E 15/1822","type":"EXPLORATION LICENCE","tenstatus":"LIVE","holder1":"KARORA (HIGGINSVILLE) PTY LTD","holder2":" ","legal_area":5,"unit_of_me":"BL.","_colour":"#a0c4f0","_label":"Exploration Licence"}},{"type":"Feature","geometry":{"type":"Polygon","coordinates":[[[121.91666666721767,-31.76666666736659],[121.91666666737481,-31.74999999976381],[121.9166666670248,-31.73333333296631],[121.89999999991107,-31.73333333340076],[121.89999999974505,-31.749999999933223],[121.90000000025849,-31.76666666727235],[121.91666666721767,-31.76666666736659]]]},"properties":{"fmt_tenid":"E 15/1850","type":"EXPLORATION LICENCE","tenstatus":"LIVE","holder1":"KARORA (HIGGINSVILLE) PTY LTD","holder2":" ","legal_area":2,"unit_of_me":"BL.","_colour":"#a0c4f0","_label":"Exploration Licence"}},{"type":"Feature","geometry":{"type":"Polygon","coordinates":[[[121.88333333299275,-31.749999999515733],[121.8833333333736,-31.733333332644815],[121.88333333348388,-31.716666666690777],[121.86666666732762,-31.71666666704413],[121.84999999982713,-31.716666666810287],[121.83333333257765,-31.716666667127257],[121.83333333296017,-31.733333333456535],[121.83333333314013,-31.75000000029969],[121.85000000026368,-31.749999999615518],[121.86666666743477,-31.749999999886494],[121.86666666698105,-31.766666667120287],[121.8666666665261,-31.783333333079035],[121.88333333314249,-31.783333332884332],[121.88333333323925,-31.76666666686431],[121.88333333299275,-31.749999999515733]]]},"properties":{"fmt_tenid":"E 15/1851","type":"EXPLORATION LICENCE","tenstatus":"LIVE","holder1":"KARORA (HIGGINSVILLE) PTY LTD","holder2":" ","legal_area":8,"unit_of_me":"BL.","_colour":"#a0c4f0","_label":"Exploration Licence"}},{"type":"Feature","geometry":{"type":"Polygon","coordinates":[[[121.86814321193087,-31.674752645632385],[121.86791295555152,-31.66691754415182],[121.86318704142187,-31.6668231379328],[121.86318869671881,-31.666666666874608],[121.8499999995463,-31.666666666686815],[121.8333333334916,-31.666666666761586],[121.83333333281159,-31.682041883262336],[121.83333333286426,-31.683333332582148],[121.84999999959902,-31.683333332893504],[121.86371374612182,-31.683333332509722],[121.86309119675329,-31.682041719106067],[121.86172171867942,-31.67920029982587],[121.86643373050948,-31.676052019135337],[121.86968017921534,-31.67960542108269],[121.87295044486946,-31.683333332805056],[121.87516336374132,-31.68333333294949],[121.86814321193087,-31.674752645632385]]]},"properties":{"fmt_tenid":"E 15/1860","type":"EXPLORATION LICENCE","tenstatus":"LIVE","holder1":"KARORA (HIGGINSVILLE) PTY LTD","holder2":" ","legal_area":3,"unit_of_me":"BL.","_colour":"#a0c4f0","_label":"Exploration Licence"}},{"type":"Feature","geometry":{"type":"Polygon","coordinates":[[[121.8333333334916,-31.666666666761586],[121.83333333347315,-31.650085375136467],[121.83324368542651,-31.650000000085033],[121.8166666671897,-31.650000000392758],[121.81666666555743,-31.66666666709076],[121.8333333334916,-31.666666666761586]]]},"properties":{"fmt_tenid":"E 15/1861","type":"EXPLORATION LICENCE","tenstatus":"LIVE","holder1":"KARORA (HIGGINSVILLE) PTY LTD","holder2":" ","legal_area":1,"unit_of_me":"BL.","_colour":"#a0c4f0","_label":"Exploration Licence"}},{"type":"Feature","geometry":{"type":"Polygon","coordinates":[[[121.8500000001364,-31.799999998786987],[121.84778814744803,-31.800000124723205],[121.83333333343116,-31.799999999753055],[121.83333333275807,-31.816666667062062],[121.84999999971805,-31.81666666720402],[121.85000000303684,-31.815376321164504],[121.8500000001364,-31.799999998786987]]]},"properties":{"fmt_tenid":"E 15/1863","type":"EXPLORATION LICENCE","tenstatus":"LIVE","holder1":"KARORA (HIGGINSVILLE) PTY LTD","holder2":" ","legal_area":1,"unit_of_me":"BL.","_colour":"#a0c4f0","_label":"Exploration Licence"}},{"type":"Feature","geometry":{"type":"Polygon","coordinates":[[[122.04999999985873,-31.85000000040801],[122.04999999967262,-31.83333333290666],[122.06666666775877,-31.833333332607157],[122.08333333270285,-31.833333332663415],[122.08333333300178,-31.81666666656713],[122.08333333296592,-31.800000000477674],[122.06666666831106,-31.800000000315624],[122.05000000000256,-31.800000000172787],[122.03333333300375,-31.800000000424927],[122.03333333270326,-31.81666666667641],[122.03333333267862,-31.833333333432282],[122.03333333285858,-31.850000000241387],[122.04999999985873,-31.85000000040801]]]},"properties":{"fmt_tenid":"E 15/1917","type":"EXPLORATION LICENCE","tenstatus":"LIVE","holder1":"KARORA (HIGGINSVILLE) PTY LTD","holder2":" ","legal_area":7,"unit_of_me":"BL.","_colour":"#a0c4f0","_label":"Exploration Licence"}},{"type":"Feature","geometry":{"type":"Polygon","coordinates":[[[122.15000000024708,-31.56666666736734],[122.13333333273172,-31.566666667187462],[122.13333333268109,-31.58333333320076],[122.11666666726107,-31.5833333325246],[122.11666666667719,-31.59999999982281],[122.11666666740335,-31.61666666691603],[122.11666666727346,-31.63333333237629],[122.11666666710306,-31.64999999979878],[122.11666666748872,-31.66666666729046],[122.11666666689749,-31.683333333094534],[122.11666666707649,-31.699999999669597],[122.11666666701034,-31.716666667447022],[122.13333333255314,-31.716666667030008],[122.13333333295121,-31.700000000009656],[122.14999999996533,-31.699999999703465],[122.16666666695696,-31.699999999809616],[122.16666666738861,-31.683333332626912],[122.16666666741546,-31.666666666691675],[122.16666666725457,-31.650000000332945],[122.16666666662323,-31.633333331798934],[122.16666666673596,-31.616666667260446],[122.18333333345473,-31.61666666704063],[122.18333333256614,-31.599999999878456],[122.16666666669042,-31.60000000013216],[122.16666666743296,-31.583333332555974],[122.14999999969979,-31.583333332686596],[122.15000000024708,-31.56666666736734]]]},"properties":{"fmt_tenid":"E 15/1952","type":"EXPLORATION LICENCE","tenstatus":"LIVE","holder1":"KARORA (HIGGINSVILLE) PTY LTD","holder2":" ","legal_area":24,"unit_of_me":"BL.","_colour":"#a0c4f0","_label":"Exploration Licence"}},{"type":"Feature","geometry":{"type":"MultiPolygon","coordinates":[[[[121.70175562515233,-31.732404138705178],[121.7037763617432,-31.73239973792804],[121.70380664297699,-31.71666685898492],[121.70000000072973,-31.71666666749928],[121.6920494468395,-31.71666693920407],[121.69236287474847,-31.724902502580886],[121.66923658103167,-31.724715101466302],[121.66954228178562,-31.728765682031536],[121.66670012665772,-31.728922047866504],[121.66666666663201,-31.728923886864642],[121.6570339024933,-31.729453363344568],[121.65712105353279,-31.733333333186653],[121.66666666651359,-31.733333332565905],[121.68333333287526,-31.7333333325334],[121.70000000029738,-31.733333333379008],[121.70000000010909,-31.750000000482963],[121.6999999996156,-31.76666666692909],[121.70122539411955,-31.766666667466268],[121.70132079350518,-31.75094836006885],[121.70175562515233,-31.732404138705178]]],[[[121.65363666901735,-31.716666853253006],[121.65267672210828,-31.716666814029356],[121.65310840505184,-31.722398339648688],[121.65365381844904,-31.72963897464742],[121.65363666901735,-31.716666853253006]]]]},"properties":{"fmt_tenid":"E 15/2035","type":"EXPLORATION LICENCE","tenstatus":"LIVE","holder1":"KARORA (HIGGINSVILLE) PTY LTD","holder2":" ","legal_area":6,"unit_of_me":"BL.","_colour":"#a0c4f0","_label":"Exploration Licence"}},{"type":"Feature","geometry":{"type":"MultiPolygon","coordinates":[[[[121.80574275757486,-31.78966745680513],[121.80586845301006,-31.785572743047734],[121.7936535303936,-31.785674923652667],[121.79373870040598,-31.786996809579836],[121.79691052039304,-31.786998829975705],[121.79691256011787,-31.80053203008314],[121.7969184896625,-31.814061150496965],[121.79691514032461,-31.835320679590367],[121.7860447499134,-31.835327720351945],[121.7666666680576,-31.835336925690594],[121.7666666670954,-31.849999999941947],[121.76666666736548,-31.866666666710014],[121.76666666671424,-31.8833333325962],[121.78333333349894,-31.883333333264847],[121.78333333333616,-31.899683576256358],[121.78333333311404,-31.89999999963895],[121.80000000018926,-31.899999999967424],[121.80000000036674,-31.89968169958876],[121.79999999960128,-31.883333332649595],[121.8000000002862,-31.86666666720084],[121.81283184433106,-31.866666666681002],[121.81283178507165,-31.849580194691423],[121.81666666697379,-31.84958015992415],[121.81666666729467,-31.83333333315524],[121.7999999999388,-31.833333332809733],[121.79999999956658,-31.81666666705388],[121.79999999982718,-31.800000000299068],[121.81666666704203,-31.79999999991665],[121.83333333343116,-31.799999999753055],[121.83333332991187,-31.785577798639373],[121.82378447840273,-31.785499970300954],[121.8237049424888,-31.789879119112413],[121.80574275757486,-31.78966745680513]]],[[[121.81653847433067,-31.866666667412137],[121.8166666667803,-31.86666666740283],[121.83333333309069,-31.866666667198963],[121.83333333259218,-31.865376415361187],[121.83333333349022,-31.85669068935113],[121.83333333270132,-31.850000000301684],[121.82393699652955,-31.850000000278886],[121.82393686246066,-31.85668736933673],[121.81812189842373,-31.856686004757197],[121.81654108980756,-31.856685590197817],[121.81653881189735,-31.865376538509274],[121.81653847433067,-31.866666667412137]]],[[[121.80145479132234,-31.733333420116224],[121.80145479132236,-31.73333334911628],[121.80000000017793,-31.733333333491746],[121.79999999964949,-31.750954649970716],[121.80145484035413,-31.750952124355607],[121.81857987003731,-31.750922390441698],[121.81860065951793,-31.75779395954923],[121.81898906463505,-31.770658066894395],[121.82455279540325,-31.770656592962208],[121.82570621445342,-31.765252868875987],[121.83333333321043,-31.765251733958507],[121.83333333314013,-31.75000000029969],[121.83333333296017,-31.733333333456535],[121.81666666657748,-31.73333333280434],[121.80145479132234,-31.733333420116224]]]]},"properties":{"fmt_tenid":"E 15/828","type":"EXPLORATION LICENCE","tenstatus":"LIVE","holder1":"KARORA (HIGGINSVILLE) PTY LTD","holder2":" ","legal_area":20,"unit_of_me":"BL.","_colour":"#a0c4f0","_label":"Exploration Licence"}},{"type":"Feature","geometry":{"type":"Polygon","coordinates":[[[117.400000000418,-27.799999999688584],[117.40000000040273,-27.783333332818597],[117.41666666712287,-27.78333333263238],[117.41666666717373,-27.76666666735442],[117.4333333326495,-27.766666667389647],[117.43333333251472,-27.750000000080245],[117.43333333270965,-27.733333332737242],[117.43333333285901,-27.716666667066843],[117.43333333307952,-27.700000000183895],[117.43333333306865,-27.683333332638316],[117.43333333270856,-27.666666666830647],[117.4166666674042,-27.666666667419122],[117.39999999966139,-27.666666666592775],[117.39999999995064,-27.683333332936584],[117.40000000030629,-27.700000000343106],[117.39999999973327,-27.716666666678137],[117.39999999980631,-27.733333333070664],[117.3833333325735,-27.733333333404303],[117.3833333331076,-27.749999999663178],[117.38333333293828,-27.76666666675836],[117.38333333277525,-27.783333333431095],[117.38333333305246,-27.800000000030156],[117.400000000418,-27.799999999688584]]]},"properties":{"fmt_tenid":"E 21/195","type":"EXPLORATION LICENCE","tenstatus":"LIVE","holder1":"MURCHISON GOLD MINES PTY LTD","holder2":"SPARTAN RESOURCES LIMITED","legal_area":17,"unit_of_me":"BL.","_colour":"#a0c4f0","_label":"Exploration Licence"}},{"type":"Feature","geometry":{"type":"Polygon","coordinates":[[[118.06666666432793,-27.61666666545048],[118.06666666724249,-27.60000000040174],[118.08333333334494,-27.600000000252113],[118.08333333343529,-27.58333333333884],[118.06666666674099,-27.583333332869305],[118.04999999975574,-27.583333332609076],[118.03333333318967,-27.583333332718823],[118.03333333268493,-27.60000000031227],[118.03333333730704,-27.616666665240267],[118.0499999998973,-27.6166666665229],[118.06666666432793,-27.61666666545048]],[[118.05278995316104,-27.605738154034132],[118.0544788484161,-27.60416819010105],[118.05598276979374,-27.605452000336125],[118.05741903441287,-27.60667800452586],[118.05573011827894,-27.608248132393552],[118.05304132123155,-27.605952746234806],[118.05278995316104,-27.605738154034132]]]},"properties":{"fmt_tenid":"E 21/197","type":"EXPLORATION LICENCE","tenstatus":"LIVE","holder1":"MURCHISON GOLD MINES PTY LTD","holder2":" ","legal_area":5,"unit_of_me":"BL.","_colour":"#a0c4f0","_label":"Exploration Licence"}},{"type":"Feature","geometry":{"type":"Polygon","coordinates":[[[118.65000000046034,-26.45000000016598],[118.65000000009094,-26.43333333341788],[118.6499999997467,-26.416666666543033],[118.64999999993631,-26.399999999663397],[118.6499999999593,-26.38333333304428],[118.65000000005,-26.366666666831083],[118.64999999998943,-26.350000000237856],[118.63333333274566,-26.35000000012989],[118.63333333323803,-26.366666667348657],[118.63333333283049,-26.38333333285576],[118.63333333281973,-26.39999999974451],[118.61666666724264,-26.400000000165512],[118.61666666742602,-26.416666666552203],[118.60000000032805,-26.41666666747987],[118.60000000019176,-26.433333333331987],[118.60228740225324,-26.433333332548933],[118.60230077551817,-26.42991033326063],[118.61036773483217,-26.42993567335179],[118.61035545474518,-26.43333333304469],[118.61666666670794,-26.433333333255852],[118.6166666674638,-26.44999999973202],[118.63333333320995,-26.449999999832546],[118.65000000046034,-26.45000000016598]]]},"properties":{"fmt_tenid":"E 51/1876","type":"EXPLORATION LICENCE","tenstatus":"LIVE","holder1":"BIG BELL GOLD OPERATIONS PTY LTD","holder2":" ","legal_area":10,"unit_of_me":"BL.","_colour":"#a0c4f0","_label":"Exploration Licence"}},{"type":"Feature","geometry":{"type":"Polygon","coordinates":[[[118.61666666742602,-26.416666666552203],[118.61666666724264,-26.400000000165512],[118.63333333281973,-26.39999999974451],[118.63333333283049,-26.38333333285576],[118.63333333323803,-26.366666667348657],[118.61666666745955,-26.36666666708886],[118.61666666747217,-26.383333333443733],[118.60000000020796,-26.3833333332532],[118.5999999997999,-26.399999999922677],[118.60000000032805,-26.41666666747987],[118.61666666742602,-26.416666666552203]]]},"properties":{"fmt_tenid":"E 51/1928","type":"EXPLORATION LICENCE","tenstatus":"LIVE","holder1":"BIG BELL GOLD OPERATIONS PTY LTD","holder2":" ","legal_area":4,"unit_of_me":"BL.","_colour":"#a0c4f0","_label":"Exploration Licence"}},{"type":"Feature","geometry":{"type":"Polygon","coordinates":[[[117.15000000043614,-27.88333333291554],[117.15000000028802,-27.866666667447028],[117.16666666661331,-27.866666666596053],[117.18333333252069,-27.866666666821573],[117.18333333305785,-27.849999999771796],[117.19999999987485,-27.849999999863787],[117.21666666724079,-27.849999999623666],[117.21666666731662,-27.833333333457453],[117.23333333308713,-27.833333333334263],[117.25000000022285,-27.833333332616345],[117.26666666724809,-27.833333322210997],[117.26666666744126,-27.81666666651539],[117.26666666661421,-27.799999999609827],[117.26666666680701,-27.783333332835742],[117.25000000001367,-27.783333333129118],[117.25000000006074,-27.79999999962943],[117.23333333336588,-27.80000000037257],[117.21666666694257,-27.799999999841408],[117.2166666670453,-27.783333333466093],[117.23333333322361,-27.783333332701286],[117.233333333231,-27.766666666913075],[117.2166666670186,-27.766666666593437],[117.19999999955705,-27.766666667167794],[117.20000000047136,-27.78333333333014],[117.18333333298024,-27.783333332939893],[117.18333333276757,-27.799999999786323],[117.1666666665175,-27.80000000033279],[117.16666666687803,-27.816666666925343],[117.15000000047628,-27.816666667264723],[117.13333333339087,-27.81666666727935],[117.13333333276155,-27.799999999873688],[117.11666666720822,-27.800000000425513],[117.11666666701016,-27.816666667487354],[117.10000000024858,-27.81666666670558],[117.0999999996346,-27.8333333334075],[117.0833333332009,-27.83333333258045],[117.08333333276016,-27.850000000303545],[117.08333333308819,-27.866666667296304],[117.066666667374,-27.866666666883823],[117.0666666673799,-27.883333333033626],[117.08333333301906,-27.88333333265555],[117.09999999950777,-27.88333333335139],[117.11666666691904,-27.883333333060655],[117.13333333344242,-27.883333333370086],[117.15000000043614,-27.88333333291554]]]},"properties":{"fmt_tenid":"E 59/1904","type":"EXPLORATION LICENCE","tenstatus":"LIVE","holder1":"MURCHISON GOLD MINES PTY LTD","holder2":"SPARTAN RESOURCES LIMITED","legal_area":41,"unit_of_me":"BL.","_colour":"#a0c4f0","_label":"Exploration Licence"}},{"type":"Feature","geometry":{"type":"MultiPolygon","coordinates":[[[[117.25000000013837,-27.916666666708053],[117.26666666737228,-27.916666667385204],[117.2666666668758,-27.900000000265543],[117.28333333290436,-27.900000000012373],[117.2999999997436,-27.90000000004663],[117.30000000039368,-27.883333333179614],[117.31666666728556,-27.883333333101678],[117.31666666745187,-27.866666666671716],[117.31666666659828,-27.849999999966744],[117.31666666732538,-27.83333333288633],[117.29999999997952,-27.833333333247417],[117.2999999998741,-27.850000000149382],[117.2999999996869,-27.86666666675029],[117.28333333333626,-27.866666666676217],[117.26666666671113,-27.86666666669974],[117.24999999959513,-27.86666666674891],[117.25000000030745,-27.849999999504206],[117.25000000022285,-27.833333332616345],[117.23333333308713,-27.833333333334263],[117.21666666731662,-27.833333333457453],[117.21666666724079,-27.849999999623666],[117.19999999987485,-27.849999999863787],[117.19999999956771,-27.866666666541292],[117.20000000042037,-27.883333332820868],[117.19999999984772,-27.900000000102853],[117.21666666684999,-27.89999999968308],[117.23333333334723,-27.899999999943798],[117.24999999981434,-27.899999999763267],[117.25000000013837,-27.916666666708053]]],[[[117.31666666732538,-27.83333333288633],[117.33333333336165,-27.833333333266193],[117.35000000011053,-27.83333333287488],[117.36666666677785,-27.8333333334745],[117.36666666744681,-27.81666666706829],[117.36666666708284,-27.800000000478175],[117.38333333305246,-27.800000000030156],[117.38333333277525,-27.783333333431095],[117.38333333293828,-27.76666666675836],[117.3666666673593,-27.766666666617365],[117.35000000005878,-27.76666666662317],[117.33333333330168,-27.76666666683083],[117.31666666744826,-27.766666667495535],[117.31666666745532,-27.783333332692298],[117.29999999988279,-27.783333332956804],[117.28333333255331,-27.78333333346525],[117.26666666680701,-27.783333332835742],[117.26666666661421,-27.799999999609827],[117.26666666744126,-27.81666666651539],[117.28333333297428,-27.816666666500282],[117.30000000000426,-27.81666666730127],[117.31666666665885,-27.816666667337987],[117.31666666732538,-27.83333333288633]]]]},"properties":{"fmt_tenid":"E 59/1906","type":"EXPLORATION LICENCE","tenstatus":"LIVE","holder1":"MURCHISON GOLD MINES PTY LTD","holder2":"SPARTAN RESOURCES LIMITED","legal_area":41,"unit_of_me":"BL.","_colour":"#a0c4f0","_label":"Exploration Licence"}},{"type":"Feature","geometry":{"type":"Polygon","coordinates":[[[121.74866694999324,-32.293272229618154],[121.74878066628999,-32.283333332776664],[121.73333333340038,-32.283333332500845],[121.71666666680225,-32.283333332671766],[121.71666666692828,-32.2999999995596],[121.71666666701074,-32.31666666692551],[121.7333333327689,-32.316666667395985],[121.73333333297087,-32.33333333279328],[121.73333333445146,-32.3391238309953],[121.73333333486791,-32.34999999952522],[121.7333333334592,-32.36666666718814],[121.73479565247429,-32.3666666673175],[121.73813220438176,-32.36666666661268],[121.7414683132905,-32.366666666907804],[121.74480442219921,-32.366666667202935],[121.74814075902249,-32.36666666675711],[121.75000000037711,-32.366666667258905],[121.74999999976032,-32.35800842391792],[121.75000000048185,-32.3500000002678],[121.74999999969798,-32.33333333343447],[121.75000000007871,-32.31666666737285],[121.7500000007381,-32.30720582523624],[121.74848536963607,-32.30912776950086],[121.74866694999324,-32.293272229618154]]]},"properties":{"fmt_tenid":"E 63/1763","type":"EXPLORATION LICENCE","tenstatus":"LIVE","holder1":"KARORA (HIGGINSVILLE) PTY LTD","holder2":" ","legal_area":7,"unit_of_me":"BL.","_colour":"#a0c4f0","_label":"Exploration Licence"}},{"type":"Feature","geometry":{"type":"MultiPolygon","coordinates":[[[[121.73333333279805,-32.49999999981943],[121.73333333329816,-32.51666666694068],[121.73333333252769,-32.533333333349766],[121.74999999985843,-32.533333332947414],[121.76666666659763,-32.533333332846325],[121.78333333325664,-32.53333333271778],[121.7833333342605,-32.521112006884515],[121.78243062948309,-32.521111605609406],[121.78054940661045,-32.52111075086805],[121.77915671678184,-32.52111010035787],[121.77945912039122,-32.49999999821939],[121.77353929623035,-32.50000000212441],[121.7666666672016,-32.49999999957743],[121.74999999971429,-32.50000000000662],[121.73333333279805,-32.49999999981943]]],[[[121.79797558263628,-32.4999999996781],[121.79671092962036,-32.504340349872855],[121.79311825737747,-32.51666666659311],[121.80000000009257,-32.51666666735484],[121.79999999983895,-32.4999999995926],[121.79797558263628,-32.4999999996781]]]]},"properties":{"fmt_tenid":"E 63/1876","type":"EXPLORATION LICENCE","tenstatus":"LIVE","holder1":"KARORA (HIGGINSVILLE) PTY LTD","holder2":" ","legal_area":7,"unit_of_me":"BL.","_colour":"#a0c4f0","_label":"Exploration Licence"}},{"type":"Feature","geometry":{"type":"Polygon","coordinates":[[[121.99999999952439,-32.06666666701877],[122.0000000002185,-32.083333333057155],[122.01666666721228,-32.08333333297726],[122.03333333323769,-32.08333333264542],[122.05000000036308,-32.08333333273113],[122.06666666712331,-32.08333333320171],[122.08333333328062,-32.08333333343826],[122.08333333289276,-32.07457678211387],[122.07619554950784,-32.074555660152775],[122.06461004038842,-32.06273179973162],[122.04126242997971,-32.06282839043357],[122.01666666685313,-32.06284638363373],[122.01666666701126,-32.06666666720032],[121.99999999952439,-32.06666666701877]]]},"properties":{"fmt_tenid":"E 63/1881","type":"EXPLORATION LICENCE","tenstatus":"LIVE","holder1":"KARORA (HIGGINSVILLE) PTY LTD","holder2":" ","legal_area":9,"unit_of_me":"BL.","_colour":"#a0c4f0","_label":"Exploration Licence"}},{"type":"Feature","geometry":{"type":"Polygon","coordinates":[[[121.73333333260396,-32.58333333313898],[121.74999999950288,-32.583333333221],[121.76666666655699,-32.583333332890064],[121.76666666687056,-32.56666666733449],[121.76666666674843,-32.5500000003431],[121.75000000024568,-32.55000000016311],[121.73333333315634,-32.54999999974085],[121.71666666678757,-32.55000000026823],[121.71666666687345,-32.56666666729391],[121.71666666684709,-32.58333333343578],[121.73333333260396,-32.58333333313898]]]},"properties":{"fmt_tenid":"E 63/1900","type":"EXPLORATION LICENCE","tenstatus":"LIVE","holder1":"KARORA (HIGGINSVILLE) PTY LTD","holder2":" ","legal_area":6,"unit_of_me":"BL.","_colour":"#a0c4f0","_label":"Exploration Licence"}},{"type":"Feature","geometry":{"type":"Polygon","coordinates":[[[121.73333333252769,-32.533333333349766],[121.73333333329816,-32.51666666694068],[121.73333333279805,-32.49999999981943],[121.71666666711599,-32.499999999937806],[121.71666666651157,-32.516666666551586],[121.71666666669668,-32.53333333333661],[121.73333333252769,-32.533333333349766]]]},"properties":{"fmt_tenid":"E 63/1901","type":"EXPLORATION LICENCE","tenstatus":"LIVE","holder1":"KARORA (HIGGINSVILLE) PTY LTD","holder2":" ","legal_area":2,"unit_of_me":"BL.","_colour":"#a0c4f0","_label":"Exploration Licence"}},{"type":"Feature","geometry":{"type":"Polygon","coordinates":[[[121.71666666667006,-31.983333332784902],[121.71666666694888,-31.96666666684209],[121.73333333258078,-31.966666667369687],[121.73333333305006,-31.95000000033968],[121.73333333259878,-31.93333333277352],[121.71666666693832,-31.933333332531397],[121.70000000023344,-31.93333333305871],[121.70000000048654,-31.949999999770814],[121.69999999976498,-31.966666667068285],[121.69999999955127,-31.98333333282133],[121.71666666667006,-31.983333332784902]]]},"properties":{"fmt_tenid":"E 63/2093","type":"EXPLORATION LICENCE","tenstatus":"LIVE","holder1":"KARORA (HIGGINSVILLE) PTY LTD","holder2":" ","legal_area":5,"unit_of_me":"BL.","_colour":"#a0c4f0","_label":"Exploration Licence"}},{"type":"Feature","geometry":{"type":"Polygon","coordinates":[[[121.8097551942349,-31.91666666665751],[121.79999999984965,-31.9166666669744],[121.80000000007473,-31.926523213299394],[121.80863825651444,-31.926778466503546],[121.8097551942349,-31.91666666665751]]]},"properties":{"fmt_tenid":"E 63/2094","type":"EXPLORATION LICENCE","tenstatus":"LIVE","holder1":"KARORA (HIGGINSVILLE) PTY LTD","holder2":" ","legal_area":1,"unit_of_me":"BL.","_colour":"#a0c4f0","_label":"Exploration Licence"}},{"type":"Feature","geometry":{"type":"Polygon","coordinates":[[[121.79200478703156,-31.9437436447196],[121.79256431992465,-31.933333332500723],[121.7833333326139,-31.933333332753143],[121.7833333331387,-31.943742260780297],[121.79200478703156,-31.9437436447196]]]},"properties":{"fmt_tenid":"E 63/2095","type":"EXPLORATION LICENCE","tenstatus":"LIVE","holder1":"KARORA (HIGGINSVILLE) PTY LTD","holder2":" ","legal_area":1,"unit_of_me":"BL.","_colour":"#a0c4f0","_label":"Exploration Licence"}},{"type":"Feature","geometry":{"type":"MultiPolygon","coordinates":[[[[121.75000000005082,-31.983333332796054],[121.73961665505787,-31.983333333358555],[121.75000000030379,-31.993270122928596],[121.75000000005082,-31.983333332796054]]],[[[121.74999999983915,-32.00000000000827],[121.74999999704809,-31.998761053261905],[121.74854696730905,-31.999999999872518],[121.74999999983915,-32.00000000000827]]]]},"properties":{"fmt_tenid":"E 63/2096","type":"EXPLORATION LICENCE","tenstatus":"LIVE","holder1":"KARORA (HIGGINSVILLE) PTY LTD","holder2":" ","legal_area":1,"unit_of_me":"BL.","_colour":"#a0c4f0","_label":"Exploration Licence"}},{"type":"Feature","geometry":{"type":"Polygon","coordinates":[[[122.06666666824508,-31.89999999985372],[122.06666666788901,-31.883333333154134],[122.05000000018609,-31.883333333131127],[122.03333333295576,-31.88333333327686],[122.01666666713861,-31.88333333282218],[122.0166666667481,-31.899999999551014],[122.03333333313469,-31.899999999635952],[122.03333333348908,-31.916666666675784],[122.03333333300291,-31.933333332815266],[122.03333333337683,-31.950000000093414],[122.03333333252037,-31.966666667202663],[122.04999999986556,-31.96666666707513],[122.05000000026372,-31.950000000083524],[122.04999999986009,-31.93333333302183],[122.05000000029659,-31.916666667246158],[122.0666666675165,-31.91666666672818],[122.06666666824508,-31.89999999985372]]]},"properties":{"fmt_tenid":"E 63/2178","type":"EXPLORATION LICENCE","tenstatus":"LIVE","holder1":"KARORA (HIGGINSVILLE) PTY LTD","holder2":" ","legal_area":8,"unit_of_me":"BL.","_colour":"#a0c4f0","_label":"Exploration Licence"}},{"type":"Feature","geometry":{"type":"Polygon","coordinates":[[[122.1333333332776,-32.00000000011018],[122.13333333327145,-31.983333332541754],[122.13333333295881,-31.966666667279583],[122.11666666705736,-31.966666666700544],[122.11666666692612,-31.983333332610673],[122.09999999963065,-31.9833333333049],[122.09999999996985,-31.99999999975735],[122.11666666668032,-31.999999999936687],[122.11666666680533,-32.01666666704669],[122.11666666653885,-32.03333333312644],[122.13333333298404,-32.03333333283204],[122.13333333252191,-32.050000000370716],[122.15000000044047,-32.049999999523905],[122.1500000001986,-32.033333333343094],[122.15000000033359,-32.01666666664868],[122.13333333276081,-32.016666666782655],[122.1333333332776,-32.00000000011018]]]},"properties":{"fmt_tenid":"E 63/2179","type":"EXPLORATION LICENCE","tenstatus":"LIVE","holder1":"KARORA (HIGGINSVILLE) PTY LTD","holder2":" ","legal_area":7,"unit_of_me":"BL.","_colour":"#a0c4f0","_label":"Exploration Licence"}},{"type":"Feature","geometry":{"type":"Polygon","coordinates":[[[122.1666666671938,-32.01666666705828],[122.15000000033359,-32.01666666664868],[122.1500000001986,-32.033333333343094],[122.15000000044047,-32.049999999523905],[122.14999999993462,-32.06666666652188],[122.16666666660853,-32.06666666721805],[122.16666666709287,-32.08333333341242],[122.18333333277259,-32.08333333257622],[122.18333333327621,-32.0666666674605],[122.18333333348612,-32.04999999979949],[122.18333333304768,-32.033333333407235],[122.16666666692528,-32.03333333257079],[122.1666666671938,-32.01666666705828]]]},"properties":{"fmt_tenid":"E 63/2180","type":"EXPLORATION LICENCE","tenstatus":"LIVE","holder1":"KARORA (HIGGINSVILLE) PTY LTD","holder2":" ","legal_area":6,"unit_of_me":"BL.","_colour":"#a0c4f0","_label":"Exploration Licence"}},{"type":"Feature","geometry":{"type":"Polygon","coordinates":[[[122.19999999966193,-32.033333332674516],[122.19999999990331,-32.01666666713659],[122.18333333312785,-32.016666667092245],[122.1666666671938,-32.01666666705828],[122.16666666692528,-32.03333333257079],[122.18333333304768,-32.033333333407235],[122.18333333348612,-32.04999999979949],[122.18333333327621,-32.0666666674605],[122.18333333277259,-32.08333333257622],[122.16666666709287,-32.08333333341242],[122.16666666738944,-32.09999999984796],[122.18333333317665,-32.10000000039373],[122.2000000002987,-32.10000000046686],[122.19999999988606,-32.08333333344352],[122.19999999956897,-32.066666666535085],[122.19999999989993,-32.050000000431595],[122.19999999966193,-32.033333332674516]]]},"properties":{"fmt_tenid":"E 63/2181","type":"EXPLORATION LICENCE","tenstatus":"LIVE","holder1":"KARORA (HIGGINSVILLE) PTY LTD","holder2":" ","legal_area":7,"unit_of_me":"BL.","_colour":"#a0c4f0","_label":"Exploration Licence"}},{"type":"Feature","geometry":{"type":"Polygon","coordinates":[[[121.86712571830233,-31.656691418581406],[121.86329461201666,-31.656659597310636],[121.86318704142187,-31.6668231379328],[121.86791295555152,-31.66691754415182],[121.86814321193087,-31.674752645632385],[121.90231731633898,-31.675122737108307],[121.90227574694178,-31.657580394106578],[121.89717082415747,-31.657587391701938],[121.89718858234859,-31.64988615470829],[121.8830639562632,-31.649871848914856],[121.86724516547977,-31.649837433803608],[121.86712571830233,-31.656691418581406]]]},"properties":{"fmt_tenid":"M 15/1132","type":"MINING LEASE","tenstatus":"LIVE","holder1":"KARORA (HIGGINSVILLE) PTY LTD","holder2":" ","legal_area":919.35,"unit_of_me":"HA.","_colour":"#f5a520","_label":"Mining Lease"}},{"type":"Feature","geometry":{"type":"Polygon","coordinates":[[[121.87713009012036,-31.685737250307607],[121.8796867466059,-31.686443151840955],[121.87912771093255,-31.68785636098036],[121.89671181620854,-31.687166092363807],[121.89692597662278,-31.698727177072932],[121.91036219961487,-31.698727890880235],[121.91033901200997,-31.657603626338403],[121.90227574694178,-31.657580394106578],[121.90231731633898,-31.675122737108307],[121.86814321193087,-31.674752645632385],[121.87713009012036,-31.685737250307607]]]},"properties":{"fmt_tenid":"M 15/1133","type":"MINING LEASE","tenstatus":"LIVE","holder1":"KARORA (HIGGINSVILLE) PTY LTD","holder2":" ","legal_area":792.1,"unit_of_me":"HA.","_colour":"#f5a520","_label":"Mining Lease"}},{"type":"Feature","geometry":{"type":"Polygon","coordinates":[[[121.91034774172334,-31.67309020967049],[121.91036218870677,-31.698708285912215],[121.91812091100257,-31.698708241935176],[121.92722950777717,-31.698708190590178],[121.92722946782347,-31.68724960469459],[121.93335702756451,-31.687249855297207],[121.93335693375634,-31.667678711959944],[121.92333923802087,-31.667678905881463],[121.92333927098177,-31.673090140513775],[121.91034774172334,-31.67309020967049]]]},"properties":{"fmt_tenid":"M 15/1134","type":"MINING LEASE","tenstatus":"LIVE","holder1":"KARORA (HIGGINSVILLE) PTY LTD","holder2":" ","legal_area":599.166,"unit_of_me":"HA.","_colour":"#f5a520","_label":"Mining Lease"}},{"type":"Feature","geometry":{"type":"Polygon","coordinates":[[[121.93335686654892,-31.66334962236543],[121.93335693375634,-31.667678711959944],[121.93335702756451,-31.687249855297207],[121.94653086729156,-31.687249396027173],[121.94653088506735,-31.6932919274427],[121.96477864914438,-31.693291528738232],[121.96477834608024,-31.663347329924694],[121.93335686654892,-31.66334962236543]]]},"properties":{"fmt_tenid":"M 15/1135","type":"MINING LEASE","tenstatus":"LIVE","holder1":"KARORA (HIGGINSVILLE) PTY LTD","holder2":" ","legal_area":905.002,"unit_of_me":"HA.","_colour":"#f5a520","_label":"Mining Lease"}},{"type":"Feature","geometry":{"type":"Polygon","coordinates":[[[121.73030456547248,-31.765968980464972],[121.72923118163486,-31.76596897721981],[121.72923265416455,-31.773226381073123],[121.72073885743814,-31.773225077172786],[121.71665423241708,-31.773224122106285],[121.716618636395,-31.78683059017024],[121.72073762147407,-31.78683170551607],[121.72923319638733,-31.786833391041785],[121.73772651878205,-31.786835452148964],[121.74999530934214,-31.78694217677485],[121.75000532371226,-31.766687580173173],[121.74088298074552,-31.766709200162087],[121.73331985694331,-31.766726666189665],[121.73332645519127,-31.76596882845484],[121.73030456547248,-31.765968980464972]]]},"properties":{"fmt_tenid":"M 15/1790","type":"MINING LEASE","tenstatus":"LIVE","holder1":"KARORA (HIGGINSVILLE) PTY LTD","holder2":" ","legal_area":622.95,"unit_of_me":"HA.","_colour":"#f5a520","_label":"Mining Lease"}},{"type":"Feature","geometry":{"type":"Polygon","coordinates":[[[121.80574275757486,-31.78966745680513],[121.8237049424888,-31.789879119112413],[121.82378447840273,-31.785499970300954],[121.8190680951389,-31.785461125581808],[121.80586845301006,-31.785572743047734],[121.80574275757486,-31.78966745680513]]]},"properties":{"fmt_tenid":"M 15/1873","type":"MINING LEASE","tenstatus":"LIVE","holder1":"KARORA (HIGGINSVILLE) PTY LTD","holder2":" ","legal_area":80.383,"unit_of_me":"HA.","_colour":"#f5a520","_label":"Mining Lease"}},{"type":"Feature","geometry":{"type":"Polygon","coordinates":[[[121.72633017632393,-31.727564737799018],[121.72756391438445,-31.727602592500006],[121.72753013674735,-31.729225814220282],[121.72748834886049,-31.73120954210375],[121.7298960288573,-31.731288550338256],[121.7299202878179,-31.72878782435671],[121.72993100758875,-31.727681237923193],[121.72885821240561,-31.727646589185962],[121.72888739285617,-31.72453903213299],[121.72780709673684,-31.724677779342883],[121.72634281081302,-31.72453442165979],[121.72633017632393,-31.727564737799018]]]},"properties":{"fmt_tenid":"M 15/225","type":"MINING LEASE","tenstatus":"LIVE","holder1":"KARORA (HIGGINSVILLE) PTY LTD","holder2":" ","legal_area":17.04,"unit_of_me":"HA.","_colour":"#f5a520","_label":"Mining Lease"}},{"type":"Feature","geometry":{"type":"Polygon","coordinates":[[[121.72850817237496,-31.739775293349542],[121.7243737010454,-31.73894689802788],[121.72379184997111,-31.741066471190226],[121.72321004376798,-31.74318577616964],[121.72734453209145,-31.74401355417024],[121.7279262454421,-31.741894864265483],[121.72850817237496,-31.739775293349542]]]},"properties":{"fmt_tenid":"M 15/231","type":"MINING LEASE","tenstatus":"LIVE","holder1":"KARORA (HIGGINSVILLE) PTY LTD","holder2":" ","legal_area":19.42,"unit_of_me":"HA.","_colour":"#f5a520","_label":"Mining Lease"}},{"type":"Feature","geometry":{"type":"Polygon","coordinates":[[[121.73027145254068,-31.72072326812624],[121.72775350749347,-31.72105974270857],[121.72779454644592,-31.723830435428223],[121.72780709673684,-31.724677779342883],[121.72888739285617,-31.72453903213299],[121.7303500377401,-31.72435115080791],[121.73027145254068,-31.72072326812624]]]},"properties":{"fmt_tenid":"M 15/289","type":"MINING LEASE","tenstatus":"LIVE","holder1":"KARORA (HIGGINSVILLE) PTY LTD","holder2":" ","legal_area":9.656,"unit_of_me":"HA.","_colour":"#f5a520","_label":"Mining Lease"}},{"type":"Feature","geometry":{"type":"Polygon","coordinates":[[[121.72234120612183,-31.74725161796816],[121.72246190129331,-31.75080823905749],[121.72396995238084,-31.750785125132513],[121.7250313300357,-31.75077035248234],[121.72496343896333,-31.74721508044511],[121.72390066724309,-31.747229873062185],[121.72234120612183,-31.74725161796816]]]},"properties":{"fmt_tenid":"M 15/31","type":"MINING LEASE","tenstatus":"LIVE","holder1":"KARORA (HIGGINSVILLE) PTY LTD","holder2":" ","legal_area":9.7125,"unit_of_me":"HA.","_colour":"#f5a520","_label":"Mining Lease"}},{"type":"Feature","geometry":{"type":"Polygon","coordinates":[[[121.72632548086952,-31.728787423366537],[121.72632365077459,-31.729222036568345],[121.72753013674735,-31.729225814220282],[121.72756391438445,-31.727602592500006],[121.72633017632393,-31.727564737799018],[121.72632548086952,-31.728787423366537]]]},"properties":{"fmt_tenid":"M 15/325","type":"MINING LEASE","tenstatus":"LIVE","holder1":"KARORA (HIGGINSVILLE) PTY LTD","holder2":" ","legal_area":2.103,"unit_of_me":"HA.","_colour":"#f5a520","_label":"Mining Lease"}},{"type":"Feature","geometry":{"type":"Polygon","coordinates":[[[121.728180888771,-31.765968960974256],[121.71225729414775,-31.7659676294856],[121.71225420706082,-31.77322294729261],[121.71665423241708,-31.773224122106285],[121.72073885743814,-31.773225077172786],[121.72923265416455,-31.773226381073123],[121.72923118163486,-31.76596897721981],[121.728180888771,-31.765968960974256]]]},"properties":{"fmt_tenid":"M 15/338","type":"MINING LEASE","tenstatus":"LIVE","holder1":"KARORA (HIGGINSVILLE) PTY LTD","holder2":" ","legal_area":129.45,"unit_of_me":"HA.","_colour":"#f5a520","_label":"Mining Lease"}},{"type":"Feature","geometry":{"type":"Polygon","coordinates":[[[121.74091997486485,-31.74964464360631],[121.74091919018318,-31.744874770947785],[121.74091792707289,-31.736040218254338],[121.74091738605257,-31.73233591829983],[121.74091695027894,-31.728783585384377],[121.7299202878179,-31.72878782435671],[121.7298960288573,-31.731288550338256],[121.72748834886049,-31.73120954210375],[121.72753013674735,-31.729225814220282],[121.72632365077459,-31.729222036568345],[121.72632548086952,-31.728787423366537],[121.72390691192186,-31.728786848045672],[121.71226775746105,-31.728778058309643],[121.71226688642925,-31.73240084546537],[121.71226601241824,-31.736034883627543],[121.71226361018692,-31.746012542156386],[121.71226338236703,-31.746959125497973],[121.71407021142689,-31.74711004262351],[121.71414445135034,-31.746936580518906],[121.71421146037757,-31.74723378659837],[121.71462426614205,-31.747165838360303],[121.71639817920213,-31.74687383225124],[121.71673768860562,-31.745878394681],[121.71647678690061,-31.745813426803544],[121.71620359971072,-31.743259787981717],[121.71609023162455,-31.742200036636962],[121.716080362477,-31.738375159704407],[121.71870861772122,-31.7383676244434],[121.71864744877172,-31.742173653269127],[121.72148140761573,-31.742169588763094],[121.72148279678973,-31.743818407314183],[121.72303589501477,-31.743817098466156],[121.72321004376798,-31.74318577616964],[121.72379184997111,-31.741066471190226],[121.7243737010454,-31.73894689802788],[121.72850817237496,-31.739775293349542],[121.7279262454421,-31.741894864265483],[121.72734453209145,-31.74401355417024],[121.72824486105702,-31.744191542726075],[121.72785589049191,-31.745946134426312],[121.72388094114672,-31.74534754348419],[121.72390066724309,-31.747229873062185],[121.72496343896333,-31.74721508044511],[121.72658614001055,-31.74719247650347],[121.72756374883463,-31.747178848936443],[121.7283559458821,-31.747167801477175],[121.73243332325241,-31.747300957164907],[121.73243174113718,-31.74964449870806],[121.74091997486485,-31.74964464360631]]]},"properties":{"fmt_tenid":"M 15/348","type":"MINING LEASE","tenstatus":"LIVE","holder1":"KARORA (HIGGINSVILLE) PTY LTD","holder2":" ","legal_area":494.75,"unit_of_me":"HA.","_colour":"#f5a520","_label":"Mining Lease"}},{"type":"Feature","geometry":{"type":"Polygon","coordinates":[[[121.72092902735133,-31.710533097927087],[121.72092967074803,-31.7214716842493],[121.7122695112251,-31.721471642201948],[121.71226775746105,-31.728778058309643],[121.72390691192186,-31.728786848045672],[121.72395325314156,-31.727497927372852],[121.72633017632393,-31.727564737799018],[121.72634281081302,-31.72453442165979],[121.72780709673684,-31.724677779342883],[121.72779454644592,-31.723830435428223],[121.72775350749347,-31.72105974270857],[121.73027145254068,-31.72072326812624],[121.7303500377401,-31.72435115080791],[121.72888739285617,-31.72453903213299],[121.72885821240561,-31.727646589185962],[121.72993100758875,-31.727681237923193],[121.7299202878179,-31.72878782435671],[121.74091695027894,-31.728783585384377],[121.74418545949145,-31.729079168266974],[121.74465118526253,-31.721443996725494],[121.73135442114737,-31.721448867740467],[121.73135063527282,-31.7105316716738],[121.72092902735133,-31.710533097927087]]]},"properties":{"fmt_tenid":"M 15/351","type":"MINING LEASE","tenstatus":"LIVE","holder1":"KARORA (HIGGINSVILLE) PTY LTD","holder2":" ","legal_area":342.55,"unit_of_me":"HA.","_colour":"#f5a520","_label":"Mining Lease"}},{"type":"Feature","geometry":{"type":"Polygon","coordinates":[[[121.72148140761573,-31.742169588763094],[121.71864744877172,-31.742173653269127],[121.71609023162455,-31.742200036636962],[121.71853604599687,-31.742809263557852],[121.71892273011133,-31.74642280264279],[121.71918363681064,-31.746487782517434],[121.71905116510032,-31.74736954990723],[121.71896194829782,-31.747963393171013],[121.71870774787082,-31.74965534092763],[121.71556682071349,-31.749310762672945],[121.7154385319531,-31.74968679989555],[121.71804982183309,-31.75050320063111],[121.71804821189247,-31.750845278757144],[121.7197243917709,-31.750871405745656],[121.72090024027621,-31.750843042019735],[121.71988045821043,-31.748185583713056],[121.71967818933288,-31.747288409516592],[121.7214842511547,-31.747263102466142],[121.72148279678973,-31.743818407314183],[121.72148140761573,-31.742169588763094]]]},"properties":{"fmt_tenid":"M 15/352","type":"MINING LEASE","tenstatus":"LIVE","holder1":"KARORA (HIGGINSVILLE) PTY LTD","holder2":" ","legal_area":23.3,"unit_of_me":"HA.","_colour":"#f5a520","_label":"Mining Lease"}},{"type":"Feature","geometry":{"type":"Polygon","coordinates":[[[121.73243174113718,-31.74964449870806],[121.73243332325241,-31.747300957164907],[121.7283559458821,-31.747167801477175],[121.72756374883463,-31.747178848936443],[121.72658614001055,-31.74719247650347],[121.72496343896333,-31.74721508044511],[121.7250313300357,-31.75077035248234],[121.72697711657104,-31.7507432452911],[121.72700814054501,-31.75237024073594],[121.72818187102511,-31.752362721003074],[121.72818152226137,-31.75689833007746],[121.72818133121426,-31.7596195901465],[121.72074657637204,-31.75962678617481],[121.71226198762758,-31.759625445169746],[121.71226451639488,-31.75236889744908],[121.71311013631126,-31.748958455802356],[121.7132592842439,-31.74900509074628],[121.71407021142689,-31.74711004262351],[121.71226338236703,-31.746959125497973],[121.71018953647868,-31.746935676560017],[121.71014326216518,-31.750933297926355],[121.70996923807967,-31.76596727135582],[121.71225729414775,-31.7659676294856],[121.728180888771,-31.765968960974256],[121.72923118163486,-31.76596897721981],[121.73030456547248,-31.765968980464972],[121.73332645519127,-31.76596882845484],[121.73720720197747,-31.765968582873437],[121.74092136794454,-31.76596823840286],[121.74092032789137,-31.75689852866353],[121.74091997486485,-31.74964464360631],[121.73243174113718,-31.74964449870806]]]},"properties":{"fmt_tenid":"M 15/375","type":"MINING LEASE","tenstatus":"LIVE","holder1":"KARORA (HIGGINSVILLE) PTY LTD","holder2":" ","legal_area":397.4,"unit_of_me":"HA.","_colour":"#f5a520","_label":"Mining Lease"}},{"type":"Feature","geometry":{"type":"Polygon","coordinates":[[[121.78129053559084,-31.758309009824263],[121.7800227136818,-31.786987958752817],[121.78846923268422,-31.786993498822586],[121.79373870140597,-31.786996809579836],[121.7936535303936,-31.785674923652667],[121.7928204494432,-31.772577040400513],[121.8190592974977,-31.772984232861347],[121.81898906463505,-31.770658066894395],[121.81860065651784,-31.757793962549254],[121.78129053559084,-31.758309009824263]]]},"properties":{"fmt_tenid":"M 15/506","type":"MINING LEASE","tenstatus":"LIVE","holder1":"KARORA (HIGGINSVILLE) PTY LTD","holder2":" ","legal_area":778.95,"unit_of_me":"HA.","_colour":"#f5a520","_label":"Mining Lease"}},{"type":"Feature","geometry":{"type":"Polygon","coordinates":[[[121.7928204494432,-31.772577040400513],[121.7936535303936,-31.785674923652667],[121.80586845301006,-31.785572743047734],[121.8190680951389,-31.785461125581808],[121.8190592974977,-31.772984232861347],[121.7928204494432,-31.772577040400513]]]},"properties":{"fmt_tenid":"M 15/507","type":"MINING LEASE","tenstatus":"LIVE","holder1":"KARORA (HIGGINSVILLE) PTY LTD","holder2":" ","legal_area":346.85,"unit_of_me":"HA.","_colour":"#f5a520","_label":"Mining Lease"}},{"type":"Feature","geometry":{"type":"Polygon","coordinates":[[[121.71853604599687,-31.742809263557852],[121.71609023162455,-31.742200036636962],[121.71620359971072,-31.743259787981717],[121.71647678690061,-31.745813426803544],[121.71673768860562,-31.745878394681],[121.71639817920213,-31.74687383225124],[121.71556682071349,-31.749310762672945],[121.71870774787082,-31.74965534092763],[121.71896194829782,-31.747963393171013],[121.71905116510032,-31.74736954990723],[121.71918363681064,-31.746487782517434],[121.71892273011133,-31.74642280264279],[121.71853604599687,-31.742809263557852]]]},"properties":{"fmt_tenid":"M 15/512","type":"MINING LEASE","tenstatus":"LIVE","holder1":"KARORA (HIGGINSVILLE) PTY LTD","holder2":" ","legal_area":19.135,"unit_of_me":"HA.","_colour":"#f5a520","_label":"Mining Lease"}},{"type":"Feature","geometry":{"type":"Polygon","coordinates":[[[121.71870861772122,-31.7383676244434],[121.716080362477,-31.738375159704407],[121.71609023162455,-31.742200036636962],[121.71864744877172,-31.742173653269127],[121.71870861772122,-31.7383676244434]]]},"properties":{"fmt_tenid":"M 15/528","type":"MINING LEASE","tenstatus":"LIVE","holder1":"KARORA (HIGGINSVILLE) PTY LTD","holder2":" ","legal_area":10.395,"unit_of_me":"HA.","_colour":"#f5a520","_label":"Mining Lease"}},{"type":"Feature","geometry":{"type":"Polygon","coordinates":[[[121.75566985954305,-31.751623551656863],[121.75467910477967,-31.786982589756864],[121.7631264080404,-31.786983139408456],[121.77157708836151,-31.786983128489776],[121.7800227136818,-31.786987958752817],[121.78129053559084,-31.758309009824263],[121.78161644059207,-31.75091578004967],[121.76963057610989,-31.75124338123006],[121.75566985954305,-31.751623551656863]]]},"properties":{"fmt_tenid":"M 15/580","type":"MINING LEASE","tenstatus":"LIVE","holder1":"KARORA (HIGGINSVILLE) PTY LTD","holder2":" ","legal_area":961.65,"unit_of_me":"HA.","_colour":"#f5a520","_label":"Mining Lease"}},{"type":"Feature","geometry":{"type":"Polygon","coordinates":[[[121.75467910477967,-31.786982589756864],[121.75467950032377,-31.800515506887425],[121.7546814858503,-31.814044092637868],[121.76313209186668,-31.81404355493451],[121.77158271213378,-31.81405726870056],[121.78002617479899,-31.81405912268841],[121.78002481153504,-31.80052075939141],[121.77157911019758,-31.800515590902442],[121.76312577353977,-31.800515172311066],[121.7631264080404,-31.786983139408456],[121.75467910477967,-31.786982589756864]]]},"properties":{"fmt_tenid":"M 15/581","type":"MINING LEASE","tenstatus":"LIVE","holder1":"KARORA (HIGGINSVILLE) PTY LTD","holder2":" ","legal_area":480.1,"unit_of_me":"HA.","_colour":"#f5a520","_label":"Mining Lease"}},{"type":"Feature","geometry":{"type":"Polygon","coordinates":[[[121.82570621445342,-31.765252868875987],[121.82455279540325,-31.770656592962208],[121.81898906463505,-31.770658066894395],[121.8190592974977,-31.772984232861347],[121.8190680951389,-31.785461125581808],[121.82378447840273,-31.785499970300954],[121.83742999427056,-31.78561118979193],[121.83723720820608,-31.790519893513885],[121.843936568396,-31.796014493681234],[121.85000779574888,-31.790995135676113],[121.852644865201,-31.78881470032187],[121.85000786560651,-31.786569521657412],[121.84127650825346,-31.779134348966057],[121.8441619317948,-31.76525012217857],[121.82570621445342,-31.765252868875987]]]},"properties":{"fmt_tenid":"M 15/597","type":"MINING LEASE","tenstatus":"LIVE","holder1":"KARORA (HIGGINSVILLE) PTY LTD","holder2":" ","legal_area":595.4,"unit_of_me":"HA.","_colour":"#f5a520","_label":"Mining Lease"}},{"type":"Feature","geometry":{"type":"Polygon","coordinates":[[[121.71226198762758,-31.759625445169746],[121.72074657637204,-31.75962678617481],[121.72818133121426,-31.7596195901465],[121.72818152226137,-31.75689833007746],[121.72818187102511,-31.752362721003074],[121.72700814054501,-31.75237024073594],[121.72697711657104,-31.7507432452911],[121.7250313300357,-31.75077035248234],[121.72396995238084,-31.750785125132513],[121.72246190129331,-31.75080823905749],[121.72239230019933,-31.74879095944128],[121.72239123519788,-31.748760097431806],[121.72234120612183,-31.74725161796816],[121.72390066724309,-31.747229873062185],[121.72388094114672,-31.74534754348419],[121.72386489506734,-31.743816392013553],[121.72303589501477,-31.743817098466156],[121.72148279678973,-31.743818407314183],[121.7214842511547,-31.747263102466142],[121.71967818933288,-31.747288409516592],[121.71988045821043,-31.748185583713056],[121.72090024027621,-31.750843042019735],[121.7197243917709,-31.750871405745656],[121.71804821189247,-31.750845278757144],[121.71804982183309,-31.75050320063111],[121.7154385319531,-31.74968679989555],[121.71556682071349,-31.749310762672945],[121.71639817920213,-31.74687383225124],[121.71462426614205,-31.747165838360303],[121.71421146037757,-31.74723378659837],[121.71414445135034,-31.746936580518906],[121.71407021142689,-31.74711004262351],[121.7132592842439,-31.74900509074628],[121.71311013631126,-31.748958455802356],[121.71226451639488,-31.75236889744908],[121.71226198762758,-31.759625445169746]]]},"properties":{"fmt_tenid":"M 15/610","type":"MINING LEASE","tenstatus":"LIVE","holder1":"KARORA (HIGGINSVILLE) PTY LTD","holder2":" ","legal_area":173.65,"unit_of_me":"HA.","_colour":"#f5a520","_label":"Mining Lease"}},{"type":"Feature","geometry":{"type":"Polygon","coordinates":[[[121.77245623523756,-31.732859181336625],[121.77292544740602,-31.73385355704954],[121.7696469198724,-31.73495619920347],[121.76963057610989,-31.75124338123006],[121.78161644059207,-31.75091578004967],[121.78129053559084,-31.758309009824263],[121.81860065651784,-31.757793962549254],[121.8185798670372,-31.75092238944172],[121.79050819010531,-31.750971130986443],[121.79052989690251,-31.732934468139426],[121.77245623523756,-31.732859181336625]]]},"properties":{"fmt_tenid":"M 15/616","type":"MINING LEASE","tenstatus":"LIVE","holder1":"KARORA (HIGGINSVILLE) PTY LTD","holder2":" ","legal_area":666.95,"unit_of_me":"HA.","_colour":"#f5a520","_label":"Mining Lease"}},{"type":"Feature","geometry":{"type":"Polygon","coordinates":[[[121.77157708836151,-31.786983128489776],[121.77157911019758,-31.800515590902442],[121.78002481153504,-31.80052075939141],[121.7800227136818,-31.786987958752817],[121.77157708836151,-31.786983128489776]]]},"properties":{"fmt_tenid":"M 15/620","type":"MINING LEASE","tenstatus":"LIVE","holder1":"KARORA (HIGGINSVILLE) PTY LTD","holder2":" ","legal_area":119.95,"unit_of_me":"HA.","_colour":"#f5a520","_label":"Mining Lease"}},{"type":"Feature","geometry":{"type":"Polygon","coordinates":[[[121.7631264080404,-31.786983139408456],[121.76312577353977,-31.800515172311066],[121.77157911019758,-31.800515590902442],[121.77157708836151,-31.786983128489776],[121.7631264080404,-31.786983139408456]]]},"properties":{"fmt_tenid":"M 15/629","type":"MINING LEASE","tenstatus":"LIVE","holder1":"KARORA (HIGGINSVILLE) PTY LTD","holder2":" ","legal_area":120.1,"unit_of_me":"HA.","_colour":"#f5a520","_label":"Mining Lease"}},{"type":"Feature","geometry":{"type":"Polygon","coordinates":[[[121.73772651878205,-31.786835452148964],[121.73773512308063,-31.795025718409725],[121.73773572725464,-31.800437455134727],[121.72923373253319,-31.80043744808721],[121.72073638197553,-31.8004371339912],[121.71224327077728,-31.800436252319713],[121.71223779465889,-31.814041831282314],[121.720735138372,-31.814043101539546],[121.7292331993846,-31.814044276907524],[121.73773054195557,-31.814044892356712],[121.746230423979,-31.81404494702764],[121.7546814858503,-31.814044092637868],[121.75467950032377,-31.800515506887425],[121.75467910477967,-31.786982589756864],[121.74999530934214,-31.78694217677485],[121.73772651878205,-31.786835452148964]]]},"properties":{"fmt_tenid":"M 15/639","type":"MINING LEASE","tenstatus":"LIVE","holder1":"KARORA (HIGGINSVILLE) PTY LTD","holder2":" ","legal_area":847,"unit_of_me":"HA.","_colour":"#f5a520","_label":"Mining Lease"}},{"type":"Feature","geometry":{"type":"Polygon","coordinates":[[[121.70375200671128,-31.78682696756118],[121.70110323163925,-31.78678554259804],[121.70138814405841,-31.818368993972758],[121.7122362131184,-31.817969541861174],[121.71223779465889,-31.814041831282314],[121.71224327077728,-31.800436252319713],[121.72073638197553,-31.8004371339912],[121.72923373253319,-31.80043744808721],[121.73773572725464,-31.800437455134727],[121.73773512308063,-31.795025718409725],[121.73772651878205,-31.786835452148964],[121.72923319638733,-31.786833391041785],[121.72073762147407,-31.78683170551607],[121.71224874385949,-31.78682926127686],[121.70375200671128,-31.78682696756118]]]},"properties":{"fmt_tenid":"M 15/640","type":"MINING LEASE","tenstatus":"LIVE","holder1":"KARORA (HIGGINSVILLE) PTY LTD","holder2":" ","legal_area":726.1,"unit_of_me":"HA.","_colour":"#f5a520","_label":"Mining Lease"}},{"type":"Feature","geometry":{"type":"Polygon","coordinates":[[[121.7040829848647,-31.698752518687403],[121.70386553770734,-31.705605578670877],[121.71323431631089,-31.705605825123968],[121.7132182176011,-31.716451226788813],[121.70380706152432,-31.716448834884407],[121.7037763617432,-31.73239973792804],[121.70175562515233,-31.732404138705178],[121.70132079350518,-31.75094836006885],[121.71014326216518,-31.750933297926355],[121.71018953647868,-31.746935676560017],[121.71226338236703,-31.746959125497973],[121.71226361018692,-31.746012542156386],[121.71226601241824,-31.736034883627543],[121.71226688642925,-31.73240084546537],[121.71226775746105,-31.728778058309643],[121.7122695112251,-31.721471642201948],[121.72092967074803,-31.7214716842493],[121.72092902735133,-31.710533097927087],[121.73135063527282,-31.7105316716738],[121.73135442114737,-31.721448867740467],[121.74465118526253,-31.721443996725494],[121.7345367608836,-31.69875556443551],[121.73423503082871,-31.698078546403398],[121.7040829848647,-31.698752518687403]]]},"properties":{"fmt_tenid":"M 15/642","type":"MINING LEASE","tenstatus":"LIVE","holder1":"KARORA (HIGGINSVILLE) PTY LTD","holder2":" ","legal_area":934.4,"unit_of_me":"HA.","_colour":"#f5a520","_label":"Mining Lease"}},{"type":"Feature","geometry":{"type":"Polygon","coordinates":[[[121.7345367608836,-31.69875556443551],[121.74465118526253,-31.721443996725494],[121.74964133411089,-31.732390177875946],[121.75331528225539,-31.740447416273703],[121.75843846955286,-31.738725130815688],[121.7696469198724,-31.73495619920347],[121.77292544740602,-31.73385355704954],[121.77245623523756,-31.732859181336625],[121.76627481048946,-31.71975938410478],[121.75634564345395,-31.698708935727442],[121.7345367608836,-31.69875556443551]],[[121.75471960014823,-31.726421014354607],[121.75474810477198,-31.723696056456927],[121.75348320143655,-31.72362163483955],[121.75350146607872,-31.721162342283133],[121.75241999584937,-31.72144901153466],[121.75223682562586,-31.719002470017788],[121.75505892764987,-31.718379604376373],[121.75527860180678,-31.720691243876207],[121.75417488259757,-31.720983830127956],[121.75664126730881,-31.721189029399973],[121.75673968075428,-31.72386131684314],[121.75790281703028,-31.723726746530257],[121.75792404822236,-31.726418868346002],[121.75471960014823,-31.726421014354607]]]},"properties":{"fmt_tenid":"M 15/665","type":"MINING LEASE","tenstatus":"LIVE","holder1":"KARORA (HIGGINSVILLE) PTY LTD","holder2":" ","legal_area":875.25,"unit_of_me":"HA.","_colour":"#f5a520","_label":"Mining Lease"}},{"type":"Feature","geometry":{"type":"Polygon","coordinates":[[[121.65802997150891,-31.774105492052406],[121.6582735972938,-31.786004312832013],[121.65830782562541,-31.787675727931152],[121.65853080494615,-31.799083179041563],[121.65846580678887,-31.800993708162547],[121.65846565652315,-31.801519394885755],[121.66936438822133,-31.801571333817797],[121.6821184244986,-31.80157836877941],[121.68193917729067,-31.792516960526324],[121.68136357227006,-31.773210308730295],[121.67827548763596,-31.77320848990883],[121.6662929569404,-31.774095123472026],[121.65802997150891,-31.774105492052406]]]},"properties":{"fmt_tenid":"M 15/680","type":"MINING LEASE","tenstatus":"LIVE","holder1":"KARORA (HIGGINSVILLE) PTY LTD","holder2":" ","legal_area":685.85,"unit_of_me":"HA.","_colour":"#f5a520","_label":"Mining Lease"}},{"type":"Feature","geometry":{"type":"Polygon","coordinates":[[[121.66936438822133,-31.801571333817797],[121.66935602160495,-31.810625967320295],[121.66962120827108,-31.819678829314363],[121.67000097754948,-31.828736430902534],[121.66999340163478,-31.837791292083416],[121.66999015274354,-31.841674228525534],[121.66998581291563,-31.846855065631747],[121.66993368382239,-31.872432489749137],[121.68229782242916,-31.87243235246555],[121.6827353422213,-31.846862322090047],[121.68274283354907,-31.83779722233409],[121.68275031739574,-31.828742911700118],[121.6823847780654,-31.819683957687158],[121.68235604181272,-31.818730623611586],[121.68211197978077,-31.810632907775183],[121.6821184244986,-31.80157836877941],[121.66936438822133,-31.801571333817797]]]},"properties":{"fmt_tenid":"M 15/681","type":"MINING LEASE","tenstatus":"LIVE","holder1":"KARORA (HIGGINSVILLE) PTY LTD","holder2":" ","legal_area":943.35,"unit_of_me":"HA.","_colour":"#f5a520","_label":"Mining Lease"}},{"type":"Feature","geometry":{"type":"Polygon","coordinates":[[[121.68619492710826,-31.67164765092281],[121.68603428872164,-31.697203837133127],[121.71749278315016,-31.698135202911335],[121.71759386792384,-31.69445105705032],[121.71789795597407,-31.69389324400117],[121.71789803017437,-31.6886928050713],[121.71812175105728,-31.688638150033377],[121.71812176203241,-31.671413744129598],[121.68619492710826,-31.67164765092281]]]},"properties":{"fmt_tenid":"M 15/682","type":"MINING LEASE","tenstatus":"LIVE","holder1":"KARORA (HIGGINSVILLE) PTY LTD","holder2":" ","legal_area":876.3,"unit_of_me":"HA.","_colour":"#f5a520","_label":"Mining Lease"}},{"type":"Feature","geometry":{"type":"Polygon","coordinates":[[[121.68605922348358,-31.64814914222034],[121.68619492710826,-31.67164765092281],[121.71812176203241,-31.671413744129598],[121.71788737997912,-31.648122227788985],[121.68605922348358,-31.64814914222034]]]},"properties":{"fmt_tenid":"M 15/683","type":"MINING LEASE","tenstatus":"LIVE","holder1":"KARORA (HIGGINSVILLE) PTY LTD","holder2":" ","legal_area":784.35,"unit_of_me":"HA.","_colour":"#f5a520","_label":"Mining Lease"}},{"type":"Feature","geometry":{"type":"Polygon","coordinates":[[[121.68607511475074,-31.624316575193674],[121.68605922348358,-31.64814914222034],[121.71788737997912,-31.648122227788985],[121.71792258079579,-31.62426211920367],[121.68607511475074,-31.624316575193674]]]},"properties":{"fmt_tenid":"M 15/684","type":"MINING LEASE","tenstatus":"LIVE","holder1":"KARORA (HIGGINSVILLE) PTY LTD","holder2":" ","legal_area":798.65,"unit_of_me":"HA.","_colour":"#f5a520","_label":"Mining Lease"}},{"type":"Feature","geometry":{"type":"Polygon","coordinates":[[[121.68600176044895,-31.581345728309085],[121.68604551193904,-31.606953512605084],[121.68607511475074,-31.624316575193674],[121.71792258079579,-31.62426211920367],[121.71789247028308,-31.617099829977374],[121.70023066198269,-31.5973026132726],[121.68857314095314,-31.584229831633277],[121.68600176044895,-31.581345728309085]]]},"properties":{"fmt_tenid":"M 15/685","type":"MINING LEASE","tenstatus":"LIVE","holder1":"KARORA (HIGGINSVILLE) PTY LTD","holder2":" ","legal_area":839.55,"unit_of_me":"HA.","_colour":"#f5a520","_label":"Mining Lease"}},{"type":"Feature","geometry":{"type":"Polygon","coordinates":[[[121.72321004376798,-31.74318577616964],[121.72303589501477,-31.743817098466156],[121.72386489506734,-31.743816392013553],[121.72388094114672,-31.74534754348419],[121.72785589049191,-31.745946134426312],[121.72824486105702,-31.744191542726075],[121.72734453209145,-31.74401355417024],[121.72321004376798,-31.74318577616964]]]},"properties":{"fmt_tenid":"M 15/748","type":"MINING LEASE","tenstatus":"LIVE","holder1":"KARORA (HIGGINSVILLE) PTY LTD","holder2":" ","legal_area":8.8975,"unit_of_me":"HA.","_colour":"#f5a520","_label":"Mining Lease"}},{"type":"Feature","geometry":{"type":"Polygon","coordinates":[[[121.65044002744449,-31.513499679946225],[121.65270319283997,-31.516666714218417],[121.67002710647094,-31.54090047410765],[121.68066108012624,-31.53499441303574],[121.6596013398674,-31.507239417224227],[121.65044002744449,-31.513499679946225]]]},"properties":{"fmt_tenid":"M 15/757","type":"MINING LEASE","tenstatus":"LIVE","holder1":"KARORA (HIGGINSVILLE) PTY LTD","holder2":" ","legal_area":417.7,"unit_of_me":"HA.","_colour":"#f5a520","_label":"Mining Lease"}},{"type":"Feature","geometry":{"type":"Polygon","coordinates":[[[121.67002710647094,-31.54090047410765],[121.67790124826159,-31.559273037957283],[121.68857314095314,-31.584229831633277],[121.70599216421411,-31.58426855928034],[121.69727002098823,-31.556777883976384],[121.68066108012624,-31.53499441303574],[121.67002710647094,-31.54090047410765]]]},"properties":{"fmt_tenid":"M 15/758","type":"MINING LEASE","tenstatus":"LIVE","holder1":"KARORA (HIGGINSVILLE) PTY LTD","holder2":" ","legal_area":891.6,"unit_of_me":"HA.","_colour":"#f5a520","_label":"Mining Lease"}},{"type":"Feature","geometry":{"type":"Polygon","coordinates":[[[121.50378516971284,-31.80555413714791],[121.50378521002716,-31.827198684580058],[121.52047381185302,-31.82720009226569],[121.52055579535978,-31.82539911333977],[121.5248714066527,-31.825415369856167],[121.52491575451792,-31.827200165864426],[121.54612999862563,-31.827198058429488],[121.54612995355699,-31.80555353673111],[121.50378516971284,-31.80555413714791]]]},"properties":{"fmt_tenid":"M 15/786","type":"MINING LEASE","tenstatus":"LIVE","holder1":"KARORA (HIGGINSVILLE) PTY LTD","holder2":" ","legal_area":954.15,"unit_of_me":"HA.","_colour":"#f5a520","_label":"Mining Lease"}},{"type":"Feature","geometry":{"type":"Polygon","coordinates":[[[121.7546814858503,-31.814044092637868],[121.75468216483537,-31.827567860705418],[121.7546757274784,-31.835342624080635],[121.7860447519134,-31.83532771735197],[121.7969151423247,-31.835320679590367],[121.7969184896625,-31.81406115249695],[121.78847872373139,-31.814060418502738],[121.78002617479899,-31.81405912268841],[121.77158271213378,-31.81405726870056],[121.76313209186668,-31.81404355493451],[121.7546814858503,-31.814044092637868]]]},"properties":{"fmt_tenid":"M 15/815","type":"MINING LEASE","tenstatus":"LIVE","holder1":"KARORA (HIGGINSVILLE) PTY LTD","holder2":" ","legal_area":943.5,"unit_of_me":"HA.","_colour":"#f5a520","_label":"Mining Lease"}},{"type":"Feature","geometry":{"type":"Polygon","coordinates":[[[121.70138814405841,-31.818368993972758],[121.70110323163925,-31.78678554259804],[121.70118561822244,-31.7732201583167],[121.69526235382824,-31.77321781814693],[121.68676903428486,-31.773213442446387],[121.68136357227006,-31.773210308730295],[121.68193917729067,-31.792516960526324],[121.6821184244986,-31.80157836877941],[121.68211197978077,-31.810632907775183],[121.68235604181272,-31.818730623611586],[121.70138814405841,-31.818368993972758]]]},"properties":{"fmt_tenid":"M 15/817","type":"MINING LEASE","tenstatus":"LIVE","holder1":"KARORA (HIGGINSVILLE) PTY LTD","holder2":" ","legal_area":918.65,"unit_of_me":"HA.","_colour":"#f5a520","_label":"Mining Lease"}},{"type":"Feature","geometry":{"type":"Polygon","coordinates":[[[121.67708730799278,-31.67180711248271],[121.67696154786225,-31.688114529167645],[121.66646689936319,-31.6880452935354],[121.66681356085172,-31.69262223806577],[121.66726872245918,-31.698637625026283],[121.66735643927802,-31.699796797429286],[121.66781561188256,-31.705883426623057],[121.66790282381467,-31.707039399054363],[121.66824434725373,-31.711565952212275],[121.66844926720113,-31.71428180626675],[121.6688620351058,-31.719751921373344],[121.66899572107803,-31.721523457406906],[121.66923658203167,-31.724715101466302],[121.69236287474847,-31.724902502580886],[121.69202858721269,-31.71611878305497],[121.69600379326681,-31.71611734209403],[121.69600430150356,-31.709908548081998],[121.69144950337345,-31.70990728069792],[121.69056002688649,-31.709906992403976],[121.69039072691476,-31.709542085351533],[121.69022037792678,-31.709174913295733],[121.67937340091332,-31.697201481762402],[121.68026088428243,-31.69720181674175],[121.68603428872164,-31.697203837133127],[121.68619492710826,-31.67164765092281],[121.67708730799278,-31.67180711248271]]]},"properties":{"fmt_tenid":"M 15/820","type":"MINING LEASE","tenstatus":"LIVE","holder1":"KARORA (HIGGINSVILLE) PTY LTD","holder2":" ","legal_area":967.95,"unit_of_me":"HA.","_colour":"#f5a520","_label":"Mining Lease"}},{"type":"Feature","geometry":{"type":"Polygon","coordinates":[[[117.77924341285059,-27.302122848324636],[117.7844609629363,-27.3125690998784],[117.78660711872625,-27.32068362511842],[117.78694233699915,-27.332194497385412],[117.80205084706945,-27.332430931097395],[117.8015861842799,-27.328301394045212],[117.80110673520157,-27.310633620554945],[117.79975910425188,-27.30705114425224],[117.79430245534138,-27.296877952440934],[117.77924341285059,-27.302122848324636]]]},"properties":{"fmt_tenid":"M 20/102","type":"MINING LEASE","tenstatus":"LIVE","holder1":"BIG BELL GOLD OPERATIONS PTY LTD","holder2":" ","legal_area":584.05,"unit_of_me":"HA.","_colour":"#f5a520","_label":"Mining Lease"}},{"type":"Feature","geometry":{"type":"Polygon","coordinates":[[[117.78694233699915,-27.332194497385412],[117.78664131040313,-27.34699060376929],[117.78655721561029,-27.351123278836152],[117.79666190429066,-27.350203003956743],[117.79713839070392,-27.34762119521898],[117.79774213166324,-27.347552920686073],[117.80546810605362,-27.34667899985169],[117.80532030031804,-27.360071606367224],[117.81330219262117,-27.361747348877664],[117.81316588739126,-27.36055790537026],[117.81264870087107,-27.356044560522573],[117.81134513901499,-27.344667325712415],[117.81004161810426,-27.33328809972525],[117.80951557378656,-27.328695289425934],[117.8015861842799,-27.328301394045212],[117.80205084706945,-27.332430931097395],[117.78694233699915,-27.332194497385412]]]},"properties":{"fmt_tenid":"M 20/103","type":"MINING LEASE","tenstatus":"LIVE","holder1":"BIG BELL GOLD OPERATIONS PTY LTD","holder2":" ","legal_area":569,"unit_of_me":"HA.","_colour":"#f5a520","_label":"Mining Lease"}},{"type":"Feature","geometry":{"type":"Polygon","coordinates":[[[117.79261068488208,-27.405998007738802],[117.79453003526113,-27.425150014020087],[117.8046061748275,-27.424228477813564],[117.80316426769456,-27.416848031689092],[117.81831699319757,-27.4145982587883],[117.81794271863262,-27.406344784863556],[117.8164788467743,-27.406487402931074],[117.81628027036979,-27.40650674776241],[117.80809890944542,-27.40730351381574],[117.80255841417716,-27.40579222623264],[117.79261068488208,-27.405998007738802]]]},"properties":{"fmt_tenid":"M 20/104","type":"MINING LEASE","tenstatus":"LIVE","holder1":"BIG BELL GOLD OPERATIONS PTY LTD","holder2":" ","legal_area":352.25,"unit_of_me":"HA.","_colour":"#f5a520","_label":"Mining Lease"}},{"type":"Feature","geometry":{"type":"Polygon","coordinates":[[[118.30766608206271,-27.115446323386106],[118.3021495917392,-27.13051161120694],[118.30443984772471,-27.130498366856447],[118.30485384432488,-27.14528806261728],[118.30518716208651,-27.145391953402658],[118.30858204005469,-27.138142111857476],[118.31952753009656,-27.142224969415942],[118.32920366239233,-27.125260818892208],[118.33380988956935,-27.117183156045645],[118.32915737589153,-27.115205508719484],[118.32467649067128,-27.11330061221131],[118.31416431411633,-27.108831755573778],[118.30766608206271,-27.115446323386106]]]},"properties":{"fmt_tenid":"M 20/107","type":"MINING LEASE","tenstatus":"LIVE","holder1":"BIG BELL GOLD OPERATIONS PTY LTD","holder2":" ","legal_area":709.1,"unit_of_me":"HA.","_colour":"#f5a520","_label":"Mining Lease"}},{"type":"Feature","geometry":{"type":"Polygon","coordinates":[[[118.13107667700987,-27.439266783111396],[118.13533603748243,-27.440547707342013],[118.13781245726985,-27.44129236893956],[118.13522820495453,-27.448135210025455],[118.13264400084458,-27.4549770372163],[118.13524217149731,-27.455099306296262],[118.13077153476834,-27.462918306920884],[118.13692814712716,-27.46571837329421],[118.13081238948786,-27.476415980600088],[118.13797198362526,-27.4797724240044],[118.1441329660125,-27.468994636051118],[118.13798349530367,-27.46619830906517],[118.13940735548975,-27.463707373600723],[118.14027289080546,-27.462193122887058],[118.1449127857097,-27.454074854684798],[118.14778204587114,-27.455379814829616],[118.15363684181565,-27.4434606124773],[118.14848611727695,-27.44049580054863],[118.14686709662762,-27.44300171479983],[118.14611554628758,-27.44265747335446],[118.14714542501753,-27.437286795652057],[118.15190314431244,-27.430171420513236],[118.15450096784201,-27.43103530768922],[118.15654935794436,-27.426131618845393],[118.15979884858427,-27.41835160541745],[118.167378240365,-27.420871680523508],[118.17259403912948,-27.408373374156294],[118.17466016360282,-27.40935452995586],[118.17588640672007,-27.40546338525456],[118.17085807344195,-27.400422824059547],[118.16984555095283,-27.401398831349997],[118.15579427636477,-27.414940806537174],[118.14079837425902,-27.431668949356652],[118.13107667700987,-27.439266783111396]]]},"properties":{"fmt_tenid":"M 20/108","type":"MINING LEASE","tenstatus":"LIVE","holder1":"BIG BELL GOLD OPERATIONS PTY LTD","holder2":" ","legal_area":932.7,"unit_of_me":"HA.","_colour":"#f5a520","_label":"Mining Lease"}},{"type":"Feature","geometry":{"type":"Polygon","coordinates":[[[118.09602465567322,-27.514711992806394],[118.10478980599167,-27.519229003104158],[118.10930181176505,-27.51226639747193],[118.11086550981611,-27.50985316859236],[118.11694069061744,-27.5004762773852],[118.10992988625085,-27.496864293461023],[118.1081785639155,-27.4959619151686],[118.10210231373343,-27.505336797199174],[118.09602465567322,-27.514711992806394]]]},"properties":{"fmt_tenid":"M 20/111","type":"MINING LEASE","tenstatus":"LIVE","holder1":"BIG BELL GOLD OPERATIONS PTY LTD","holder2":" ","legal_area":240.05,"unit_of_me":"HA.","_colour":"#f5a520","_label":"Mining Lease"}},{"type":"Feature","geometry":{"type":"Polygon","coordinates":[[[118.24474640129232,-27.132626933407053],[118.24484663570897,-27.148719394339597],[118.24493348614659,-27.162673867091875],[118.24997768674318,-27.16264836869459],[118.25300444717219,-27.162632975554583],[118.2550221011232,-27.162622697140435],[118.26511032585623,-27.162571021120403],[118.27519822923763,-27.16251861963253],[118.27514537836235,-27.15448841156696],[118.27500047106145,-27.13246945554556],[118.25460768222605,-27.132575957196266],[118.25090268675511,-27.132595203057377],[118.24474640129232,-27.132626933407053]],[[118.26285907921233,-27.145977559337496],[118.26459420388863,-27.146651066750234],[118.26333403253425,-27.14924921611024],[118.2632867755537,-27.14934664440051],[118.26297858867198,-27.14998202631878],[118.26267424081257,-27.149862218869057],[118.2620005999269,-27.149602449687013],[118.26148364580085,-27.150668204252916],[118.26120281664011,-27.15124715297964],[118.2603848501516,-27.152933410803666],[118.25876900409665,-27.156264352051025],[118.2565348150705,-27.155397086018027],[118.25693596736022,-27.154570195784807],[118.25715605951612,-27.154116514908857],[118.25815071519271,-27.152066170870473],[118.25976651875973,-27.148735235344766],[118.2607444574415,-27.149114853166807],[118.26236014188385,-27.145783885921418],[118.26279391803838,-27.145952265067987],[118.26285907921233,-27.145977559337496]]]},"properties":{"fmt_tenid":"M 20/12","type":"MINING LEASE","tenstatus":"LIVE","holder1":"BIG BELL GOLD OPERATIONS PTY LTD","holder2":" ","legal_area":969.8,"unit_of_me":"HA.","_colour":"#f5a520","_label":"Mining Lease"}},{"type":"Feature","geometry":{"type":"Polygon","coordinates":[[[117.66238415879191,-27.305768450548126],[117.65672589059217,-27.302908726806184],[117.65066587747778,-27.311215006374606],[117.64883639949251,-27.313722314755527],[117.65130422980192,-27.315017993571896],[117.6505032801279,-27.316232347978293],[117.64970021346785,-27.317449877364893],[117.64844319946461,-27.319355568593632],[117.64763670984561,-27.320578200936612],[117.6471620524904,-27.321297758899874],[117.64638167992086,-27.322480737120607],[117.64557218734916,-27.32370782445256],[117.64350858497971,-27.32683581390462],[117.6414445927365,-27.329964171298307],[117.63937978146419,-27.333093549533963],[117.63610191970172,-27.338060950477303],[117.6444859777555,-27.34252383666439],[117.64654131198945,-27.339408143483293],[117.64705472631728,-27.338629822429983],[117.64716824039078,-27.338457736975453],[117.64778760379885,-27.337518780492243],[117.64860229035291,-27.33628368621737],[117.64985158224087,-27.334389644176426],[117.65066431883754,-27.33315741883327],[117.65079045093167,-27.332966180311903],[117.65141302440325,-27.332022243735192],[117.6519156117923,-27.33126011765117],[117.65272567743499,-27.330031818285395],[117.65397922937332,-27.328130998004504],[117.65478813000233,-27.326904155585307],[117.65688799040008,-27.328008622183418],[117.65898787675307,-27.32911304880033],[117.6610539955289,-27.325987622011557],[117.66157125099302,-27.325205136802925],[117.66311811742854,-27.32285936616681],[117.66414997242511,-27.32129452872346],[117.665181282377,-27.319730465764586],[117.66573704568833,-27.318887582646873],[117.66576965570584,-27.318838126397427],[117.66672838317676,-27.31738406167538],[117.6646269275425,-27.316278472010733],[117.662525502988,-27.31517284447799],[117.66304107229428,-27.31439105966785],[117.66429649888475,-27.312487341932883],[117.66509210421432,-27.311280855576662],[117.66635939433912,-27.30935902897035],[117.66714223851156,-27.308171818417776],[117.66238415879191,-27.305768450548126]]]},"properties":{"fmt_tenid":"M 20/17","type":"MINING LEASE","tenstatus":"LIVE","holder1":"BIG BELL GOLD OPERATIONS PTY LTD","holder2":" ","legal_area":534.5,"unit_of_me":"HA.","_colour":"#f5a520","_label":"Mining Lease"}},{"type":"Feature","geometry":{"type":"Polygon","coordinates":[[[117.80354323113359,-27.362962987038532],[117.80220052088328,-27.367455884583535],[117.8023697580877,-27.367368514494707],[117.80394447155221,-27.36979955884449],[117.81448850342143,-27.372078304383194],[117.8210865369387,-27.373503802020156],[117.82206244961678,-27.369801183517563],[117.82320722022575,-27.36545760854048],[117.8233109751897,-27.365063930554697],[117.81344071186865,-27.362914830375512],[117.81359615880969,-27.361809187777254],[117.81330219262117,-27.361747348877664],[117.80532030031804,-27.360071606367224],[117.80531973529958,-27.360125282432666],[117.80419089170886,-27.360149614611668],[117.80354323113359,-27.362962987038532]]]},"properties":{"fmt_tenid":"M 20/171","type":"MINING LEASE","tenstatus":"LIVE","holder1":"BIG BELL GOLD OPERATIONS PTY LTD","holder2":" ","legal_area":197.55,"unit_of_me":"HA.","_colour":"#f5a520","_label":"Mining Lease"}},{"type":"Feature","geometry":{"type":"Polygon","coordinates":[[[118.1441329660125,-27.468994636051118],[118.14527480195368,-27.469513813442767],[118.14579115288407,-27.46824985866142],[118.1539361837713,-27.452572423236592],[118.15714781881151,-27.447035817245084],[118.15656921287007,-27.446760979159688],[118.16191311809192,-27.433964015052627],[118.16208331104012,-27.4335564025432],[118.15450096784201,-27.43103530768922],[118.15190314431244,-27.430171420513236],[118.14611554628758,-27.44265747335446],[118.14686709662762,-27.44300171479983],[118.14848611727695,-27.44049580054863],[118.15363684181565,-27.4434606124773],[118.14778204587114,-27.455379814829616],[118.1449127857097,-27.454074854684798],[118.14027289080546,-27.462193122887058],[118.13940735548975,-27.463707373600723],[118.13798349530367,-27.46619830906517],[118.1441329660125,-27.468994636051118]]]},"properties":{"fmt_tenid":"M 20/176","type":"MINING LEASE","tenstatus":"LIVE","holder1":"BIG BELL GOLD OPERATIONS PTY LTD","holder2":" ","legal_area":322.55,"unit_of_me":"HA.","_colour":"#f5a520","_label":"Mining Lease"}},{"type":"Feature","geometry":{"type":"Polygon","coordinates":[[[118.11626681745527,-27.48394886270953],[118.11367452749518,-27.48802611252751],[118.11503573703934,-27.488812158802507],[118.11740243816027,-27.485079340077586],[118.11748433043462,-27.484922317180853],[118.11626681745527,-27.48394886270953]]]},"properties":{"fmt_tenid":"M 20/183","type":"MINING LEASE","tenstatus":"LIVE","holder1":"BIG BELL GOLD OPERATIONS PTY LTD","holder2":" ","legal_area":8.0905,"unit_of_me":"HA.","_colour":"#f5a520","_label":"Mining Lease"}},{"type":"Feature","geometry":{"type":"Polygon","coordinates":[[[117.64557218734916,-27.32370782445256],[117.64638167992086,-27.322480737120607],[117.6471620524904,-27.321297758899874],[117.64160229399619,-27.31837256688948],[117.63387810256914,-27.330082518095214],[117.63603472012605,-27.3311673527403],[117.62743053946245,-27.34420032350818],[117.62999848696666,-27.345468515727326],[117.63088682935198,-27.345907209968637],[117.63610191970172,-27.338060950477303],[117.63937978146419,-27.333093549533963],[117.6414445927365,-27.329964171298307],[117.64350858497971,-27.32683581390462],[117.64557218734916,-27.32370782445256]]]},"properties":{"fmt_tenid":"M 20/192","type":"MINING LEASE","tenstatus":"LIVE","holder1":"BIG BELL GOLD OPERATIONS PTY LTD","holder2":" ","legal_area":161.571,"unit_of_me":"HA.","_colour":"#f5a520","_label":"Mining Lease"}},{"type":"Feature","geometry":{"type":"Polygon","coordinates":[[[118.13533603748243,-27.440547707342013],[118.13107667700987,-27.439266783111396],[118.12343492499328,-27.436968256988862],[118.1208489283549,-27.443809136055243],[118.11826269830615,-27.45064972430956],[118.11567573105599,-27.457491352936945],[118.11313464914514,-27.46480598696331],[118.10862529519086,-27.46353256091876],[118.10374532577165,-27.47393575410728],[118.11626681745527,-27.48394886270953],[118.11748433043462,-27.484922317180853],[118.11917023827684,-27.48168961041533],[118.12380448708262,-27.472802397794432],[118.12972855477761,-27.462443907126037],[118.13077153476834,-27.462918306920884],[118.13524217149731,-27.455099306296262],[118.13264400084458,-27.4549770372163],[118.13522820495453,-27.448135210025455],[118.13781245726985,-27.44129236893956],[118.13533603748243,-27.440547707342013]]]},"properties":{"fmt_tenid":"M 20/195","type":"MINING LEASE","tenstatus":"LIVE","holder1":"BIG BELL GOLD OPERATIONS PTY LTD","holder2":" ","legal_area":784.35,"unit_of_me":"HA.","_colour":"#f5a520","_label":"Mining Lease"}},{"type":"Feature","geometry":{"type":"Polygon","coordinates":[[[117.7303713323,-27.18675526869426],[117.72552370427155,-27.19467488853023],[117.72798791342956,-27.195965302959458],[117.72009048188556,-27.208278054507],[117.71839243121788,-27.207358862967475],[117.71195025613399,-27.21763123310653],[117.7144437611066,-27.218965060624036],[117.71886941182265,-27.212112451723357],[117.72238784351221,-27.20666395205727],[117.7264607928694,-27.200356050093497],[117.73304476104236,-27.190157573366818],[117.7340538364276,-27.18859434036858],[117.7303713323,-27.18675526869426]]]},"properties":{"fmt_tenid":"M 20/197","type":"MINING LEASE","tenstatus":"LIVE","holder1":"BIG BELL GOLD OPERATIONS PTY LTD","holder2":" ","legal_area":96.745,"unit_of_me":"HA.","_colour":"#f5a520","_label":"Mining Lease"}},{"type":"Feature","geometry":{"type":"Polygon","coordinates":[[[117.79861529404955,-27.36728232798459],[117.80067187895813,-27.3682450462161],[117.80220052088328,-27.367455884583535],[117.80354323113359,-27.362962987038532],[117.80419089170886,-27.360149614611668],[117.79848992634071,-27.360140527817354],[117.79781454971497,-27.360281676645965],[117.79790136533079,-27.361040720773186],[117.79800465086961,-27.36194375693023],[117.79861529404955,-27.36728232798459]]]},"properties":{"fmt_tenid":"M 20/202","type":"MINING LEASE","tenstatus":"LIVE","holder1":"BIG BELL GOLD OPERATIONS PTY LTD","holder2":" ","legal_area":41.695,"unit_of_me":"HA.","_colour":"#f5a520","_label":"Mining Lease"}},{"type":"Feature","geometry":{"type":"Polygon","coordinates":[[[118.1082565218778,-27.54293260410776],[118.11588791506632,-27.531138059356994],[118.11234040702578,-27.529358321818982],[118.10879035359326,-27.527577158970175],[118.11642164761155,-27.515781348674608],[118.12405081430987,-27.503987399268446],[118.12946594784489,-27.495401525612227],[118.12318198354085,-27.490630441366662],[118.11694069061744,-27.5004762773852],[118.11086550981611,-27.50985316859236],[118.10930181176505,-27.51226639747193],[118.10478980599167,-27.519229003104158],[118.09602465567322,-27.514711992806394],[118.0899455358346,-27.524086856225],[118.08386614725643,-27.533461523656346],[118.09264903371492,-27.53798742524361],[118.09403349083958,-27.535847735981598],[118.10115714530038,-27.53937148489642],[118.1082565218778,-27.54293260410776]]]},"properties":{"fmt_tenid":"M 20/208","type":"MINING LEASE","tenstatus":"LIVE","holder1":"BIG BELL GOLD OPERATIONS PTY LTD","holder2":" ","legal_area":819.75,"unit_of_me":"HA.","_colour":"#f5a520","_label":"Mining Lease"}},{"type":"Feature","geometry":{"type":"Polygon","coordinates":[[[117.78590902240846,-27.369532627309393],[117.7888149585593,-27.370893469850365],[117.79263727977693,-27.37268331075303],[117.79609398953286,-27.37078566839306],[117.79713541992923,-27.37280171192874],[117.79509845438315,-27.373835473778783],[117.79796814086428,-27.375178562087168],[117.80116485358177,-27.36973475223599],[117.80174470574687,-27.368747232602377],[117.80067187895813,-27.3682450462161],[117.79861529404955,-27.36728232798459],[117.78968756710968,-27.3631018703724],[117.78821364913371,-27.365610451439927],[117.78590902240846,-27.369532627309393]]]},"properties":{"fmt_tenid":"M 20/21","type":"MINING LEASE","tenstatus":"LIVE","holder1":"BIG BELL GOLD OPERATIONS PTY LTD","holder2":" ","legal_area":100.8,"unit_of_me":"HA.","_colour":"#f5a520","_label":"Mining Lease"}},{"type":"Feature","geometry":{"type":"Polygon","coordinates":[[[118.27650622911482,-27.055520774903417],[118.27772674917261,-27.040012099924745],[118.27669775270608,-27.040056937805947],[118.27379776838521,-27.04000048660923],[118.27148571590013,-27.039929404778068],[118.27154523858646,-27.055306003052944],[118.27650622911482,-27.055520774903417]]]},"properties":{"fmt_tenid":"M 20/212","type":"MINING LEASE","tenstatus":"LIVE","holder1":"BIG BELL GOLD OPERATIONS PTY LTD","holder2":" ","legal_area":94.96,"unit_of_me":"HA.","_colour":"#f5a520","_label":"Mining Lease"}},{"type":"Feature","geometry":{"type":"Polygon","coordinates":[[[118.285233689618,-27.102725948049134],[118.28523296641663,-27.111687402974407],[118.27968658172409,-27.11168750618403],[118.27981673418444,-27.130638756483673],[118.29796043146834,-27.13053572224324],[118.29796914551025,-27.115371384309384],[118.29796978262907,-27.11425707903152],[118.29528741022645,-27.114256974993154],[118.29528745188965,-27.10290692411332],[118.285233689618,-27.102725948049134]]]},"properties":{"fmt_tenid":"M 20/214","type":"MINING LEASE","tenstatus":"LIVE","holder1":"BIG BELL GOLD OPERATIONS PTY LTD","holder2":" ","legal_area":468.7,"unit_of_me":"HA.","_colour":"#f5a520","_label":"Mining Lease"}},{"type":"Feature","geometry":{"type":"Polygon","coordinates":[[[117.78440904412128,-27.346214808969105],[117.78664131040313,-27.34699060376929],[117.78694233699915,-27.332194497385412],[117.78660711872625,-27.32068362511842],[117.7844609629363,-27.3125690998784],[117.78440904412128,-27.346214808969105]]]},"properties":{"fmt_tenid":"M 20/218","type":"MINING LEASE","tenstatus":"LIVE","holder1":"BIG BELL GOLD OPERATIONS PTY LTD","holder2":" ","legal_area":76.625,"unit_of_me":"HA.","_colour":"#f5a520","_label":"Mining Lease"}},{"type":"Feature","geometry":{"type":"Polygon","coordinates":[[[118.26222643035526,-27.113053357280887],[118.26437119558187,-27.1135469317787],[118.2658257896115,-27.11039925478025],[118.26345548092253,-27.10969964589334],[118.26222643035526,-27.113053357280887]]]},"properties":{"fmt_tenid":"M 20/219","type":"MINING LEASE","tenstatus":"LIVE","holder1":"BIG BELL GOLD OPERATIONS PTY LTD","holder2":" ","legal_area":8.9425,"unit_of_me":"HA.","_colour":"#f5a520","_label":"Mining Lease"}},{"type":"Feature","geometry":{"type":"Polygon","coordinates":[[[117.80220052088328,-27.367455884583535],[117.80067187895813,-27.3682450462161],[117.80174470574687,-27.368747232602377],[117.80116485358177,-27.36973475223599],[117.80236408893025,-27.371586213014343],[117.8044156797786,-27.370526984735957],[117.80394447155221,-27.36979955884449],[117.8023697580877,-27.367368514494707],[117.80220052088328,-27.367455884583535]]]},"properties":{"fmt_tenid":"M 20/22","type":"MINING LEASE","tenstatus":"LIVE","holder1":"BIG BELL GOLD OPERATIONS PTY LTD","holder2":" ","legal_area":8.4,"unit_of_me":"HA.","_colour":"#f5a520","_label":"Mining Lease"}},{"type":"Feature","geometry":{"type":"Polygon","coordinates":[[[118.15190314431244,-27.430171420513236],[118.14714542501753,-27.437286795652057],[118.14611554628758,-27.44265747335446],[118.15190314431244,-27.430171420513236]]]},"properties":{"fmt_tenid":"M 20/247","type":"MINING LEASE","tenstatus":"LIVE","holder1":"BIG BELL GOLD OPERATIONS PTY LTD","holder2":" ","legal_area":9.9855,"unit_of_me":"HA.","_colour":"#f5a520","_label":"Mining Lease"}},{"type":"Feature","geometry":{"type":"Polygon","coordinates":[[[118.37551695376418,-27.09036102424974],[118.36855765268426,-27.094092058344913],[118.36159790606514,-27.097822753747646],[118.35464115469227,-27.101551298481713],[118.34768036963526,-27.10528149762742],[118.34071889655952,-27.109011597073376],[118.3337607225536,-27.112739491853883],[118.32915737589153,-27.115205508719484],[118.33380988956935,-27.117183156045645],[118.32920366239233,-27.125260818892208],[118.33459052884078,-27.128126751461295],[118.35049804133762,-27.127706630686127],[118.35359078330913,-27.117950920302967],[118.35548183531542,-27.11693806440014],[118.35625933330236,-27.11652162146511],[118.36244262455949,-27.113209465114092],[118.36940092436724,-27.109481733419447],[118.37635997314854,-27.10575300468325],[118.38332062214732,-27.10202282315495],[118.37551695376418,-27.09036102424974]]]},"properties":{"fmt_tenid":"M 20/249","type":"MINING LEASE","tenstatus":"LIVE","holder1":"BIG BELL GOLD OPERATIONS PTY LTD","holder2":" ","legal_area":916,"unit_of_me":"HA.","_colour":"#f5a520","_label":"Mining Lease"}},{"type":"Feature","geometry":{"type":"Polygon","coordinates":[[[117.78903267195328,-27.372799563687593],[117.79026307166744,-27.383570541732798],[117.79127157689719,-27.38348550169521],[117.79222681294814,-27.39251458868896],[117.8027442924456,-27.392192245422432],[117.80255841417716,-27.40579222623264],[117.80809890944542,-27.40730351381574],[117.8164788467743,-27.406487402931074],[117.81794271863262,-27.406344784863556],[117.81513332226493,-27.37769552693477],[117.81448850342143,-27.372078304383194],[117.80394447155221,-27.36979955884449],[117.8044156797786,-27.370526984735957],[117.80236408893025,-27.371586213014343],[117.80116485358177,-27.36973475223599],[117.79796814086428,-27.375178562087168],[117.79509845438315,-27.373835473778783],[117.79713541992923,-27.37280171192874],[117.79609398953286,-27.37078566839306],[117.79263727977693,-27.37268331075303],[117.7888149585593,-27.370893469850365],[117.78903267195328,-27.372799563687593]]]},"properties":{"fmt_tenid":"M 20/252","type":"MINING LEASE","tenstatus":"LIVE","holder1":"BIG BELL GOLD OPERATIONS PTY LTD","holder2":" ","legal_area":799.5,"unit_of_me":"HA.","_colour":"#f5a520","_label":"Mining Lease"}},{"type":"Feature","geometry":{"type":"MultiPolygon","coordinates":[[[[117.81264870087107,-27.356044560522573],[117.81316588739126,-27.36055790537026],[117.81330219262117,-27.361747348877664],[117.81359615880969,-27.361809187777254],[117.81344071186865,-27.362914830375512],[117.82328381017264,-27.365058016564078],[117.822149341613,-27.355176692294126],[117.81264870087107,-27.356044560522573]]],[[[117.82329252719613,-27.365133918729796],[117.82320722022575,-27.36545760854048],[117.82332690228857,-27.36543326738316],[117.82329252719613,-27.365133918729796]]]]},"properties":{"fmt_tenid":"M 20/256","type":"MINING LEASE","tenstatus":"LIVE","holder1":"BIG BELL GOLD OPERATIONS PTY LTD","holder2":" ","legal_area":87.985,"unit_of_me":"HA.","_colour":"#f5a520","_label":"Mining Lease"}},{"type":"Feature","geometry":{"type":"Polygon","coordinates":[[[117.8511308037931,-27.42886402815089],[117.85065463645513,-27.433762728431255],[117.85025153235726,-27.437909406395377],[117.84989277741593,-27.441599600130974],[117.84937255468334,-27.446950211683486],[117.84888022229082,-27.45201002818578],[117.85015671393568,-27.45087922087026],[117.85843359647859,-27.45047874124461],[117.85873794473892,-27.445291678465978],[117.85892033822641,-27.442210074332852],[117.8592057943088,-27.43738691151696],[117.86539818871955,-27.4372851859327],[117.86487623647655,-27.446827211986825],[117.86979352100202,-27.4407336230433],[117.87136284482958,-27.43902575712092],[117.87291923468472,-27.437331897391488],[117.87334508996406,-27.43686841608576],[117.88275103232785,-27.426629616088636],[117.88379160811726,-27.42739052959247],[117.88578479883974,-27.42884799175597],[117.88696085735326,-27.429707917493506],[117.88900672694362,-27.431203788059427],[117.89545694382697,-27.435920521508272],[117.8968020195416,-27.43690390487901],[117.90052879575157,-27.43357814792781],[117.89212324847645,-27.427424659681453],[117.89163810818945,-27.427069464871433],[117.89889015446528,-27.421112140382714],[117.89887329137541,-27.42109285844109],[117.89819295568343,-27.420314935774357],[117.89783915410294,-27.419910377144348],[117.89743618289518,-27.41944958939795],[117.8972509478297,-27.41923777543706],[117.89704506077919,-27.419002341594418],[117.89432718733079,-27.41588788513465],[117.89412671119754,-27.41602096165391],[117.8937187918518,-27.416291737671504],[117.89182960324939,-27.417780866968865],[117.89416801406043,-27.42008701739497],[117.8928233193081,-27.421491815832816],[117.89024692915505,-27.419130279608563],[117.89063866760608,-27.418719802298934],[117.88903118497605,-27.419986537264734],[117.88944392824898,-27.421975062066135],[117.88672678153358,-27.422756018943637],[117.88652562492658,-27.42196087981774],[117.882368863981,-27.425236091965335],[117.88190775898681,-27.424764604551978],[117.86815233152441,-27.410806686881475],[117.8655638529678,-27.4203220245973],[117.86132103491926,-27.42375337861097],[117.8511308037931,-27.42886402815089]]]},"properties":{"fmt_tenid":"M 20/293","type":"MINING LEASE","tenstatus":"LIVE","holder1":"BIG BELL GOLD OPERATIONS PTY LTD","holder2":" ","legal_area":847.15,"unit_of_me":"HA.","_colour":"#f5a520","_label":"Mining Lease"}},{"type":"Feature","geometry":{"type":"Polygon","coordinates":[[[117.79774213166324,-27.347552920686073],[117.79781454971497,-27.360281676645965],[117.79848992634071,-27.360140527817354],[117.80419089170886,-27.360149614611668],[117.80531973529958,-27.360125282432666],[117.80532030031804,-27.360071606367224],[117.80546810605362,-27.34667899985169],[117.79774213166324,-27.347552920686073]]]},"properties":{"fmt_tenid":"M 20/297","type":"MINING LEASE","tenstatus":"LIVE","holder1":"BIG BELL GOLD OPERATIONS PTY LTD","holder2":" ","legal_area":108.8,"unit_of_me":"HA.","_colour":"#f5a520","_label":"Mining Lease"}},{"type":"Feature","geometry":{"type":"Polygon","coordinates":[[[117.81448850342143,-27.372078304383194],[117.81513332226493,-27.37769552693477],[117.82319437294167,-27.376831667567608],[117.82471236499764,-27.376668832174495],[117.82445202308011,-27.375228395817544],[117.83201252676898,-27.376453896947783],[117.83313670264819,-27.371944877435208],[117.83421156820137,-27.36764105278589],[117.83286285133786,-27.36742247285675],[117.82625632519793,-27.366352532938443],[117.82543732171888,-27.370382196677316],[117.82206244961678,-27.369801183517563],[117.8210865369387,-27.373503802020156],[117.81448850342143,-27.372078304383194]]]},"properties":{"fmt_tenid":"M 20/299","type":"MINING LEASE","tenstatus":"LIVE","holder1":"BIG BELL GOLD OPERATIONS PTY LTD","holder2":" ","legal_area":135.9,"unit_of_me":"HA.","_colour":"#f5a520","_label":"Mining Lease"}},{"type":"Feature","geometry":{"type":"Polygon","coordinates":[[[117.78655721561029,-27.351123278836152],[117.78779520812756,-27.36196175897789],[117.78821364913371,-27.365610451439927],[117.78968756710968,-27.3631018703724],[117.79861529404955,-27.36728232798459],[117.79800465086961,-27.36194375693023],[117.79790136533079,-27.361040720773186],[117.79781454971497,-27.360281676645965],[117.79774213166324,-27.347552920686073],[117.79713839070392,-27.34762119521898],[117.79666190429066,-27.350203003956743],[117.78655721561029,-27.351123278836152]]]},"properties":{"fmt_tenid":"M 20/301","type":"MINING LEASE","tenstatus":"LIVE","holder1":"BIG BELL GOLD OPERATIONS PTY LTD","holder2":" ","legal_area":169.5,"unit_of_me":"HA.","_colour":"#f5a520","_label":"Mining Lease"}},{"type":"Feature","geometry":{"type":"Polygon","coordinates":[[[117.65672589059217,-27.302908726806184],[117.66238415879191,-27.305768450548126],[117.6636419413593,-27.303813808459264],[117.66451154874767,-27.302462354767684],[117.65565568220194,-27.29806888136295],[117.65483660346415,-27.29936203414037],[117.65359308073236,-27.30132522366959],[117.65672589059217,-27.302908726806184]]]},"properties":{"fmt_tenid":"M 20/307","type":"MINING LEASE","tenstatus":"LIVE","holder1":"BIG BELL GOLD OPERATIONS PTY LTD","holder2":" ","legal_area":41.915,"unit_of_me":"HA.","_colour":"#f5a520","_label":"Mining Lease"}},{"type":"Feature","geometry":{"type":"Polygon","coordinates":[[[118.30858204005469,-27.138142111857476],[118.30518716208651,-27.145391953402658],[118.30487533869308,-27.14605784248225],[118.30511065608592,-27.15446152183572],[118.30202515631277,-27.15446448603739],[118.30201517429379,-27.15446434411885],[118.29946103212534,-27.15883175531666],[118.29936981622228,-27.15897904017993],[118.29716351078369,-27.162541393845594],[118.29552840394076,-27.165181280569154],[118.29159367158276,-27.171533330777027],[118.28987015234779,-27.174315444122506],[118.28765832684972,-27.177885551033697],[118.28372106199642,-27.184240045766302],[118.29259289425022,-27.188630250020477],[118.29326124835447,-27.18754993209543],[118.29652673658097,-27.182280877086118],[118.29664618934149,-27.182088026650558],[118.3004619786684,-27.175928000063156],[118.30142304735823,-27.17437637669811],[118.30439532014282,-27.169577702614887],[118.30832834932441,-27.163224025793287],[118.31952753009656,-27.142224969415942],[118.30858204005469,-27.138142111857476]],[[118.29125622096765,-27.17458490239189],[118.29363630092485,-27.175047565840092],[118.29277454866983,-27.178595082885643],[118.29237871536833,-27.180224510182818],[118.29192922633732,-27.182074741143094],[118.28949495142011,-27.181833486854753],[118.2903942465998,-27.178132519412003],[118.2908348677538,-27.17631909115856],[118.29125622096765,-27.17458490239189]]]},"properties":{"fmt_tenid":"M 20/309","type":"MINING LEASE","tenstatus":"LIVE","holder1":"BIG BELL GOLD OPERATIONS PTY LTD","holder2":" ","legal_area":561.25,"unit_of_me":"HA.","_colour":"#f5a520","_label":"Mining Lease"}},{"type":"Feature","geometry":{"type":"Polygon","coordinates":[[[117.83360008889531,-27.363935363099955],[117.83286285133786,-27.36742247285675],[117.83421156820137,-27.36764105278589],[117.83313670264819,-27.371944877435208],[117.83201252676898,-27.376453896947783],[117.83094207196568,-27.381873251364393],[117.8430710911446,-27.38274654953979],[117.84383175352562,-27.37375109173625],[117.8454865421568,-27.36593799207317],[117.83846703101679,-27.36475546797117],[117.8370773526538,-27.366600168428327],[117.83770210413316,-27.367013746058927],[117.83657908091841,-27.368816126338263],[117.83516610187402,-27.36803832225159],[117.83641051917624,-27.36629257803752],[117.8353962494203,-27.365707896190447],[117.83631826563847,-27.36439337803238],[117.83360008889531,-27.363935363099955]]]},"properties":{"fmt_tenid":"M 20/332","type":"MINING LEASE","tenstatus":"LIVE","holder1":"BIG BELL GOLD OPERATIONS PTY LTD","holder2":" ","legal_area":212.6,"unit_of_me":"HA.","_colour":"#f5a520","_label":"Mining Lease"}},{"type":"Feature","geometry":{"type":"Polygon","coordinates":[[[117.67442403443309,-27.305640722663085],[117.67025673192057,-27.303448294948293],[117.66714223851156,-27.308171818417776],[117.66635939433912,-27.30935902897035],[117.66509210421432,-27.311280855576662],[117.66429649888475,-27.312487341932883],[117.66304107229428,-27.31439105966785],[117.662525502988,-27.31517284447799],[117.6646269275425,-27.316278472010733],[117.66672838317676,-27.31738406167538],[117.66804822651488,-27.318078270468995],[117.66953052795779,-27.31885790233309],[117.67726024573285,-27.307132741365567],[117.67442403443309,-27.305640722663085]]]},"properties":{"fmt_tenid":"M 20/333","type":"MINING LEASE","tenstatus":"LIVE","holder1":"BIG BELL GOLD OPERATIONS PTY LTD","holder2":" ","legal_area":121.35,"unit_of_me":"HA.","_colour":"#f5a520","_label":"Mining Lease"}},{"type":"Feature","geometry":{"type":"Polygon","coordinates":[[[117.81513332226493,-27.37769552693477],[117.81794271863262,-27.406344784863556],[117.8183161391408,-27.41460567369097],[117.82014184535657,-27.426630411174386],[117.82078655586328,-27.426676974211432],[117.8268350136875,-27.427113522735908],[117.82765489807633,-27.418065527740396],[117.8284747224672,-27.409016660441694],[117.82881292703256,-27.40528325264633],[117.82325910818622,-27.405824788653884],[117.82249138751231,-27.398600738776395],[117.82172303693066,-27.391369813593503],[117.82482925842659,-27.391067868960192],[117.82401209628209,-27.383952664912755],[117.82319437294167,-27.376831667567608],[117.81513332226493,-27.37769552693477]]]},"properties":{"fmt_tenid":"M 20/354","type":"MINING LEASE","tenstatus":"LIVE","holder1":"BIG BELL GOLD OPERATIONS PTY LTD","holder2":" ","legal_area":421.45,"unit_of_me":"HA.","_colour":"#f5a520","_label":"Mining Lease"}},{"type":"Feature","geometry":{"type":"Polygon","coordinates":[[[117.6680998358867,-27.348745457160213],[117.66811534052485,-27.335304418845904],[117.66596307418676,-27.33547865790966],[117.65861337064109,-27.335413545652937],[117.66179516846195,-27.330589372301183],[117.66396175969105,-27.331728822921217],[117.66595366575957,-27.332776353532278],[117.66805753081344,-27.33392229415144],[117.66805494976283,-27.32950199188659],[117.66804896343237,-27.319329226016833],[117.66804893043609,-27.31927353085885],[117.66804822651488,-27.318078270468995],[117.66672838317676,-27.31738406167538],[117.66576965570584,-27.318838126397427],[117.66573704568833,-27.318887582646873],[117.665181282377,-27.319730465764586],[117.66414997242511,-27.32129452872346],[117.66311811742854,-27.32285936616681],[117.66157125099302,-27.325205136802925],[117.6610539955289,-27.325987622011557],[117.65898787675307,-27.32911304880033],[117.65688799040008,-27.328008622183418],[117.65478813000233,-27.326904155585307],[117.65397922937332,-27.328130998004504],[117.65272567743499,-27.330031818285395],[117.6519156117923,-27.33126011765117],[117.65141302440325,-27.332022243735192],[117.65141897311977,-27.348319332283882],[117.651419053683,-27.34872032891274],[117.6680998358867,-27.348745457160213]]]},"properties":{"fmt_tenid":"M 20/418","type":"MINING LEASE","tenstatus":"LIVE","holder1":"BIG BELL GOLD OPERATIONS PTY LTD","holder2":" ","legal_area":398.45,"unit_of_me":"HA.","_colour":"#f5a520","_label":"Mining Lease"}},{"type":"Feature","geometry":{"type":"Polygon","coordinates":[[[118.33599494383294,-27.07775810320971],[118.34113733054826,-27.07212891066667],[118.34627037177509,-27.066509127806814],[118.34696739748041,-27.06531054012001],[118.3347196903342,-27.065397464613923],[118.31800999807534,-27.06535442411794],[118.31803345921072,-27.07899905713451],[118.31947936012068,-27.08008308457162],[118.31803807269777,-27.0816248964884],[118.31806763823568,-27.0987418808358],[118.31804702265525,-27.101328983643242],[118.33138230073087,-27.07555268402618],[118.33599494383294,-27.07775810320971]]]},"properties":{"fmt_tenid":"M 20/420","type":"MINING LEASE","tenstatus":"LIVE","holder1":"BIG BELL GOLD OPERATIONS PTY LTD","holder2":" ","legal_area":470.516,"unit_of_me":"HA.","_colour":"#f5a520","_label":"Mining Lease"}},{"type":"Feature","geometry":{"type":"Polygon","coordinates":[[[118.29797573496603,-27.102955118213075],[118.29796978262907,-27.11425707903152],[118.29796914551025,-27.115371384309384],[118.30766608206271,-27.115446323386106],[118.31416431411633,-27.108831755573778],[118.31804702265525,-27.101328983643242],[118.31806763823568,-27.0987418808358],[118.3013727000168,-27.098718187653095],[118.30137521553773,-27.095951111585574],[118.29555040952192,-27.09156837351281],[118.3013849342874,-27.085357822426],[118.30140146489714,-27.067368631364783],[118.29896911635771,-27.06724650368186],[118.28523383207529,-27.093639984428975],[118.285233689618,-27.102725948049134],[118.29528745188965,-27.10290692411332],[118.29797573496603,-27.102955118213075]]]},"properties":{"fmt_tenid":"M 20/421","type":"MINING LEASE","tenstatus":"LIVE","holder1":"BIG BELL GOLD OPERATIONS PTY LTD","holder2":" ","legal_area":683.726,"unit_of_me":"HA.","_colour":"#f5a520","_label":"Mining Lease"}},{"type":"Feature","geometry":{"type":"Polygon","coordinates":[[[117.65141897311977,-27.348319332283882],[117.65141302440325,-27.332022243735192],[117.65079045093167,-27.332966180311903],[117.65066431883754,-27.33315741883327],[117.64985158224087,-27.334389644176426],[117.64860229035291,-27.33628368621737],[117.64778760379885,-27.337518780492243],[117.64716824039078,-27.338457736975453],[117.64705472631728,-27.338629822429983],[117.64654131198945,-27.339408143483293],[117.6444859777555,-27.34252383666439],[117.63931937672032,-27.35035500726014],[117.64632590602304,-27.354040814020166],[117.650236158334,-27.34811341199192],[117.65141897311977,-27.348319332283882]]]},"properties":{"fmt_tenid":"M 20/435","type":"MINING LEASE","tenstatus":"LIVE","holder1":"BIG BELL GOLD OPERATIONS PTY LTD","holder2":" ","legal_area":136.1,"unit_of_me":"HA.","_colour":"#f5a520","_label":"Mining Lease"}},{"type":"Feature","geometry":{"type":"Polygon","coordinates":[[[118.3013849342874,-27.085357822426],[118.31176872930021,-27.074302256641218],[118.31803345921072,-27.07899905713451],[118.31800999807534,-27.06535442411794],[118.3347196903342,-27.065397464613923],[118.3351323488579,-27.048802376082744],[118.33398929934664,-27.04880412914299],[118.30454637498664,-27.048846046811175],[118.3047875664462,-27.06753882201331],[118.30140146489714,-27.067368631364783],[118.3013849342874,-27.085357822426]]]},"properties":{"fmt_tenid":"M 20/437","type":"MINING LEASE","tenstatus":"LIVE","holder1":"BIG BELL GOLD OPERATIONS PTY LTD","holder2":" ","legal_area":785.414,"unit_of_me":"HA.","_colour":"#f5a520","_label":"Mining Lease"}},{"type":"Feature","geometry":{"type":"Polygon","coordinates":[[[118.3013727000168,-27.098718187653095],[118.31806763823568,-27.0987418808358],[118.31803807269777,-27.0816248964884],[118.30329348456902,-27.097394435131335],[118.30137521553773,-27.095951111585574],[118.3013727000168,-27.098718187653095]]]},"properties":{"fmt_tenid":"M 20/438","type":"MINING LEASE","tenstatus":"LIVE","holder1":"BIG BELL GOLD OPERATIONS PTY LTD","holder2":" ","legal_area":154.03,"unit_of_me":"HA.","_colour":"#f5a520","_label":"Mining Lease"}},{"type":"Feature","geometry":{"type":"Polygon","coordinates":[[[118.218057411727,-27.132052491479794],[118.21805770603686,-27.14871922106784],[118.24484663570897,-27.148719394339597],[118.24474640129232,-27.132626933407053],[118.23472409676339,-27.132052200313087],[118.218057411727,-27.132052491479794]]]},"properties":{"fmt_tenid":"M 20/443","type":"MINING LEASE","tenstatus":"LIVE","holder1":"BIG BELL GOLD OPERATIONS PTY LTD","holder2":" ","legal_area":486.414,"unit_of_me":"HA.","_colour":"#f5a520","_label":"Mining Lease"}},{"type":"Feature","geometry":{"type":"Polygon","coordinates":[[[118.24474640129232,-27.132626933407053],[118.25090268675511,-27.132595203057377],[118.25113046662669,-27.116765129187424],[118.25139024773664,-27.09871834685079],[118.2347235907818,-27.098718854422096],[118.23472385288677,-27.116767041858623],[118.23472409676339,-27.132052200313087],[118.24474640129232,-27.132626933407053]]]},"properties":{"fmt_tenid":"M 20/444","type":"MINING LEASE","tenstatus":"LIVE","holder1":"BIG BELL GOLD OPERATIONS PTY LTD","holder2":" ","legal_area":608.62,"unit_of_me":"HA.","_colour":"#f5a520","_label":"Mining Lease"}},{"type":"Feature","geometry":{"type":"Polygon","coordinates":[[[118.25437492453678,-27.096480007045763],[118.25438793962489,-27.098504642639526],[118.25449126609668,-27.114528323906363],[118.25460768222605,-27.132575957196266],[118.27500047106145,-27.13246945554556],[118.27982913363095,-27.132443696241182],[118.27981673418444,-27.130638756483673],[118.27968658172409,-27.11168750618403],[118.27967195009536,-27.109555974135162],[118.27958129782118,-27.096345653829882],[118.26949816816145,-27.09639995718714],[118.25437492453678,-27.096480007045763]],[[118.26222643035526,-27.113053357280887],[118.26345548092253,-27.10969964589334],[118.2658257896115,-27.11039925478025],[118.26437119558187,-27.1135469317787],[118.26222643035526,-27.113053357280887]],[[118.26057805027133,-27.123848153367476],[118.26077689312,-27.121869952201838],[118.26188429321319,-27.121959069609765],[118.26169767917494,-27.123817177146183],[118.26168562036645,-27.123937246792902],[118.26057805027133,-27.123848153367476]]]},"properties":{"fmt_tenid":"M 20/45","type":"MINING LEASE","tenstatus":"LIVE","holder1":"BIG BELL GOLD OPERATIONS PTY LTD","holder2":" ","legal_area":988.8,"unit_of_me":"HA.","_colour":"#f5a520","_label":"Mining Lease"}},{"type":"Feature","geometry":{"type":"Polygon","coordinates":[[[117.83735050902747,-27.346201461666343],[117.83566535140893,-27.354174267268345],[117.83547637956146,-27.355067870582435],[117.83360008889531,-27.363935363099955],[117.83631826563847,-27.36439337803238],[117.83719554584574,-27.363142813037918],[117.83892448913609,-27.364148205508872],[117.83846703101679,-27.36475546797117],[117.8454865421568,-27.36593799207317],[117.84736452876348,-27.357070363586836],[117.84924226315208,-27.348204910370715],[117.84736142418859,-27.347888110176335],[117.84160261370988,-27.346917954074634],[117.83735050902747,-27.346201461666343]]]},"properties":{"fmt_tenid":"M 20/456","type":"MINING LEASE","tenstatus":"LIVE","holder1":"BIG BELL GOLD OPERATIONS PTY LTD","holder2":" ","legal_area":236.95,"unit_of_me":"HA.","_colour":"#f5a520","_label":"Mining Lease"}},{"type":"Feature","geometry":{"type":"Polygon","coordinates":[[[118.30141744173251,-27.18204524752313],[118.30142304735823,-27.17437637669811],[118.3004619786684,-27.175928000063156],[118.29664618934149,-27.182088026650558],[118.30141744173251,-27.18204524752313]]]},"properties":{"fmt_tenid":"M 20/476","type":"MINING LEASE","tenstatus":"LIVE","holder1":"BIG BELL GOLD OPERATIONS PTY LTD","holder2":" ","legal_area":20.091,"unit_of_me":"HA.","_colour":"#f5a520","_label":"Mining Lease"}},{"type":"Feature","geometry":{"type":"Polygon","coordinates":[[[118.25139024773664,-27.09871834685079],[118.25113046662669,-27.116765129187424],[118.25090268675511,-27.132595203057377],[118.25460768222605,-27.132575957196266],[118.25449126609668,-27.114528323906363],[118.25438793962489,-27.098504642639526],[118.25139024773664,-27.09871834685079]]]},"properties":{"fmt_tenid":"M 20/496","type":"MINING LEASE","tenstatus":"LIVE","holder1":"BIG BELL GOLD OPERATIONS PTY LTD","holder2":" ","legal_area":125.093,"unit_of_me":"HA.","_colour":"#f5a520","_label":"Mining Lease"}},{"type":"Feature","geometry":{"type":"Polygon","coordinates":[[[117.67118176595888,-27.29209483089649],[117.66953746880529,-27.29465061456242],[117.66824818372494,-27.293972588181923],[117.6662715995918,-27.29697167490993],[117.66760405559293,-27.29765599608273],[117.66451154874767,-27.302462354767684],[117.6636419413593,-27.303813808459264],[117.66238415879191,-27.305768450548126],[117.66714223851156,-27.308171818417776],[117.67025673192057,-27.303448294948293],[117.67442403443309,-27.305640722663085],[117.68006810665032,-27.297069876563963],[117.67118176595888,-27.29209483089649]]]},"properties":{"fmt_tenid":"M 20/50","type":"MINING LEASE","tenstatus":"LIVE","holder1":"BIG BELL GOLD OPERATIONS PTY LTD","holder2":" ","legal_area":154.3,"unit_of_me":"HA.","_colour":"#f5a520","_label":"Mining Lease"}},{"type":"Feature","geometry":{"type":"Polygon","coordinates":[[[118.13077153476834,-27.462918306920884],[118.12972855477761,-27.462443907126037],[118.12380448708262,-27.472802397794432],[118.11917023827684,-27.48168961041533],[118.11748433043462,-27.484922317180853],[118.11740243816027,-27.485079340077586],[118.11503573703934,-27.488812158802507],[118.11441420633867,-27.48979241314924],[118.10992988625085,-27.496864293461023],[118.11694069061744,-27.5004762773852],[118.12318198354085,-27.490630441366662],[118.12441171410927,-27.4886902652843],[118.13081238948786,-27.476415980600088],[118.13692814712716,-27.46571837329421],[118.13077153476834,-27.462918306920884]]]},"properties":{"fmt_tenid":"M 20/55","type":"MINING LEASE","tenstatus":"LIVE","holder1":"BIG BELL GOLD OPERATIONS PTY LTD","holder2":" ","legal_area":344.25,"unit_of_me":"HA.","_colour":"#f5a520","_label":"Mining Lease"}},{"type":"Feature","geometry":{"type":"Polygon","coordinates":[[[118.27567634692628,-27.066072449080245],[118.26949816816145,-27.09639995718714],[118.27958129782118,-27.096345653829882],[118.27967195009536,-27.109555974135162],[118.27968658172409,-27.11168750618403],[118.28523296641663,-27.111687402974407],[118.285233689618,-27.102725948049134],[118.28523383207529,-27.093639984428975],[118.29896911635771,-27.06724650368186],[118.27567634692628,-27.066072449080245]]]},"properties":{"fmt_tenid":"M 20/68","type":"MINING LEASE","tenstatus":"LIVE","holder1":"BIG BELL GOLD OPERATIONS PTY LTD","holder2":" ","legal_area":717.25,"unit_of_me":"HA.","_colour":"#f5a520","_label":"Mining Lease"}},{"type":"Feature","geometry":{"type":"Polygon","coordinates":[[[118.26485821768848,-27.199569268048386],[118.26511032585623,-27.162571021120403],[118.2550221011232,-27.162622697140435],[118.25300444717219,-27.162632975554583],[118.24997768674318,-27.16264836869459],[118.24972230280949,-27.199329170977542],[118.26485821768848,-27.199569268048386]]]},"properties":{"fmt_tenid":"M 20/69","type":"MINING LEASE","tenstatus":"LIVE","holder1":"BIG BELL GOLD OPERATIONS PTY LTD","holder2":" ","legal_area":612.3,"unit_of_me":"HA.","_colour":"#f5a520","_label":"Mining Lease"}},{"type":"Feature","geometry":{"type":"Polygon","coordinates":[[[118.31416431411633,-27.108831755573778],[118.32467649067128,-27.11330061221131],[118.3189934586566,-27.10479919604458],[118.32595669737952,-27.10107067733686],[118.33291698297157,-27.09734313389647],[118.3398775651083,-27.09361481206938],[118.34367850148973,-27.091578627017423],[118.34326731928655,-27.091277687875664],[118.34776120512505,-27.086357502274257],[118.35289649285824,-27.08073436223937],[118.35803062880356,-27.075111691335128],[118.36206723833985,-27.07069045246104],[118.35941525942941,-27.066607301939577],[118.35115811103282,-27.066418470871486],[118.34627037177509,-27.066509127806814],[118.34113733054826,-27.07212891066667],[118.33599494383294,-27.07775810320971],[118.33138230073087,-27.07555268402618],[118.31804702265525,-27.101328983643242],[118.31416431411633,-27.108831755573778]]]},"properties":{"fmt_tenid":"M 20/70","type":"MINING LEASE","tenstatus":"LIVE","holder1":"BIG BELL GOLD OPERATIONS PTY LTD","holder2":" ","legal_area":789.5,"unit_of_me":"HA.","_colour":"#f5a520","_label":"Mining Lease"}},{"type":"Feature","geometry":{"type":"Polygon","coordinates":[[[118.37551695376418,-27.09036102424974],[118.36771400545318,-27.078698106935263],[118.36696021848172,-27.0775866436558],[118.36206723833985,-27.07069045246104],[118.35803062880356,-27.075111691335128],[118.35289649285824,-27.08073436223937],[118.34776120512505,-27.086357502274257],[118.34326731928655,-27.091277687875664],[118.34367850148973,-27.091578627017423],[118.3398775651083,-27.09361481206938],[118.33291698297157,-27.09734313389647],[118.32595669737952,-27.10107067733686],[118.3189934586566,-27.10479919604458],[118.32467649067128,-27.11330061221131],[118.32915737589153,-27.115205508719484],[118.3337607225536,-27.112739491853883],[118.34071889655952,-27.109011597073376],[118.34768036963526,-27.10528149762742],[118.35464115469227,-27.101551298481713],[118.36159790606514,-27.097822753747646],[118.36855765268426,-27.094092058344913],[118.37551695376418,-27.09036102424974]]]},"properties":{"fmt_tenid":"M 20/71","type":"MINING LEASE","tenstatus":"LIVE","holder1":"BIG BELL GOLD OPERATIONS PTY LTD","holder2":" ","legal_area":996.6,"unit_of_me":"HA.","_colour":"#f5a520","_label":"Mining Lease"}},{"type":"Feature","geometry":{"type":"Polygon","coordinates":[[[118.3854633823802,-27.112598807034427],[118.38541409623267,-27.087799242292718],[118.38537155883242,-27.066349612288096],[118.36323633786435,-27.066694451016584],[118.35941525942941,-27.066607301939577],[118.36206723833985,-27.07069045246104],[118.36696021848172,-27.0775866436558],[118.36771400545318,-27.078698106935263],[118.37551695376418,-27.09036102424974],[118.38332062214732,-27.10202282315495],[118.37635997314854,-27.10575300468325],[118.36940092436724,-27.109481733419447],[118.36244262455949,-27.113209465114092],[118.3854633823802,-27.112598807034427]]]},"properties":{"fmt_tenid":"M 20/73","type":"MINING LEASE","tenstatus":"LIVE","holder1":"BIG BELL GOLD OPERATIONS PTY LTD","holder2":" ","legal_area":693.45,"unit_of_me":"HA.","_colour":"#f5a520","_label":"Mining Lease"}},{"type":"Feature","geometry":{"type":"Polygon","coordinates":[[[118.27500047106145,-27.13246945554556],[118.27514537836235,-27.15448841156696],[118.28979608044091,-27.15447606099942],[118.30201517429379,-27.15446434411885],[118.30202515631277,-27.15446448603739],[118.30511065608592,-27.15446152183572],[118.30487533869308,-27.14605784248225],[118.30485384432488,-27.14528806261728],[118.30443984772471,-27.130498366856447],[118.3021495917392,-27.13051161120694],[118.29796043146834,-27.13053572224324],[118.27981673418444,-27.130638756483673],[118.27982913363095,-27.132443696241182],[118.27500047106145,-27.13246945554556]]]},"properties":{"fmt_tenid":"M 20/77","type":"MINING LEASE","tenstatus":"LIVE","holder1":"BIG BELL GOLD OPERATIONS PTY LTD","holder2":" ","legal_area":770.2,"unit_of_me":"HA.","_colour":"#f5a520","_label":"Mining Lease"}},{"type":"Feature","geometry":{"type":"Polygon","coordinates":[[[117.79261068488208,-27.405998007738802],[117.80255841417716,-27.40579222623264],[117.8027442924456,-27.392192245422432],[117.79222681294814,-27.39251458868896],[117.79261068488208,-27.405998007738802]]]},"properties":{"fmt_tenid":"M 20/78","type":"MINING LEASE","tenstatus":"LIVE","holder1":"BIG BELL GOLD OPERATIONS PTY LTD","holder2":" ","legal_area":151.9,"unit_of_me":"HA.","_colour":"#f5a520","_label":"Mining Lease"}},{"type":"Feature","geometry":{"type":"Polygon","coordinates":[[[117.7340538364276,-27.18859434036858],[117.73304476104236,-27.190157573366818],[117.7264607928694,-27.200356050093497],[117.72238784351221,-27.20666395205727],[117.71886941182265,-27.212112451723357],[117.7144437611066,-27.218965060624036],[117.72167202081955,-27.2224195002934],[117.72590386216577,-27.21574504857244],[117.72932192948933,-27.210452289930977],[117.7319607693232,-27.206365739905777],[117.7334949514956,-27.20398972742801],[117.73422554959669,-27.202858196349982],[117.73127049290576,-27.201365658627484],[117.73826969397103,-27.19077056568134],[117.7340538364276,-27.18859434036858]]]},"properties":{"fmt_tenid":"M 20/98","type":"MINING LEASE","tenstatus":"LIVE","holder1":"BIG BELL GOLD OPERATIONS PTY LTD","holder2":" ","legal_area":267.15,"unit_of_me":"HA.","_colour":"#f5a520","_label":"Mining Lease"}},{"type":"Feature","geometry":{"type":"Polygon","coordinates":[[[117.62999848696666,-27.345468515727326],[117.608122213309,-27.37829621856237],[117.61057698363226,-27.379588719008883],[117.61260686024539,-27.376515122222266],[117.6168318915406,-27.370117023085793],[117.62034831292084,-27.364791329396102],[117.62457274203747,-27.358392542083],[117.62728917514572,-27.35427747198084],[117.62980216533711,-27.35549773876575],[117.63238437403818,-27.351708995268677],[117.63320915018258,-27.352145090375117],[117.63562229162312,-27.34840990188164],[117.63931937672032,-27.35035500726014],[117.6444859777555,-27.34252383666439],[117.63610191970172,-27.338060950477303],[117.63088682935198,-27.345907209968637],[117.62999848696666,-27.345468515727326]]]},"properties":{"fmt_tenid":"M 20/99","type":"MINING LEASE","tenstatus":"LIVE","holder1":"BIG BELL GOLD OPERATIONS PTY LTD","holder2":" ","legal_area":245.9,"unit_of_me":"HA.","_colour":"#f5a520","_label":"Mining Lease"}},{"type":"Feature","geometry":{"type":"MultiPolygon","coordinates":[[[[117.86521410973188,-27.48148388043509],[117.86845672789596,-27.481857240937494],[117.86734593834198,-27.486618515164842],[117.87294961097079,-27.48832571514379],[117.87632947029654,-27.48127292848321],[117.87650897204927,-27.480898334110307],[117.88060509418153,-27.47234953339547],[117.87678037435607,-27.470894234986922],[117.87516256526843,-27.470277876951453],[117.87488123435152,-27.470956816142667],[117.87671289491111,-27.47151495880159],[117.87545559283159,-27.474897814342718],[117.87369337321896,-27.474250102654917],[117.87154714073573,-27.479076854952496],[117.871076749138,-27.478892283104553],[117.8718709276826,-27.477168782246753],[117.87331852698624,-27.474112290837823],[117.87273053485849,-27.4739137988895],[117.87123074511376,-27.473407489736623],[117.86995743892892,-27.476447877667745],[117.86923356526425,-27.47816904413943],[117.86774527634749,-27.47758500986188],[117.86591585257186,-27.479992059992203],[117.86521410973188,-27.48148388043509]]],[[[117.87407882088932,-27.472319895379506],[117.87425043909637,-27.471914971171294],[117.87230680069935,-27.471583143240235],[117.87220211706392,-27.471720893531543],[117.87407882088932,-27.472319895379506]]]]},"properties":{"fmt_tenid":"M 21/10","type":"MINING LEASE","tenstatus":"LIVE","holder1":"BIG BELL GOLD OPERATIONS PTY LTD","holder2":" ","legal_area":135.55,"unit_of_me":"HA.","_colour":"#f5a520","_label":"Mining Lease"}},{"type":"Feature","geometry":{"type":"Polygon","coordinates":[[[117.86976643810185,-27.45761526795078],[117.86913933572602,-27.45968598952953],[117.87090379841314,-27.460139442890977],[117.86937437911976,-27.463857500984908],[117.86977018218637,-27.463884810720085],[117.87191086860732,-27.464032497945716],[117.87311132940941,-27.460706723756655],[117.87326372657242,-27.460082980825035],[117.87364013555047,-27.45854573948418],[117.86976643810185,-27.45761526795078]]]},"properties":{"fmt_tenid":"M 21/105","type":"MINING LEASE","tenstatus":"LIVE","holder1":"BIG BELL GOLD OPERATIONS PTY LTD","holder2":" ","legal_area":19.415,"unit_of_me":"HA.","_colour":"#f5a520","_label":"Mining Lease"}},{"type":"Feature","geometry":{"type":"Polygon","coordinates":[[[117.87369337321896,-27.474250102654917],[117.87331852698624,-27.474112290837823],[117.8718709276826,-27.477168782246753],[117.871076749138,-27.478892283104553],[117.87154714073573,-27.479076854952496],[117.87369337321896,-27.474250102654917]]]},"properties":{"fmt_tenid":"M 21/122","type":"MINING LEASE","tenstatus":"LIVE","holder1":"BIG BELL GOLD OPERATIONS PTY LTD","holder2":" ","legal_area":2.6465,"unit_of_me":"HA.","_colour":"#f5a520","_label":"Mining Lease"}},{"type":"Feature","geometry":{"type":"Polygon","coordinates":[[[117.87559449912129,-27.458790483835447],[117.87491813097918,-27.460395417827268],[117.87406591391692,-27.46241698274482],[117.87345759261828,-27.464295931165243],[117.87276086711705,-27.46644726221367],[117.87200311679814,-27.46878703982389],[117.87116090571857,-27.47138749709036],[117.87230680069935,-27.471583143240235],[117.87425043909637,-27.471914971171294],[117.87446805593886,-27.471952121292357],[117.87488123435152,-27.470956816142667],[117.87516256526843,-27.470277876951453],[117.87529125233338,-27.46996910617789],[117.87505293157525,-27.469792553228316],[117.87434629088187,-27.469269052692336],[117.87591620637708,-27.467489424283183],[117.87651254575863,-27.46681339588812],[117.87658062126918,-27.466863165444348],[117.87714133753225,-27.465512404442865],[117.87790142229463,-27.463681035883923],[117.8782288123404,-27.462892088396217],[117.87874208435906,-27.461655173743885],[117.87899708648462,-27.46104037046985],[117.87781465722409,-27.460303700474842],[117.87808640516042,-27.4599430671799],[117.87559449912129,-27.458790483835447]]]},"properties":{"fmt_tenid":"M 21/123","type":"MINING LEASE","tenstatus":"LIVE","holder1":"BIG BELL GOLD OPERATIONS PTY LTD","holder2":" ","legal_area":50.18,"unit_of_me":"HA.","_colour":"#f5a520","_label":"Mining Lease"}},{"type":"Feature","geometry":{"type":"Polygon","coordinates":[[[117.85920326401467,-27.47530206180154],[117.85496909629093,-27.47964669268117],[117.85138278539866,-27.48362337276487],[117.85364872436567,-27.485197481297735],[117.85301707986685,-27.48592068539682],[117.85944012166158,-27.4903823871302],[117.85882055137505,-27.49109180932364],[117.86094513493003,-27.49155428110026],[117.86471183701653,-27.48054090128568],[117.865077354879,-27.47947204701734],[117.85920326401467,-27.47530206180154]]]},"properties":{"fmt_tenid":"M 21/14","type":"MINING LEASE","tenstatus":"LIVE","holder1":"BIG BELL GOLD OPERATIONS PTY LTD","holder2":" ","legal_area":130.55,"unit_of_me":"HA.","_colour":"#f5a520","_label":"Mining Lease"}},{"type":"Feature","geometry":{"type":"Polygon","coordinates":[[[117.84864499887352,-27.49092619745649],[117.84364174626886,-27.496649841156213],[117.84886621443428,-27.500284488408788],[117.85006413796526,-27.501116516370768],[117.85882055137505,-27.49109180932364],[117.85944012166158,-27.4903823871302],[117.85301707986685,-27.48592068539682],[117.84864499887352,-27.49092619745649]]]},"properties":{"fmt_tenid":"M 21/141","type":"MINING LEASE","tenstatus":"LIVE","holder1":"BIG BELL GOLD OPERATIONS PTY LTD","holder2":" ","legal_area":121.315,"unit_of_me":"HA.","_colour":"#f5a520","_label":"Mining Lease"}},{"type":"Feature","geometry":{"type":"Polygon","coordinates":[[[117.88040249930037,-27.452312542380486],[117.88248814511809,-27.453348084295573],[117.88478769943809,-27.450778249523836],[117.88609747543966,-27.44940279620564],[117.88740977175279,-27.44802464750676],[117.88551405493575,-27.44674758870484],[117.88040249930037,-27.452312542380486]]]},"properties":{"fmt_tenid":"M 21/24","type":"MINING LEASE","tenstatus":"LIVE","holder1":"BIG BELL GOLD OPERATIONS PTY LTD","holder2":" ","legal_area":18.005,"unit_of_me":"HA.","_colour":"#f5a520","_label":"Mining Lease"}},{"type":"Feature","geometry":{"type":"Polygon","coordinates":[[[117.84765652958777,-27.476432479130814],[117.85035667755949,-27.478399487421935],[117.8537647529669,-27.480882372222986],[117.85496909629093,-27.47964669268117],[117.85920326401467,-27.47530206180154],[117.86055660887567,-27.473913310010605],[117.86428168196224,-27.469859053674906],[117.86632496743233,-27.467635035611252],[117.86672855930404,-27.467195730541533],[117.86977018218637,-27.463884810720085],[117.86937437911976,-27.463857500984908],[117.87090379841314,-27.460139442890977],[117.86913933572602,-27.45968598952953],[117.86976643810185,-27.45761526795078],[117.86076880389469,-27.4630713265618],[117.85915609841271,-27.46417883859015],[117.85754444760838,-27.46528558513504],[117.85644627194718,-27.464013983883383],[117.85339157810184,-27.466108460644804],[117.85487547799097,-27.467830665066103],[117.85166560812682,-27.470030024202686],[117.85314996899552,-27.471753457684088],[117.84765652958777,-27.476432479130814]]]},"properties":{"fmt_tenid":"M 21/44","type":"MINING LEASE","tenstatus":"LIVE","holder1":"BIG BELL GOLD OPERATIONS PTY LTD","holder2":" ","legal_area":217.1,"unit_of_me":"HA.","_colour":"#f5a520","_label":"Mining Lease"}},{"type":"Feature","geometry":{"type":"Polygon","coordinates":[[[117.84403251364941,-27.492753982944034],[117.84170642195546,-27.495221861020813],[117.84364174626886,-27.496649841156213],[117.84864499887352,-27.49092619745649],[117.85301707986685,-27.48592068539682],[117.85364872436567,-27.485197481297735],[117.85138278539866,-27.48362337276487],[117.85381906948464,-27.480921940789592],[117.8537647529669,-27.480882372222986],[117.85035667755949,-27.478399487421935],[117.84010112944001,-27.489564716431087],[117.84403251364941,-27.492753982944034]]]},"properties":{"fmt_tenid":"M 21/49","type":"MINING LEASE","tenstatus":"LIVE","holder1":"BIG BELL GOLD OPERATIONS PTY LTD","holder2":" ","legal_area":117.6,"unit_of_me":"HA.","_colour":"#f5a520","_label":"Mining Lease"}},{"type":"Feature","geometry":{"type":"Polygon","coordinates":[[[117.87326372657242,-27.460082980825035],[117.87491813097918,-27.460395417827268],[117.87559449912129,-27.458790483835447],[117.87483156660275,-27.458376425394118],[117.87326372657242,-27.460082980825035]]]},"properties":{"fmt_tenid":"M 21/55","type":"MINING LEASE","tenstatus":"LIVE","holder1":"BIG BELL GOLD OPERATIONS PTY LTD","holder2":" ","legal_area":2.6390000000000002,"unit_of_me":"HA.","_colour":"#f5a520","_label":"Mining Lease"}},{"type":"Feature","geometry":{"type":"Polygon","coordinates":[[[117.87808640516042,-27.4599430671799],[117.87781465722409,-27.460303700474842],[117.87899708648462,-27.46104037046985],[117.87986885355208,-27.46158343245533],[117.88197871693136,-27.458443996780712],[117.87994240498779,-27.457478873558117],[117.87808640516042,-27.4599430671799]]]},"properties":{"fmt_tenid":"M 21/56","type":"MINING LEASE","tenstatus":"LIVE","holder1":"BIG BELL GOLD OPERATIONS PTY LTD","holder2":" ","legal_area":9.2865,"unit_of_me":"HA.","_colour":"#f5a520","_label":"Mining Lease"}},{"type":"Feature","geometry":{"type":"Polygon","coordinates":[[[117.88804217553452,-27.44399492505909],[117.8939461834916,-27.43756580436529],[117.89472887309749,-27.436713429838864],[117.89545694382697,-27.435920521508272],[117.88900672694362,-27.431203788059427],[117.88696085735326,-27.429707917493506],[117.88578479883974,-27.42884799175597],[117.88379160811726,-27.42739052959247],[117.88275103232785,-27.426629616088636],[117.87334508996406,-27.43686841608576],[117.87291923468472,-27.437331897391488],[117.87136284482958,-27.43902575712092],[117.86979352100202,-27.4407336230433],[117.86487623647655,-27.446827211986825],[117.86383870454671,-27.448112832035765],[117.86177060524619,-27.45042278737239],[117.85609408668876,-27.456753314967568],[117.85630575109599,-27.45789298096363],[117.85687320247935,-27.458558082716195],[117.85701709772718,-27.458725029264265],[117.8577910104127,-27.459622899927094],[117.86076880389469,-27.4630713265618],[117.86976643810185,-27.45761526795078],[117.87364013555047,-27.45854573948418],[117.87326372657242,-27.460082980825035],[117.87483156660275,-27.458376425394118],[117.87636419122809,-27.456708567891724],[117.87669471062742,-27.45634887509745],[117.88040249930037,-27.452312542380486],[117.88551405493575,-27.44674758870484],[117.88605552468289,-27.446158043056553],[117.88804217553452,-27.44399492505909]]]},"properties":{"fmt_tenid":"M 21/65","type":"MINING LEASE","tenstatus":"LIVE","holder1":"BIG BELL GOLD OPERATIONS PTY LTD","holder2":" ","legal_area":644.8,"unit_of_me":"HA.","_colour":"#f5a520","_label":"Mining Lease"}},{"type":"Feature","geometry":{"type":"Polygon","coordinates":[[[117.84746170170762,-27.453235175405997],[117.85069340611179,-27.45703807093757],[117.85167901565342,-27.458185527078204],[117.85217250244172,-27.458754794404623],[117.85307694660348,-27.45980442841567],[117.85452786931786,-27.458807761990265],[117.85469266926995,-27.458999125267773],[117.85495082248605,-27.458822103547476],[117.85562973216835,-27.458356553534372],[117.85630575109599,-27.45789298096363],[117.85609408668876,-27.456753314967568],[117.86177060524619,-27.45042278737239],[117.85843359647859,-27.45047874124461],[117.85015671393568,-27.45087922087026],[117.84888022229082,-27.45201002818578],[117.84746170170762,-27.453235175405997]]]},"properties":{"fmt_tenid":"M 21/69","type":"MINING LEASE","tenstatus":"LIVE","holder1":"BIG BELL GOLD OPERATIONS PTY LTD","holder2":" ","legal_area":78.23,"unit_of_me":"HA.","_colour":"#f5a520","_label":"Mining Lease"}},{"type":"Feature","geometry":{"type":"Polygon","coordinates":[[[117.81942763494743,-27.51206787815942],[117.8204661553838,-27.51093784530004],[117.82680993480906,-27.504034363792222],[117.83609830065973,-27.493921112958976],[117.83741513067959,-27.49248795898727],[117.84010112944001,-27.489564716431087],[117.85035667755949,-27.478399487421935],[117.84765652958777,-27.476432479130814],[117.85314996899552,-27.471753457684088],[117.85166560812682,-27.470030024202686],[117.85487547799097,-27.467830665066103],[117.85339157810184,-27.466108460644804],[117.85644627194718,-27.464013983883383],[117.85754444760838,-27.46528558513504],[117.85915609841271,-27.46417883859015],[117.86076880389469,-27.4630713265618],[117.8577910104127,-27.459622899927094],[117.85701709772718,-27.458725029264265],[117.85687320247935,-27.458558082716195],[117.85630575109599,-27.45789298096363],[117.85562973216835,-27.458356553534372],[117.85495082248605,-27.458822103547476],[117.85469266926995,-27.458999125267773],[117.85452786931786,-27.458807761990265],[117.85307694660348,-27.45980442841567],[117.85217250244172,-27.458754794404623],[117.85167901565342,-27.458185527078204],[117.85069340611179,-27.45703807093757],[117.84747588793302,-27.459241396177237],[117.84426859545881,-27.46144060252127],[117.84138160604738,-27.45808775624234],[117.83665318927682,-27.45912280648128],[117.8390930258717,-27.461948895240155],[117.84130491925596,-27.464510792480002],[117.84168970012983,-27.465081965594003],[117.84165876825622,-27.46511418367661],[117.84223939568395,-27.46540812793351],[117.83359591262143,-27.47564203254611],[117.80662452954219,-27.503094294510518],[117.81942763494743,-27.51206787815942]]]},"properties":{"fmt_tenid":"M 21/7","type":"MINING LEASE","tenstatus":"LIVE","holder1":"BIG BELL GOLD OPERATIONS PTY LTD","holder2":" ","legal_area":999.9,"unit_of_me":"HA.","_colour":"#f5a520","_label":"Mining Lease"}},{"type":"Feature","geometry":{"type":"Polygon","coordinates":[[[118.02101881650113,-27.564606633848218],[118.02184057767619,-27.566086718324694],[118.02226356215981,-27.565210886568835],[118.0298449880322,-27.56841045736812],[118.04140437956357,-27.57290175658893],[118.04880596825129,-27.55608170784544],[118.04892080322773,-27.54001186858766],[118.0489311615543,-27.53867675011419],[118.04898732284815,-27.530987698488854],[118.03791958038367,-27.535206223571613],[118.03691422686708,-27.53486578417006],[118.0359127489517,-27.536940669886377],[118.03408253037128,-27.53653614858448],[118.02101881650113,-27.564606633848218]],[[118.04446966580647,-27.53668019120229],[118.04665348414544,-27.537657496128396],[118.04864832786588,-27.53855018562528],[118.04664907338936,-27.542100086960655],[118.04422170065335,-27.545375766625543],[118.04220076250212,-27.54447167036444],[118.04034266654749,-27.547100609825865],[118.03827439085362,-27.546277478809092],[118.04014748345301,-27.54362904986956],[118.0407289700326,-27.542806744012303],[118.04264192892846,-27.539924973049335],[118.04322790782695,-27.53888475242628],[118.04330696021422,-27.538744419344475],[118.04446966580647,-27.53668019120229]]]},"properties":{"fmt_tenid":"M 21/72","type":"MINING LEASE","tenstatus":"LIVE","holder1":"BIG BELL GOLD OPERATIONS PTY LTD","holder2":" ","legal_area":745.3,"unit_of_me":"HA.","_colour":"#f5a520","_label":"Mining Lease"}},{"type":"Feature","geometry":{"type":"Polygon","coordinates":[[[117.86539818871955,-27.4372851859327],[117.8592057943088,-27.43738691151696],[117.85892033822641,-27.442210074332852],[117.85873794473892,-27.445291678465978],[117.85843359647859,-27.45047874124461],[117.86177060524619,-27.45042278737239],[117.86383870454671,-27.448112832035765],[117.86487623647655,-27.446827211986825],[117.86539818871955,-27.4372851859327]]]},"properties":{"fmt_tenid":"M 21/74","type":"MINING LEASE","tenstatus":"LIVE","holder1":"BIG BELL GOLD OPERATIONS PTY LTD","holder2":" ","legal_area":83.62,"unit_of_me":"HA.","_colour":"#f5a520","_label":"Mining Lease"}},{"type":"Feature","geometry":{"type":"Polygon","coordinates":[[[117.86632496743233,-27.467635035611252],[117.86428168196224,-27.469859053674906],[117.86741631833213,-27.469827365958576],[117.86740891997252,-27.46767468878925],[117.86632496743233,-27.467635035611252]]]},"properties":{"fmt_tenid":"M 21/75","type":"MINING LEASE","tenstatus":"LIVE","holder1":"BIG BELL GOLD OPERATIONS PTY LTD","holder2":" ","legal_area":5.0585,"unit_of_me":"HA.","_colour":"#f5a520","_label":"Mining Lease"}},{"type":"Feature","geometry":{"type":"Polygon","coordinates":[[[118.04330696021422,-27.538744419344475],[118.04322790782695,-27.53888475242628],[118.04264192892846,-27.539924973049335],[118.0407289700326,-27.542806744012303],[118.04014748345301,-27.54362904986956],[118.03827439085362,-27.546277478809092],[118.04034266654749,-27.547100609825865],[118.04220076250212,-27.54447167036444],[118.04422170065335,-27.545375766625543],[118.04664907338936,-27.542100086960655],[118.04864832786588,-27.53855018562528],[118.04665348414544,-27.537657496128396],[118.04446966580647,-27.53668019120229],[118.04330696021422,-27.538744419344475]]]},"properties":{"fmt_tenid":"M 21/8","type":"MINING LEASE","tenstatus":"LIVE","holder1":"BIG BELL GOLD OPERATIONS PTY LTD","holder2":" ","legal_area":47.68,"unit_of_me":"HA.","_colour":"#f5a520","_label":"Mining Lease"}},{"type":"Feature","geometry":{"type":"Polygon","coordinates":[[[117.86471183701653,-27.48054090128568],[117.86094513493003,-27.49155428110026],[117.86572506286387,-27.493748412914027],[117.86734593834198,-27.486618515164842],[117.86845672789596,-27.481857240937494],[117.86521410973188,-27.48148388043509],[117.86591585257186,-27.479992059992203],[117.86527532079121,-27.480841290097597],[117.86471183701653,-27.48054090128568]]]},"properties":{"fmt_tenid":"M 21/83","type":"MINING LEASE","tenstatus":"LIVE","holder1":"BIG BELL GOLD OPERATIONS PTY LTD","holder2":" ","legal_area":58.425,"unit_of_me":"HA.","_colour":"#f5a520","_label":"Mining Lease"}},{"type":"Feature","geometry":{"type":"MultiPolygon","coordinates":[[[[117.86632496743233,-27.467635035611252],[117.86740891997252,-27.46767468878925],[117.86741631833213,-27.469827365958576],[117.86428168196224,-27.469859053674906],[117.86055660887567,-27.473913310010605],[117.85920326401467,-27.47530206180154],[117.865077354879,-27.47947204701734],[117.86471183701653,-27.48054090128568],[117.86527532079121,-27.480841290097597],[117.86591585257186,-27.479992059992203],[117.86774527634749,-27.47758500986188],[117.86923356526425,-27.47816904413943],[117.86995743892892,-27.476447877667745],[117.87123074511376,-27.473407489736623],[117.87273053485849,-27.4739137988895],[117.87331852698624,-27.474112290837823],[117.87407882088932,-27.472319895379506],[117.87220211706392,-27.471720893531543],[117.87230680069935,-27.471583143240235],[117.87116090571857,-27.47138749709036],[117.87200311679814,-27.46878703982389],[117.87276086711705,-27.46644726221367],[117.87345759261828,-27.464295931165243],[117.87406591391692,-27.46241698274482],[117.87491813097918,-27.460395417827268],[117.87326372657242,-27.460082980825035],[117.87311132940941,-27.460706723756655],[117.87191086860732,-27.464032497945716],[117.86977018218637,-27.463884810720085],[117.86672855930404,-27.467195730541533],[117.86632496743233,-27.467635035611252]]],[[[117.87714133753225,-27.465512404442865],[117.87658062126918,-27.466863165444348],[117.87651254575863,-27.46681339588812],[117.87591620637708,-27.467489424283183],[117.87434629088187,-27.469269052692336],[117.87505293157525,-27.469792553228316],[117.87529125233338,-27.46996910617789],[117.87516256526843,-27.470277876951453],[117.87678037435607,-27.470894234986922],[117.88187646794393,-27.47089696093445],[117.88160203612216,-27.462843553584964],[117.88197871693136,-27.458443996780712],[117.87986885355208,-27.46158343245533],[117.87899708648462,-27.46104037046985],[117.87874208435906,-27.461655173743885],[117.8782288123404,-27.462892088396217],[117.87790142229463,-27.463681035883923],[117.87714133753225,-27.465512404442865]]],[[[117.87669471062742,-27.45634887509745],[117.87636419122809,-27.456708567891724],[117.87483156660275,-27.458376425394118],[117.87559449912129,-27.458790483835447],[117.87808640516042,-27.4599430671799],[117.87994240498779,-27.457478873558117],[117.88197871693136,-27.458443996780712],[117.88207653850287,-27.457301402033337],[117.88218124164568,-27.456073763105337],[117.87669471062742,-27.45634887509745]]]]},"properties":{"fmt_tenid":"M 21/89","type":"MINING LEASE","tenstatus":"LIVE","holder1":"BIG BELL GOLD OPERATIONS PTY LTD","holder2":" ","legal_area":203.25,"unit_of_me":"HA.","_colour":"#f5a520","_label":"Mining Lease"}},{"type":"Feature","geometry":{"type":"Polygon","coordinates":[[[117.84059425291925,-27.50027176373928],[117.84364174626886,-27.496649841156213],[117.84170642195546,-27.495221861020813],[117.84403251364941,-27.492753982944034],[117.84010112944001,-27.489564716431087],[117.83741513067959,-27.49248795898727],[117.84059425291925,-27.50027176373928]]]},"properties":{"fmt_tenid":"M 21/96","type":"MINING LEASE","tenstatus":"LIVE","holder1":"BIG BELL GOLD OPERATIONS PTY LTD","holder2":" ","legal_area":40.017,"unit_of_me":"HA.","_colour":"#f5a520","_label":"Mining Lease"}},{"type":"Feature","geometry":{"type":"Polygon","coordinates":[[[117.87369337321896,-27.474250102654917],[117.87545559283159,-27.474897814342718],[117.87671289491111,-27.47151495880159],[117.87488123435152,-27.470956816142667],[117.87446805593886,-27.471952121292357],[117.87425043909637,-27.471914971171294],[117.87407882088932,-27.472319895379506],[117.87331852698624,-27.474112290837823],[117.87369337321896,-27.474250102654917]]]},"properties":{"fmt_tenid":"M 21/97","type":"MINING LEASE","tenstatus":"LIVE","holder1":"BIG BELL GOLD OPERATIONS PTY LTD","holder2":" ","legal_area":8.285,"unit_of_me":"HA.","_colour":"#f5a520","_label":"Mining Lease"}},{"type":"Feature","geometry":{"type":"Polygon","coordinates":[[[118.34826627667285,-26.914957028961307],[118.34938590145703,-26.91459620390438],[118.35055217171282,-26.91422033465703],[118.35108648498935,-26.91404813071792],[118.350724443402,-26.91139628571209],[118.34801634121017,-26.912260851057546],[118.34811800821507,-26.913357588669847],[118.34826627667285,-26.914957028961307]]]},"properties":{"fmt_tenid":"M 51/12","type":"MINING LEASE","tenstatus":"LIVE","holder1":"BIG BELL GOLD OPERATIONS PTY LTD","holder2":" ","legal_area":8.45,"unit_of_me":"HA.","_colour":"#f5a520","_label":"Mining Lease"}},{"type":"Feature","geometry":{"type":"MultiPolygon","coordinates":[[[[118.38601386165531,-26.72270668367678],[118.39377990021597,-26.724585887497664],[118.40154021043902,-26.7264632181804],[118.40930507057286,-26.72834112803464],[118.41581330222594,-26.729692162932146],[118.41610426458189,-26.729752555533295],[118.41687783545007,-26.72752378814195],[118.42421230520026,-26.730052920952517],[118.42424448694055,-26.729993671958123],[118.43425259080091,-26.71156618068902],[118.43190479286639,-26.7109223677471],[118.41755953252414,-26.70651762474417],[118.41494548161009,-26.713380856574847],[118.41887382701148,-26.714587547948888],[118.41817971309793,-26.716423958235307],[118.4132275603067,-26.7152698974122],[118.40546228548176,-26.713392061333906],[118.40938413650203,-26.700321155208137],[118.4016246106281,-26.69844290418602],[118.39927081221711,-26.706286356437282],[118.3977016528945,-26.71151463328083],[118.38993734550724,-26.709635998584325],[118.38601386165531,-26.72270668367678]]],[[[118.41662900270246,-26.702285928357366],[118.41523440657164,-26.705733390701813],[118.41600938756642,-26.705994786697413],[118.41755953252414,-26.70651762474417],[118.41891566744738,-26.703074020143724],[118.41707548247452,-26.702439809716918],[118.41662900270246,-26.702285928357366]]]]},"properties":{"fmt_tenid":"M 51/132","type":"MINING LEASE","tenstatus":"LIVE","holder1":"BIG BELL GOLD OPERATIONS PTY LTD","holder2":" ","legal_area":867.55,"unit_of_me":"HA.","_colour":"#f5a520","_label":"Mining Lease"}},{"type":"Feature","geometry":{"type":"Polygon","coordinates":[[[118.44105107303118,-26.684830359566106],[118.442962411504,-26.6854231619273],[118.44375432760883,-26.68336267950512],[118.44359880487006,-26.683314444833094],[118.44279264419367,-26.683064416480143],[118.4418430201927,-26.682769896306038],[118.44105107303118,-26.684830359566106]]]},"properties":{"fmt_tenid":"M 51/161","type":"MINING LEASE","tenstatus":"LIVE","holder1":"BIG BELL GOLD OPERATIONS PTY LTD","holder2":" ","legal_area":4.861,"unit_of_me":"HA.","_colour":"#f5a520","_label":"Mining Lease"}},{"type":"Feature","geometry":{"type":"Polygon","coordinates":[[[118.44959165120228,-26.60287439950976],[118.44700019971235,-26.610633005326758],[118.44521169754317,-26.61598699552051],[118.4394074866523,-26.61450867397056],[118.43767186249931,-26.618757867741632],[118.43699762053681,-26.62040846559798],[118.45062420897418,-26.624955547502573],[118.45113394275457,-26.62371041723786],[118.45339218956816,-26.618193849231297],[118.45272859537691,-26.6180148300462],[118.4572840996736,-26.604949842062023],[118.44959165120228,-26.60287439950976]]]},"properties":{"fmt_tenid":"M 51/180","type":"MINING LEASE","tenstatus":"LIVE","holder1":"BIG BELL GOLD OPERATIONS PTY LTD","holder2":" ","legal_area":228.6,"unit_of_me":"HA.","_colour":"#f5a520","_label":"Mining Lease"}},{"type":"Feature","geometry":{"type":"Polygon","coordinates":[[[118.41703836970646,-26.666904813385063],[118.42125118108004,-26.668646687562685],[118.42319188429093,-26.669137151465396],[118.42371218782955,-26.66686957305692],[118.42265967913991,-26.666539824179033],[118.42372691739577,-26.663246094304288],[118.42555644061656,-26.659697956829884],[118.42700378187236,-26.65840713437473],[118.42820201247338,-26.659352129588466],[118.42897417994878,-26.65728138435934],[118.42301677747453,-26.655570188605804],[118.41703836970646,-26.666904813385063]]]},"properties":{"fmt_tenid":"M 51/187","type":"MINING LEASE","tenstatus":"LIVE","holder1":"BIG BELL GOLD OPERATIONS PTY LTD","holder2":" ","legal_area":71.62,"unit_of_me":"HA.","_colour":"#f5a520","_label":"Mining Lease"}},{"type":"Feature","geometry":{"type":"MultiPolygon","coordinates":[[[[118.41755953252414,-26.70651762474417],[118.43190479286639,-26.7109223677471],[118.43451789435954,-26.70405731672393],[118.43609918504553,-26.699902568821166],[118.43712995768698,-26.697194095281056],[118.43974318497881,-26.690326933254777],[118.43347883343641,-26.688403212121546],[118.4311584119314,-26.687690547176548],[118.42889024603102,-26.686993887583977],[118.42540188178066,-26.685922368218552],[118.42109181358711,-26.684598309002226],[118.42051855748548,-26.68556558384962],[118.41914774374948,-26.68779374879088],[118.41807378499482,-26.69006535791211],[118.42015992543244,-26.69106451729524],[118.41744316841714,-26.697620434303655],[118.4151911548397,-26.696848110723387],[118.41292471406754,-26.69606970598349],[118.41086290807458,-26.695391807485148],[118.40938413650203,-26.700321155208137],[118.41714731902742,-26.70220025350359],[118.41707548247452,-26.702439809716918],[118.41891566744738,-26.703074020143724],[118.41755953252414,-26.70651762474417]],[[118.4243502265297,-26.702529794356888],[118.42487362537437,-26.70109530442721],[118.42560921768113,-26.69907918056661],[118.42753061828493,-26.699644209173282],[118.42701283824084,-26.701752383507728],[118.42665527973863,-26.703208154325694],[118.42473442622473,-26.702642863841703],[118.4243502265297,-26.702529794356888]]],[[[118.4132275603067,-26.7152698974122],[118.41817971309793,-26.716423958235307],[118.41887382701148,-26.714587547948888],[118.41494548161009,-26.713380856574847],[118.41755953252414,-26.70651762474417],[118.41600938756642,-26.705994786697413],[118.4132275603067,-26.7152698974122]]]]},"properties":{"fmt_tenid":"M 51/190","type":"MINING LEASE","tenstatus":"LIVE","holder1":"BIG BELL GOLD OPERATIONS PTY LTD","holder2":" ","legal_area":491.15,"unit_of_me":"HA.","_colour":"#f5a520","_label":"Mining Lease"}},{"type":"Feature","geometry":{"type":"Polygon","coordinates":[[[118.533796186589,-26.53199005948201],[118.54382275388065,-26.531928438714058],[118.5439533292339,-26.513862486077024],[118.53369951676059,-26.51379437623936],[118.533796186589,-26.53199005948201]]]},"properties":{"fmt_tenid":"M 51/199","type":"MINING LEASE","tenstatus":"LIVE","holder1":"BIG BELL GOLD OPERATIONS PTY LTD","holder2":" ","legal_area":203.05,"unit_of_me":"HA.","_colour":"#f5a520","_label":"Mining Lease"}},{"type":"Feature","geometry":{"type":"Polygon","coordinates":[[[118.48722372955108,-26.622857330324884],[118.47853698560972,-26.648837634820683],[118.4777703380195,-26.653260544663038],[118.47607796771139,-26.663022833472183],[118.47353469757219,-26.676516590503947],[118.4884048567069,-26.67880149211363],[118.49263841193473,-26.66592271406144],[118.49621354000352,-26.652946091015934],[118.48825908014524,-26.651286939202063],[118.49151059346516,-26.639021163122536],[118.49584645276784,-26.625240900910363],[118.49545737901211,-26.62514319546074],[118.49553681075027,-26.62488763010128],[118.49094546496069,-26.623731789393794],[118.49002848755678,-26.620204697956904],[118.49446626896723,-26.61928598521461],[118.49582169110761,-26.617507867010772],[118.48987347193533,-26.615867402313977],[118.48722372955108,-26.622857330324884]]]},"properties":{"fmt_tenid":"M 51/200","type":"MINING LEASE","tenstatus":"LIVE","holder1":"BIG BELL GOLD OPERATIONS PTY LTD","holder2":" ","legal_area":817.7,"unit_of_me":"HA.","_colour":"#f5a520","_label":"Mining Lease"}},{"type":"Feature","geometry":{"type":"Polygon","coordinates":[[[118.35829935930444,-26.890197750892572],[118.36160987488554,-26.89007632626731],[118.36111366874354,-26.87920098456491],[118.35823700517318,-26.879306882647008],[118.35381275732259,-26.879469637803567],[118.35389252294921,-26.881216543199127],[118.35405135364574,-26.88469487027624],[118.3541815387924,-26.887545751070036],[118.35430932494111,-26.8903439969108],[118.35829935930444,-26.890197750892572]]]},"properties":{"fmt_tenid":"M 51/203","type":"MINING LEASE","tenstatus":"LIVE","holder1":"BIG BELL GOLD OPERATIONS PTY LTD","holder2":" ","legal_area":87.565,"unit_of_me":"HA.","_colour":"#f5a520","_label":"Mining Lease"}},{"type":"Feature","geometry":{"type":"Polygon","coordinates":[[[118.40938413650203,-26.700321155208137],[118.40546228548176,-26.713392061333906],[118.4132275603067,-26.7152698974122],[118.41600938756642,-26.705994786697413],[118.41523440657164,-26.705733390701813],[118.41662900270246,-26.702285928357366],[118.41707548247452,-26.702439809716918],[118.41714731902742,-26.70220025350359],[118.40938413650203,-26.700321155208137]]]},"properties":{"fmt_tenid":"M 51/209","type":"MINING LEASE","tenstatus":"LIVE","holder1":"BIG BELL GOLD OPERATIONS PTY LTD","holder2":" ","legal_area":117.4,"unit_of_me":"HA.","_colour":"#f5a520","_label":"Mining Lease"}},{"type":"Feature","geometry":{"type":"Polygon","coordinates":[[[118.46297599821688,-26.635264576409096],[118.4413695935335,-26.690924249448372],[118.43974318497881,-26.690326933254777],[118.43712995768698,-26.697194095281056],[118.43609918504553,-26.699902568821166],[118.43451789435954,-26.70405731672393],[118.43190479286639,-26.7109223677471],[118.43425259080091,-26.71156618068902],[118.43536661460215,-26.710286220951716],[118.43868724931036,-26.70443680817807],[118.45115305706682,-26.682471795652894],[118.45590958068047,-26.670753670830173],[118.46716663115365,-26.649572342756766],[118.46518174785088,-26.648986808690807],[118.46883378908444,-26.637650724437794],[118.47066166687209,-26.631976030519496],[118.47064577996856,-26.631065370142974],[118.47297466664521,-26.626469724679843],[118.47258077094676,-26.626471907922934],[118.48212696272927,-26.598121639023187],[118.4829201676219,-26.595912343724702],[118.47982020261635,-26.59654030811976],[118.47654394978315,-26.59695537727278],[118.4726712331581,-26.609099842569464],[118.46906920159498,-26.619434738291847],[118.46811720494831,-26.622165875227118],[118.46867811577529,-26.6223078972773],[118.46699212350678,-26.624991472247743],[118.46981623461338,-26.624838215000505],[118.46515396209575,-26.63518781391545],[118.46297599821688,-26.635264576409096]]]},"properties":{"fmt_tenid":"M 51/211","type":"MINING LEASE","tenstatus":"LIVE","holder1":"BIG BELL GOLD OPERATIONS PTY LTD","holder2":" ","legal_area":782.05,"unit_of_me":"HA.","_colour":"#f5a520","_label":"Mining Lease"}},{"type":"Feature","geometry":{"type":"Polygon","coordinates":[[[118.2980182706296,-27.028217258118318],[118.29540721194377,-27.037788962788007],[118.29522157577233,-27.038561589430206],[118.29203519234736,-27.047779643407164],[118.28335911969735,-27.047226928104532],[118.28228468911746,-27.04715844326235],[118.28280142979098,-27.04062497906734],[118.283081333937,-27.03708565641302],[118.27952528462185,-27.03653773727531],[118.27941752043458,-27.036521130975093],[118.27947160020769,-27.037266560624598],[118.2796613019386,-27.039927731752968],[118.27864282848086,-27.039972109472146],[118.27772674917261,-27.040012099924745],[118.27650622911482,-27.055520774903417],[118.27567634692628,-27.066072449080245],[118.29896911635771,-27.06724650368186],[118.30140146489714,-27.067368631364783],[118.3047875664462,-27.06753882201331],[118.30454637498664,-27.048846046811175],[118.3043070378714,-27.030256507925163],[118.2980182706296,-27.028217258118318]]]},"properties":{"fmt_tenid":"M 51/233","type":"MINING LEASE","tenstatus":"LIVE","holder1":"BIG BELL GOLD OPERATIONS PTY LTD","holder2":" ","legal_area":841.85,"unit_of_me":"HA.","_colour":"#f5a520","_label":"Mining Lease"}},{"type":"Feature","geometry":{"type":"Polygon","coordinates":[[[118.31051649197941,-27.019339320806044],[118.30893842801169,-27.028576386635024],[118.32539452613885,-27.029995170849556],[118.32559005526966,-27.022330864611153],[118.31051649197941,-27.019339320806044]]]},"properties":{"fmt_tenid":"M 51/235","type":"MINING LEASE","tenstatus":"LIVE","holder1":"BIG BELL GOLD OPERATIONS PTY LTD","holder2":" ","legal_area":148.65,"unit_of_me":"HA.","_colour":"#f5a520","_label":"Mining Lease"}},{"type":"Feature","geometry":{"type":"Polygon","coordinates":[[[118.36444218072947,-27.01142631204118],[118.35948553472497,-27.025395335882457],[118.35140355871945,-27.048712816230392],[118.35115811103282,-27.066418470871486],[118.35941525942941,-27.066607301939577],[118.36323633786435,-27.066694451016584],[118.3725629422599,-27.038463605269957],[118.37258000646733,-27.032031524940304],[118.37258234802448,-27.03114890269647],[118.38068374466005,-27.015379217636372],[118.38299533514976,-27.01087876235647],[118.36444218072947,-27.01142631204118]]]},"properties":{"fmt_tenid":"M 51/236","type":"MINING LEASE","tenstatus":"LIVE","holder1":"BIG BELL GOLD OPERATIONS PTY LTD","holder2":" ","legal_area":991.85,"unit_of_me":"HA.","_colour":"#f5a520","_label":"Mining Lease"}},{"type":"Feature","geometry":{"type":"Polygon","coordinates":[[[118.38701068091764,-26.9592683350873],[118.3847219383773,-26.963929077625068],[118.38396505441088,-26.965470471523943],[118.37581354028006,-26.982065794852822],[118.37319318786352,-26.987399457189976],[118.37197764873837,-26.989873469474855],[118.36751032946512,-26.998964844984396],[118.36444218072947,-27.01142631204118],[118.38299533514976,-27.01087876235647],[118.38595945871543,-27.005520077369123],[118.38792538557401,-27.00063047649242],[118.39786955352288,-26.965398584328838],[118.39959929294552,-26.9592679804181],[118.38701068091764,-26.9592683350873]]]},"properties":{"fmt_tenid":"M 51/237","type":"MINING LEASE","tenstatus":"LIVE","holder1":"BIG BELL GOLD OPERATIONS PTY LTD","holder2":" ","legal_area":998,"unit_of_me":"HA.","_colour":"#f5a520","_label":"Mining Lease"}},{"type":"Feature","geometry":{"type":"Polygon","coordinates":[[[118.4129800899228,-27.045925894946553],[118.40925019789515,-27.048685823504854],[118.38537155883242,-27.066349612288096],[118.38541409623267,-27.087799242292718],[118.38809737603023,-27.0877992431469],[118.41846266813445,-27.070766278638807],[118.41834820380876,-27.068783038086874],[118.41807024255458,-27.04855789460927],[118.41833249039337,-27.045070550786388],[118.4129800899228,-27.045925894946553]]]},"properties":{"fmt_tenid":"M 51/254","type":"MINING LEASE","tenstatus":"LIVE","holder1":"BIG BELL GOLD OPERATIONS PTY LTD","holder2":" ","legal_area":924.35,"unit_of_me":"HA.","_colour":"#f5a520","_label":"Mining Lease"}},{"type":"Feature","geometry":{"type":"Polygon","coordinates":[[[118.46716663115365,-26.649572342756766],[118.45590958068047,-26.670753670830173],[118.47353469757219,-26.676516590503947],[118.47607796771139,-26.663022833472183],[118.4777703380195,-26.653260544663038],[118.47853698560972,-26.648837634820683],[118.48722372955108,-26.622857330324884],[118.48987347193533,-26.615867402313977],[118.49122336606644,-26.611883745004565],[118.4847306886548,-26.610114049104457],[118.48326784664076,-26.609759521935274],[118.47738826446007,-26.618126570565046],[118.47297466664521,-26.626469724679843],[118.47064577996856,-26.631065370142974],[118.47066166687209,-26.631976030519496],[118.48057077434109,-26.634181794764242],[118.47527162102524,-26.65196294335325],[118.47463877982858,-26.65177630377804],[118.46716663115365,-26.649572342756766]]]},"properties":{"fmt_tenid":"M 51/256","type":"MINING LEASE","tenstatus":"LIVE","holder1":"BIG BELL GOLD OPERATIONS PTY LTD","holder2":" ","legal_area":741.75,"unit_of_me":"HA.","_colour":"#f5a520","_label":"Mining Lease"}},{"type":"Feature","geometry":{"type":"Polygon","coordinates":[[[118.47353469757219,-26.676516590503947],[118.45590958068047,-26.670753670830173],[118.45115305706682,-26.682471795652894],[118.43868724931036,-26.70443680817807],[118.46857577044797,-26.705377063401876],[118.46896419936583,-26.685207655615166],[118.4760326526037,-26.684801630272567],[118.4763897981881,-26.680338361926708],[118.47647961603975,-26.67921585387234],[118.4884048567069,-26.67880149211363],[118.47353469757219,-26.676516590503947]]]},"properties":{"fmt_tenid":"M 51/257","type":"MINING LEASE","tenstatus":"LIVE","holder1":"BIG BELL GOLD OPERATIONS PTY LTD","holder2":" ","legal_area":849.5,"unit_of_me":"HA.","_colour":"#f5a520","_label":"Mining Lease"}},{"type":"Feature","geometry":{"type":"Polygon","coordinates":[[[118.4304906992587,-26.657055327793273],[118.42855878319354,-26.659633491079735],[118.43030482491898,-26.66116163017615],[118.42910731406842,-26.662487699317527],[118.42739930897777,-26.66092348785576],[118.42609110250001,-26.664154736782827],[118.42570093942929,-26.665147968512215],[118.42488081320968,-26.66723568932458],[118.42371218782955,-26.66686957305692],[118.42319188429093,-26.669137151465396],[118.42125118108004,-26.668646687562685],[118.42047074844493,-26.66844944471636],[118.41938809637148,-26.67038442159558],[118.41839413254644,-26.67252363889882],[118.41946431231312,-26.673060383664918],[118.41775463095252,-26.676291288173203],[118.41617309157114,-26.679079755457458],[118.41466410523947,-26.682949005556782],[118.41647621856166,-26.68357659225487],[118.41882067450015,-26.684146358365183],[118.42051855748548,-26.68556558384962],[118.42109181358711,-26.684598309002226],[118.42243828365851,-26.682326296595654],[118.42410206175812,-26.67899447065731],[118.42422693840717,-26.678778654307283],[118.42601680935581,-26.675685212590814],[118.42719724790433,-26.673810694155573],[118.42831170156461,-26.6715956862955],[118.43072741231381,-26.668750300884096],[118.4288464124664,-26.66737337335213],[118.43007468495222,-26.66595749897242],[118.43029814862172,-26.66505803393634],[118.43214589215415,-26.661857414328974],[118.43385149081506,-26.6591372189636],[118.43236723294831,-26.65795913557966],[118.4304906992587,-26.657055327793273]]]},"properties":{"fmt_tenid":"M 51/27","type":"MINING LEASE","tenstatus":"LIVE","holder1":"BIG BELL GOLD OPERATIONS PTY LTD","holder2":" ","legal_area":196.2,"unit_of_me":"HA.","_colour":"#f5a520","_label":"Mining Lease"}},{"type":"Feature","geometry":{"type":"Polygon","coordinates":[[[118.43442921637855,-26.66571758817233],[118.43410784319542,-26.666562306104055],[118.43312189434616,-26.66915374595301],[118.43181466540581,-26.672589422402343],[118.43050763160315,-26.67602436387838],[118.42920031870507,-26.67945981819307],[118.43149122785132,-26.680163435379626],[118.4301833370287,-26.683598206288604],[118.42889024603102,-26.686993887583977],[118.4311584119314,-26.687690547176548],[118.43347883343641,-26.688403212121546],[118.43477128972249,-26.68500757415707],[118.43607888059269,-26.68157197631977],[118.43837342255217,-26.68227673221799],[118.43968094034327,-26.678842210903763],[118.44098840741107,-26.67540759957339],[118.43869307632154,-26.674702807600568],[118.44000030711099,-26.671266850717956],[118.44130710434307,-26.667831835909574],[118.43901513369981,-26.667127307228743],[118.43672092838213,-26.666422080315684],[118.43442921637855,-26.66571758817233]]]},"properties":{"fmt_tenid":"M 51/28","type":"MINING LEASE","tenstatus":"LIVE","holder1":"BIG BELL GOLD OPERATIONS PTY LTD","holder2":" ","legal_area":174.55,"unit_of_me":"HA.","_colour":"#f5a520","_label":"Mining Lease"}},{"type":"Feature","geometry":{"type":"Polygon","coordinates":[[[118.43511077434424,-26.65732310331911],[118.43385149081506,-26.6591372189636],[118.43214589215415,-26.661857414328974],[118.43029814862172,-26.66505803393634],[118.43007468495222,-26.66595749897242],[118.432082010188,-26.66632901019899],[118.43410784319542,-26.666562306104055],[118.43442921637855,-26.66571758817233],[118.43672092838213,-26.666422080315684],[118.43901513369981,-26.667127307228743],[118.44130710434307,-26.667831835909574],[118.44417267565555,-26.6602989357575],[118.44215422556518,-26.65963922044377],[118.44067050335315,-26.65915135908935],[118.43787070289753,-26.658230710132795],[118.43511077434424,-26.65732310331911]]]},"properties":{"fmt_tenid":"M 51/280","type":"MINING LEASE","tenstatus":"LIVE","holder1":"BIG BELL GOLD OPERATIONS PTY LTD","holder2":" ","legal_area":99.435,"unit_of_me":"HA.","_colour":"#f5a520","_label":"Mining Lease"}},{"type":"Feature","geometry":{"type":"Polygon","coordinates":[[[118.4572840996736,-26.604949842062023],[118.45272859537691,-26.6180148300462],[118.45339218956816,-26.618193849231297],[118.46026303167538,-26.62004746215992],[118.46025255351492,-26.618317936243642],[118.46186751913386,-26.618310040984504],[118.46188146744868,-26.62048402594554],[118.46733601202838,-26.621955195966642],[118.46811720494831,-26.622165875227118],[118.46906920159498,-26.619434738291847],[118.4726712331581,-26.609099842569464],[118.47654394978315,-26.59695537727278],[118.47686844319836,-26.595937676111806],[118.46917520196136,-26.593862716974563],[118.46148177776836,-26.591787218445553],[118.4572840996736,-26.604949842062023]]]},"properties":{"fmt_tenid":"M 51/281","type":"MINING LEASE","tenstatus":"LIVE","holder1":"BIG BELL GOLD OPERATIONS PTY LTD","holder2":" ","legal_area":482,"unit_of_me":"HA.","_colour":"#f5a520","_label":"Mining Lease"}},{"type":"Feature","geometry":{"type":"MultiPolygon","coordinates":[[[[118.34579063330878,-26.89028103573506],[118.34595713050302,-26.892684255090582],[118.3460498785894,-26.894032552767946],[118.34612775171458,-26.895143790593554],[118.34633358562556,-26.8981151614238],[118.3473580973309,-26.89805821437169],[118.3471503513723,-26.900487234074053],[118.34311610367394,-26.90021070009989],[118.34316033397866,-26.903838746075596],[118.34624007546681,-26.90380847903427],[118.34627783380822,-26.90687745190073],[118.34632217138953,-26.91048648464692],[118.3463575733924,-26.913374953782878],[118.34638963737773,-26.915992231838146],[118.34640721446213,-26.91742710213974],[118.34885602657157,-26.91736406798306],[118.34885110982326,-26.917340423811318],[118.34840887234026,-26.915213687879177],[118.34944136037089,-26.91497123081094],[118.34938590145703,-26.91459620390438],[118.34826627667285,-26.914957028961307],[118.34811800821507,-26.913357588669847],[118.34801634121017,-26.912260851057546],[118.350724443402,-26.91139628571209],[118.35059433391493,-26.910443247276778],[118.3518432015333,-26.910040259431206],[118.35076230446896,-26.907045217961294],[118.35061418300673,-26.9066347768374],[118.35215781330088,-26.906223068712702],[118.35274802116412,-26.90606564766362],[118.35392337198766,-26.90865027047593],[118.35420839171239,-26.909277016676818],[118.35287902647562,-26.909706006793503],[118.35337342954983,-26.91331099133804],[118.35358776022636,-26.916658959784648],[118.35136166450332,-26.917508215426437],[118.3544975794402,-26.917347879574596],[118.3544486353933,-26.91329633625933],[118.35439933988611,-26.909215395659672],[118.35433307687853,-26.903729311922053],[118.35212772323538,-26.90375100395318],[118.35026483208638,-26.903769300979175],[118.35021046103981,-26.89733336005467],[118.35019145714928,-26.89502647036553],[118.35018304426475,-26.894005022119096],[118.35015223953893,-26.890214226226703],[118.34796694515664,-26.890159242492025],[118.34744857044207,-26.890188001793486],[118.34579063330878,-26.89028103573506]]],[[[118.34579063330878,-26.89028103573506],[118.345811055992,-26.88939616594001],[118.34585444195805,-26.887591348344092],[118.345221824476,-26.887626564883377],[118.34570281133807,-26.88566475297069],[118.3455047577025,-26.882811445980675],[118.34371597567487,-26.88323427528314],[118.34388366871714,-26.881913843661742],[118.34415853407047,-26.87974948309831],[118.3444330183365,-26.877588050908056],[118.34470744917745,-26.875426975763798],[118.34872763721606,-26.875837447472986],[118.34900157779175,-26.87367609970745],[118.34920652859029,-26.872059062912797],[118.3492686788055,-26.87156872398013],[118.34927556294184,-26.871514419987726],[118.34918647192656,-26.8715053311138],[118.34818963389056,-26.871403619520194],[118.34819256647978,-26.87241488623941],[118.34643276066271,-26.8725547447063],[118.34630016237277,-26.87246012791402],[118.34439832756327,-26.871103015786495],[118.34445828005798,-26.871023450714826],[118.34123571664254,-26.87069533611273],[118.34096192079939,-26.872855060496253],[118.34079238904114,-26.87419230575666],[118.33839249042984,-26.87394759958217],[118.338334722133,-26.874403245569265],[118.33806068634243,-26.876564631488574],[118.33793764633296,-26.877535054441903],[118.34033756814037,-26.877779708541993],[118.34013990871827,-26.879338651922623],[118.33986539202778,-26.881503712802385],[118.33979405751673,-26.88207350327216],[118.3395212577875,-26.884225645278985],[118.34151064414031,-26.883755447890913],[118.34135308825061,-26.890195557334216],[118.34579063330878,-26.89028103573506]]]]},"properties":{"fmt_tenid":"M 51/31","type":"MINING LEASE","tenstatus":"LIVE","holder1":"BIG BELL GOLD OPERATIONS PTY LTD","holder2":" ","legal_area":262.8,"unit_of_me":"HA.","_colour":"#f5a520","_label":"Mining Lease"}},{"type":"Feature","geometry":{"type":"Polygon","coordinates":[[[118.34144055665537,-26.86907951985578],[118.34123571664254,-26.87069533611273],[118.34445828005798,-26.871023450714826],[118.3457585252363,-26.869297798250585],[118.34596836271982,-26.869078983019392],[118.34144055665537,-26.86907951985578]]]},"properties":{"fmt_tenid":"M 51/320","type":"MINING LEASE","tenstatus":"LIVE","holder1":"BIG BELL GOLD OPERATIONS PTY LTD","holder2":" ","legal_area":7.7085,"unit_of_me":"HA.","_colour":"#f5a520","_label":"Mining Lease"}},{"type":"Feature","geometry":{"type":"Polygon","coordinates":[[[118.34840887234026,-26.915213687879177],[118.34885110982326,-26.917340423811318],[118.34885602657157,-26.91736406798306],[118.35024363227612,-26.917934661353478],[118.34962398887913,-26.916206205558776],[118.34944136037089,-26.91497123081094],[118.34840887234026,-26.915213687879177]]]},"properties":{"fmt_tenid":"M 51/321","type":"MINING LEASE","tenstatus":"LIVE","holder1":"BIG BELL GOLD OPERATIONS PTY LTD","holder2":" ","legal_area":3.045,"unit_of_me":"HA.","_colour":"#f5a520","_label":"Mining Lease"}},{"type":"Feature","geometry":{"type":"Polygon","coordinates":[[[118.45926716432999,-26.510409877490794],[118.46689944491445,-26.512649312401702],[118.4715627588322,-26.49977815924484],[118.46393193014025,-26.497539505737315],[118.45926716432999,-26.510409877490794]]]},"properties":{"fmt_tenid":"M 51/322","type":"MINING LEASE","tenstatus":"LIVE","holder1":"BIG BELL GOLD OPERATIONS PTY LTD","holder2":" ","legal_area":120,"unit_of_me":"HA.","_colour":"#f5a520","_label":"Mining Lease"}},{"type":"Feature","geometry":{"type":"Polygon","coordinates":[[[118.46188146744868,-26.62048402594554],[118.46188499578435,-26.6210338066837],[118.46026905277283,-26.62104206453822],[118.46026403069126,-26.620212408056727],[118.46026303167538,-26.62004746215992],[118.45339218956816,-26.618193849231297],[118.45113394275457,-26.62371041723786],[118.45562718522086,-26.625065626298145],[118.4577298667195,-26.62569975560368],[118.45099893661119,-26.64099065549306],[118.4494254631809,-26.64044685046989],[118.4455706576251,-26.65062192747835],[118.44215422556518,-26.65963922044377],[118.44417267565555,-26.6602989357575],[118.44130710434307,-26.667831835909574],[118.44000030711099,-26.671266850717956],[118.43869307632154,-26.674702807600568],[118.44098840741107,-26.67540759957339],[118.43968094034327,-26.678842210903763],[118.43837342255217,-26.68227673221799],[118.43607888059269,-26.68157197631977],[118.43477128972249,-26.68500757415707],[118.43347883343641,-26.688403212121546],[118.43974318497881,-26.690326933254777],[118.44062561288942,-26.690651017730985],[118.442962411504,-26.6854231619273],[118.44105107303118,-26.684830359566106],[118.4418430201927,-26.682769896306038],[118.44279264419367,-26.683064416480143],[118.4504702530321,-26.662095401769744],[118.45746670651205,-26.64403694863901],[118.45837397240038,-26.644032012949033],[118.46733601202838,-26.621955195966642],[118.46188146744868,-26.62048402594554]],[[118.44681953850318,-26.650935393554853],[118.44983248328269,-26.65090993497864],[118.44970332792919,-26.653561126220726],[118.4466151123791,-26.65363657683564],[118.44681953850318,-26.650935393554853]]]},"properties":{"fmt_tenid":"M 51/325","type":"MINING LEASE","tenstatus":"LIVE","holder1":"BIG BELL GOLD OPERATIONS PTY LTD","holder2":" ","legal_area":633.5,"unit_of_me":"HA.","_colour":"#f5a520","_label":"Mining Lease"}},{"type":"Feature","geometry":{"type":"Polygon","coordinates":[[[118.35218825436397,-26.881272779912496],[118.34904250590345,-26.87884676706217],[118.34841156665301,-26.87833012725981],[118.34817962592918,-26.880159486188536],[118.34791565107157,-26.88224143761205],[118.3477944857941,-26.88227008578863],[118.34853082354594,-26.884600388846096],[118.35049590551526,-26.88449328245556],[118.35124279714279,-26.884452565534712],[118.35129273769888,-26.885167637733595],[118.35280562128563,-26.88529868808056],[118.35285081640596,-26.884640205676856],[118.35302555663426,-26.882094215053602],[118.35303701179124,-26.881927313943752],[118.35218825436397,-26.881272779912496]]]},"properties":{"fmt_tenid":"M 51/33","type":"MINING LEASE","tenstatus":"LIVE","holder1":"BIG BELL GOLD OPERATIONS PTY LTD","holder2":" ","legal_area":25.025,"unit_of_me":"HA.","_colour":"#f5a520","_label":"Mining Lease"}},{"type":"Feature","geometry":{"type":"Polygon","coordinates":[[[118.3168030112745,-26.867275249123857],[118.32408035189822,-26.877212466185284],[118.32535838773184,-26.876409283944255],[118.32733533301351,-26.875166827866128],[118.33178083705356,-26.87237274945566],[118.32827008655264,-26.86805321403545],[118.3272887440585,-26.866845721343722],[118.32731817019459,-26.86844889586604],[118.32486401412007,-26.868575808692],[118.32396125983827,-26.871539648565797],[118.32182520957731,-26.87101636578941],[118.3227478904656,-26.867988317323622],[118.32365175649434,-26.86820977904735],[118.32354252673332,-26.866761782726247],[118.32722121862167,-26.866762612367285],[118.32389914503058,-26.86267323930006],[118.3168030112745,-26.867275249123857]]]},"properties":{"fmt_tenid":"M 51/334","type":"MINING LEASE","tenstatus":"LIVE","holder1":"BIG BELL GOLD OPERATIONS PTY LTD","holder2":" ","legal_area":104.85,"unit_of_me":"HA.","_colour":"#f5a520","_label":"Mining Lease"}},{"type":"Feature","geometry":{"type":"Polygon","coordinates":[[[118.42487362537437,-26.70109530442721],[118.4243502265297,-26.702529794356888],[118.42473442622473,-26.702642863841703],[118.42665527973863,-26.703208154325694],[118.42701283824084,-26.701752383507728],[118.42753061828493,-26.699644209173282],[118.42560921768113,-26.69907918056661],[118.42487362537437,-26.70109530442721]]]},"properties":{"fmt_tenid":"M 51/35","type":"MINING LEASE","tenstatus":"LIVE","holder1":"BIG BELL GOLD OPERATIONS PTY LTD","holder2":" ","legal_area":8.9035,"unit_of_me":"HA.","_colour":"#f5a520","_label":"Mining Lease"}},{"type":"Feature","geometry":{"type":"Polygon","coordinates":[[[118.34596836271982,-26.869078983019392],[118.3462932414596,-26.868740202668434],[118.3470889683742,-26.867910415844822],[118.34735295082838,-26.867635128582858],[118.3476135353714,-26.86736342732982],[118.34882863348328,-26.866096461222167],[118.3485518760566,-26.865712870657273],[118.34292632706075,-26.85791173106515],[118.33616666427335,-26.861833137070732],[118.33572254300965,-26.861217362341144],[118.33321537895374,-26.857741020748506],[118.33264711909032,-26.856953058039302],[118.33088778230353,-26.858103436476856],[118.32389914503058,-26.86267323930006],[118.32722121862167,-26.866762612367285],[118.3272887440585,-26.866845721343722],[118.32827008655264,-26.86805321403545],[118.33178083705356,-26.87237274945566],[118.33302281633631,-26.871560839784635],[118.33361190832957,-26.866911018470564],[118.33695721670014,-26.867252278534824],[118.33915521037245,-26.865977648579534],[118.34033363046315,-26.8675962872373],[118.34076847804022,-26.869125233722706],[118.34144055665537,-26.86907951985578],[118.34596836271982,-26.869078983019392]]]},"properties":{"fmt_tenid":"M 51/374","type":"MINING LEASE","tenstatus":"LIVE","holder1":"BIG BELL GOLD OPERATIONS PTY LTD","holder2":" ","legal_area":202.6,"unit_of_me":"HA.","_colour":"#f5a520","_label":"Mining Lease"}},{"type":"Feature","geometry":{"type":"Polygon","coordinates":[[[118.30013035984119,-27.018130278196182],[118.2980182706296,-27.028217258118318],[118.3043070378714,-27.030256507925163],[118.30547586307803,-27.030392656630546],[118.30867180404731,-27.030392838094297],[118.30893842801169,-27.028576386635024],[118.31051649197941,-27.019339320806044],[118.30013035984119,-27.018130278196182]]]},"properties":{"fmt_tenid":"M 51/381","type":"MINING LEASE","tenstatus":"LIVE","holder1":"BIG BELL GOLD OPERATIONS PTY LTD","holder2":" ","legal_area":130.4,"unit_of_me":"HA.","_colour":"#f5a520","_label":"Mining Lease"}},{"type":"Feature","geometry":{"type":"Polygon","coordinates":[[[118.46699212350678,-26.624991472247743],[118.46297599821688,-26.635264576409096],[118.46515396209575,-26.63518781391545],[118.46981623461338,-26.624838215000505],[118.46699212350678,-26.624991472247743]]]},"properties":{"fmt_tenid":"M 51/385","type":"MINING LEASE","tenstatus":"LIVE","holder1":"BIG BELL GOLD OPERATIONS PTY LTD","holder2":" ","legal_area":27.905,"unit_of_me":"HA.","_colour":"#f5a520","_label":"Mining Lease"}},{"type":"Feature","geometry":{"type":"Polygon","coordinates":[[[118.48212696272927,-26.598121639023187],[118.47258077094676,-26.626471907922934],[118.47297466664521,-26.626469724679843],[118.47738826446007,-26.618126570565046],[118.48326784664076,-26.609759521935274],[118.4847306886548,-26.610114049104457],[118.48596624130637,-26.606797404473316],[118.48351155224076,-26.606485193292457],[118.48520623265944,-26.60228700012044],[118.48733615160391,-26.603313765139426],[118.48750678715881,-26.60237716237487],[118.48795949338037,-26.59989222123169],[118.486885268657,-26.599409377953293],[118.48212696272927,-26.598121639023187]]]},"properties":{"fmt_tenid":"M 51/386","type":"MINING LEASE","tenstatus":"LIVE","holder1":"BIG BELL GOLD OPERATIONS PTY LTD","holder2":" ","legal_area":113.4,"unit_of_me":"HA.","_colour":"#f5a520","_label":"Mining Lease"}},{"type":"Feature","geometry":{"type":"Polygon","coordinates":[[[118.34811859783345,-26.803624446767966],[118.3523157449637,-26.80353781670752],[118.3524879924617,-26.80024680567566],[118.34990304575453,-26.800138066680866],[118.34830433810042,-26.80007079254184],[118.34811859783345,-26.803624446767966]]]},"properties":{"fmt_tenid":"M 51/39","type":"MINING LEASE","tenstatus":"LIVE","holder1":"BIG BELL GOLD OPERATIONS PTY LTD","holder2":" ","legal_area":15.81,"unit_of_me":"HA.","_colour":"#f5a520","_label":"Mining Lease"}},{"type":"Feature","geometry":{"type":"Polygon","coordinates":[[[118.40101125836289,-26.726608537896453],[118.39718426048468,-26.739429034756046],[118.39450543364485,-26.74840097271954],[118.40832694004062,-26.748402064061032],[118.4080537857226,-26.74907580512056],[118.40385693319776,-26.759426350786754],[118.41330382409095,-26.762512890443897],[118.42070984324671,-26.744240201398053],[118.42622437007732,-26.730630238073264],[118.42614385954386,-26.730630256173267],[118.42424448694055,-26.729993671958123],[118.42421230520026,-26.730052920952517],[118.41687783545007,-26.72752378814195],[118.41610426458189,-26.729752555533295],[118.41581330222594,-26.729692162932146],[118.41560342305586,-26.730119731913376],[118.40146391252141,-26.726717483595156],[118.40101125836289,-26.726608537896453]]]},"properties":{"fmt_tenid":"M 51/393","type":"MINING LEASE","tenstatus":"LIVE","holder1":"BIG BELL GOLD OPERATIONS PTY LTD","holder2":" ","legal_area":703.95,"unit_of_me":"HA.","_colour":"#f5a520","_label":"Mining Lease"}},{"type":"Feature","geometry":{"type":"Polygon","coordinates":[[[118.45174325202699,-26.6626118687016],[118.46699212350678,-26.624991472247743],[118.46811720494831,-26.622165875227118],[118.46733601202838,-26.621955195966642],[118.45837397240038,-26.644032012949033],[118.45746670651205,-26.64403694863901],[118.4504702530321,-26.662095401769744],[118.45174325202699,-26.6626118687016]]]},"properties":{"fmt_tenid":"M 51/409","type":"MINING LEASE","tenstatus":"LIVE","holder1":"BIG BELL GOLD OPERATIONS PTY LTD","holder2":" ","legal_area":54.84,"unit_of_me":"HA.","_colour":"#f5a520","_label":"Mining Lease"}},{"type":"Feature","geometry":{"type":"Polygon","coordinates":[[[118.43588671388237,-26.639486624467942],[118.43417004741694,-26.641731397341708],[118.43547123053972,-26.642535053677328],[118.43550220019712,-26.64255418058963],[118.43721818837321,-26.640310908482217],[118.43588671388237,-26.639486624467942]]]},"properties":{"fmt_tenid":"M 51/418","type":"MINING LEASE","tenstatus":"LIVE","holder1":"BIG BELL GOLD OPERATIONS PTY LTD","holder2":" ","legal_area":4.8565000000000005,"unit_of_me":"HA.","_colour":"#f5a520","_label":"Mining Lease"}},{"type":"Feature","geometry":{"type":"Polygon","coordinates":[[[118.42739930897777,-26.66092348785576],[118.42910731406842,-26.662487699317527],[118.43030482491898,-26.66116163017615],[118.42855878319354,-26.659633491079735],[118.42739930897777,-26.66092348785576]]]},"properties":{"fmt_tenid":"M 51/419","type":"MINING LEASE","tenstatus":"LIVE","holder1":"BIG BELL GOLD OPERATIONS PTY LTD","holder2":" ","legal_area":4.5025,"unit_of_me":"HA.","_colour":"#f5a520","_label":"Mining Lease"}},{"type":"Feature","geometry":{"type":"Polygon","coordinates":[[[118.46819648386081,-26.741043891504585],[118.46800840903477,-26.742352709214142],[118.4677314008252,-26.748729067308965],[118.46771858139137,-26.764762362463085],[118.46770966357063,-26.776035732717727],[118.4676962304493,-26.79320100136246],[118.46806194020527,-26.793200395699877],[118.48636709921752,-26.79316701045279],[118.48766656345738,-26.78672274110784],[118.48287372895685,-26.785769068663946],[118.48287443491121,-26.782633700661062],[118.48287853648193,-26.765692819740423],[118.4828821235427,-26.75086325079735],[118.48288468911326,-26.74079404371243],[118.4817154898655,-26.740827833236942],[118.46819648386081,-26.741043891504585]]]},"properties":{"fmt_tenid":"M 51/427","type":"MINING LEASE","tenstatus":"LIVE","holder1":"BIG BELL GOLD OPERATIONS PTY LTD","holder2":" ","legal_area":903.75,"unit_of_me":"HA.","_colour":"#f5a520","_label":"Mining Lease"}},{"type":"Feature","geometry":{"type":"Polygon","coordinates":[[[118.43774788402071,-26.629834657243027],[118.43778757313581,-26.63901787808354],[118.43787070289753,-26.658230710132795],[118.44067050335315,-26.65915135908935],[118.4455706576251,-26.65062192747835],[118.4494254631809,-26.64044685046989],[118.4518419657842,-26.634475918964718],[118.43774788402071,-26.629834657243027]]]},"properties":{"fmt_tenid":"M 51/433","type":"MINING LEASE","tenstatus":"LIVE","holder1":"BIG BELL GOLD OPERATIONS PTY LTD","holder2":" ","legal_area":277.55,"unit_of_me":"HA.","_colour":"#f5a520","_label":"Mining Lease"}},{"type":"Feature","geometry":{"type":"Polygon","coordinates":[[[118.53361245689273,-26.577011809297602],[118.5241265439654,-26.573651952650625],[118.51166814230243,-26.569223194126035],[118.51319410107334,-26.56630344166433],[118.51898058844259,-26.55380524096214],[118.51156889485242,-26.55102937059282],[118.5083575693339,-26.557961496600072],[118.50822461113901,-26.557912885807045],[118.50658898699153,-26.557314877752287],[118.50433897305801,-26.556492197780347],[118.50231583355564,-26.555752429116634],[118.50080197311938,-26.559023403147503],[118.49947970930522,-26.561880204560918],[118.4973544479873,-26.561084653439657],[118.49583207490409,-26.564371182630072],[118.49420076325539,-26.567892678632575],[118.49446019903002,-26.56798984120269],[118.4928388626391,-26.571489230294155],[118.49099420632201,-26.57525990985781],[118.49271786471901,-26.575989406696824],[118.49206722243721,-26.575881072984238],[118.49013025095893,-26.578729569355758],[118.49237727031777,-26.579103802796602],[118.53244218214267,-26.590813056154918],[118.53912331364482,-26.57916514252013],[118.53361245689273,-26.577011809297602]],[[118.51285095680248,-26.562246912873235],[118.51129909189366,-26.565599338773144],[118.51083551752718,-26.565425824892944],[118.50906251407532,-26.564762177179478],[118.51016822427728,-26.562373440006752],[118.5106143077842,-26.561409705220303],[118.51285095680248,-26.562246912873235]]]},"properties":{"fmt_tenid":"M 51/437","type":"MINING LEASE","tenstatus":"LIVE","holder1":"BIG BELL GOLD OPERATIONS PTY LTD","holder2":" ","legal_area":936.675,"unit_of_me":"HA.","_colour":"#f5a520","_label":"Mining Lease"}},{"type":"Feature","geometry":{"type":"Polygon","coordinates":[[[118.47982020261635,-26.59654030811976],[118.4829201676219,-26.595912343724702],[118.48212696272927,-26.598121639023187],[118.486885268657,-26.599409377953293],[118.48795949338037,-26.59989222123169],[118.53205728779928,-26.597645784482783],[118.53494128005306,-26.597854485461713],[118.53492920679003,-26.59202530140843],[118.53244218214267,-26.590813056154918],[118.49237727031777,-26.579103802796602],[118.49049003024396,-26.581878808277974],[118.48863940904427,-26.584599823090382],[118.49078369406179,-26.584956850832697],[118.49021446684341,-26.58579385498684],[118.48477182538097,-26.58432042581901],[118.47982020261635,-26.59654030811976]]]},"properties":{"fmt_tenid":"M 51/438","type":"MINING LEASE","tenstatus":"LIVE","holder1":"BIG BELL GOLD OPERATIONS PTY LTD","holder2":" ","legal_area":794.35,"unit_of_me":"HA.","_colour":"#f5a520","_label":"Mining Lease"}},{"type":"Feature","geometry":{"type":"Polygon","coordinates":[[[118.53205728779928,-26.597645784482783],[118.48795949338037,-26.59989222123169],[118.48750678715881,-26.60237716237487],[118.48733615160391,-26.603313765139426],[118.48520623265944,-26.60228700012044],[118.48351155224076,-26.606485193292457],[118.48596624130637,-26.606797404473316],[118.4847306886548,-26.610114049104457],[118.49122336606644,-26.611883745004565],[118.53135747064971,-26.615989669404186],[118.53122496072426,-26.60918711646071],[118.53211613956083,-26.6024735594066],[118.53205728779928,-26.597645784482783]]]},"properties":{"fmt_tenid":"M 51/439","type":"MINING LEASE","tenstatus":"LIVE","holder1":"BIG BELL GOLD OPERATIONS PTY LTD","holder2":" ","legal_area":750.25,"unit_of_me":"HA.","_colour":"#f5a520","_label":"Mining Lease"}},{"type":"Feature","geometry":{"type":"Polygon","coordinates":[[[118.49122336606644,-26.611883745004565],[118.48987347193533,-26.615867402313977],[118.49582169110761,-26.617507867010772],[118.49446626896723,-26.61928598521461],[118.49002848755678,-26.620204697956904],[118.49094546496069,-26.623731789393794],[118.49553681075027,-26.62488763010128],[118.49545737901211,-26.62514319546074],[118.49584645276784,-26.625240900910363],[118.49151059346516,-26.639021163122536],[118.48825908014524,-26.651286939202063],[118.49621354000352,-26.652946091015934],[118.5011295821675,-26.65443048383373],[118.5005963309738,-26.656049583790065],[118.5002630366387,-26.657061532059075],[118.50258487924839,-26.657678495836326],[118.50342237284754,-26.655133965322406],[118.50372980572594,-26.654199873020687],[118.50140872629711,-26.653582902883088],[118.50086347447824,-26.65343796195683],[118.50577251346155,-26.64174655712557],[118.49810327804661,-26.639302380057657],[118.5013655876824,-26.63037531772379],[118.50368306141101,-26.63095744672558],[118.50600630101768,-26.63154098017654],[118.5083267706196,-26.632123774047905],[118.5094081148422,-26.628648398874493],[118.51017888354272,-26.628855586549356],[118.51208474113469,-26.63026173772857],[118.53135747064971,-26.615989669404186],[118.49122336606644,-26.611883745004565]]]},"properties":{"fmt_tenid":"M 51/440","type":"MINING LEASE","tenstatus":"LIVE","holder1":"BIG BELL GOLD OPERATIONS PTY LTD","holder2":" ","legal_area":823.3,"unit_of_me":"HA.","_colour":"#f5a520","_label":"Mining Lease"}},{"type":"Feature","geometry":{"type":"Polygon","coordinates":[[[118.43987137757001,-26.595115559601904],[118.43415611080458,-26.612968009155885],[118.4394074866523,-26.61450867397056],[118.44521169754317,-26.61598699552051],[118.44700019971235,-26.610633005326758],[118.44959165120228,-26.60287439950976],[118.45133366135191,-26.597657355040724],[118.43987137757001,-26.595115559601904]]]},"properties":{"fmt_tenid":"M 51/441","type":"MINING LEASE","tenstatus":"LIVE","holder1":"BIG BELL GOLD OPERATIONS PTY LTD","holder2":" ","legal_area":243.6,"unit_of_me":"HA.","_colour":"#f5a520","_label":"Mining Lease"}},{"type":"Feature","geometry":{"type":"Polygon","coordinates":[[[118.49582549298718,-26.731852597547586],[118.4828821235427,-26.75086325079735],[118.48287853648193,-26.765692819740423],[118.48287443491121,-26.782633700661062],[118.501400636433,-26.783306290499755],[118.50141411114944,-26.766325475520578],[118.50142775332417,-26.74914025895075],[118.50144237024308,-26.73173162298532],[118.49582549298718,-26.731852597547586]]]},"properties":{"fmt_tenid":"M 51/445","type":"MINING LEASE","tenstatus":"LIVE","holder1":"BIG BELL GOLD OPERATIONS PTY LTD","holder2":" ","legal_area":909.45,"unit_of_me":"HA.","_colour":"#f5a520","_label":"Mining Lease"}},{"type":"Feature","geometry":{"type":"Polygon","coordinates":[[[118.49451717700596,-26.682119690070426],[118.47799050641112,-26.682226099927643],[118.47810881491564,-26.704680814520675],[118.48165928114162,-26.704706729885718],[118.48177454507827,-26.705947628240356],[118.49431929904983,-26.706520392008624],[118.50487834526841,-26.682051539365055],[118.49451717700596,-26.682119690070426]]]},"properties":{"fmt_tenid":"M 51/446","type":"MINING LEASE","tenstatus":"LIVE","holder1":"BIG BELL GOLD OPERATIONS PTY LTD","holder2":" ","legal_area":567.55,"unit_of_me":"HA.","_colour":"#f5a520","_label":"Mining Lease"}},{"type":"Feature","geometry":{"type":"Polygon","coordinates":[[[118.33601475425245,-26.848325818524927],[118.33601937179463,-26.85045283017673],[118.32797199137131,-26.850467088037156],[118.32613899720535,-26.851515005429317],[118.32722763916291,-26.85302612604578],[118.33088778230353,-26.858103436476856],[118.33264711909032,-26.856953058039302],[118.33321537895374,-26.857741020748506],[118.33572254300965,-26.861217362341144],[118.34394473079008,-26.854892639790375],[118.34198539128957,-26.852710366586624],[118.33601475425245,-26.848325818524927]]]},"properties":{"fmt_tenid":"M 51/447","type":"MINING LEASE","tenstatus":"LIVE","holder1":"BIG BELL GOLD OPERATIONS PTY LTD","holder2":" ","legal_area":125.75,"unit_of_me":"HA.","_colour":"#f5a520","_label":"Mining Lease"}},{"type":"Feature","geometry":{"type":"Polygon","coordinates":[[[118.44390394358375,-26.71687804315874],[118.43696460856012,-26.73114950961471],[118.43691179966527,-26.730344413711048],[118.42622437007732,-26.730630238073264],[118.42070984324671,-26.744240201398053],[118.45522579247894,-26.74120987761325],[118.46800840903477,-26.742352709214142],[118.46819648386081,-26.741043891504585],[118.47063591586372,-26.724065471964824],[118.44390394358375,-26.71687804315874]]]},"properties":{"fmt_tenid":"M 51/459","type":"MINING LEASE","tenstatus":"LIVE","holder1":"BIG BELL GOLD OPERATIONS PTY LTD","holder2":" ","legal_area":935.2,"unit_of_me":"HA.","_colour":"#f5a520","_label":"Mining Lease"}},{"type":"Feature","geometry":{"type":"Polygon","coordinates":[[[118.41882067450015,-26.684146358365183],[118.41728687696039,-26.68663499527171],[118.41914774374948,-26.68779374879088],[118.42051855748548,-26.68556558384962],[118.41882067450015,-26.684146358365183]]]},"properties":{"fmt_tenid":"M 51/471","type":"MINING LEASE","tenstatus":"LIVE","holder1":"BIG BELL GOLD OPERATIONS PTY LTD","holder2":" ","legal_area":6.6925,"unit_of_me":"HA.","_colour":"#f5a520","_label":"Mining Lease"}},{"type":"Feature","geometry":{"type":"Polygon","coordinates":[[[118.32731809405058,-26.865214818830857],[118.32722121862167,-26.866762612367285],[118.3272887440585,-26.866845721343722],[118.33105999264941,-26.867013941391146],[118.33098525966705,-26.86480632286656],[118.32731809405058,-26.865214818830857]]]},"properties":{"fmt_tenid":"M 51/472","type":"MINING LEASE","tenstatus":"LIVE","holder1":"BIG BELL GOLD OPERATIONS PTY LTD","holder2":" ","legal_area":7.9245,"unit_of_me":"HA.","_colour":"#f5a520","_label":"Mining Lease"}},{"type":"Feature","geometry":{"type":"Polygon","coordinates":[[[118.3543232893271,-26.747107965017157],[118.3531586833417,-26.748703318483606],[118.34348737112396,-26.7619505612913],[118.33297193239895,-26.77634959665079],[118.32623892016682,-26.785566927698106],[118.33539173421714,-26.790257816279112],[118.34534930309383,-26.77645672420973],[118.35339592791236,-26.76530204927101],[118.36297541848222,-26.75201899565883],[118.3543232893271,-26.747107965017157]]]},"properties":{"fmt_tenid":"M 51/477","type":"MINING LEASE","tenstatus":"LIVE","holder1":"BIG BELL GOLD OPERATIONS PTY LTD","holder2":" ","legal_area":523.55,"unit_of_me":"HA.","_colour":"#f5a520","_label":"Mining Lease"}},{"type":"Feature","geometry":{"type":"Polygon","coordinates":[[[118.31703623918575,-26.85172062313034],[118.31757229498659,-26.85135733875331],[118.30887712138725,-26.8425883498933],[118.30838028880454,-26.842911092004563],[118.31512948811346,-26.851439384772828],[118.31645607296973,-26.851406546126046],[118.31651197032298,-26.852075901474795],[118.31703623918575,-26.85172062313034]]]},"properties":{"fmt_tenid":"M 51/482","type":"MINING LEASE","tenstatus":"LIVE","holder1":"BIG BELL GOLD OPERATIONS PTY LTD","holder2":" ","legal_area":16.15,"unit_of_me":"HA.","_colour":"#f5a520","_label":"Mining Lease"}},{"type":"Feature","geometry":{"type":"Polygon","coordinates":[[[118.38664043213306,-26.748362713684795],[118.38592954936463,-26.750728082861727],[118.38473183438393,-26.752826898012568],[118.38473250958337,-26.78167766560759],[118.38473254867046,-26.784446445836526],[118.40219190669141,-26.78358471293255],[118.40973695791688,-26.770513726315663],[118.41330382409095,-26.762512890443897],[118.40385693319776,-26.759426350786754],[118.4080537857226,-26.74907580512056],[118.38664043213306,-26.748362713684795]]]},"properties":{"fmt_tenid":"M 51/483","type":"MINING LEASE","tenstatus":"LIVE","holder1":"BIG BELL GOLD OPERATIONS PTY LTD","holder2":" ","legal_area":878.1,"unit_of_me":"HA.","_colour":"#f5a520","_label":"Mining Lease"}},{"type":"Feature","geometry":{"type":"Polygon","coordinates":[[[118.42070984324671,-26.744240201398053],[118.41330382409095,-26.762512890443897],[118.40973695791688,-26.770513726315663],[118.434732584797,-26.770930095346657],[118.43914755277017,-26.771003168411767],[118.44579778738876,-26.74871241998708],[118.45140823859536,-26.748711564011764],[118.45825269532172,-26.74871020230266],[118.45522579247894,-26.74120987761325],[118.42070984324671,-26.744240201398053]]]},"properties":{"fmt_tenid":"M 51/484","type":"MINING LEASE","tenstatus":"LIVE","holder1":"BIG BELL GOLD OPERATIONS PTY LTD","holder2":" ","legal_area":928.6,"unit_of_me":"HA.","_colour":"#f5a520","_label":"Mining Lease"}},{"type":"Feature","geometry":{"type":"Polygon","coordinates":[[[118.5106143077842,-26.561409705220303],[118.51016822427728,-26.562373440006752],[118.50906251407532,-26.564762177179478],[118.51083551752718,-26.565425824892944],[118.51129909189366,-26.565599338773144],[118.51285095680248,-26.562246912873235],[118.5106143077842,-26.561409705220303]]]},"properties":{"fmt_tenid":"M 51/485","type":"MINING LEASE","tenstatus":"LIVE","holder1":"BIG BELL GOLD OPERATIONS PTY LTD","holder2":" ","legal_area":9.7125,"unit_of_me":"HA.","_colour":"#f5a520","_label":"Mining Lease"}},{"type":"Feature","geometry":{"type":"MultiPolygon","coordinates":[[[[118.35008015646821,-26.872194568638896],[118.35366668871367,-26.87275054831329],[118.35350711175079,-26.875076352426653],[118.35320823231368,-26.879432202843464],[118.35308755718744,-26.881190774453955],[118.35303701179124,-26.881927313943752],[118.35302555663426,-26.882094215053602],[118.35285081640596,-26.884640205676856],[118.35280562128563,-26.88529868808056],[118.35129273769888,-26.885167637733595],[118.35124279714279,-26.884452565534712],[118.35049590551526,-26.88449328245556],[118.34853082354594,-26.884600388846096],[118.34859378655685,-26.885503543828115],[118.34875687352526,-26.887839388839893],[118.35146911515564,-26.88769219249905],[118.35015223953893,-26.890214226226703],[118.35018304426475,-26.894005022119096],[118.35019145714928,-26.89502647036553],[118.35021046103981,-26.89733336005467],[118.3664905761031,-26.897098592864424],[118.36640303897272,-26.889900389336447],[118.36160987488554,-26.89007632626731],[118.35829935930444,-26.890197750892572],[118.35430932494111,-26.8903439969108],[118.3541815387924,-26.887545751070036],[118.35405135364574,-26.88469487027624],[118.35389252294921,-26.881216543199127],[118.35381275732259,-26.879469637803567],[118.35823700517318,-26.879306882647008],[118.36111366874354,-26.87920098456491],[118.36162699525686,-26.87701068063449],[118.36384825249982,-26.877075153468446],[118.36387215496205,-26.873483195392847],[118.36169058139153,-26.873446675024653],[118.36218149836886,-26.86592649432014],[118.36926448355986,-26.86612325575911],[118.37029168754533,-26.866151684529715],[118.37044813189341,-26.86563948852677],[118.36038846219978,-26.863289434173925],[118.36284769629802,-26.855148509169503],[118.36323490173115,-26.85386659885481],[118.36561699921678,-26.845979605374577],[118.35371300159045,-26.842723728559356],[118.35060141561576,-26.854558542139397],[118.34656751221846,-26.8498412671697],[118.34198539128957,-26.852710366586624],[118.34394473079008,-26.854892639790375],[118.33572254300965,-26.861217362341144],[118.33616666427335,-26.861833137070732],[118.34292632706075,-26.85791173106515],[118.3485518760566,-26.865712870657273],[118.35581454001925,-26.86136750539633],[118.35850264706735,-26.86489207407694],[118.35143369762467,-26.86872660711519],[118.35256745829415,-26.869600606282013],[118.35074010836347,-26.87150633196487],[118.35008015646821,-26.872194568638896]],[[118.35276393658967,-26.888764997952023],[118.35366402274452,-26.888795060305117],[118.35347783592758,-26.88966013396605],[118.35254363512564,-26.88951691049237],[118.35276393658967,-26.888764997952023]],[[118.3566342489138,-26.854487562598536],[118.35974628169839,-26.855131197897443],[118.35961628303272,-26.857408891723708],[118.35668151455796,-26.857577725777706],[118.3566342489138,-26.854487562598536]]],[[[118.3492686788055,-26.87156872398013],[118.34920652859029,-26.872059062912797],[118.35008015646821,-26.872194568638896],[118.3492686788055,-26.87156872398013]]]]},"properties":{"fmt_tenid":"M 51/486","type":"MINING LEASE","tenstatus":"LIVE","holder1":"BIG BELL GOLD OPERATIONS PTY LTD","holder2":" ","legal_area":663.3,"unit_of_me":"HA.","_colour":"#f5a520","_label":"Mining Lease"}},{"type":"Feature","geometry":{"type":"Polygon","coordinates":[[[118.48287443491121,-26.782633700661062],[118.48287372895685,-26.785769068663946],[118.48766656345738,-26.78672274110784],[118.48636709921752,-26.79316701045279],[118.48336964846524,-26.808954521373888],[118.48250609629068,-26.813502000270816],[118.47956319526507,-26.828996588094366],[118.49247138206259,-26.830668636092106],[118.49515391884174,-26.818091993694885],[118.4980513955873,-26.804510570773928],[118.50140041175865,-26.788808493117667],[118.501400636433,-26.783306290499755],[118.48287443491121,-26.782633700661062]]]},"properties":{"fmt_tenid":"M 51/487","type":"MINING LEASE","tenstatus":"LIVE","holder1":"BIG BELL GOLD OPERATIONS PTY LTD","holder2":" ","legal_area":726.4,"unit_of_me":"HA.","_colour":"#f5a520","_label":"Mining Lease"}},{"type":"Feature","geometry":{"type":"Polygon","coordinates":[[[118.48177454507827,-26.705947628240356],[118.48174927290675,-26.72088614576401],[118.48172003156519,-26.738104403120865],[118.48877130091336,-26.72753732729128],[118.49582549298718,-26.731852597547586],[118.49431929904983,-26.706520392008624],[118.48177454507827,-26.705947628240356]]]},"properties":{"fmt_tenid":"M 51/488","type":"MINING LEASE","tenstatus":"LIVE","holder1":"BIG BELL GOLD OPERATIONS PTY LTD","holder2":" ","legal_area":366.7,"unit_of_me":"HA.","_colour":"#f5a520","_label":"Mining Lease"}},{"type":"Feature","geometry":{"type":"Polygon","coordinates":[[[118.42999687494542,-26.63648877403661],[118.42388856651856,-26.651708335980658],[118.42310700746441,-26.653430116999413],[118.43511077434424,-26.65732310331911],[118.43787070289753,-26.658230710132795],[118.43778757313581,-26.63901787808354],[118.42999687494542,-26.63648877403661]],[[118.42942782996288,-26.651451782296302],[118.43190801270858,-26.651852164548647],[118.43121087375293,-26.6554407504343],[118.4287986617996,-26.655099326135502],[118.42942782996288,-26.651451782296302]],[[118.43350937279405,-26.642985794387343],[118.43552534410645,-26.642862530018142],[118.43571629808919,-26.645381785335935],[118.43494729168088,-26.647638585875054],[118.4331636829312,-26.647148008015165],[118.43393292099074,-26.644890374411908],[118.43364754196853,-26.644811735061285],[118.43350937279405,-26.642985794387343]],[[118.43588671388237,-26.639486624467942],[118.43721818837321,-26.640310908482217],[118.43550220019712,-26.64255418058963],[118.43547123053972,-26.642535053677328],[118.43417004741694,-26.641731397341708],[118.43588671388237,-26.639486624467942]]]},"properties":{"fmt_tenid":"M 51/489","type":"MINING LEASE","tenstatus":"LIVE","holder1":"BIG BELL GOLD OPERATIONS PTY LTD","holder2":" ","legal_area":213.25,"unit_of_me":"HA.","_colour":"#f5a520","_label":"Mining Lease"}},{"type":"Feature","geometry":{"type":"Polygon","coordinates":[[[118.50342237284754,-26.655133965322406],[118.50258487924839,-26.657678495836326],[118.5002630366387,-26.657061532059075],[118.5005963309738,-26.656049583790065],[118.5011295821675,-26.65443048383373],[118.49621354000352,-26.652946091015934],[118.49263841193473,-26.66592271406144],[118.4884048567069,-26.67880149211363],[118.49449497750602,-26.681021721837176],[118.50051708496927,-26.665493128926997],[118.5057009022255,-26.655832750473888],[118.50342237284754,-26.655133965322406]]]},"properties":{"fmt_tenid":"M 51/490","type":"MINING LEASE","tenstatus":"LIVE","holder1":"BIG BELL GOLD OPERATIONS PTY LTD","holder2":" ","legal_area":221.7,"unit_of_me":"HA.","_colour":"#f5a520","_label":"Mining Lease"}},{"type":"Feature","geometry":{"type":"Polygon","coordinates":[[[118.47063591586372,-26.724065471964824],[118.46857577044797,-26.705377063401876],[118.43868724931036,-26.70443680817807],[118.43536661460215,-26.710286220951716],[118.43425259080091,-26.71156618068902],[118.42424448694055,-26.729993671958123],[118.42614385954386,-26.730630256173267],[118.42622437007732,-26.730630238073264],[118.43691179966527,-26.730344413711048],[118.43696460856012,-26.73114950961471],[118.44390394358375,-26.71687804315874],[118.47063591586372,-26.724065471964824]]]},"properties":{"fmt_tenid":"M 51/491","type":"MINING LEASE","tenstatus":"LIVE","holder1":"BIG BELL GOLD OPERATIONS PTY LTD","holder2":" ","legal_area":749.55,"unit_of_me":"HA.","_colour":"#f5a520","_label":"Mining Lease"}},{"type":"Feature","geometry":{"type":"Polygon","coordinates":[[[118.35227165864646,-26.823143906700057],[118.33337457799787,-26.81893780409152],[118.32917162608905,-26.831908203892013],[118.32867150570392,-26.83192659627351],[118.32846414614643,-26.833351268227418],[118.3279432134049,-26.836930347403598],[118.33598888526446,-26.836916400044778],[118.33598993879703,-26.83738160083988],[118.33601475425245,-26.848325818524927],[118.34198539128957,-26.852710366586624],[118.34656751221846,-26.8498412671697],[118.35060141561576,-26.854558542139397],[118.35371300159045,-26.842723728559356],[118.36561699921678,-26.845979605374577],[118.37130485278223,-26.827377404605805],[118.35227165864646,-26.823143906700057]]]},"properties":{"fmt_tenid":"M 51/492","type":"MINING LEASE","tenstatus":"LIVE","holder1":"BIG BELL GOLD OPERATIONS PTY LTD","holder2":" ","legal_area":999.05,"unit_of_me":"HA.","_colour":"#f5a520","_label":"Mining Lease"}},{"type":"Feature","geometry":{"type":"Polygon","coordinates":[[[118.35863427249622,-26.80156311907779],[118.33960578753985,-26.796850164806813],[118.3356872182417,-26.810742089369224],[118.33337457799787,-26.81893780409152],[118.35227165864646,-26.823143906700057],[118.37130485278223,-26.827377404605805],[118.37774905672433,-26.806294391190548],[118.35863427249622,-26.80156311907779]],[[118.34990304575453,-26.800138066680866],[118.3524879924617,-26.80024680567566],[118.3523157449637,-26.80353781670752],[118.34811859783345,-26.803624446767966],[118.34830433810042,-26.80007079254184],[118.34990304575453,-26.800138066680866]]]},"properties":{"fmt_tenid":"M 51/493","type":"MINING LEASE","tenstatus":"LIVE","holder1":"BIG BELL GOLD OPERATIONS PTY LTD","holder2":" ","legal_area":951.2,"unit_of_me":"HA.","_colour":"#f5a520","_label":"Mining Lease"}},{"type":"Feature","geometry":{"type":"Polygon","coordinates":[[[118.37349987049174,-26.7792358991789],[118.3596062553874,-26.776214165493393],[118.35843006430659,-26.77811387263419],[118.35205818876092,-26.778134362234628],[118.33960578753985,-26.796850164806813],[118.35863427249622,-26.80156311907779],[118.37774905672433,-26.806294391190548],[118.3806750477954,-26.796719314741342],[118.38491827393952,-26.796297935354872],[118.38473254867046,-26.784446445836526],[118.38473250958337,-26.78167766560759],[118.37349987049174,-26.7792358991789]]]},"properties":{"fmt_tenid":"M 51/494","type":"MINING LEASE","tenstatus":"LIVE","holder1":"BIG BELL GOLD OPERATIONS PTY LTD","holder2":" ","legal_area":994.35,"unit_of_me":"HA.","_colour":"#f5a520","_label":"Mining Lease"}},{"type":"Feature","geometry":{"type":"Polygon","coordinates":[[[118.37743329673543,-26.76623855656705],[118.38204713435242,-26.75098852919286],[118.38473179213237,-26.751029497870732],[118.38473177844236,-26.75043799415313],[118.38592954936463,-26.750728082861727],[118.38664043213306,-26.748362713684795],[118.38985766706024,-26.737656488835544],[118.39718426048468,-26.739429034756046],[118.40101125836289,-26.726608537896453],[118.40146391252141,-26.726717483595156],[118.40154021043902,-26.7264632181804],[118.39377990021597,-26.724585887497664],[118.38601386165531,-26.72270668367678],[118.38472565342758,-26.72699822382668],[118.38209030447756,-26.73577710547811],[118.37918542625049,-26.745452206528494],[118.37589608086046,-26.749993374410977],[118.35971101920178,-26.76528155883706],[118.3596062553874,-26.776214165493393],[118.37349987049174,-26.7792358991789],[118.37743329673543,-26.76623855656705]]]},"properties":{"fmt_tenid":"M 51/495","type":"MINING LEASE","tenstatus":"LIVE","holder1":"BIG BELL GOLD OPERATIONS PTY LTD","holder2":" ","legal_area":792.2,"unit_of_me":"HA.","_colour":"#f5a520","_label":"Mining Lease"}},{"type":"Feature","geometry":{"type":"Polygon","coordinates":[[[118.3451524927149,-26.892554264377264],[118.34512791054108,-26.895140245640007],[118.34612775171458,-26.895143790593554],[118.3460498785894,-26.894032552767946],[118.34595713050302,-26.892684255090582],[118.3451524927149,-26.892554264377264]]]},"properties":{"fmt_tenid":"M 51/496","type":"MINING LEASE","tenstatus":"LIVE","holder1":"BIG BELL GOLD OPERATIONS PTY LTD","holder2":" ","legal_area":2.5005,"unit_of_me":"HA.","_colour":"#f5a520","_label":"Mining Lease"}},{"type":"Feature","geometry":{"type":"Polygon","coordinates":[[[118.45113394275457,-26.62371041723786],[118.45062420897418,-26.624955547502573],[118.43699762053681,-26.62040846559798],[118.43767186249931,-26.618757867741632],[118.43677003162607,-26.618498289607043],[118.42999687494542,-26.63648877403661],[118.43778757313581,-26.63901787808354],[118.43774788402071,-26.629834657243027],[118.4518419657842,-26.634475918964718],[118.45562718522086,-26.625065626298145],[118.45113394275457,-26.62371041723786]]]},"properties":{"fmt_tenid":"M 51/500","type":"MINING LEASE","tenstatus":"LIVE","holder1":"BIG BELL GOLD OPERATIONS PTY LTD","holder2":" ","legal_area":262.35,"unit_of_me":"HA.","_colour":"#f5a520","_label":"Mining Lease"}},{"type":"Feature","geometry":{"type":"Polygon","coordinates":[[[118.35339592791236,-26.76530204927101],[118.34534930309383,-26.77645672420973],[118.34534700213463,-26.77815567382076],[118.35205818876092,-26.778134362234628],[118.35843006430659,-26.77811387263419],[118.3596062553874,-26.776214165493393],[118.35971101920178,-26.76528155883706],[118.35339592791236,-26.76530204927101]]]},"properties":{"fmt_tenid":"M 51/501","type":"MINING LEASE","tenstatus":"LIVE","holder1":"BIG BELL GOLD OPERATIONS PTY LTD","holder2":" ","legal_area":151.6,"unit_of_me":"HA.","_colour":"#f5a520","_label":"Mining Lease"}},{"type":"Feature","geometry":{"type":"Polygon","coordinates":[[[118.41807378499482,-26.69006535791211],[118.41771447341402,-26.69091246020743],[118.41663286544389,-26.69345682897815],[118.4151911548397,-26.696848110723387],[118.41744316841714,-26.697620434303655],[118.42015992543244,-26.69106451729524],[118.41807378499482,-26.69006535791211]]]},"properties":{"fmt_tenid":"M 51/502","type":"MINING LEASE","tenstatus":"LIVE","holder1":"BIG BELL GOLD OPERATIONS PTY LTD","holder2":" ","legal_area":18.68,"unit_of_me":"HA.","_colour":"#f5a520","_label":"Mining Lease"}},{"type":"Feature","geometry":{"type":"Polygon","coordinates":[[[118.47066166687209,-26.631976030519496],[118.46883378908444,-26.637650724437794],[118.46518174785088,-26.648986808690807],[118.46716663115365,-26.649572342756766],[118.47463877982858,-26.65177630377804],[118.47527162102524,-26.65196294335325],[118.48057077434109,-26.634181794764242],[118.47066166687209,-26.631976030519496]]]},"properties":{"fmt_tenid":"M 51/503","type":"MINING LEASE","tenstatus":"LIVE","holder1":"BIG BELL GOLD OPERATIONS PTY LTD","holder2":" ","legal_area":207.4,"unit_of_me":"HA.","_colour":"#f5a520","_label":"Mining Lease"}},{"type":"Feature","geometry":{"type":"Polygon","coordinates":[[[118.59813448571083,-26.457136140706012],[118.59413099323058,-26.457123832441546],[118.58606141014255,-26.457099331503997],[118.5860108388117,-26.470717321820427],[118.59408056428228,-26.47074072958998],[118.59811428979988,-26.47075295503591],[118.59813448571083,-26.457136140706012]]]},"properties":{"fmt_tenid":"M 51/504","type":"MINING LEASE","tenstatus":"LIVE","holder1":"BIG BELL GOLD OPERATIONS PTY LTD","holder2":" ","legal_area":181.9,"unit_of_me":"HA.","_colour":"#f5a520","_label":"Mining Lease"}},{"type":"Feature","geometry":{"type":"Polygon","coordinates":[[[118.3189078356228,-26.85045225270485],[118.31757229498659,-26.85135733875331],[118.31703623918575,-26.85172062313034],[118.31651197032298,-26.852075901474795],[118.31551249746008,-26.85275313006514],[118.31641091549426,-26.854098715830723],[118.31640765502311,-26.854359073606712],[118.31636453630449,-26.85780270863367],[118.3173127271921,-26.858099459582778],[118.31818568767027,-26.8583726596473],[118.31880490174103,-26.8564722065094],[118.3209388413496,-26.859067422995516],[118.32189551640573,-26.859047593267668],[118.32192703699225,-26.860278617605097],[118.32389914503058,-26.86267323930006],[118.33088778230353,-26.858103436476856],[118.32722763916291,-26.85302612604578],[118.32613899720535,-26.851515005429317],[118.3259026600169,-26.851187109507414],[118.32325131190653,-26.84750852552735],[118.3189078356228,-26.85045225270485]]]},"properties":{"fmt_tenid":"M 51/51","type":"MINING LEASE","tenstatus":"LIVE","holder1":"BIG BELL GOLD OPERATIONS PTY LTD","holder2":" ","legal_area":132.7,"unit_of_me":"HA.","_colour":"#f5a520","_label":"Mining Lease"}},{"type":"Feature","geometry":{"type":"MultiPolygon","coordinates":[[[[118.45174325202699,-26.6626118687016],[118.4504702530321,-26.662095401769744],[118.44279264419367,-26.683064416480143],[118.44359880487006,-26.683314444833094],[118.44375432760883,-26.68336267950512],[118.442962411504,-26.6854231619273],[118.44062561288942,-26.690651017730985],[118.4413695935335,-26.690924249448372],[118.46297599821688,-26.635264576409096],[118.46699212350678,-26.624991472247743],[118.45174325202699,-26.6626118687016]]],[[[118.46699212350678,-26.624991472247743],[118.46867811577529,-26.6223078972773],[118.46811720494831,-26.622165875227118],[118.46699212350678,-26.624991472247743]]]]},"properties":{"fmt_tenid":"M 51/516","type":"MINING LEASE","tenstatus":"LIVE","holder1":"BIG BELL GOLD OPERATIONS PTY LTD","holder2":" ","legal_area":61.38,"unit_of_me":"HA.","_colour":"#f5a520","_label":"Mining Lease"}},{"type":"Feature","geometry":{"type":"Polygon","coordinates":[[[118.49130965740747,-26.594954216469283],[118.49077796620718,-26.594841574206587],[118.48912175551956,-26.594833598557585],[118.4891926952477,-26.596109520443047],[118.49007890712794,-26.596425801066285],[118.4905721014753,-26.596601813773848],[118.49250123599441,-26.595407260885448],[118.49130965740747,-26.594954216469283]]]},"properties":{"fmt_tenid":"M 51/521","type":"MINING LEASE","tenstatus":"LIVE","holder1":"BIG BELL GOLD OPERATIONS PTY LTD","holder2":" ","legal_area":4.3595,"unit_of_me":"HA.","_colour":"#f5a520","_label":"Mining Lease"}},{"type":"Feature","geometry":{"type":"Polygon","coordinates":[[[118.34033363046315,-26.8675962872373],[118.33695721670014,-26.867252278534824],[118.33361190832957,-26.866911018470564],[118.33302281633631,-26.871560839784635],[118.33276027615892,-26.873632973431413],[118.33928208060793,-26.88202130314106],[118.33979405751673,-26.88207350327216],[118.33986539202778,-26.881503712802385],[118.34013990871827,-26.879338651922623],[118.34033756814037,-26.877779708541993],[118.33793764633296,-26.877535054441903],[118.33806068634243,-26.876564631488574],[118.338334722133,-26.874403245569265],[118.33839249042984,-26.87394759958217],[118.34079238904114,-26.87419230575666],[118.34096192079939,-26.872855060496253],[118.34123571664254,-26.87069533611273],[118.34144055665537,-26.86907951985578],[118.34076847804022,-26.869125233722706],[118.34033363046315,-26.8675962872373]]]},"properties":{"fmt_tenid":"M 51/524","type":"MINING LEASE","tenstatus":"LIVE","holder1":"BIG BELL GOLD OPERATIONS PTY LTD","holder2":" ","legal_area":85.03,"unit_of_me":"HA.","_colour":"#f5a520","_label":"Mining Lease"}},{"type":"Feature","geometry":{"type":"Polygon","coordinates":[[[118.34534930309383,-26.77645672420973],[118.33539173421714,-26.790257816279112],[118.33178990086242,-26.794912843275903],[118.32589479405162,-26.79359796058921],[118.32275447640853,-26.80577752813802],[118.32232169309053,-26.807456093095656],[118.32368003847361,-26.80785266059876],[118.3356872182417,-26.810742089369224],[118.33960578753985,-26.796850164806813],[118.35205818876092,-26.778134362234628],[118.34534700213463,-26.77815567382076],[118.34534930309383,-26.77645672420973]]]},"properties":{"fmt_tenid":"M 51/525","type":"MINING LEASE","tenstatus":"LIVE","holder1":"BIG BELL GOLD OPERATIONS PTY LTD","holder2":" ","legal_area":388.1,"unit_of_me":"HA.","_colour":"#f5a520","_label":"Mining Lease"}},{"type":"Feature","geometry":{"type":"Polygon","coordinates":[[[118.36297541848222,-26.75201899565883],[118.35339592791236,-26.76530204927101],[118.35971101920178,-26.76528155883706],[118.37589608086046,-26.749993374410977],[118.3633118206749,-26.7499676250005],[118.36297541848222,-26.75201899565883]]]},"properties":{"fmt_tenid":"M 51/526","type":"MINING LEASE","tenstatus":"LIVE","holder1":"BIG BELL GOLD OPERATIONS PTY LTD","holder2":" ","legal_area":151.15,"unit_of_me":"HA.","_colour":"#f5a520","_label":"Mining Lease"}},{"type":"Feature","geometry":{"type":"Polygon","coordinates":[[[118.45562718522086,-26.625065626298145],[118.4518419657842,-26.634475918964718],[118.4494254631809,-26.64044685046989],[118.45099893661119,-26.64099065549306],[118.4577298667195,-26.62569975560368],[118.45562718522086,-26.625065626298145]]]},"properties":{"fmt_tenid":"M 51/528","type":"MINING LEASE","tenstatus":"LIVE","holder1":"BIG BELL GOLD OPERATIONS PTY LTD","holder2":" ","legal_area":35.23,"unit_of_me":"HA.","_colour":"#f5a520","_label":"Mining Lease"}},{"type":"Feature","geometry":{"type":"Polygon","coordinates":[[[118.32733533301351,-26.875166827866128],[118.32819551781772,-26.87541293100989],[118.32647328534806,-26.8794850692678],[118.32451534025638,-26.878390749897815],[118.32535838773184,-26.876409283944255],[118.32408035189822,-26.877212466185284],[118.32371010398761,-26.877445143933333],[118.31725069149931,-26.88150417722835],[118.3246803792704,-26.891832349496386],[118.33210215623221,-26.886990615808056],[118.33179438725206,-26.88125766213501],[118.33928208060793,-26.88202130314106],[118.33276027615892,-26.873632973431413],[118.33178083705356,-26.87237274945566],[118.32733533301351,-26.875166827866128]],[[118.32912235991735,-26.87936695325634],[118.32947142763618,-26.883031622999678],[118.32687375404296,-26.882604093436477],[118.3270084255367,-26.879014803605774],[118.32912235991735,-26.87936695325634]]]},"properties":{"fmt_tenid":"M 51/53","type":"MINING LEASE","tenstatus":"LIVE","holder1":"BIG BELL GOLD OPERATIONS PTY LTD","holder2":" ","legal_area":197.4,"unit_of_me":"HA.","_colour":"#f5a520","_label":"Mining Lease"}},{"type":"Feature","geometry":{"type":"Polygon","coordinates":[[[118.40930507057286,-26.72834112803464],[118.40154021043902,-26.7264632181804],[118.40146391252141,-26.726717483595156],[118.41560342305586,-26.730119731913376],[118.41581330222594,-26.729692162932146],[118.40930507057286,-26.72834112803464]]]},"properties":{"fmt_tenid":"M 51/539","type":"MINING LEASE","tenstatus":"LIVE","holder1":"BIG BELL GOLD OPERATIONS PTY LTD","holder2":" ","legal_area":4.91,"unit_of_me":"HA.","_colour":"#f5a520","_label":"Mining Lease"}},{"type":"Feature","geometry":{"type":"Polygon","coordinates":[[[118.4016246106281,-26.69844290418602],[118.40938413650203,-26.700321155208137],[118.41086290807458,-26.695391807485148],[118.41292471406754,-26.69606970598349],[118.41436592945125,-26.692679425338984],[118.41544742359214,-26.69013519115147],[118.41580735550917,-26.689288420908838],[118.41728687696039,-26.68663499527171],[118.41882067450015,-26.684146358365183],[118.41647621856166,-26.68357659225487],[118.41466410523947,-26.682949005556782],[118.40754089481037,-26.681125637504145],[118.40541529843867,-26.680581353056507],[118.39972864157933,-26.697931798764884],[118.4016246106281,-26.69844290418602]]]},"properties":{"fmt_tenid":"M 51/557","type":"MINING LEASE","tenstatus":"LIVE","holder1":"BIG BELL GOLD OPERATIONS PTY LTD","holder2":" ","legal_area":238.047,"unit_of_me":"HA.","_colour":"#f5a520","_label":"Mining Lease"}},{"type":"Feature","geometry":{"type":"Polygon","coordinates":[[[118.42942782996288,-26.651451782296302],[118.4287986617996,-26.655099326135502],[118.43121087375293,-26.6554407504343],[118.43190801270858,-26.651852164548647],[118.42942782996288,-26.651451782296302]]]},"properties":{"fmt_tenid":"M 51/560","type":"MINING LEASE","tenstatus":"LIVE","holder1":"BIG BELL GOLD OPERATIONS PTY LTD","holder2":" ","legal_area":10.035,"unit_of_me":"HA.","_colour":"#f5a520","_label":"Mining Lease"}},{"type":"Feature","geometry":{"type":"Polygon","coordinates":[[[118.42555644061656,-26.659697956829884],[118.42372691739577,-26.663246094304288],[118.42265967913991,-26.666539824179033],[118.42371218782955,-26.66686957305692],[118.42488081320968,-26.66723568932458],[118.42570093942929,-26.665147968512215],[118.42609110250001,-26.664154736782827],[118.42739930897777,-26.66092348785576],[118.42555644061656,-26.659697956829884]]]},"properties":{"fmt_tenid":"M 51/561","type":"MINING LEASE","tenstatus":"LIVE","holder1":"BIG BELL GOLD OPERATIONS PTY LTD","holder2":" ","legal_area":18.78,"unit_of_me":"HA.","_colour":"#f5a520","_label":"Mining Lease"}},{"type":"Feature","geometry":{"type":"Polygon","coordinates":[[[118.33178083705356,-26.87237274945566],[118.33276027615892,-26.873632973431413],[118.33302281633631,-26.871560839784635],[118.33178083705356,-26.87237274945566]]]},"properties":{"fmt_tenid":"M 51/568","type":"MINING LEASE","tenstatus":"LIVE","holder1":"BIG BELL GOLD OPERATIONS PTY LTD","holder2":" ","legal_area":1.298,"unit_of_me":"HA.","_colour":"#f5a520","_label":"Mining Lease"}},{"type":"Feature","geometry":{"type":"Polygon","coordinates":[[[118.3566342489138,-26.854487562598536],[118.35668151455796,-26.857577725777706],[118.35961628303272,-26.857408891723708],[118.35974628169839,-26.855131197897443],[118.3566342489138,-26.854487562598536]]]},"properties":{"fmt_tenid":"M 51/569","type":"MINING LEASE","tenstatus":"LIVE","holder1":"BIG BELL GOLD OPERATIONS PTY LTD","holder2":" ","legal_area":8.946,"unit_of_me":"HA.","_colour":"#f5a520","_label":"Mining Lease"}},{"type":"Feature","geometry":{"type":"Polygon","coordinates":[[[118.36218149836886,-26.86592649432014],[118.36169058139153,-26.873446675024653],[118.36387215496205,-26.873483195392847],[118.36384825249982,-26.877075153468446],[118.36162699525686,-26.87701068063449],[118.36111366874354,-26.87920098456491],[118.36160987488554,-26.89007632626731],[118.36640303897272,-26.889900389336447],[118.3664905761031,-26.897098592864424],[118.35021046103981,-26.89733336005467],[118.35026483208638,-26.903769300979175],[118.35212772323538,-26.90375100395318],[118.35433307687853,-26.903729311922053],[118.35439933988611,-26.909215395659672],[118.3544486353933,-26.91329633625933],[118.3544975794402,-26.917347879574596],[118.35136166450332,-26.917508215426437],[118.35024363227612,-26.917934661353478],[118.34885602657157,-26.91736406798306],[118.34640721446213,-26.91742710213974],[118.34286961070048,-26.917445718572313],[118.34260172401154,-26.924909274682594],[118.35779292231926,-26.924970058958124],[118.35803697730839,-26.917708676788223],[118.36936332210888,-26.919300739755553],[118.37068533778954,-26.91948650548645],[118.3709679548531,-26.909698113585378],[118.37107214670515,-26.9060892503569],[118.3740569726511,-26.906103676559407],[118.37494463373203,-26.89023894032485],[118.36971923800208,-26.89000386890846],[118.36959262329725,-26.883355926045535],[118.36926448355986,-26.86612325575911],[118.36218149836886,-26.86592649432014]]]},"properties":{"fmt_tenid":"M 51/572","type":"MINING LEASE","tenstatus":"LIVE","holder1":"BIG BELL GOLD OPERATIONS PTY LTD","holder2":" ","legal_area":836.8,"unit_of_me":"HA.","_colour":"#f5a520","_label":"Mining Lease"}},{"type":"Feature","geometry":{"type":"Polygon","coordinates":[[[118.3279432134049,-26.836930347403598],[118.32795064145841,-26.840458998454075],[118.32795274096313,-26.841442643697565],[118.32797199137131,-26.850467088037156],[118.33601937179463,-26.85045283017673],[118.33601475425245,-26.848325818524927],[118.33598993879703,-26.83738160083988],[118.33598888526446,-26.836916400044778],[118.3279432134049,-26.836930347403598]]]},"properties":{"fmt_tenid":"M 51/573","type":"MINING LEASE","tenstatus":"LIVE","holder1":"BIG BELL GOLD OPERATIONS PTY LTD","holder2":" ","legal_area":120,"unit_of_me":"HA.","_colour":"#f5a520","_label":"Mining Lease"}},{"type":"Feature","geometry":{"type":"Polygon","coordinates":[[[118.34638963737773,-26.915992231838146],[118.3463575733924,-26.913374953782878],[118.34632217138953,-26.91048648464692],[118.34627783380822,-26.90687745190073],[118.34624007546681,-26.90380847903427],[118.34316033397866,-26.903838746075596],[118.34311610367394,-26.90021070009989],[118.3471503513723,-26.900487234074053],[118.3473580973309,-26.89805821437169],[118.34633358562556,-26.8981151614238],[118.34612775171458,-26.895143790593554],[118.34512791054108,-26.895140245640007],[118.3451524927149,-26.892554264377264],[118.34595713050302,-26.892684255090582],[118.34579063330878,-26.89028103573506],[118.34135308825061,-26.890195557334216],[118.34151064414031,-26.883755447890913],[118.3395212577875,-26.884225645278985],[118.33979405751673,-26.88207350327216],[118.33928208060793,-26.88202130314106],[118.33179438725206,-26.88125766213501],[118.33210215623221,-26.886990615808056],[118.3246803792704,-26.891832349496386],[118.31753642948648,-26.896399223237957],[118.3175042786133,-26.912813591079022],[118.33892816815036,-26.913186045158714],[118.33908630646643,-26.917465529869663],[118.34286961070048,-26.917445718572313],[118.34640721446213,-26.91742710213974],[118.34638963737773,-26.915992231838146]]]},"properties":{"fmt_tenid":"M 51/575","type":"MINING LEASE","tenstatus":"LIVE","holder1":"BIG BELL GOLD OPERATIONS PTY LTD","holder2":" ","legal_area":803.516,"unit_of_me":"HA.","_colour":"#f5a520","_label":"Mining Lease"}},{"type":"Feature","geometry":{"type":"Polygon","coordinates":[[[118.31651197032298,-26.852075901474795],[118.31645607296973,-26.851406546126046],[118.31512948811346,-26.851439384772828],[118.30413233760939,-26.851569038719056],[118.30317402983016,-26.851580296319376],[118.30295504871958,-26.859600186688745],[118.31064678064878,-26.859639681223676],[118.31634050055172,-26.859668642015173],[118.31636453630449,-26.85780270863367],[118.31640765502311,-26.854359073606712],[118.31641091549426,-26.854098715830723],[118.31551249746008,-26.85275313006514],[118.31651197032298,-26.852075901474795]],[[118.308492645237,-26.857169076386644],[118.30527597986473,-26.85712886638712],[118.30526687071396,-26.855338181571778],[118.30674632517982,-26.855348971077948],[118.308492645237,-26.857169076386644]]]},"properties":{"fmt_tenid":"M 51/576","type":"MINING LEASE","tenstatus":"LIVE","holder1":"BIG BELL GOLD OPERATIONS PTY LTD","holder2":" ","legal_area":113.773,"unit_of_me":"HA.","_colour":"#f5a520","_label":"Mining Lease"}},{"type":"Feature","geometry":{"type":"Polygon","coordinates":[[[118.34885338221738,-26.88922681288711],[118.34746964527967,-26.889303905835014],[118.34744857044207,-26.890188001793486],[118.34796694515664,-26.890159242492025],[118.35015223953893,-26.890214226226703],[118.35146911515564,-26.88769219249905],[118.34875687352526,-26.887839388839893],[118.34885338221738,-26.88922681288711]]]},"properties":{"fmt_tenid":"M 51/581","type":"MINING LEASE","tenstatus":"LIVE","holder1":"BIG BELL GOLD OPERATIONS PTY LTD","holder2":" ","legal_area":6.672,"unit_of_me":"HA.","_colour":"#f5a520","_label":"Mining Lease"}},{"type":"Feature","geometry":{"type":"Polygon","coordinates":[[[118.33695721670014,-26.867252278534824],[118.34033363046315,-26.8675962872373],[118.33915521037245,-26.865977648579534],[118.33695721670014,-26.867252278534824]]]},"properties":{"fmt_tenid":"M 51/582","type":"MINING LEASE","tenstatus":"LIVE","holder1":"BIG BELL GOLD OPERATIONS PTY LTD","holder2":" ","legal_area":2.7855,"unit_of_me":"HA.","_colour":"#f5a520","_label":"Mining Lease"}},{"type":"Feature","geometry":{"type":"Polygon","coordinates":[[[118.32589479405162,-26.79359796058921],[118.33178990086242,-26.794912843275903],[118.33539173421714,-26.790257816279112],[118.32623892016682,-26.785566927698106],[118.33297193239895,-26.77634959665079],[118.34348737112396,-26.7619505612913],[118.3531586833417,-26.748703318483606],[118.35136527500997,-26.748704268210822],[118.33695189948206,-26.748710940547696],[118.31805625843965,-26.748717712298866],[118.31809631984832,-26.76599573977587],[118.31811496320485,-26.77400671250003],[118.31815629126143,-26.79169397176718],[118.32249307839945,-26.792761059951523],[118.32589479405162,-26.79359796058921]]]},"properties":{"fmt_tenid":"M 51/584","type":"MINING LEASE","tenstatus":"LIVE","holder1":"BIG BELL GOLD OPERATIONS PTY LTD","holder2":" ","legal_area":998.432,"unit_of_me":"HA.","_colour":"#f5a520","_label":"Mining Lease"}},{"type":"Feature","geometry":{"type":"Polygon","coordinates":[[[118.41580735550917,-26.689288420908838],[118.41807378499482,-26.69006535791211],[118.41914774374948,-26.68779374879088],[118.41728687696039,-26.68663499527171],[118.41580735550917,-26.689288420908838]]]},"properties":{"fmt_tenid":"M 51/586","type":"MINING LEASE","tenstatus":"LIVE","holder1":"BIG BELL GOLD OPERATIONS PTY LTD","holder2":" ","legal_area":6.968,"unit_of_me":"HA.","_colour":"#f5a520","_label":"Mining Lease"}},{"type":"Feature","geometry":{"type":"Polygon","coordinates":[[[118.4330905773028,-26.628271455090434],[118.43677003162607,-26.618498289607043],[118.43767186249931,-26.618757867741632],[118.4394074866523,-26.61450867397056],[118.43415611080458,-26.612968009155885],[118.43701235244279,-26.60404613507291],[118.43352222407157,-26.60310340156944],[118.43220346221639,-26.6027471589377],[118.42710747119958,-26.61666668183817],[118.42434747315134,-26.62420413330567],[118.4330905773028,-26.628271455090434]]]},"properties":{"fmt_tenid":"M 51/587","type":"MINING LEASE","tenstatus":"LIVE","holder1":"BIG BELL GOLD OPERATIONS PTY LTD","holder2":" ","legal_area":198,"unit_of_me":"HA.","_colour":"#f5a520","_label":"Mining Lease"}},{"type":"Feature","geometry":{"type":"Polygon","coordinates":[[[118.35008015646821,-26.872194568638896],[118.34920652859029,-26.872059062912797],[118.34900157779175,-26.87367609970745],[118.34872763721606,-26.875837447472986],[118.3484536532165,-26.877998223284678],[118.34841156665301,-26.87833012725981],[118.34904250590345,-26.87884676706217],[118.35218825436397,-26.881272779912496],[118.35303701179124,-26.881927313943752],[118.35308755718744,-26.881190774453955],[118.35320823231368,-26.879432202843464],[118.35350711175079,-26.875076352426653],[118.35366668871367,-26.87275054831329],[118.35008015646821,-26.872194568638896]]]},"properties":{"fmt_tenid":"M 51/6","type":"MINING LEASE","tenstatus":"LIVE","holder1":"BIG BELL GOLD OPERATIONS PTY LTD","holder2":" ","legal_area":40.4,"unit_of_me":"HA.","_colour":"#f5a520","_label":"Mining Lease"}},{"type":"Feature","geometry":{"type":"Polygon","coordinates":[[[118.48877130091336,-26.72753732729128],[118.48172003156519,-26.738104403120865],[118.4817154898655,-26.740827833236942],[118.48288468911326,-26.74079404371243],[118.4828821235427,-26.75086325079735],[118.49582549298718,-26.731852597547586],[118.48877130091336,-26.72753732729128]]]},"properties":{"fmt_tenid":"M 51/605","type":"MINING LEASE","tenstatus":"LIVE","holder1":"BIG BELL GOLD OPERATIONS PTY LTD","holder2":" ","legal_area":156.35,"unit_of_me":"HA.","_colour":"#f5a520","_label":"Mining Lease"}},{"type":"Feature","geometry":{"type":"Polygon","coordinates":[[[118.51802736078804,-26.682052669349808],[118.50487834526841,-26.682051539365055],[118.49431929904983,-26.706520392008624],[118.49582549298718,-26.731852597547586],[118.50144237024308,-26.73173162298532],[118.50143457945276,-26.71541562814674],[118.51801579121577,-26.7154165710132],[118.51802207592225,-26.697412367903567],[118.51802736078804,-26.682052669349808]]]},"properties":{"fmt_tenid":"M 51/611","type":"MINING LEASE","tenstatus":"LIVE","holder1":"BIG BELL GOLD OPERATIONS PTY LTD","holder2":" ","legal_area":837.229,"unit_of_me":"HA.","_colour":"#f5a520","_label":"Mining Lease"}},{"type":"Feature","geometry":{"type":"Polygon","coordinates":[[[118.44681953850318,-26.650935393554853],[118.4466151123791,-26.65363657683564],[118.44970332792919,-26.653561126220726],[118.44983248328269,-26.65090993497864],[118.44681953850318,-26.650935393554853]]]},"properties":{"fmt_tenid":"M 51/613","type":"MINING LEASE","tenstatus":"LIVE","holder1":"BIG BELL GOLD OPERATIONS PTY LTD","holder2":" ","legal_area":9,"unit_of_me":"HA.","_colour":"#f5a520","_label":"Mining Lease"}},{"type":"Feature","geometry":{"type":"Polygon","coordinates":[[[118.34735295082838,-26.867635128582858],[118.3470889683742,-26.867910415844822],[118.3462932414596,-26.868740202668434],[118.34596836271982,-26.869078983019392],[118.3457585252363,-26.869297798250585],[118.34445828005798,-26.871023450714826],[118.34439832756327,-26.871103015786495],[118.34630016237277,-26.87246012791402],[118.34643276066271,-26.8725547447063],[118.34819256647978,-26.87241488623941],[118.34818963389056,-26.871403619520194],[118.34818635869796,-26.87027374383367],[118.34939839399999,-26.86887368266383],[118.34735295082838,-26.867635128582858]]]},"properties":{"fmt_tenid":"M 51/62","type":"MINING LEASE","tenstatus":"LIVE","holder1":"BIG BELL GOLD OPERATIONS PTY LTD","holder2":" ","legal_area":14.665,"unit_of_me":"HA.","_colour":"#f5a520","_label":"Mining Lease"}},{"type":"Feature","geometry":{"type":"Polygon","coordinates":[[[118.45146918546702,-26.597251457682464],[118.45133366135191,-26.597657355040724],[118.4495916502023,-26.60287439950976],[118.4572840996736,-26.604949840061987],[118.45907278138698,-26.59934109051969],[118.45498724347462,-26.598218355538165],[118.45146918546702,-26.597251457682464]]]},"properties":{"fmt_tenid":"M 51/628","type":"MINING LEASE","tenstatus":"LIVE","holder1":"BIG BELL GOLD OPERATIONS PTY LTD","holder2":" ","legal_area":52,"unit_of_me":"HA.","_colour":"#f5a520","_label":"Mining Lease"}},{"type":"Feature","geometry":{"type":"Polygon","coordinates":[[[118.37106445422278,-26.7202714361442],[118.35139206625713,-26.72018860595452],[118.35138207621488,-26.73085436681098],[118.35136527500997,-26.748704268210822],[118.3531586833417,-26.748703318483606],[118.3543232893271,-26.747107965017157],[118.36297541848222,-26.75201899565883],[118.3633118206749,-26.7499676250005],[118.37589608086046,-26.749993374410977],[118.37918542625049,-26.745452206528494],[118.38209030447756,-26.73577710547811],[118.38472565342758,-26.72699822382668],[118.38512308641344,-26.720328989117988],[118.37106445422278,-26.7202714361442]]]},"properties":{"fmt_tenid":"M 51/637","type":"MINING LEASE","tenstatus":"LIVE","holder1":"BIG BELL GOLD OPERATIONS PTY LTD","holder2":" ","legal_area":993.188,"unit_of_me":"HA.","_colour":"#f5a520","_label":"Mining Lease"}},{"type":"Feature","geometry":{"type":"Polygon","coordinates":[[[118.42310700746441,-26.653430116999413],[118.42301677747453,-26.655570188605804],[118.42897417994878,-26.65728138435934],[118.42820201247338,-26.659352129588466],[118.42855878319354,-26.659633491079735],[118.4304906992587,-26.657055327793273],[118.43236723294831,-26.65795913557966],[118.43385149081506,-26.6591372189636],[118.43511077434424,-26.65732310331911],[118.42310700746441,-26.653430116999413]]]},"properties":{"fmt_tenid":"M 51/640","type":"MINING LEASE","tenstatus":"LIVE","holder1":"BIG BELL GOLD OPERATIONS PTY LTD","holder2":" ","legal_area":25.99,"unit_of_me":"HA.","_colour":"#f5a520","_label":"Mining Lease"}},{"type":"Feature","geometry":{"type":"Polygon","coordinates":[[[118.45522579247894,-26.74120987761325],[118.45825269532172,-26.74871020230266],[118.4677314008252,-26.748729067308965],[118.46800840903477,-26.742352709214142],[118.45522579247894,-26.74120987761325]]]},"properties":{"fmt_tenid":"M 51/643","type":"MINING LEASE","tenstatus":"LIVE","holder1":"BIG BELL GOLD OPERATIONS PTY LTD","holder2":" ","legal_area":84.25,"unit_of_me":"HA.","_colour":"#f5a520","_label":"Mining Lease"}},{"type":"Feature","geometry":{"type":"Polygon","coordinates":[[[118.31957320949661,-26.862706234610712],[118.31948128082044,-26.85909752909967],[118.3209388413496,-26.859067422995516],[118.31880490174103,-26.8564722065094],[118.31818568767027,-26.8583726596473],[118.3173127271921,-26.858099459582778],[118.31636453630449,-26.85780270863367],[118.31634050055172,-26.859668642015173],[118.31064678064878,-26.859639681223676],[118.3168030112745,-26.867275249123857],[118.32389914503058,-26.86267323930006],[118.32192703699225,-26.860278617605097],[118.32198797192,-26.862656949339037],[118.31957320949661,-26.862706234610712]]]},"properties":{"fmt_tenid":"M 51/644","type":"MINING LEASE","tenstatus":"LIVE","holder1":"BIG BELL GOLD OPERATIONS PTY LTD","holder2":" ","legal_area":63.546,"unit_of_me":"HA.","_colour":"#f5a520","_label":"Mining Lease"}},{"type":"Feature","geometry":{"type":"Polygon","coordinates":[[[118.31512948811346,-26.851439384772828],[118.30838028880454,-26.842911092004563],[118.3013615908072,-26.84768209580034],[118.30413233760939,-26.851569038719056],[118.31512948811346,-26.851439384772828]]]},"properties":{"fmt_tenid":"M 51/645","type":"MINING LEASE","tenstatus":"LIVE","holder1":"BIG BELL GOLD OPERATIONS PTY LTD","holder2":" ","legal_area":74.431,"unit_of_me":"HA.","_colour":"#f5a520","_label":"Mining Lease"}},{"type":"Feature","geometry":{"type":"Polygon","coordinates":[[[118.27669775270608,-27.040056937805947],[118.27772674917261,-27.040012099924745],[118.27864282848086,-27.039972109472146],[118.2786428223521,-27.034581366715354],[118.27857525223871,-27.0345805545691],[118.27864285702493,-27.03423746342896],[118.27864293485577,-27.021907186149047],[118.26297228012976,-27.021186108528944],[118.2630988713249,-27.037560518823735],[118.26323826326212,-27.055563374139826],[118.27154523858646,-27.055306003052944],[118.27148571590013,-27.039929404778068],[118.27379776838521,-27.04000048660923],[118.27669775270608,-27.040056937805947]]]},"properties":{"fmt_tenid":"M 51/649","type":"MINING LEASE","tenstatus":"LIVE","holder1":"BIG BELL GOLD OPERATIONS PTY LTD","holder2":" ","legal_area":458.01,"unit_of_me":"HA.","_colour":"#f5a520","_label":"Mining Lease"}},{"type":"Feature","geometry":{"type":"Polygon","coordinates":[[[118.58677056308326,-26.443948849632953],[118.58651444247532,-26.44870323790734],[118.58641326616768,-26.45058215891274],[118.58606141014255,-26.45709932950402],[118.59413098723053,-26.457123830441517],[118.59414906214954,-26.452248810154156],[118.594181638963,-26.443505407337003],[118.5907411158607,-26.44371132322567],[118.58677056308326,-26.443948849632953]]]},"properties":{"fmt_tenid":"M 51/653","type":"MINING LEASE","tenstatus":"LIVE","holder1":"BIG BELL GOLD OPERATIONS PTY LTD","holder2":" ","legal_area":115,"unit_of_me":"HA.","_colour":"#f5a520","_label":"Mining Lease"}},{"type":"Feature","geometry":{"type":"Polygon","coordinates":[[[118.5181165875638,-26.555671393645845],[118.51319410007335,-26.56630343966436],[118.51166814030239,-26.56922319012604],[118.52402934057861,-26.57361740284951],[118.5241102429503,-26.56708219396835],[118.5238619470896,-26.558315949583974],[118.5238775506119,-26.557556997665067],[118.5181165875638,-26.555671393645845]]]},"properties":{"fmt_tenid":"M 51/654","type":"MINING LEASE","tenstatus":"LIVE","holder1":"BIG BELL GOLD OPERATIONS PTY LTD","holder2":" ","legal_area":172,"unit_of_me":"HA.","_colour":"#f5a520","_label":"Mining Lease"}},{"type":"Feature","geometry":{"type":"Polygon","coordinates":[[[118.5907411158607,-26.44371132322567],[118.594181638963,-26.443505407337003],[118.59414906214954,-26.452248810154156],[118.59413098723053,-26.457123830441517],[118.59813448971079,-26.457136139706023],[118.5981142897999,-26.470752960035906],[118.6021509497518,-26.470765079645833],[118.61022003977291,-26.47078898587967],[118.61026861000424,-26.45717196006639],[118.61031848324417,-26.443554869629864],[118.61036773483217,-26.42993567335179],[118.60230077551817,-26.42991033326063],[118.60228410745074,-26.434176142879373],[118.5907411158607,-26.44371132322567]]]},"properties":{"fmt_tenid":"M 51/667","type":"MINING LEASE","tenstatus":"LIVE","holder1":"BIG BELL GOLD OPERATIONS PTY LTD","holder2":" ","legal_area":606,"unit_of_me":"HA.","_colour":"#f5a520","_label":"Mining Lease"}},{"type":"Feature","geometry":{"type":"Polygon","coordinates":[[[118.58641326616768,-26.45058215891274],[118.57110751346981,-26.470741684435158],[118.56146518656064,-26.484293119135916],[118.56905391289756,-26.48406227774675],[118.56903553937795,-26.486381029540567],[118.59480502797834,-26.486195950006643],[118.59478799488598,-26.485562717114462],[118.59473531546267,-26.483568019604178],[118.59440660328804,-26.477128614992946],[118.60247690159618,-26.477102839487674],[118.60223929166612,-26.47251341047345],[118.6021509497518,-26.470765079645833],[118.5981142897999,-26.470752960035906],[118.59408055628217,-26.47074072558998],[118.58601083981172,-26.47071731982039],[118.58606141014255,-26.45709932950402],[118.58641326616768,-26.45058215891274]]]},"properties":{"fmt_tenid":"M 51/668","type":"MINING LEASE","tenstatus":"LIVE","holder1":"BIG BELL GOLD OPERATIONS PTY LTD","holder2":" ","legal_area":695,"unit_of_me":"HA.","_colour":"#f5a520","_label":"Mining Lease"}},{"type":"Feature","geometry":{"type":"Polygon","coordinates":[[[118.56542892143513,-26.4969247188067],[118.56545025789316,-26.497877897054146],[118.56551484927071,-26.500762742739926],[118.56567345594378,-26.50784550935328],[118.56514110491752,-26.519613642081318],[118.56510684848975,-26.523244956331933],[118.57513842523856,-26.523779285734857],[118.57511112462065,-26.509974681677434],[118.58277400161575,-26.51002061393019],[118.58288385785674,-26.500670824434376],[118.58293313663754,-26.496473348138917],[118.59508106977395,-26.49645985050772],[118.59499295231495,-26.493183643500057],[118.59480502797834,-26.486195950006643],[118.56903553937795,-26.486381029540567],[118.56905391289756,-26.48406227774675],[118.56146518656064,-26.484293119135916],[118.55247810382845,-26.496924087786184],[118.56542892143513,-26.4969247188067]]]},"properties":{"fmt_tenid":"M 51/669","type":"MINING LEASE","tenstatus":"LIVE","holder1":"BIG BELL GOLD OPERATIONS PTY LTD","holder2":" ","legal_area":869,"unit_of_me":"HA.","_colour":"#f5a520","_label":"Mining Lease"}},{"type":"Feature","geometry":{"type":"Polygon","coordinates":[[[118.5439533292339,-26.513862486077024],[118.54389046785867,-26.522560380133534],[118.54382275388065,-26.531928438714058],[118.55268382111727,-26.53180821009058],[118.55502767183366,-26.532229059754833],[118.55753617930141,-26.53224203556597],[118.56004468478062,-26.53225496838244],[118.56251309219948,-26.532267650239092],[118.56502159980863,-26.53228049405574],[118.56510684848975,-26.523244956331933],[118.56514110491752,-26.519613642081318],[118.56567345594378,-26.50784550935328],[118.56542892143513,-26.4969247188067],[118.55247810382845,-26.496924087786184],[118.55245217326797,-26.50377081364968],[118.53369951678167,-26.50453007806227],[118.53369951676059,-26.51379437623936],[118.5439533292339,-26.513862486077024]]]},"properties":{"fmt_tenid":"M 51/670","type":"MINING LEASE","tenstatus":"LIVE","holder1":"BIG BELL GOLD OPERATIONS PTY LTD","holder2":" ","legal_area":860,"unit_of_me":"HA.","_colour":"#f5a520","_label":"Mining Lease"}},{"type":"Feature","geometry":{"type":"Polygon","coordinates":[[[118.5236672307071,-26.513794376113786],[118.52366723144813,-26.531990059394765],[118.52404579888182,-26.549372736812415],[118.53379618723152,-26.549360573228583],[118.5343377806888,-26.549359878473307],[118.54430957851393,-26.549745861721743],[118.55000000001026,-26.549677783744787],[118.55488119791754,-26.54961938481779],[118.55502767183366,-26.532229059754833],[118.55268382111727,-26.53180821009058],[118.54382275388065,-26.531928438714058],[118.533796186589,-26.53199005948201],[118.53369951676059,-26.51379437623936],[118.5236672307071,-26.513794376113786]]]},"properties":{"fmt_tenid":"M 51/671","type":"MINING LEASE","tenstatus":"LIVE","holder1":"BIG BELL GOLD OPERATIONS PTY LTD","holder2":" ","legal_area":794,"unit_of_me":"HA.","_colour":"#f5a520","_label":"Mining Lease"}},{"type":"Feature","geometry":{"type":"Polygon","coordinates":[[[118.511768783998,-26.540103028105605],[118.51220445071051,-26.55126740347362],[118.51898058144262,-26.553805238962223],[118.5181165875638,-26.555671393645845],[118.5238775506119,-26.557556997665067],[118.5238619470896,-26.558315949583974],[118.5241102429503,-26.56708219396835],[118.52402934057861,-26.57361740284951],[118.5241265439654,-26.573651952650625],[118.53361245189271,-26.577011803297637],[118.53912331164476,-26.579165134520128],[118.54588742664957,-26.57722261548529],[118.54572855706894,-26.57407963130052],[118.54605078522374,-26.567401695147087],[118.54473429794407,-26.567388006088823],[118.54494964303717,-26.558541986539467],[118.54430957851393,-26.549745861721743],[118.5343377806888,-26.549359878473307],[118.53379618723152,-26.549360575228615],[118.52404579888182,-26.549372736812415],[118.52384098462397,-26.539968960752653],[118.511768783998,-26.540103028105605]]]},"properties":{"fmt_tenid":"M 51/672","type":"MINING LEASE","tenstatus":"LIVE","holder1":"BIG BELL GOLD OPERATIONS PTY LTD","holder2":" ","legal_area":825,"unit_of_me":"HA.","_colour":"#f5a520","_label":"Mining Lease"}},{"type":"Feature","geometry":{"type":"Polygon","coordinates":[[[118.50136558968241,-26.63037531972381],[118.4981032800467,-26.639302380057643],[118.50577251046163,-26.641746560125522],[118.5101788795428,-26.628855589549378],[118.50940811984213,-26.628648399874482],[118.50832676661948,-26.632123772047926],[118.50600630001769,-26.63154098017654],[118.50368306041106,-26.63095744972555],[118.50136558968241,-26.63037531972381]]]},"properties":{"fmt_tenid":"M 51/673","type":"MINING LEASE","tenstatus":"LIVE","holder1":"BIG BELL GOLD OPERATIONS PTY LTD","holder2":" ","legal_area":88,"unit_of_me":"HA.","_colour":"#f5a520","_label":"Mining Lease"}},{"type":"Feature","geometry":{"type":"Polygon","coordinates":[[[118.32182520957731,-26.87101636578941],[118.32396125983827,-26.871539648565797],[118.32486401412007,-26.868575808692],[118.32731817019459,-26.86844889586604],[118.3272887440585,-26.866845721343722],[118.32722121862167,-26.866762612367285],[118.32354252673332,-26.866761782726247],[118.32365175649434,-26.86820977904735],[118.3227478904656,-26.867988317323622],[118.32182520957731,-26.87101636578941]]]},"properties":{"fmt_tenid":"M 51/674","type":"MINING LEASE","tenstatus":"LIVE","holder1":"BIG BELL GOLD OPERATIONS PTY LTD","holder2":" ","legal_area":14.565,"unit_of_me":"HA.","_colour":"#f5a520","_label":"Mining Lease"}},{"type":"Feature","geometry":{"type":"Polygon","coordinates":[[[118.33396709404195,-27.023543588390016],[118.33483239089607,-27.023536830500834],[118.33473693933058,-27.0153719284515],[118.31809405996255,-27.01535366986321],[118.30138830743473,-27.015333092201395],[118.30013035984119,-27.018130278196182],[118.31051649197941,-27.019339320806044],[118.32559005526966,-27.022330864611153],[118.33100628983617,-27.023566505829816],[118.33396709404195,-27.023543588390016]]]},"properties":{"fmt_tenid":"M 51/675","type":"MINING LEASE","tenstatus":"LIVE","holder1":"BIG BELL GOLD OPERATIONS PTY LTD","holder2":" ","legal_area":206.91,"unit_of_me":"HA.","_colour":"#f5a520","_label":"Mining Lease"}},{"type":"Feature","geometry":{"type":"Polygon","coordinates":[[[118.41775463095252,-26.676291288173203],[118.41946431231312,-26.673060383664918],[118.41839413254644,-26.67252363889882],[118.41938809637148,-26.67038442159558],[118.42047074844493,-26.66844944471636],[118.42125118108004,-26.668646687562685],[118.41703836970646,-26.666904813385063],[118.41354107736981,-26.66577996236979],[118.40754089481037,-26.681125637504145],[118.41466410523947,-26.682949005556782],[118.41617309157114,-26.679079755457458],[118.41775463095252,-26.676291288173203]]]},"properties":{"fmt_tenid":"M 51/677","type":"MINING LEASE","tenstatus":"LIVE","holder1":"BIG BELL GOLD OPERATIONS PTY LTD","holder2":" ","legal_area":133.081,"unit_of_me":"HA.","_colour":"#f5a520","_label":"Mining Lease"}},{"type":"Feature","geometry":{"type":"Polygon","coordinates":[[[118.4016246106281,-26.69844290418602],[118.39972864157933,-26.697931798764884],[118.40541529843867,-26.680581353056507],[118.39466581504267,-26.680531810578522],[118.38474544129849,-26.680599805585864],[118.38485367018683,-26.691993721234365],[118.38496475708152,-26.703669585667736],[118.38512308641344,-26.720328989117988],[118.38472565342758,-26.72699822382668],[118.38601386165531,-26.72270668367678],[118.38993734550724,-26.709635998584325],[118.3977016528945,-26.71151463328083],[118.39927081221711,-26.706286356437282],[118.4016246106281,-26.69844290418602]]]},"properties":{"fmt_tenid":"M 51/678","type":"MINING LEASE","tenstatus":"LIVE","holder1":"BIG BELL GOLD OPERATIONS PTY LTD","holder2":" ","legal_area":586.737,"unit_of_me":"HA.","_colour":"#f5a520","_label":"Mining Lease"}},{"type":"Feature","geometry":{"type":"Polygon","coordinates":[[[118.43007468495222,-26.66595749897242],[118.4288464124664,-26.66737337335213],[118.43072741231381,-26.668750300884096],[118.42831170156461,-26.6715956862955],[118.42719724790433,-26.673810694155573],[118.42601680935581,-26.675685212590814],[118.42422693840717,-26.678778654307283],[118.42410206175812,-26.67899447065731],[118.42243828365851,-26.682326296595654],[118.42109181358711,-26.684598309002226],[118.42540188178066,-26.685922368218552],[118.42889024603102,-26.686993887583977],[118.4301833370287,-26.683598206288604],[118.43149122785132,-26.680163435379626],[118.42920031870507,-26.67945981819307],[118.43050763160315,-26.67602436387838],[118.43181466540581,-26.672589422402343],[118.43312189434616,-26.66915374595301],[118.43410784319542,-26.666562306104055],[118.432082010188,-26.66632901019899],[118.43007468495222,-26.66595749897242]]]},"properties":{"fmt_tenid":"M 51/679","type":"MINING LEASE","tenstatus":"LIVE","holder1":"BIG BELL GOLD OPERATIONS PTY LTD","holder2":" ","legal_area":118.3,"unit_of_me":"HA.","_colour":"#f5a520","_label":"Mining Lease"}},{"type":"Feature","geometry":{"type":"Polygon","coordinates":[[[118.43350937279405,-26.642985794387343],[118.43364754196853,-26.644811735061285],[118.43393292099074,-26.644890374411908],[118.4331636829312,-26.647148008015165],[118.43494729168088,-26.647638585875054],[118.43571629808919,-26.645381785335935],[118.43552534410645,-26.642862530018142],[118.43350937279405,-26.642985794387343]]]},"properties":{"fmt_tenid":"M 51/680","type":"MINING LEASE","tenstatus":"LIVE","holder1":"BIG BELL GOLD OPERATIONS PTY LTD","holder2":" ","legal_area":9.7135,"unit_of_me":"HA.","_colour":"#f5a520","_label":"Mining Lease"}},{"type":"Feature","geometry":{"type":"Polygon","coordinates":[[[118.47899292217637,-26.58292829382823],[118.4818810669315,-26.583624045666266],[118.48477182538097,-26.58432042581901],[118.49013024895895,-26.578729568355783],[118.49206721543715,-26.575881071984284],[118.49271785571896,-26.575989398696862],[118.49099420332193,-26.57525990885784],[118.47899292217637,-26.58292829382823]]]},"properties":{"fmt_tenid":"M 51/688","type":"MINING LEASE","tenstatus":"LIVE","holder1":"BIG BELL GOLD OPERATIONS PTY LTD","holder2":" ","legal_area":46,"unit_of_me":"HA.","_colour":"#f5a520","_label":"Mining Lease"}},{"type":"Feature","geometry":{"type":"Polygon","coordinates":[[[118.48093150776909,-26.593797769566812],[118.47686844019827,-26.595937680111824],[118.47654394978312,-26.596955380272806],[118.4798201996163,-26.596540310119735],[118.48093150776909,-26.593797769566812]]]},"properties":{"fmt_tenid":"M 51/718","type":"MINING LEASE","tenstatus":"LIVE","holder1":"BIG BELL GOLD OPERATIONS PTY LTD","holder2":" ","legal_area":6.59,"unit_of_me":"HA.","_colour":"#f5a520","_label":"Mining Lease"}},{"type":"Feature","geometry":{"type":"Polygon","coordinates":[[[118.42700378187236,-26.65840713437473],[118.42555644061656,-26.659697956829884],[118.42739930897777,-26.66092348785576],[118.42855878319354,-26.659633491079735],[118.42820201247338,-26.659352129588466],[118.42700378187236,-26.65840713437473]]]},"properties":{"fmt_tenid":"M 51/737","type":"MINING LEASE","tenstatus":"LIVE","holder1":"BIG BELL GOLD OPERATIONS PTY LTD","holder2":" ","legal_area":4.1815,"unit_of_me":"HA.","_colour":"#f5a520","_label":"Mining Lease"}},{"type":"Feature","geometry":{"type":"Polygon","coordinates":[[[118.44067050335315,-26.65915135908935],[118.44215422556518,-26.65963922044377],[118.4455706576251,-26.65062192747835],[118.44067050335315,-26.65915135908935]]]},"properties":{"fmt_tenid":"M 51/738","type":"MINING LEASE","tenstatus":"LIVE","holder1":"BIG BELL GOLD OPERATIONS PTY LTD","holder2":" ","legal_area":8.2995,"unit_of_me":"HA.","_colour":"#f5a520","_label":"Mining Lease"}},{"type":"Feature","geometry":{"type":"Polygon","coordinates":[[[118.50051708496927,-26.665493128926997],[118.49449497750602,-26.681021721837176],[118.49478604686534,-26.681018920114926],[118.49792976313167,-26.680984900534032],[118.5033286811723,-26.665592338515427],[118.50051708496927,-26.665493128926997]]]},"properties":{"fmt_tenid":"M 51/741","type":"MINING LEASE","tenstatus":"LIVE","holder1":"BIG BELL GOLD OPERATIONS PTY LTD","holder2":" ","legal_area":53.46,"unit_of_me":"HA.","_colour":"#f5a520","_label":"Mining Lease"}},{"type":"Feature","geometry":{"type":"Polygon","coordinates":[[[118.3237012425452,-26.99883604508948],[118.31809215753998,-26.998842880158442],[118.31809405996255,-27.01535366986321],[118.33473693933058,-27.0153719284515],[118.33483239089607,-27.023536830500834],[118.33475007292694,-27.03202392300397],[118.33851656189017,-27.031942443997103],[118.33847838765675,-27.02401096188813],[118.33951364621312,-27.024224703483917],[118.3449376396237,-27.003120134953214],[118.34080301161404,-27.002319409768162],[118.33437753841834,-27.001108810399085],[118.3309795527547,-27.013144422381767],[118.32363659556046,-27.011509858116806],[118.3237012425452,-26.99883604508948]]]},"properties":{"fmt_tenid":"M 51/746","type":"MINING LEASE","tenstatus":"LIVE","holder1":"BIG BELL GOLD OPERATIONS PTY LTD","holder2":" ","legal_area":377.95,"unit_of_me":"HA.","_colour":"#f5a520","_label":"Mining Lease"}},{"type":"Feature","geometry":{"type":"Polygon","coordinates":[[[118.34470744917745,-26.875426975763798],[118.3444330183365,-26.877588050908056],[118.34415853407047,-26.87974948309831],[118.34388366871714,-26.881913843661742],[118.34371597567487,-26.88323427528314],[118.3455047577025,-26.882811445980675],[118.34570281133807,-26.88566475297069],[118.345221824476,-26.887626564883377],[118.34585444195805,-26.887591348344092],[118.345811055992,-26.88939616594001],[118.34579063330878,-26.89028103573506],[118.34744857044207,-26.890188001793486],[118.34746964527967,-26.889303905835014],[118.34885338221738,-26.88922681288711],[118.34875687352526,-26.887839388839893],[118.34859378655685,-26.885503543828115],[118.34853082354594,-26.884600388846096],[118.3477944857941,-26.88227008578863],[118.34791565107157,-26.88224143761205],[118.34817962592918,-26.880159486188536],[118.34841156665301,-26.87833012725981],[118.3484536532165,-26.877998223284678],[118.34872763721606,-26.875837447472986],[118.34470744917745,-26.875426975763798]]]},"properties":{"fmt_tenid":"M 51/75","type":"MINING LEASE","tenstatus":"LIVE","holder1":"BIG BELL GOLD OPERATIONS PTY LTD","holder2":" ","legal_area":55.315,"unit_of_me":"HA.","_colour":"#f5a520","_label":"Mining Lease"}},{"type":"Feature","geometry":{"type":"Polygon","coordinates":[[[118.39786955352288,-26.965398584328838],[118.38792538557401,-27.00063047649242],[118.38595945871543,-27.005520077369123],[118.38299533514976,-27.01087876235647],[118.38068374466005,-27.015379217636372],[118.40140350231636,-27.015378691340047],[118.40140320753403,-26.998711815241688],[118.40140406716735,-26.982044498099402],[118.40137220648242,-26.96536579232996],[118.39786955352288,-26.965398584328838]]]},"properties":{"fmt_tenid":"M 51/757","type":"MINING LEASE","tenstatus":"LIVE","holder1":"BIG BELL GOLD OPERATIONS PTY LTD","holder2":" ","legal_area":603.802,"unit_of_me":"HA.","_colour":"#f5a520","_label":"Mining Lease"}},{"type":"Feature","geometry":{"type":"Polygon","coordinates":[[[118.37258000646733,-27.032031524940304],[118.3725629422599,-27.038463605269957],[118.36323633786435,-27.066694451016584],[118.38537155883242,-27.066349612288096],[118.40925019789515,-27.048685823504854],[118.38455806178993,-27.048823863054356],[118.3847338686402,-27.032070294158604],[118.37258000646733,-27.032031524940304]]]},"properties":{"fmt_tenid":"M 51/762","type":"MINING LEASE","tenstatus":"LIVE","holder1":"BIG BELL GOLD OPERATIONS PTY LTD","holder2":" ","legal_area":845.1,"unit_of_me":"HA.","_colour":"#f5a520","_label":"Mining Lease"}},{"type":"Feature","geometry":{"type":"Polygon","coordinates":[[[118.3043070378714,-27.030256507925163],[118.30454637498664,-27.048846046811175],[118.33398929934664,-27.04880412914299],[118.33396709404195,-27.023543588390016],[118.33100628983617,-27.023566505829816],[118.32559005526966,-27.022330864611153],[118.32539452613885,-27.029995170849556],[118.30893842801169,-27.028576386635024],[118.30867180404731,-27.030392838094297],[118.30547586307803,-27.030392656630546],[118.3043070378714,-27.030256507925163]]]},"properties":{"fmt_tenid":"M 51/778","type":"MINING LEASE","tenstatus":"LIVE","holder1":"BIG BELL GOLD OPERATIONS PTY LTD","holder2":" ","legal_area":686.916,"unit_of_me":"HA.","_colour":"#f5a520","_label":"Mining Lease"}},{"type":"Feature","geometry":{"type":"Polygon","coordinates":[[[118.31957320949661,-26.862706234610712],[118.32198797192,-26.862656949339037],[118.32192703699225,-26.860278617605097],[118.32189551640573,-26.859047593267668],[118.3209388413496,-26.859067422995516],[118.31948128082044,-26.85909752909967],[118.31957320949661,-26.862706234610712]]]},"properties":{"fmt_tenid":"M 51/780","type":"MINING LEASE","tenstatus":"LIVE","holder1":"BIG BELL GOLD OPERATIONS PTY LTD","holder2":" ","legal_area":9.600999999999999,"unit_of_me":"HA.","_colour":"#f5a520","_label":"Mining Lease"}},{"type":"Feature","geometry":{"type":"Polygon","coordinates":[[[118.33337457799787,-26.81893780409152],[118.3356872182417,-26.810742089369224],[118.32368003847361,-26.80785266059876],[118.32274692883233,-26.811419537733578],[118.32129404759407,-26.81112578989976],[118.31756307413802,-26.824247398455427],[118.31677903852095,-26.82895808062006],[118.32795064145841,-26.840458998454075],[118.3279432134049,-26.836930347403598],[118.32846414614643,-26.833351268227418],[118.32867150570392,-26.83192659627351],[118.32917162608905,-26.831908203892013],[118.33337457799787,-26.81893780409152]]]},"properties":{"fmt_tenid":"M 51/782","type":"MINING LEASE","tenstatus":"LIVE","holder1":"BIG BELL GOLD OPERATIONS PTY LTD","holder2":" ","legal_area":380.968,"unit_of_me":"HA.","_colour":"#f5a520","_label":"Mining Lease"}},{"type":"Feature","geometry":{"type":"Polygon","coordinates":[[[118.3189078356228,-26.85045225270485],[118.32325131190653,-26.84750852552735],[118.3259026600169,-26.851187109507414],[118.32613899720535,-26.851515005429317],[118.32797199137131,-26.850467088037156],[118.32795274096313,-26.841442643697565],[118.32795064145841,-26.840458998454075],[118.31677903852095,-26.82895808062006],[118.31325744441068,-26.825407844388224],[118.30170055377054,-26.83491637252779],[118.30887712138725,-26.8425883498933],[118.31757229498659,-26.85135733875331],[118.3189078356228,-26.85045225270485]]]},"properties":{"fmt_tenid":"M 51/783","type":"MINING LEASE","tenstatus":"LIVE","holder1":"BIG BELL GOLD OPERATIONS PTY LTD","holder2":" ","legal_area":408.299,"unit_of_me":"HA.","_colour":"#f5a520","_label":"Mining Lease"}},{"type":"Feature","geometry":{"type":"Polygon","coordinates":[[[118.38473250958337,-26.78167766560759],[118.38473183438393,-26.752826898012568],[118.38592954936463,-26.750728082861727],[118.38473177844236,-26.75043799415313],[118.38473179213237,-26.751029497870732],[118.38204713435242,-26.75098852919286],[118.37743329673543,-26.76623855656705],[118.37349987049174,-26.7792358991789],[118.38473250958337,-26.78167766560759]]]},"properties":{"fmt_tenid":"M 51/784","type":"MINING LEASE","tenstatus":"LIVE","holder1":"BIG BELL GOLD OPERATIONS PTY LTD","holder2":" ","legal_area":233.25,"unit_of_me":"HA.","_colour":"#f5a520","_label":"Mining Lease"}},{"type":"Feature","geometry":{"type":"Polygon","coordinates":[[[118.41807050625302,-26.982044596537126],[118.4180710419421,-26.965377329917498],[118.41807156214254,-26.948710166342693],[118.40140511190316,-26.948709934922604],[118.38473767707625,-26.94871005464393],[118.3847219383773,-26.963929077625068],[118.38701068091764,-26.9592683350873],[118.39959929294552,-26.9592679804181],[118.39786955352288,-26.965398584328838],[118.40137220648242,-26.96536579232996],[118.40140406716735,-26.982044498099402],[118.41807050625302,-26.982044596537126]]]},"properties":{"fmt_tenid":"M 51/788","type":"MINING LEASE","tenstatus":"LIVE","holder1":"BIG BELL GOLD OPERATIONS PTY LTD","holder2":" ","legal_area":829.076,"unit_of_me":"HA.","_colour":"#f5a520","_label":"Mining Lease"}},{"type":"Feature","geometry":{"type":"Polygon","coordinates":[[[118.34938590145703,-26.91459620390438],[118.34944136037089,-26.91497123081094],[118.34962398887913,-26.916206205558776],[118.35024363227612,-26.917934661353478],[118.35136166450332,-26.917508215426437],[118.35097708231238,-26.915946191901114],[118.35055217171282,-26.91422033465703],[118.34938590145703,-26.91459620390438]]]},"properties":{"fmt_tenid":"M 51/793","type":"MINING LEASE","tenstatus":"LIVE","holder1":"BIG BELL GOLD OPERATIONS PTY LTD","holder2":" ","legal_area":4.857,"unit_of_me":"HA.","_colour":"#f5a520","_label":"Mining Lease"}},{"type":"Feature","geometry":{"type":"Polygon","coordinates":[[[118.35061418300673,-26.9066347768374],[118.35076230446896,-26.907045217961294],[118.3518432015333,-26.910040259431206],[118.35059433391493,-26.910443247276778],[118.350724443402,-26.91139628571209],[118.35108648498935,-26.91404813071792],[118.35337342954983,-26.91331099133804],[118.35287902647562,-26.909706006793503],[118.35420839171239,-26.909277016676818],[118.35392337198766,-26.90865027047593],[118.35274802116412,-26.90606564766362],[118.35215781330088,-26.906223068712702],[118.35061418300673,-26.9066347768374]]]},"properties":{"fmt_tenid":"M 51/794","type":"MINING LEASE","tenstatus":"LIVE","holder1":"BIG BELL GOLD OPERATIONS PTY LTD","holder2":" ","legal_area":18.65,"unit_of_me":"HA.","_colour":"#f5a520","_label":"Mining Lease"}},{"type":"Feature","geometry":{"type":"Polygon","coordinates":[[[118.34882863348328,-26.866096461222167],[118.3476135353714,-26.86736342732982],[118.34735295082838,-26.867635128582858],[118.34939839399999,-26.86887368266383],[118.35034444244941,-26.867886893804112],[118.35201363362617,-26.86614575446359],[118.3499688416086,-26.86490754627555],[118.34882863348328,-26.866096461222167]]]},"properties":{"fmt_tenid":"M 51/795","type":"MINING LEASE","tenstatus":"LIVE","holder1":"BIG BELL GOLD OPERATIONS PTY LTD","holder2":" ","legal_area":9.71,"unit_of_me":"HA.","_colour":"#f5a520","_label":"Mining Lease"}},{"type":"Feature","geometry":{"type":"Polygon","coordinates":[[[118.44579778738876,-26.74871241998708],[118.43914755277017,-26.771003168411767],[118.434732584797,-26.770930095346657],[118.43471486444814,-26.780587578340647],[118.43468178550953,-26.798636867905376],[118.4514167664528,-26.79873539114421],[118.45141424448973,-26.784810166315314],[118.45141118017256,-26.76676089151551],[118.45140823859536,-26.748711564011764],[118.44579778738876,-26.74871241998708]]]},"properties":{"fmt_tenid":"M 51/796","type":"MINING LEASE","tenstatus":"LIVE","holder1":"BIG BELL GOLD OPERATIONS PTY LTD","holder2":" ","legal_area":729.45,"unit_of_me":"HA.","_colour":"#f5a520","_label":"Mining Lease"}},{"type":"Feature","geometry":{"type":"Polygon","coordinates":[[[118.43473840749614,-26.848667572042256],[118.43473703711457,-26.864902791692415],[118.43473580643013,-26.880691938626033],[118.43473456297563,-26.89869589287724],[118.45140285955203,-26.898687955209805],[118.451410053928,-26.880638946746394],[118.45141735727819,-26.86258981340602],[118.45142305743684,-26.84870101931668],[118.43473840749614,-26.848667572042256]]]},"properties":{"fmt_tenid":"M 51/798","type":"MINING LEASE","tenstatus":"LIVE","holder1":"BIG BELL GOLD OPERATIONS PTY LTD","holder2":" ","legal_area":918.3,"unit_of_me":"HA.","_colour":"#f5a520","_label":"Mining Lease"}},{"type":"Feature","geometry":{"type":"Polygon","coordinates":[[[118.43473456297563,-26.89869589287724],[118.43471328751754,-26.915334931736055],[118.45142155826942,-26.91532835494826],[118.45141911978403,-26.91315678584192],[118.45027762509447,-26.913168508450493],[118.45022571076969,-26.90910927933019],[118.45141451434066,-26.909097090160717],[118.45140285955203,-26.898687955209805],[118.43473456297563,-26.89869589287724]]]},"properties":{"fmt_tenid":"M 51/803","type":"MINING LEASE","tenstatus":"LIVE","holder1":"BIG BELL GOLD OPERATIONS PTY LTD","holder2":" ","legal_area":300.5,"unit_of_me":"HA.","_colour":"#f5a520","_label":"Mining Lease"}},{"type":"Feature","geometry":{"type":"Polygon","coordinates":[[[118.42388856651856,-26.651708335980658],[118.41249927358757,-26.64659359208453],[118.40391069483093,-26.662940944946016],[118.39466581504267,-26.680531810578522],[118.40541529843867,-26.680581353056507],[118.40754089481037,-26.681125637504145],[118.41354107736981,-26.66577996236979],[118.41703836970646,-26.666904813385063],[118.42301677747453,-26.655570188605804],[118.42310700746441,-26.653430116999413],[118.42388856651856,-26.651708335980658]]]},"properties":{"fmt_tenid":"M 51/805","type":"MINING LEASE","tenstatus":"LIVE","holder1":"BIG BELL GOLD OPERATIONS PTY LTD","holder2":" ","legal_area":473.55,"unit_of_me":"HA.","_colour":"#f5a520","_label":"Mining Lease"}},{"type":"Feature","geometry":{"type":"Polygon","coordinates":[[[118.42386900218374,-26.625284569806148],[118.41741945271531,-26.637975697615882],[118.41290237334968,-26.646774617048457],[118.42388856951848,-26.651708339980612],[118.42999686994534,-26.6364887700366],[118.43308063224191,-26.62829787005209],[118.42386900218374,-26.625284569806148]]]},"properties":{"fmt_tenid":"M 51/811","type":"MINING LEASE","tenstatus":"LIVE","holder1":"BIG BELL GOLD OPERATIONS PTY LTD","holder2":" ","legal_area":298,"unit_of_me":"HA.","_colour":"#f5a520","_label":"Mining Lease"}},{"type":"Feature","geometry":{"type":"Polygon","coordinates":[[[118.34818635869796,-26.87027374383367],[118.34818963389056,-26.871403619520194],[118.34918647192656,-26.8715053311138],[118.348391673505,-26.870892392385432],[118.34975144481078,-26.869087616140078],[118.34939839399999,-26.86887368266383],[118.34818635869796,-26.87027374383367]]]},"properties":{"fmt_tenid":"M 51/819","type":"MINING LEASE","tenstatus":"LIVE","holder1":"BIG BELL GOLD OPERATIONS PTY LTD","holder2":" ","legal_area":1.5005000000000002,"unit_of_me":"HA.","_colour":"#f5a520","_label":"Mining Lease"}},{"type":"Feature","geometry":{"type":"Polygon","coordinates":[[[118.35034444244941,-26.867886893804112],[118.34939839399999,-26.86887368266383],[118.34975144481078,-26.869087616140078],[118.348391673505,-26.870892392385432],[118.34918647192656,-26.8715053311138],[118.34927556294184,-26.871514419987726],[118.3492686788055,-26.87156872398013],[118.35008015646821,-26.872194568638896],[118.35074010836347,-26.87150633196487],[118.35256745829415,-26.869600606282013],[118.35143369762467,-26.86872660711519],[118.35034444244941,-26.867886893804112]]]},"properties":{"fmt_tenid":"M 51/820","type":"MINING LEASE","tenstatus":"LIVE","holder1":"BIG BELL GOLD OPERATIONS PTY LTD","holder2":" ","legal_area":9.707,"unit_of_me":"HA.","_colour":"#f5a520","_label":"Mining Lease"}},{"type":"Feature","geometry":{"type":"Polygon","coordinates":[[[118.4514167664528,-26.79873539114421],[118.45141890888814,-26.816784597777886],[118.45142066512604,-26.830769170478536],[118.45142305743684,-26.84870101931668],[118.46806283587448,-26.848609327041885],[118.46806249219422,-26.833923037983784],[118.46806216934253,-26.816776349026192],[118.4680619648508,-26.798727112183652],[118.4514167664528,-26.79873539114421]]]},"properties":{"fmt_tenid":"M 51/822","type":"MINING LEASE","tenstatus":"LIVE","holder1":"BIG BELL GOLD OPERATIONS PTY LTD","holder2":" ","legal_area":915.3,"unit_of_me":"HA.","_colour":"#f5a520","_label":"Mining Lease"}},{"type":"Feature","geometry":{"type":"Polygon","coordinates":[[[118.45825269532172,-26.74871020230266],[118.45140823859536,-26.748711564011764],[118.45141118017256,-26.76676089151551],[118.45141424448973,-26.784810166315314],[118.4514167664528,-26.79873539114421],[118.4680619648508,-26.798727112183652],[118.46806194020527,-26.793200395699877],[118.4676962304493,-26.79320100136246],[118.46770966357063,-26.776035732717727],[118.46771858139137,-26.764762362463085],[118.4677314008252,-26.748729067308965],[118.45825269532172,-26.74871020230266]]]},"properties":{"fmt_tenid":"M 51/823","type":"MINING LEASE","tenstatus":"LIVE","holder1":"BIG BELL GOLD OPERATIONS PTY LTD","holder2":" ","legal_area":900.7,"unit_of_me":"HA.","_colour":"#f5a520","_label":"Mining Lease"}},{"type":"Feature","geometry":{"type":"Polygon","coordinates":[[[118.36807019142121,-26.960272454298316],[118.38292428814563,-26.960180587371468],[118.38069514748193,-26.96535415184327],[118.38396505441088,-26.965470471523943],[118.3847219383773,-26.963929077625068],[118.38473767707625,-26.94871005464393],[118.36807023431328,-26.948710333975217],[118.36807019142121,-26.960272454298316]]]},"properties":{"fmt_tenid":"M 51/824","type":"MINING LEASE","tenstatus":"LIVE","holder1":"BIG BELL GOLD OPERATIONS PTY LTD","holder2":" ","legal_area":227.297,"unit_of_me":"HA.","_colour":"#f5a520","_label":"Mining Lease"}},{"type":"Feature","geometry":{"type":"Polygon","coordinates":[[[118.5014913920024,-26.788747579948723],[118.49767902403785,-26.806469580122176],[118.49434214893701,-26.82197614707754],[118.49247138206259,-26.830668636092106],[118.5011678529142,-26.83135597972031],[118.50122852971437,-26.823356108381862],[118.50135422734876,-26.806796329683568],[118.5014913920024,-26.788747579948723]]]},"properties":{"fmt_tenid":"M 51/830","type":"MINING LEASE","tenstatus":"LIVE","holder1":"BIG BELL GOLD OPERATIONS PTY LTD","holder2":" ","legal_area":204.2,"unit_of_me":"HA.","_colour":"#f5a520","_label":"Mining Lease"}},{"type":"Feature","geometry":{"type":"Polygon","coordinates":[[[118.38664043213306,-26.748362713684795],[118.4080537857226,-26.74907580512056],[118.40832694004062,-26.748402064061032],[118.39450543364485,-26.74840097271954],[118.39718426048468,-26.739429034756046],[118.38985766706024,-26.737656488835544],[118.38664043213306,-26.748362713684795]]]},"properties":{"fmt_tenid":"M 51/834","type":"MINING LEASE","tenstatus":"LIVE","holder1":"BIG BELL GOLD OPERATIONS PTY LTD","holder2":" ","legal_area":93.105,"unit_of_me":"HA.","_colour":"#f5a520","_label":"Mining Lease"}},{"type":"Feature","geometry":{"type":"Polygon","coordinates":[[[118.4884048567069,-26.67880149211363],[118.47647961603975,-26.67921585387234],[118.4763897981881,-26.680338361926708],[118.47809544097971,-26.68031047407598],[118.47799050641112,-26.682226099927643],[118.49451717700596,-26.682119690070426],[118.49478604686534,-26.681018920114926],[118.49449497750602,-26.681021721837176],[118.4884048567069,-26.67880149211363]]]},"properties":{"fmt_tenid":"M 51/849","type":"MINING LEASE","tenstatus":"LIVE","holder1":"BIG BELL GOLD OPERATIONS PTY LTD","holder2":" ","legal_area":53.865,"unit_of_me":"HA.","_colour":"#f5a520","_label":"Mining Lease"}},{"type":"Feature","geometry":{"type":"Polygon","coordinates":[[[118.4425206980785,-26.659759001090553],[118.43919324223017,-26.66718205833182],[118.43943085859716,-26.667255105476567],[118.44275669375537,-26.6598361358741],[118.4425206980785,-26.659759001090553]]]},"properties":{"fmt_tenid":"M 51/871","type":"MINING LEASE","tenstatus":"LIVE","holder1":"BIG BELL GOLD OPERATIONS PTY LTD","holder2":" ","legal_area":2.4,"unit_of_me":"HA.","_colour":"#f5a520","_label":"Mining Lease"}},{"type":"Feature","geometry":{"type":"Polygon","coordinates":[[[118.57632771957368,-26.801546800371124],[118.58894619785626,-26.783136502760946],[118.58513636383772,-26.76728953079664],[118.58046129502489,-26.774955639667155],[118.57371383626324,-26.772082347482346],[118.5666668128955,-26.78474500743937],[118.56666668053781,-26.801659956830008],[118.57632771957368,-26.801546800371124]]]},"properties":{"fmt_tenid":"M 51/892","type":"MINING LEASE","tenstatus":"LIVE","holder1":"BIG BELL GOLD OPERATIONS PTY LTD","holder2":" ","legal_area":527.882,"unit_of_me":"HA.","_colour":"#f5a520","_label":"Mining Lease"}},{"type":"Feature","geometry":{"type":"Polygon","coordinates":[[[118.46025255351492,-26.618317936243642],[118.46026303167538,-26.62004746215992],[118.46026403069126,-26.620212408056727],[118.46026905277283,-26.62104206453822],[118.46188499578435,-26.6210338066837],[118.46188146744868,-26.62048402594554],[118.46186751913386,-26.618310040984504],[118.46025255351492,-26.618317936243642]]]},"properties":{"fmt_tenid":"M 51/91","type":"MINING LEASE","tenstatus":"LIVE","holder1":"BIG BELL GOLD OPERATIONS PTY LTD","holder2":" ","legal_area":4.856,"unit_of_me":"HA.","_colour":"#f5a520","_label":"Mining Lease"}},{"type":"Feature","geometry":{"type":"Polygon","coordinates":[[[118.283081333937,-27.03708565641302],[118.28280142979098,-27.04062497906734],[118.28228468911746,-27.04715844326235],[118.28335911969735,-27.047226928104532],[118.29203519234736,-27.047779643407164],[118.29522157577233,-27.038561589430206],[118.29540721194377,-27.037788962788007],[118.2980182706296,-27.028217258118318],[118.30013035984119,-27.018130278196182],[118.29036827294019,-27.016540250077032],[118.28819347358782,-27.027246430252944],[118.28619283206814,-27.037093416974546],[118.283081333937,-27.03708565641302]]]},"properties":{"fmt_tenid":"M 51/92","type":"MINING LEASE","tenstatus":"LIVE","holder1":"BIG BELL GOLD OPERATIONS PTY LTD","holder2":" ","legal_area":343.55,"unit_of_me":"HA.","_colour":"#f5a520","_label":"Mining Lease"}},{"type":"Feature","geometry":{"type":"Polygon","coordinates":[[[118.35358776022636,-26.916658959784648],[118.35337342954983,-26.91331099133804],[118.35108648498935,-26.91404813071792],[118.35055217171282,-26.91422033465703],[118.35097708231238,-26.915946191901114],[118.35136166450332,-26.917508215426437],[118.35358776022636,-26.916658959784648]]]},"properties":{"fmt_tenid":"M 51/96","type":"MINING LEASE","tenstatus":"LIVE","holder1":"BIG BELL GOLD OPERATIONS PTY LTD","holder2":" ","legal_area":9.7145,"unit_of_me":"HA.","_colour":"#f5a520","_label":"Mining Lease"}},{"type":"Feature","geometry":{"type":"Polygon","coordinates":[[[119.33551117000695,-25.54090142998823],[119.33727812994199,-25.549704717271325],[119.34578938892147,-25.548553066186443],[119.35680507287512,-25.54706203834509],[119.35514629180955,-25.53796181337692],[119.34576866495158,-25.539366017525406],[119.33551117000695,-25.54090142998823]]]},"properties":{"fmt_tenid":"M 52/597","type":"MINING LEASE","tenstatus":"LIVE","holder1":"NEW MURCHISON GOLD LIMITED","holder2":" ","legal_area":200.5,"unit_of_me":"HA.","_colour":"#f5a520","_label":"Mining Lease"}},{"type":"Feature","geometry":{"type":"Polygon","coordinates":[[[121.70355640983915,-32.23770366921144],[121.70353651847348,-32.23952801406],[121.70347918847247,-32.24478563350666],[121.70347402948335,-32.24517201968637],[121.70329779562195,-32.25839019723374],[121.71185605301055,-32.258368463914486],[121.71199146559216,-32.24678597082598],[121.71200945817525,-32.2452480541475],[121.71616305744499,-32.24528971040671],[121.71609332886199,-32.23926062917135],[121.7142001477385,-32.239487399997],[121.71401946840487,-32.23815226237994],[121.70355640983915,-32.23770366921144]],[[121.70633258719813,-32.24298646116077],[121.70845184668126,-32.24255416133247],[121.70856440580206,-32.24363692984249],[121.70860564101615,-32.24403358502913],[121.70872887768355,-32.24521903458643],[121.7088115391109,-32.24601415295981],[121.70884672559106,-32.246352619118575],[121.7064765445277,-32.24683617295204],[121.70641529346824,-32.24519821619026],[121.70633258719813,-32.24298646116077]]]},"properties":{"fmt_tenid":"M 63/165","type":"MINING LEASE","tenstatus":"LIVE","holder1":"KARORA (HIGGINSVILLE) PTY LTD","holder2":" ","legal_area":201.75,"unit_of_me":"HA.","_colour":"#f5a520","_label":"Mining Lease"}},{"type":"Feature","geometry":{"type":"Polygon","coordinates":[[[121.70633258719813,-32.24298646116077],[121.70641529346824,-32.24519821619026],[121.7064765445277,-32.24683617295204],[121.70884672559106,-32.246352619118575],[121.7088115391109,-32.24601415295981],[121.70872887768355,-32.24521903458643],[121.70860564101615,-32.24403358502913],[121.70856440580206,-32.24363692984249],[121.70845184668126,-32.24255416133247],[121.70633258719813,-32.24298646116077]]]},"properties":{"fmt_tenid":"M 63/236","type":"MINING LEASE","tenstatus":"LIVE","holder1":"KARORA (HIGGINSVILLE) PTY LTD","holder2":" ","legal_area":9.099,"unit_of_me":"HA.","_colour":"#f5a520","_label":"Mining Lease"}},{"type":"Feature","geometry":{"type":"Polygon","coordinates":[[[121.77311532165764,-32.43303040354946],[121.7732370732824,-32.43618695344558],[121.7792406370722,-32.43619126363965],[121.79023628014723,-32.43619841272458],[121.79011230999158,-32.43328383555335],[121.78648489510012,-32.433229948800644],[121.78161232581682,-32.433157400850774],[121.77797893379294,-32.433103186112184],[121.77311532165764,-32.43303040354946]]]},"properties":{"fmt_tenid":"M 63/366-I","type":"MINING LEASE","tenstatus":"LIVE","holder1":"KARORA (HIGGINSVILLE) PTY LTD","holder2":" ","legal_area":53.8,"unit_of_me":"HA.","_colour":"#f5a520","_label":"Mining Lease"}},{"type":"Feature","geometry":{"type":"Polygon","coordinates":[[[121.77350236832653,-32.38807718232352],[121.78443887889306,-32.38876084715814],[121.78418276026366,-32.390656886407434],[121.78392278152154,-32.3925811507618],[121.78821265560521,-32.39264790662532],[121.78935745856727,-32.39266569704962],[121.79095064655874,-32.39269043923691],[121.79944960764178,-32.39282249776972],[121.80370882916456,-32.3928883324635],[121.80382530448645,-32.38747732611351],[121.80267188861966,-32.387459357244566],[121.80285950664846,-32.38255514090205],[121.79275948506753,-32.38234224712681],[121.79310580198675,-32.380342625512775],[121.79450550259001,-32.37226019708223],[121.79034307581549,-32.3715439388458],[121.79134522589379,-32.36461450664906],[121.7895596606876,-32.36443717585346],[121.78919285314383,-32.36440074809137],[121.79011165281285,-32.35718564374557],[121.79411511629576,-32.35762108839066],[121.7951001171243,-32.34851868367147],[121.79603379849759,-32.343233409823284],[121.79693231997084,-32.33772155378674],[121.78810704175287,-32.3370967719368],[121.787586713568,-32.34254241651768],[121.78750627072496,-32.34338423847576],[121.78722206359329,-32.345262956018374],[121.78718808553154,-32.34547925073476],[121.78688208193024,-32.347427165190496],[121.78686088626543,-32.34756138201566],[121.78656074981626,-32.34946186354911],[121.78542087301194,-32.35665345013738],[121.78468111642145,-32.36131674872749],[121.77990463145252,-32.379210919879625],[121.77517210901026,-32.378697248102895],[121.77350236832653,-32.38807718232352]]]},"properties":{"fmt_tenid":"M 63/515-I","type":"MINING LEASE","tenstatus":"LIVE","holder1":"KARORA (HIGGINSVILLE) PTY LTD","holder2":" ","legal_area":708.9,"unit_of_me":"HA.","_colour":"#f5a520","_label":"Mining Lease"}},{"type":"Feature","geometry":{"type":"Polygon","coordinates":[[[121.7747064290143,-32.39243680076462],[121.77455997135407,-32.3993108874892],[121.7744179381473,-32.4059750333961],[121.77355983330162,-32.40596199301591],[121.77338937876627,-32.419509828356766],[121.77335289546461,-32.42131131093612],[121.77313706574529,-32.43195811929846],[121.77311532165764,-32.43303040354946],[121.77797893379294,-32.433103186112184],[121.78161232581682,-32.433157400850774],[121.78648489510012,-32.433229948800644],[121.79011230999158,-32.43328383555335],[121.79038732563069,-32.419763705801934],[121.79066903289959,-32.40622725100837],[121.79095064655874,-32.39269043923691],[121.78935745856727,-32.39266569704962],[121.78821265560521,-32.39264790662532],[121.78392278152154,-32.3925811507618],[121.7747064290143,-32.39243680076462]]]},"properties":{"fmt_tenid":"M 63/516-I","type":"MINING LEASE","tenstatus":"LIVE","holder1":"KARORA (HIGGINSVILLE) PTY LTD","holder2":" ","legal_area":710.1,"unit_of_me":"HA.","_colour":"#f5a520","_label":"Mining Lease"}}]}